﻿word,ner
가평,B_LOC
으로,O
1박2일,O
여행을,O
다녀왔어요,O
ㅡㅡㅡ,ㅡㅡㅡ
날씨가,O
좋았다가,O
흐렸다가,O
아주,O
난리였지만,O
ㅡㅡㅡ,ㅡㅡㅡ
평소에,O
가고싶은곳을,O
가게,O
되어,O
ㅡㅡㅡ,ㅡㅡㅡ
도움이,O
될만한,O
영상을,O
만들어봤어요,O
ㅡㅡㅡ,ㅡㅡㅡ
가평,B_LOC
여행,O
루트,O
ㅡㅡㅡ,ㅡㅡㅡ
제이드가든,B_TOR
자라섬,B_TOR
비와,O
서못갔지,O
만,O
여우사이,B_RES
ㅡㅡㅡ,ㅡㅡㅡ
남의섬,B_TOR
웰빙닭갈비,B_RES
ㅡㅡㅡ,ㅡㅡㅡ
지우리조트,O
는,O
남이섬,B_TOR
옆,O
이라,O
1박,O
하실분들은,O
ㅡㅡㅡ,ㅡㅡㅡ
편하실꺼예요,O
ㅡㅡㅡ,ㅡㅡㅡ
ㅡㅡㅡ,ㅡㅡㅡ
ㅡㅡㅡ,ㅡㅡㅡ
88,O
ㅡㅡㅡ,ㅡㅡㅡ
13678,O
ㅡㅡㅡ,ㅡㅡㅡ
137,O
ㅡㅡㅡ,ㅡㅡㅡ
4549,O
ㅡㅡㅡ,ㅡㅡㅡ
5729,O
ㅡㅡㅡ,ㅡㅡㅡ
67,O
ㅡㅡㅡ,ㅡㅡㅡ
656299,O
ㅡㅡㅡ,ㅡㅡㅡ
1100,O
ㅡㅡㅡ,ㅡㅡㅡ
1100,O
ㅡㅡㅡ,ㅡㅡㅡ
ㅡㅡㅡ,ㅡㅡㅡ
1128,O
ㅡㅡㅡ,ㅡㅡㅡ
가평,B_LOC
가평,B_LOC
여행,O
가평,B_LOC
브이로그,O
여행브이로그,O
제이드,B_TOR
가든,I_TOR
풀빌라,O
ㅡㅡㅡ,ㅡㅡㅡ
안녕하세요,O
유냥이,O
입니다,O
ㅡㅡㅡ,ㅡㅡㅡ
오늘,O
은,O
가평,B_LOC
으로,O
떠난,O
어느,O
5월,O
의,O
여행,O
영상입니다,O
ㅡㅡㅡ,ㅡㅡㅡ
예쁜,O
생명들로,O
가득한,O
아침고요수목원,B_TOR
을,O
다녀왔는데요,O
ㅡㅡㅡ,ㅡㅡㅡ
5월,O
만큼,O
예쁜,O
계절은,O
또,O
없는,O
것,O
같아요,O
ㅡㅡㅡ,ㅡㅡㅡ
그럼,O
오늘,O
도,O
시청해주셔서,O
감사합니다,O
ㅡㅡㅡ,ㅡㅡㅡ
코로나19,O
방역수칙을,O
준수하며,O
여행하였습니다,O
ㅡㅡㅡ,ㅡㅡㅡ
여행기록,O
1,O
ㅡㅡㅡ,ㅡㅡㅡ
가평,B_LOC
아침고요수목원,B_TOR
ㅡㅡㅡ,ㅡㅡㅡ
까사32리조트,O
숙소,O
ㅡㅡㅡ,ㅡㅡㅡ
여행기록,O
2,O
ㅡㅡㅡ,ㅡㅡㅡ
밤나무집,B_RES
춘천닭갈비,O
ㅡㅡㅡ,ㅡㅡㅡ
카페,O
자카란다,B_CAF
ㅡㅡㅡ,ㅡㅡㅡ
국내여행,O
가평,B_LOC
여행,O
여행브이로그,O
4,O
ㅡㅡㅡ,ㅡㅡㅡ
안녕하세요,O
2주만,O
에,O
돌아온,O
빈니랑,O
입니다,O
ㅡㅡㅡ,ㅡㅡㅡ
오늘,O
올리는,O
영상은,O
제가,O
남이섬,B_TOR
가평,B_LOC
에,O
다녀온,O
브이로그,O
입니다,O
ㅡㅡㅡ,ㅡㅡㅡ
밖에서,O
촬영을,O
한건,O
처음이라,O
많이,O
부족해요,O
ㅡㅡㅡ,ㅡㅡㅡ
그래도,O
이렇게,O
봐주셔서,O
감사합니다,O
ㅡㅡㅡ,ㅡㅡㅡ
다음에,O
더,O
재밌고,O
좋은,O
영상으로,O
돌아올게요,O
ㅡㅡㅡ,ㅡㅡㅡ
찾아와주신,O
모든,O
분들,O
행복하세요,O
ㅡㅡㅡ,ㅡㅡㅡ
ㅡㅡㅡ,ㅡㅡㅡ
ㅡㅡㅡ,ㅡㅡㅡ
49075,O
ㅡㅡㅡ,ㅡㅡㅡ
ㅡㅡㅡ,ㅡㅡㅡ
ㅡㅡㅡ,ㅡㅡㅡ
12,O
ㅡㅡㅡ,ㅡㅡㅡ
ㅡㅡㅡ,ㅡㅡㅡ
ㅡㅡㅡ,ㅡㅡㅡ
25,O
ㅡㅡㅡ,ㅡㅡㅡ
ㅡㅡㅡ,ㅡㅡㅡ
8,O
ㅡㅡㅡ,ㅡㅡㅡ
자라섬,B_TOR
중도를,O
지나면,O
나오는,O
남도,O
입니다,O
ㅡㅡㅡ,ㅡㅡㅡ
슬슬,O
입소문이,O
나기시작해서,O
사람들도,O
많이,O
찾는곳인데요,O
ㅡㅡㅡ,ㅡㅡㅡ
오늘,O
밥,O
먹고,O
소화도,O
시킬겸,O
슬슬,O
다녀온다는게,O
생각보다커서,O
1시간30분정도,O
걸렸습니다,O
ㅡㅡㅡ,ㅡㅡㅡ
가평,B_LOC
여행오시는분들께선,O
한번쯤,O
꼭,O
가보시길,O
바랍니다,O
ㅡㅡㅡ,ㅡㅡㅡ
네이버,O
블로그,O
후기,O
583221987626956,O
ㅡㅡㅡ,ㅡㅡㅡ
자라섬남도,B_TOR
ㅡㅡㅡ,ㅡㅡㅡ
자라섬,B_TOR
여행,O
ㅡㅡㅡ,ㅡㅡㅡ
가평,B_LOC
여행,O
ㅡㅡㅡ,ㅡㅡㅡ
자라섬,B_TOR
ㅡㅡㅡ,ㅡㅡㅡ
남이섬,B_TOR
여행,O
브이로그,O
ㅡㅡㅡ,ㅡㅡㅡ
ㅡㅡㅡ,ㅡㅡㅡ
ㅡㅡㅡ,ㅡㅡㅡ
안녕,O
버무리들,O
여러분,O
안녕하세요,O
버베나,O
입니다,O
ㅡㅡㅡ,ㅡㅡㅡ
뷰티,O
유튜버,O
인,O
제가,O
본가에,O
갔다가,O
남도,B_TOR
가,O
너무,O
예뻐서,O
영상으로,O
남겨봤어요,O
브이로그,O
도전,O
ㅡㅡㅡ,ㅡㅡㅡ
같이,O
힐링하러,O
가보실까용,O
ㅡㅡㅡ,ㅡㅡㅡ
가평,B_LOC
여행,O
자라섬,B_TOR
남도,B_TOR
ㅡㅡㅡ,ㅡㅡㅡ
6월마지막주,O
에는,O
차지,O
네,O
커플,O
과,O
함께,O
ㅡㅡㅡ,ㅡㅡㅡ
가평,B_LOC
남이섬,B_TOR
근처에,O
있는,O
빠지,O
로,O
수상레저,O
워터파크를,O
다녀왔어요,O
ㅡㅡㅡ,ㅡㅡㅡ
가평,B_LOC
에서,O
즐긴,O
더블데이트,O
ㅡㅡㅡ,ㅡㅡㅡ
가평,B_LOC
에서,O
줄서서,O
먹는,O
막국수,O
와,O
ㅡㅡㅡ,ㅡㅡㅡ
가평,B_LOC
빠지,O
수상레저,O
레전드,O
ㅡㅡㅡ,ㅡㅡㅡ
그리고,O
가평,B_LOC
펜션에서,O
구워먹는,O
고기,O
와,O
함께,O
ㅡㅡㅡ,ㅡㅡㅡ
3차,O
로,O
주루마블,O
까지,O
ㅡㅡㅡ,ㅡㅡㅡ
비하인드,O
영상이,O
있으니,O
끝까지,O
감상,O
해,O
주세요ㅎㅎㅎ,O
ㅡㅡㅡ,ㅡㅡㅡ
얼미녁,O
커플,O
브이로그는,O
목요일,O
혹은,O
금요일,O
에,O
업로드,O
예정입니다,O
ㅡㅡㅡ,ㅡㅡㅡ
저의,O
개인,O
브이로그는,O
12주,O
에,O
한번정도,O
업로드,O
될,O
것,O
같아요,O
ㅡㅡㅡ,ㅡㅡㅡ
2021031920210320,O
ㅡㅡㅡ,ㅡㅡㅡ
안녕하세요,O
ㅡㅡㅡ,ㅡㅡㅡ
오늘,O
은,O
가평,B_LOC
펜션,O
여행,O
영상을,O
ㅡㅡㅡ,ㅡㅡㅡ
가져왔습니다,O
ㅡㅡㅡ,ㅡㅡㅡ
수영장,O
펜션을,O
가고,O
싶어서,O
가봤는데,O
ㅡㅡㅡ,ㅡㅡㅡ
놀,O
거리도,O
많고,O
예뻐서,O
좋았어요,O
ㅡㅡㅡ,ㅡㅡㅡ
오른쪽,O
위에,O
점,O
세개,O
를,O
눌러서,O
화질을,O
1080,O
로,O
ㅡㅡㅡ,ㅡㅡㅡ
설정한,O
후,O
봐주시면,O
감사하겠습니다,O
ㅡㅡㅡ,ㅡㅡㅡ
ㅡㅡㅡ,ㅡㅡㅡ
143,O
북한강,B_TOR
ㅡㅡㅡ,ㅡㅡㅡ
156,O
가평,B_LOC
라틴정원,B_CAF
카페,O
ㅡㅡㅡ,ㅡㅡㅡ
303,O
가평,B_LOC
엘프라도,O
펜션,O
ㅡㅡㅡ,ㅡㅡㅡ
2048,O
가평,B_LOC
소문난,B_RES
닭갈비,I_RES
ㅡㅡㅡ,ㅡㅡㅡ
2100,O
가평,B_LOC
리버레인,B_CAF
카페,O
ㅡㅡㅡ,ㅡㅡㅡ
2146,O
인천,O
구월동,O
쿠우쿠우,O
ㅡㅡㅡ,ㅡㅡㅡ
가평,B_LOC
여행,O
남이섬,B_TOR
가평,B_LOC
맛집,O
가평,B_LOC
카페,O
ㅡㅡㅡ,ㅡㅡㅡ
5인,O
가평,B_LOC
여행기,O
ㅡㅡㅡ,ㅡㅡㅡ
국내,O
가평,B_LOC
1박2일,O
ㅡㅡㅡ,ㅡㅡㅡ
0297222034795285,O
ㅡㅡㅡ,ㅡㅡㅡ
편집에,O
사용된,O
노래,O
기본,O
무료,O
음악,O
ㅡㅡㅡ,ㅡㅡㅡ
여행,O
브이로그,O
국내여행,O
가평,B_LOC
남이섬,B_TOR
ㅡㅡㅡ,ㅡㅡㅡ
2021100304,O
가평,B_LOC
카라반,O
캠핑,O
ㅡㅡㅡ,ㅡㅡㅡ
카라반캠핑,O
캠핑브이로그,O
가평,B_LOC
여행브이로그,O
ㅡㅡㅡ,ㅡㅡㅡ
ㅡㅡㅡ,ㅡㅡㅡ
일정,O
ㅡㅡㅡ,ㅡㅡㅡ
나무,O
사이에자연속으로,O
가평,B_LOC
레일바이크,B_TOR
자라섬,B_TOR
남도꽃정원,B_TOR
ㅡㅡㅡ,ㅡㅡㅡ
배경음악,O
ㅡㅡㅡ,ㅡㅡㅡ
7744,O
ㅡㅡㅡ,ㅡㅡㅡ
06,O
ㅡㅡㅡ,ㅡㅡㅡ
스티커,O
ㅡㅡㅡ,ㅡㅡㅡ
등산정상,O
ㅡㅡㅡ,ㅡㅡㅡ
가평,B_LOC
여행,O
가평,B_LOC
카페,O
남이섬,B_TOR
ㅡㅡㅡ,ㅡㅡㅡ
당일치기,O
가평,B_LOC
맛집,O
ㅡㅡㅡ,ㅡㅡㅡ
당일치기로,O
다녀온,O
가평,B_LOC
여행,O
ㅡㅡㅡ,ㅡㅡㅡ
솥뚜껑,O
닭볶음탕,O
으로,O
유명한,O
산골농원,B_RES
ㅡㅡㅡ,ㅡㅡㅡ
여러종류의,O
빵,O
을,O
맛볼수있는,O
하우스베이커리,O
ㅡㅡㅡ,ㅡㅡㅡ
카메라,O
73,O
12,O
ㅡㅡㅡ,ㅡㅡㅡ
인스타그램,O
ㅡㅡㅡ,ㅡㅡㅡ
ㅡㅡㅡ,ㅡㅡㅡ
브이로그,O
일상,O
日常,O
몽짬뽕,O
가평,B_LOC
플로레,B_CAF
색현터널,O
인생샷,O
자전거,O
한국초콜릿연구소뮤지엄,B_TOR
김치삼겹살,O
산토리니,O
ㅡㅡㅡ,ㅡㅡㅡ
완전히,O
행복하고,O
왕왕,O
알찼던,O
하루,O
ㅡㅡㅡ,ㅡㅡㅡ
맛있는,O
것도,O
엄청,O
많이,O
먹고,O
ㅡㅡㅡ,ㅡㅡㅡ
인생샷도,O
엄청,O
많이,O
찍었어요,O
ㅎㅎ,O
ㅡㅡㅡ,ㅡㅡㅡ
이날,O
사진만,O
몇,O
백장은,O
찍은,O
거,O
같아요,O
ㅋㅋㅋㅋㅋ,O
ㅡㅡㅡ,ㅡㅡㅡ
날씨도,O
너무,O
좋고,O
처음부터,O
끝까지,O
완벽,O
그,O
자체,O
ㅡㅡㅡ,ㅡㅡㅡ
입추,O
가,O
지나니까,O
저녁,O
이,O
되면,O
바람,O
솔솔,O
ㅡㅡㅡ,ㅡㅡㅡ
시원하고,O
너무,O
좋았어요,O
ㅡㅡㅡ,ㅡㅡㅡ
재밌게,O
보시고,O
다음에,O
또,O
만나요,O
ㅡㅡㅡ,ㅡㅡㅡ
영상,O
초반,O
음악이,O
저작권,O
에,O
걸린다고,O
해서,O
ㅡㅡㅡ,ㅡㅡㅡ
재업로드,O
해요ㅠㅠ,O
이런,O
적이,O
처음이라,O
왕당황,O
ㅡㅡㅡ,ㅡㅡㅡ
어플에,O
있는,O
템플릿으로,O
만든,O
건데,O
ㅡㅡㅡ,ㅡㅡㅡ
음악이,O
걸리나보네요ㅠㅠ,O
흑흑,O
ㅡㅡㅡ,ㅡㅡㅡ
그래도,O
저작권,O
은,O
꼭,O
지켜야죠,O
ㅡㅡㅡ,ㅡㅡㅡ
촬영,O
아이폰2,O
ㅡㅡㅡ,ㅡㅡㅡ
편집,O
어플,O
ㅡㅡㅡ,ㅡㅡㅡ
어플,O
ㅡㅡㅡ,ㅡㅡㅡ
가평,B_LOC
여행,O
빠지,O
바베큐,O
카페,O
플로레,B_CAF
ㅡㅡㅡ,ㅡㅡㅡ
목소리,O
녹음으로,O
넣어,O
봤는데,O
대실패했어요ㅜㅜ,O
그래도,O
재미있게,O
봐주세요,O
ㅡㅡㅡ,ㅡㅡㅡ
음원출처,O
ㅡㅡㅡ,ㅡㅡㅡ
ㅡㅡㅡ,ㅡㅡㅡ
ㅡㅡㅡ,ㅡㅡㅡ
ㅡㅡㅡ,ㅡㅡㅡ
ㅡㅡㅡ,ㅡㅡㅡ
유민규,O
ㅡㅡㅡ,ㅡㅡㅡ
2593589,O
ㅡㅡㅡ,ㅡㅡㅡ
ㅡㅡㅡ,ㅡㅡㅡ
ㅡㅡㅡ,ㅡㅡㅡ
ㅡㅡㅡ,ㅡㅡㅡ
86,O
ㅡㅡㅡ,ㅡㅡㅡ
나눔뮤직,O
13579415,O
ㅡㅡㅡ,ㅡㅡㅡ
안녕하세요,O
ㅡㅡㅡ,ㅡㅡㅡ
오늘,O
은,O
처음으로,O
엄마,O
랑,O
둘,O
이,O
여행을,O
다녀온,O
ㅡㅡㅡ,ㅡㅡㅡ
모녀,O
여행,O
브이로그를,O
업로드해봅니다,O
ㅡㅡㅡ,ㅡㅡㅡ
저랑,O
찐으로,O
친한,O
우리,O
엄마,O
랑,O
소소한,O
모습을,O
ㅡㅡㅡ,ㅡㅡㅡ
담아보았어요,O
ㅡㅡㅡ,ㅡㅡㅡ
앞으로도,O
모녀,O
여행으로,O
추천할만한곳들을,O
ㅡㅡㅡ,ㅡㅡㅡ
소개해볼예정이니,O
기대해주세요,O
ㅡㅡㅡ,ㅡㅡㅡ
가평,B_LOC
남이섬,B_TOR
여행코스,O
약10시간,O
소요,O
ㅡㅡㅡ,ㅡㅡㅡ
1,O
닭갈비,O
식당,O
ㅡㅡㅡ,ㅡㅡㅡ
2,O
남이섬,B_TOR
스카이라인짚와이어,B_TOR
ㅡㅡㅡ,ㅡㅡㅡ
3,O
스토리투어버스,O
강추,O
ㅡㅡㅡ,ㅡㅡㅡ
4,O
남이섬,B_TOR
내,O
남문,O
에서,O
막걸리,O
한잔,O
ㅡㅡㅡ,ㅡㅡㅡ
5,O
남이섬정문,B_TOR
근처,O
더스틸,B_CAF
카페,O
루프탑,O
휴식,O
ㅡㅡㅡ,ㅡㅡㅡ
ㅡㅡㅡ,ㅡㅡㅡ
ㅡㅡㅡ,ㅡㅡㅡ
ㅡㅡㅡ,ㅡㅡㅡ
ㅡㅡㅡ,ㅡㅡㅡ
ㅡㅡㅡ,ㅡㅡㅡ
ㅡㅡㅡ,ㅡㅡㅡ
ㅡㅡㅡ,ㅡㅡㅡ
ㅡㅡㅡ,ㅡㅡㅡ
루피,O
를,O
닮은,O
우피,O
의,O
생일,O
겸,O
자라섬,B_TOR
남도,O
꽃정원에,O
예쁜,O
꽃들이,O
만개했다길래,O
보여드리고,O
싶어,O
영상을,O
담아왔어요,O
ㅡㅡㅡ,ㅡㅡㅡ
가평,B_LOC
여행브이로그,O
ㅡㅡㅡ,ㅡㅡㅡ
넷,O
이서,O
처음으로,O
다녀온,O
1박2일,O
가평,B_LOC
여행,O
ㅡㅡㅡ,ㅡㅡㅡ
날씨가,O
좋을,O
때,O
다녀와서,O
사진도,O
많이,O
남기고,O
왔어요,O
ㅡㅡㅡ,ㅡㅡㅡ
100,O
솥뚜껑,O
닭볶음탕,O
맛집으로,O
유명한,O
산골농원,B_RES
ㅡㅡㅡ,ㅡㅡㅡ
358,O
귀여운,O
양,O
들이,O
있는,O
양떼목장,O
카페,O
ㅡㅡㅡ,ㅡㅡㅡ
아이랑,O
함께,O
가기,O
좋은,O
가평,B_LOC
볼거리,O
ㅡㅡㅡ,ㅡㅡㅡ
1011,O
아침고요수목원,B_TOR
ㅡㅡㅡ,ㅡㅡㅡ
1615,O
아침고요동물원,B_TOR
까지,O
ㅡㅡㅡ,ㅡㅡㅡ
너무,O
재미있게,O
놀다왔어요,O
ㅡㅡㅡ,ㅡㅡㅡ
2박3일동안,O
아프기도,O
했지만,O
그래도,O
행복하고,O
행복했어요,O
ㅡㅡㅡ,ㅡㅡㅡ
3,O
ㅡㅡㅡ,ㅡㅡㅡ
가평,B_LOC
여행,O
쁘띠프랑스,B_TOR
아침고요수목원,B_TOR
ㅡㅡㅡ,ㅡㅡㅡ
남이섬,B_TOR
여행입니다,O
ㅡㅡㅡ,ㅡㅡㅡ
안녕하세요,O
세아,O
의,O
수요일,O
입니다,O
ㅡㅡㅡ,ㅡㅡㅡ
리버뷰카페,O
골든트리,B_CAF
에,O
다녀왔어용,O
ㅡㅡㅡ,ㅡㅡㅡ
스피커,O
가,O
말썽이여서,O
브금로그네용,O
ㅡㅡㅡ,ㅡㅡㅡ
오늘,O
도,O
시청해주셔서,O
감사합니다,O
ㅡㅡㅡ,ㅡㅡㅡ
다음영상에서,O
만나용,O
ㅡㅡㅡ,ㅡㅡㅡ
가평,B_LOC
나들이,O
ㅡㅡㅡ,ㅡㅡㅡ
가평,B_LOC
파인포레스트,O
에서,O
글램핑하기,O
ㅡㅡㅡ,ㅡㅡㅡ
한우,O
파튀,O
ㅡㅡㅡ,ㅡㅡㅡ
바지락,O
술,O
찜,O
꿀맛,O
ㅡㅡㅡ,ㅡㅡㅡ
남이섬,B_TOR
가서,O
자전거,O
타기,O
헛다리길,O
메타세콰이어길,O
ㅡㅡㅡ,ㅡㅡㅡ
조무락,B_RES
닭갈비,I_RES
먹기,O
고추장,O
맛있음,O
ㅡㅡㅡ,ㅡㅡㅡ
가평,B_LOC
글램핑,O
가평,B_LOC
여행,O
파인포레스트,O
바지락술찜,O
남이섬,B_TOR
ㅡㅡㅡ,ㅡㅡㅡ
남이섬자전거,O
조무락닭갈비,B_RES
ㅡㅡㅡ,ㅡㅡㅡ
2006067,O
ㅡㅡㅡ,ㅡㅡㅡ
가평,B_LOC
여행,O
춘천,O
여행,O
국내여행,O
국내여행브이로그,O
브이로그,O
여행브이로그,O
드라이브,O
자라섬,B_TOR
춘천,O
숯불닭갈비,O
우드카누,O
쁘띠프랑스,B_TOR
춘천중도물레길,O
가평레일바이크,B_TOR
ㅡㅡㅡ,ㅡㅡㅡ
안녕하세요,O
ㅡㅡㅡ,ㅡㅡㅡ
5월,O
휴가,O
여행으로,O
놀러간,O
가평,B_LOC
춘천,O
브이로그를,O
가지고,O
왔어요,O
ㅡㅡㅡ,ㅡㅡㅡ
가평,B_LOC
팬션,O
빌라노빌레,O
ㅡㅡㅡ,ㅡㅡㅡ
막국수,O
춘천소담막국수,O
ㅡㅡㅡ,ㅡㅡㅡ
숯불닭갈비,O
금병산,O
숯불철판닭갈비,O
ㅡㅡㅡ,ㅡㅡㅡ
우드카누,O
춘천중도물레길,O
ㅡㅡㅡ,ㅡㅡㅡ
가본곳,O
가평레일바이크,B_TOR
ㅡㅡㅡ,ㅡㅡㅡ
쁘띠프랑스,B_TOR
ㅡㅡㅡ,ㅡㅡㅡ
자라섬,B_TOR
ㅡㅡㅡ,ㅡㅡㅡ
카페,O
코미호미,B_CAF
ㅡㅡㅡ,ㅡㅡㅡ
ㅡㅡㅡ,ㅡㅡㅡ
ㅡㅡㅡ,ㅡㅡㅡ
가평,B_LOC
여행,O
아침고요수목원,B_TOR
다녀왔습니당,O
ㅡㅡㅡ,ㅡㅡㅡ
점심,O
은,O
시청,O
맛집,O
진주회관,O
ㅡㅡㅡ,ㅡㅡㅡ
저녁,O
은,O
포천,O
맛집,O
서파촌원조쌈밥,O
에서,O
먹었구염,O
ㅡㅡㅡ,ㅡㅡㅡ
저녁,O
엔,O
차,O
가,O
매우,O
심하게,O
막히므로,O
가평,B_LOC
에서,O
ㅡㅡㅡ,ㅡㅡㅡ
오후8시이후,O
에,O
서울,O
로,O
이동하는것을,O
추천하는바,O
입니다,O
ㅡㅡㅡ,ㅡㅡㅡ
가평,B_LOC
여행,O
아침고요수목원,B_TOR
일상,O
ㅡㅡㅡ,ㅡㅡㅡ
직장인,O
브이로그,O
국내여행,O
일상브이로그,O
ㅡㅡㅡ,ㅡㅡㅡ
주말,O
여행,O
ㅡㅡㅡ,ㅡㅡㅡ
브이로그,O
여행브이로그,O
여행,O
힐링,O
춘천,O
가평,B_LOC
남이섬,B_TOR
ㅡㅡㅡ,ㅡㅡㅡ
안녕하세요,O
해피앤,O
의,O
앤,O
입니다,O
ㅡㅡㅡ,ㅡㅡㅡ
가평,B_LOC
으로,O
가족,O
여행을,O
다녀왔어요,O
ㅡㅡㅡ,ㅡㅡㅡ
가평,B_LOC
여행,O
그,O
첫번째날,O
ㅡㅡㅡ,ㅡㅡㅡ
프랑스,O
와,O
유럽,O
을,O
그대로,O
느낄,O
수,O
있는,O
쁘띠프랑스마을,B_TOR
은,O
정말,O
볼거리,O
가득한,O
곳이었습니다,O
ㅡㅡㅡ,ㅡㅡㅡ
가평,B_LOC
맛집,O
도선재,B_RES
는,O
한우떡갈비,O
와,O
평양냉면,O
맛집으로,O
방송에도,O
여러번,O
나온,O
유명한,O
곳이에요,O
ㅡㅡㅡ,ㅡㅡㅡ
한우떡갈비,O
진짜,O
최고,O
ㅡㅡㅡ,ㅡㅡㅡ
시청해,O
주셔서,O
감사합니다,O
구독과,O
좋아요는,O
이,O
됩니다,O
ㅡㅡㅡ,ㅡㅡㅡ
가평브이로그,O
쁘띠프랑스마을,B_TOR
가평,B_LOC
맛집도선재,B_RES
ㅡㅡㅡ,ㅡㅡㅡ
가평,B_LOC
남이섬,B_TOR
쁘띠프랑스,B_TOR
ㅡㅡㅡ,ㅡㅡㅡ
영상,O
즐겁게,O
시청해주세요,O
ㅡㅡㅡ,ㅡㅡㅡ
ㅡㅡㅡ,ㅡㅡㅡ
7,O
ㅡㅡㅡ,ㅡㅡㅡ
ㅡㅡㅡ,ㅡㅡㅡ
ㅡㅡㅡ,ㅡㅡㅡ
오늘,O
도래미,O
ㅡㅡㅡ,ㅡㅡㅡ
ㅡㅡㅡ,ㅡㅡㅡ
ㅡㅡㅡ,ㅡㅡㅡ
74763,O
1,O
ㅡㅡㅡ,ㅡㅡㅡ
안녕하세용,O
ㅡㅡㅡ,ㅡㅡㅡ
이번,O
영상은,O
아침고요수목원,B_TOR
ㅡㅡㅡ,ㅡㅡㅡ
구독,O
좋아요,O
댓글,O
감사해요,O
ㅡㅡㅡ,ㅡㅡㅡ
ㅡㅡㅡ,ㅡㅡㅡ
ㅡㅡㅡ,ㅡㅡㅡ
브이로그,O
국제커플,O
부부,O
여행,O
가평,B_LOC
커플,O
브이로그,O
커플,O
여행,O
힐링,O
먹방,O
길고양이,O
닭갈비,O
아침고요수목원,B_TOR
꽃,O
ㅡㅡㅡ,ㅡㅡㅡ
2020426,O
27,O
ㅡㅡㅡ,ㅡㅡㅡ
26일,O
첫날,O
ㅡㅡㅡ,ㅡㅡㅡ
소리소,O
가평,B_LOC
더스테이힐링파크,O
나인블럭,B_CAF
가평,B_LOC
카페,O
ㅡㅡㅡ,ㅡㅡㅡ
여우리,O
네,O
가족,O
은,O
숲,O
속으로,O
1박,O
여행을,O
다녀왔어요,O
ㅡㅡㅡ,ㅡㅡㅡ
숲에서,O
하룻밤,O
너무,O
좋았답니다,O
ㅡㅡㅡ,ㅡㅡㅡ
역시,O
자연은,O
늘,O
좋아요,O
ㅡㅡㅡ,ㅡㅡㅡ
핸드폰,O
하나,O
로,O
여행,O
브이로그,O
일상을,O
찍는게,O
쉬운일은,O
아니지만,O
ㅡㅡㅡ,ㅡㅡㅡ
사랑하는,O
가족,O
의,O
소중한,O
추억을,O
간직하고,O
좋아요,O
ㅡㅡㅡ,ㅡㅡㅡ
그림같은,O
자연,O
감상해보세요,O
ㅡㅡㅡ,ㅡㅡㅡ
가족,O
여행,O
여행브이로그,O
국내여행,O
ㅡㅡㅡ,ㅡㅡㅡ
안녕하세요,O
가욤,O
입니다,O
ㅡㅡㅡ,ㅡㅡㅡ
10월초,O
주말,O
에,O
성수동,O
에서,O
친구,O
랑,O
카페,O
가고,O
밥,O
먹는,O
일상과,O
ㅡㅡㅡ,ㅡㅡㅡ
가평,B_LOC
자라섬남도꽃축제,O
에,O
당일치기,O
드라이브,O
다녀온,O
영상입니다,O
ㅡㅡㅡ,ㅡㅡㅡ
꽃이,O
많아,O
즐거운,O
시간,O
보내고,O
왔어요,O
ㅡㅡㅡ,ㅡㅡㅡ
이미,O
축제,O
기간이,O
끝났지만,O
내년,O
에도,O
진행되었으면,O
하는,O
마음으로,O
ㅡㅡㅡ,ㅡㅡㅡ
기록한,O
영상을,O
올려봅니다,O
ㅡㅡㅡ,ㅡㅡㅡ
이번,O
영상도,O
시청해,O
주셔서,O
감사합니다,O
ㅡㅡㅡ,ㅡㅡㅡ
ㅡㅡㅡ,ㅡㅡㅡ
ㅡㅡㅡ,ㅡㅡㅡ
화질은,O
1080,O
로,O
설정,O
후,O
시청해주세요,O
ㅡㅡㅡ,ㅡㅡㅡ
영상과,O
관련,O
없거나,O
예의,O
없는,O
댓글은,O
삭제하고,O
있습니다,O
ㅡㅡㅡ,ㅡㅡㅡ
자라섬,B_TOR
남도,O
꽃정원,O
포스팅,O
ㅡㅡㅡ,ㅡㅡㅡ
222117214657,O
ㅡㅡㅡ,ㅡㅡㅡ
21855,O
ㅡㅡㅡ,ㅡㅡㅡ
ㅡㅡㅡ,ㅡㅡㅡ
ㅡㅡㅡ,ㅡㅡㅡ
ㅡㅡㅡ,ㅡㅡㅡ
ㅡㅡㅡ,ㅡㅡㅡ
ㅡㅡㅡ,ㅡㅡㅡ
무료음원,O
라이브러리,O
ㅡㅡㅡ,ㅡㅡㅡ
샛별,O
ㅡㅡㅡ,ㅡㅡㅡ
너를좋아하는이유,O
14,O
ㅡㅡㅡ,ㅡㅡㅡ
당근밭,O
의,O
셀러리,O
96,O
ㅡㅡㅡ,ㅡㅡㅡ
주말,O
일상,O
일상브이로그,O
가,O
평드라이브,O
ㅡㅡㅡ,ㅡㅡㅡ
안녕하세요,O
예봉구스,O
입니당,O
ㅡㅡㅡ,ㅡㅡㅡ
너무,O
오랜만이에요,O
이번,O
영상은,O
가평,B_LOC
남이섬,B_TOR
브이로그,O
입니다,O
ㅡㅡㅡ,ㅡㅡㅡ
1년만,O
에,O
다시,O
찾아간,O
가평,B_LOC
영상,O
재밌게,O
봐주세요,O
ㅡㅡㅡ,ㅡㅡㅡ
마스크,O
착용하고,O
영상을,O
촬영하였습니다,O
ㅡㅡㅡ,ㅡㅡㅡ
여행,O
생일기념,O
남자친구,O
와,O
가평,B_LOC
여행,O
브이로그,O
짠내주의,O
ㅡㅡㅡ,ㅡㅡㅡ
안녕하세요,O
돼,O
쥬입니다,O
ㅡㅡㅡ,ㅡㅡㅡ
오늘,O
은,O
생일,O
기념으로,O
남자친구,O
와,O
1박2일,O
가평,B_LOC
여행을,O
다녀왔어요,O
ㅡㅡㅡ,ㅡㅡㅡ
힐링여행으로,O
당일에는,O
숙소에만,O
있고,O
ㅡㅡㅡ,ㅡㅡㅡ
2일째,O
에,O
남이섬,B_TOR
으로,O
출발,O
했답니당,O
ㅡㅡㅡ,ㅡㅡㅡ
남이섬,B_TOR
처음가보는데,O
새,O
도있고,O
ㅋㅋ엄청신기했어요,O
ㅡㅡㅡ,ㅡㅡㅡ
그럼,O
오늘,O
영상도,O
재밌게,O
봐주세요,O
ㅡㅡㅡ,ㅡㅡㅡ
그럼,O
안녕,O
ㅡㅡㅡ,ㅡㅡㅡ
오늘,O
먹은거,O
가평,B_LOC
잣막걸리,O
핵맛,O
닭갈비,O
막국수,O
ㅡㅡㅡ,ㅡㅡㅡ
ㅡㅡㅡ,ㅡㅡㅡ
오늘,O
간,O
곳,O
가평,B_LOC
자라섬,B_TOR
남도꽃정원,O
숯불닭갈비가평본점,O
ㅡㅡㅡ,ㅡㅡㅡ
ㅡㅡㅡ,ㅡㅡㅡ
먹방브이로그,O
일상브이로그,O
ㅡㅡㅡ,ㅡㅡㅡ
ㅡㅡㅡ,ㅡㅡㅡ
압구정로데오,O
압구정로데오,O
맛집,O
압구정로데오카페,O
압구정로데오로로,O
맘마미아카페,O
연남동,O
연남동,O
맛집,O
연남동,O
카페,O
히하야,O
루나틱커피,O
가평,B_LOC
남양주,O
가평,B_LOC
카페,O
리버레인,B_CAF
남양주,O
밥집,O
모밥,O
ㅡㅡㅡ,ㅡㅡㅡ
힐링,O
가평,B_LOC
남이섬,B_TOR
ㅡㅡㅡ,ㅡㅡㅡ
문두루,O
커플,O
다섯번째,O
브이로그,O
영상입니다,O
ㅡㅡㅡ,ㅡㅡㅡ
마스크,O
는,O
촬영,O
시에만,O
잠시,O
내려두고,O
꼭꼭,O
착용하였어요,O
ㅡㅡㅡ,ㅡㅡㅡ
하루,O
빨리,O
모두가,O
편한,O
모습으로,O
건강하게,O
만날,O
수,O
있는,O
날이,O
오면,O
좋겠어요,O
ㅡㅡㅡ,ㅡㅡㅡ
상봉역,O
부산,O
오뎅,O
ㅡㅡㅡ,ㅡㅡㅡ
오뎅,O
ㅡㅡㅡ,ㅡㅡㅡ
소떡소떡,O
ㅡㅡㅡ,ㅡㅡㅡ
가평역,O
강산골,B_RES
숯불,I_RES
닭갈비,I_RES
ㅡㅡㅡ,ㅡㅡㅡ
숯불,O
닭갈비,O
ㅡㅡㅡ,ㅡㅡㅡ
막국수,O
ㅡㅡㅡ,ㅡㅡㅡ
남이섬,B_TOR
ㅡㅡㅡ,ㅡㅡㅡ
한라봉에이드,O
ㅡㅡㅡ,ㅡㅡㅡ
아이스크림,O
호떡,O
ㅡㅡㅡ,ㅡㅡㅡ
치즈,O
호떡,O
ㅡㅡㅡ,ㅡㅡㅡ
오늘,O
도,O
영상,O
보러와주셔서,O
감사합니다,O
ㅡㅡㅡ,ㅡㅡㅡ
재미있게,O
보셨다면,O
구독,O
좋아요,O
알림,O
설정,O
부탁드려용,O
ㅡㅡㅡ,ㅡㅡㅡ
다음주수요일날,O
만나요,O
ㅡㅡㅡ,ㅡㅡㅡ
문두루,O
의,O
일상이,O
궁금할,O
땐,O
ㅡㅡㅡ,ㅡㅡㅡ
0106,O
ㅡㅡㅡ,ㅡㅡㅡ
ㅡㅡㅡ,ㅡㅡㅡ
나미나라공화국,O
춘천,O
여행,O
메타세콰이어길,O
닭갈비,O
먹방,O
커플,O
일상,O
브이로그,O
ㅡㅡㅡ,ㅡㅡㅡ
가평,B_LOC
남이섬,B_TOR
ㅡㅡㅡ,ㅡㅡㅡ
20181128,O
ㅡㅡㅡ,ㅡㅡㅡ
브이로그,O
ㅡㅡㅡ,ㅡㅡㅡ
드디어,O
가평,B_LOC
여행,O
2편,O
ㅡㅡㅡ,ㅡㅡㅡ
남이섬,B_TOR
탐방기입니다,O
ㅡㅡㅡ,ㅡㅡㅡ
다시금,O
공동체의,O
소중함을,O
느껴요,O
ㅡㅡㅡ,ㅡㅡㅡ
사랑해여,O
독토,O
ㅡㅡㅡ,ㅡㅡㅡ
서울,O
근교나들이장소,O
자라섬,B_TOR
가평,B_LOC
나들이,O
가을,O
여행지,O
서울,O
근교데이트코스,O
자라섬남도꽃축제,O
자라섬,B_TOR
꽃정원핑크뮬리명소,O
자라섬,B_TOR
여행정보,O
가을,O
나들이장소추천,O
ㅡㅡㅡ,ㅡㅡㅡ
ㅡㅡㅡ,ㅡㅡㅡ
ㅡㅡㅡ,ㅡㅡㅡ
ㅡㅡㅡ,ㅡㅡㅡ
브금,O
대통령,O
ㅡㅡㅡ,ㅡㅡㅡ
개,O
억울,O
11,O
ㅡㅡㅡ,ㅡㅡㅡ
6,O
ㅡㅡㅡ,ㅡㅡㅡ
가을,O
바람,O
64,O
ㅡㅡㅡ,ㅡㅡㅡ
엄마생각,O
21,O
ㅡㅡㅡ,ㅡㅡㅡ
가평,B_LOC
여행,O
가을,O
남이섬,B_TOR
나미나라공화국,O
ㅡㅡㅡ,ㅡㅡㅡ
연애,O
시절,O
이후,O
10년만,O
에,O
찾은,O
남이섬,B_TOR
에서,O
구석구석,O
돌아다니며,O
즐거운,O
시간을,O
보냈습니다,O
ㅡㅡㅡ,ㅡㅡㅡ
연회원권도,O
생기고,O
시설들이,O
많이,O
들어서고,O
변해버린,O
모습에도,O
반해버렸어요,O
ㅡㅡㅡ,ㅡㅡㅡ
블로그에,O
더,O
많은,O
정보가,O
담겨있어요,O
ㅡㅡㅡ,ㅡㅡㅡ
222543937231,O
ㅡㅡㅡ,ㅡㅡㅡ
