﻿word,ner
가평,O
남자친구,O
랑,O
첫,O
가평,B_LOC
여행,O
여행,O
브이로그,O
커플,O
일상,O
주말,O
송원,B_RES
막국수,I_RES
바베큐,O
파티,O
ㅡㅡㅡ,ㅡㅡㅡ
가평,B_LOC
여행,O
브이로그ㅣ여행기록ㅣ,O
커플,O
여행ㅣ,O
아침고요수목원,B_TOR
ㅣ,O
까사32리조트,O
ㅣ,O
가평,B_LOC
가볼만한,O
곳,O
추천ㅣ카페추천,O
ㅡㅡㅡ,ㅡㅡㅡ
가평,B_LOC
남이섬,B_TOR
1박2일,O
여행,O
브이로그,O
남이섬,B_TOR
라틴정원,B_CAF
화이트큐브24,O
산골농원,B_RES
양,O
떼목장카페,O
스위스마을,O
ㅡㅡㅡ,ㅡㅡㅡ
가평,B_LOC
여행,O
브이로그,O
자라섬남도,B_TOR
돈내고가기전에,O
공짜로가세요,O
개인적으로,O
남이섬,B_TOR
과,O
비교할경우,O
가성비가,O
너무나도,O
좋은것같네요,O
ㅡㅡㅡ,ㅡㅡㅡ
댄서,O
들의,O
첫,O
글램핑,O
브이로그ㅣ,O
가평,B_LOC
플로렌스,O
글램핑ㅣ,O
골든트리,B_CAF
카페ㅣ,O
닭갈비,O
먹방,O
ㅡㅡㅡ,ㅡㅡㅡ
남이섬,B_TOR
브이로그,O
당일치기,O
가평,B_LOC
여행,O
ㅡㅡㅡ,ㅡㅡㅡ
가평,B_LOC
자라섬,B_TOR
남도,I_TOR
꽃정원,O
브이로그,O
ㅣ,O
가평,B_LOC
여행,O
여기,O
어,O
때,O
ㅡㅡㅡ,ㅡㅡㅡ
가평,B_LOC
브이로그,O
철이,O
없었죠,O
남이섬,B_TOR
때문에,O
가평,B_LOC
놀러갔다는,O
자체가,O
지우리조트,O
에서,O
밥해먹기,O
역시,O
가평,B_LOC
에선,O
닭갈비지,O
ㅡㅡㅡ,ㅡㅡㅡ
2,O
가평,B_LOC
브이로그,O
가평,B_LOC
글램핑,O
골든트리,B_CAF
ㅡㅡㅡ,ㅡㅡㅡ
여행브이로그,O
여행을,O
가장한,O
술먹방브이로그,O
가평,B_LOC
여행,O
양평휴게소,O
힐링닭갈비,B_RES
남이섬,B_TOR
나미나라공화국,O
자연별곡,O
ㅡㅡㅡ,ㅡㅡㅡ
가평,B_LOC
여행,O
브이로그,O
걸,O
어서세계속,O
으로,O
해외는,O
못,O
나가니까,O
해외에,O
온,O
것,O
같은,O
느낌으로,O
2박3일동안,O
놀기,O
쁘띠프랑스,B_TOR
에델바이스,B_TOR
스페인마을,O
펜션,O
ㅡㅡㅡ,ㅡㅡㅡ
국내,O
여행,O
브이로그,O
가평,B_LOC
1박2일,O
대학생,O
브이로그,O
가평,B_LOC
리버뷰,O
펜션,O
남이섬,B_TOR
ㅡㅡㅡ,ㅡㅡㅡ
가평,B_LOC
5주년,O
가평,B_LOC
여행,O
브이로그,O
남이섬,B_TOR
데이트,O
스파,O
계곡,O
장수,O
커플,O
브이로그,O
커플,O
브이로그,O
ㅡㅡㅡ,ㅡㅡㅡ
가평,B_LOC
카라반,O
캠핑,O
브이로그,O
나무사이에,O
자연속으로,O
가평,B_LOC
펜션추천,O
가평,B_LOC
레일바이크,B_TOR
자라섬,B_TOR
남도꽃정원,O
커플,O
여행,O
브이로그,O
ㅡㅡㅡ,ㅡㅡㅡ
저하늘,O
브이로그,O
저하늘,O
브이로그,O
남이섬,B_TOR
여행,O
가평,B_LOC
여행,O
남이섬,B_TOR
브이로그,O
당일치기여행,O
패션,O
브이로그,O
ㅡㅡㅡ,ㅡㅡㅡ
일상브이로그,O
등산,O
가평,B_LOC
나들이,O
남이섬,B_TOR
가평,B_LOC
카페,O
ㅡㅡㅡ,ㅡㅡㅡ
당일치기,O
가평,B_LOC
브이로그,O
산골농원,B_TOR
하우스베이커리,O
ㅡㅡㅡ,ㅡㅡㅡ
여행,O
남이섬,B_TOR
가평,B_LOC
풀빌라,O
브이로그,O
부부,O
브이로그,O
아기와,O
여행,O
아기와,O
풀빌라,O
아기와,O
남이섬,B_TOR
가기,O
부부,O
여행,O
가평,B_LOC
여행,O
ㅡㅡㅡ,ㅡㅡㅡ
왕왕,O
알차고,O
행복했던,O
하루,O
브이로그,O
몽짬뽕,O
가평,B_LOC
플로레,B_CAF
색현터널,O
10여년만,O
에,O
자전거,O
한국초콜릿연구소뮤지엄,B_TOR
김치삼겹살,O
산토리니,O
ㅡㅡㅡ,ㅡㅡㅡ
가평,B_LOC
여행,O
브이로그,O
1주년,O
여행,O
브이로그,O
남이섬,B_TOR
카,O
라반,O
반포한강공원,O
ㅡㅡㅡ,ㅡㅡㅡ
힐링영상,O
가평,B_LOC
여행,O
브이로그,O
장보기부터,O
짐풀기,O
바베큐,O
송어회,O
맛집,O
쁘띠프랑스,B_TOR
까지,O
모두,O
다,O
韓旅行,O
ㅡㅡㅡ,ㅡㅡㅡ
모녀,O
여행,O
브이로그,O
가평,B_LOC
남이섬,B_TOR
여행코스,O
추천,O
ㅡㅡㅡ,ㅡㅡㅡ
가평,B_LOC
여행,O
브이로그,O
풀빌라,O
가평,B_LOC
플로레,B_CAF
색현터널,O
바베큐,O
파티,O
카페,O
윤쉐프,O
정직한제빵소,O
양주,O
ㅡㅡㅡ,ㅡㅡㅡ
가평,B_LOC
여행브이로그,O
신숙희진골막국수,O
리버레인,B_CAF
1박2일펜션,O
여행,O
바베큐,O
파티,O
와인,O
한잔,O
ㅡㅡㅡ,ㅡㅡㅡ
가평,B_LOC
여행,O
브이로그,O
아침고요수목원,B_TOR
막국수,O
ㅡㅡㅡ,ㅡㅡㅡ
힐링,O
브이로그,O
시골집,O
가평,B_LOC
1박2일,O
조카랑놀기모두의마블,O
소고기,O
파티,O
나인블럭,B_CAF
가평,B_LOC
점,O
ㅡㅡㅡ,ㅡㅡㅡ
가평브릿지짚라인,B_TOR
08년생,O
여행브이로그,O
가평,B_LOC
짚라인,O
가평,B_LOC
가볼만한곳,O
자라섬,B_TOR
08년생,O
여행브이로그,O
ㅡㅡㅡ,ㅡㅡㅡ
여행,O
브이로그,O
아이랑,O
함께가기,O
딱인,O
가평,B_LOC
여행필수코스,O
맛집,O
산골농원,B_RES
양떼목장카페,O
아침고요수목원,B_TOR
동물원,O
ㅡㅡㅡ,ㅡㅡㅡ
브이로그,O
남이섬,B_TOR
여행,O
커플,O
브이로그,O
가평,B_LOC
청평,O
자연힐링,O
ㅡㅡㅡ,ㅡㅡㅡ
세수,O
가평브이로그,O
휴무,O
브이로그,O
세수,O
가평,B_LOC
드라이브,O
골든트리,B_CAF
가평,B_LOC
카페,O
성희네집,B_RES
숯불닭갈비,O
리버뷰,O
리버뷰카페,O
휴가,O
어린이날,O
ㅡㅡㅡ,ㅡㅡㅡ
가평,B_LOC
여행,O
브이로그,O
가평,B_LOC
글램핑,O
파인포레스트,O
바지락술,O
찜,O
꿀맛탱,O
남이섬,B_TOR
에서,O
자전거,O
타기,O
조무락,B_RES
닭갈비,I_RES
먹기,O
ㅡㅡㅡ,ㅡㅡㅡ
서울,O
근교,O
가볼만한곳,O
직장인,O
주말,O
브이로그,O
가평,B_LOC
여행,O
아침고요수목원,B_TOR
11,O
ㅡㅡㅡ,ㅡㅡㅡ
7,O
데이트하고,O
데이트하는,O
브이로그,O
가평,B_LOC
드라이브,O
골든트리,B_CAF
닭갈비,O
더현대서울,O
평택카페,O
미드바르앳홈,O
주말,O
브이로그,O
ㅡㅡㅡ,ㅡㅡㅡ
여행,O
브이로그,O
ㅣ,O
친구,O
랑,O
가평,B_LOC
춘천,O
여행가기,O
ㅣ,O
남이섬,B_TOR
골든트리카페,B_CAF
ㅡㅡㅡ,ㅡㅡㅡ
여행,O
가평,B_LOC
초코키즈풀빌라,O
남이섬,B_TOR
일상,O
브이로그,O
18개월,O
열혈남아,O
혁준군,O
육아브이로그,O
ㅡㅡㅡ,ㅡㅡㅡ
랜선,O
여행,O
가평,B_LOC
쁘띠프랑스,B_TOR
남이섬,B_TOR
브이로그,O
남이공화국,O
방문,O
ㅡㅡㅡ,ㅡㅡㅡ
가평,B_LOC
힐링,O
여행,O
아침고요수목원,B_TOR
브이로그,O
산책,O
치즈,O
닭갈비,O
꽃,O
길,O
ㅡㅡㅡ,ㅡㅡㅡ
8,O
집순이브이로그오프일상빵먹방,O
가평,B_LOC
워크샵직장인브이로그일상,O
닭갈비,O
아침고요수목원,B_TOR
ㅡㅡㅡ,ㅡㅡㅡ
여행브이로그,O
가평,B_LOC
자라섬,B_TOR
꽃구경,O
다녀왔어요,O
ㅡㅡㅡ,ㅡㅡㅡ
일상,O
브이로그,O
가평,B_LOC
카페,O
골든트리,B_CAF
셀러브리티버거,O
ㅡㅡㅡ,ㅡㅡㅡ
미니정ㅣ,O
가평,B_LOC
여행,O
아침고요수목원,B_TOR
남이섬,B_TOR
브이로그,O
ㅡㅡㅡ,ㅡㅡㅡ
여우리가평,O
여행,O
브이로그,O
일상,O
나인블럭,B_CAF
더스테이힐링파크,B_TOR
숲속여행,O
1박2일,O
ㅡㅡㅡ,ㅡㅡㅡ
현생,O
탈출,O
가평,B_LOC
1박2일,O
힐링,O
여행,O
브이로그,O
가평,B_LOC
가볼만한,O
곳,O
추천ㅣ,O
라틴,B_CAF
정원,I_CAF
골든트리,B_CAF
ㅣ,O
쁘띠프랑스,B_TOR
ㅣ,O
제이드가든,O
ㅣ,O
클럽보드리조트,O
ㅡㅡㅡ,ㅡㅡㅡ
어쩌구,O
브이로구,O
글램핑,O
브이로그,O
가평,B_LOC
글램핑,O
바베큐,O
라면,O
닭갈비,O
춘천,O
쁘띠프랑스,B_TOR
ㅡㅡㅡ,ㅡㅡㅡ
예봉구스,O
브이로그ㅣ,O
1년만,O
에,O
다시,O
가는,O
가평,B_LOC
우정여행,O
남이섬,B_TOR
ㅡㅡㅡ,ㅡㅡㅡ
공시,O
생,O
브이로그,O
5,O
휴가,O
여자,O
둘,O
이,O
캠핑,O
가평,B_LOC
우니메이카,B_TOR
골든트리,B_CAF
ㅡㅡㅡ,ㅡㅡㅡ
데이트,O
브이로그,O
티격태격,O
1000일,O
기념,O
가평,B_LOC
여행,O
피그멜리온이펙트,O
아침고요수목원,B_TOR
감성숙소,O
골든구스,O
루이비통,O
레터링도시락케이크,O
플로레카페,B_CAF
색현터널,O
ㅡㅡㅡ,ㅡㅡㅡ
육아브이로그,O
가족,O
브이로그,O
휴가,O
남이섬,B_TOR
가평,B_LOC
여행,O
집와이어,O
엄마,O
아빠,O
동생,O
나,O
신랑,O
언니,O
형부,O
가족,O
여행,O
추천,O
ㅡㅡㅡ,ㅡㅡㅡ
20대,O
일상,O
브이로그,O
먹방,O
브이로그,O
가평,B_LOC
잣,O
막걸리,O
닭갈비,O
가평,B_LOC
자라섬,B_TOR
남도꽃,O
정원,O
막걸리,O
입문,O
술,O
먹방,O
ㅡㅡㅡ,ㅡㅡㅡ
일상브이로그,O
압구정로데오나들이,O
연남동나,O
들이,O
가평,B_LOC
나들이,O
로로,O
레스토랑,O
맘마미아,O
카페,O
히하야,O
밥집,O
루나틱,O
카페,O
리버레인,B_CAF
카페,O
ㅡㅡㅡ,ㅡㅡㅡ
문두루,O
커플,O
가평,B_LOC
남이섬,B_TOR
힐링,O
브이로그,O
5,O
쿠키,O
영상,O
ㅡㅡㅡ,ㅡㅡㅡ
브이로그,O
가평,B_LOC
여행,O
둘째날,O
힐링여행,O
아침고요수목원,B_TOR
닭갈비,O
ㅡㅡㅡ,ㅡㅡㅡ
브이로그,O
올여름,O
휴가는,O
호캉스로,O
가평,B_LOC
휴가,O
브이로그,O
스위티안호텔,O
성희네집,B_RES
숯불,O
닭갈비,O
남양주카페웨더,O
ㅡㅡㅡ,ㅡㅡㅡ
국내여행,O
브이로그,O
가평,B_LOC
여행가서,O
수영하고,O
먹방찍고,O
가평,B_LOC
클럽인너호텔,O
골든트리,B_CAF
ㅡㅡㅡ,ㅡㅡㅡ
민짱,O
의,O
일상,O
가평,B_LOC
여행은,O
남이섬,B_TOR
이지,O
10년만,O
에,O
찾았더니,O
나미나라공화국,O
이,O
되었네요,O
ㅡㅡㅡ,ㅡㅡㅡ
