﻿word,ner
강릉,B_LOC
여행,O
떠먹여주는,O
여행,O
코스,O
자신있게,O
추천하는,O
맛집,O
가볼만한,O
곳,O
꽉꽉,O
채워,O
12곳,O
완벽,O
정리,O
해수욕장,O
비교까지,O
ㅡㅡㅡ,ㅡㅡㅡ
나홀로,O
강릉,B_LOC
먹방,O
여행,O
1,O
멘붕연속,O
매콤장칼국수,O
짬뽕순두부,O
인절미크림빵,O
초코크림빵,O
치즈크림빵,O
삼색빵,O
나홀로,O
인생네컷,O
ㅡㅡㅡ,ㅡㅡㅡ
완벽한,O
일정,O
알찬,O
3박4일,O
강릉,B_LOC
여행,O
에어비앤비,O
추천,O
ㅡㅡㅡ,ㅡㅡㅡ
영화,O
아니고,O
여행,O
동영상입니다,O
역대급,O
국내여행지,O
강릉,B_LOC
ㅡㅡㅡ,ㅡㅡㅡ
집콕하기,O
직전에,O
1박2일,O
강릉,B_LOC
여행,O
다녀온,O
여행브이로그,O
애견동반여행,O
ㅡㅡㅡ,ㅡㅡㅡ
나홀로,O
강릉,B_LOC
먹방,O
여행,O
2,O
그는,O
갔어요,O
튀김덮밥,O
초당치즈버거,O
순두부젤라또,O
고구마젤라또,O
갈릭웨지감자,O
안목해변카페투어,O
ㅡㅡㅡ,ㅡㅡㅡ
내,O
사랑,O
내,O
전부와,O
함께한,O
강릉,B_LOC
호캉스,O
ㅡㅡㅡ,ㅡㅡㅡ
강릉,B_LOC
1박2일,O
여행,O
강릉,B_LOC
에서,O
좋았던,O
맛집소품샵카페,O
추천,O
ㅡㅡㅡ,ㅡㅡㅡ
뚜벅이,O
가을,O
여행,O
1박2일,O
강릉,B_LOC
여행,O
주문진,B_LOC
비용,O
공개와,O
여행,O
코스,O
추천,O
ㅡㅡㅡ,ㅡㅡㅡ
강릉,B_LOC
커피,O
여행,O
ㅣ,O
한국인,O
의,O
커피,O
상,O
강릉,B_LOC
의,O
좋은,O
카페를,O
찾아서,O
봉봉,B_CAF
방앗간,I_CAF
ㅣ카페,O
오월,B_CAF
ㅣ,O
산토리니,B_CAF
ㅣ카페디드,B_CAF
ㅣ,O
ㅡㅡㅡ,ㅡㅡㅡ
두남자,O
의,O
강릉,B_LOC
여행,O
브이로그,O
웅쇼니의,O
ㅡㅡㅡ,ㅡㅡㅡ
강릉,B_LOC
먹방여행,O
1편,O
싸전빵,O
훈제오리전골,O
툇마루커피,B_CAF
고성생선찜,B_RES
입짧은햇님,O
나도,O
돌체테리아,B_CAF
ㅡㅡㅡ,ㅡㅡㅡ
강릉,B_LOC
ㅣ혼자,O
여행,O
거의,O
다큐,O
수준인,O
브이로그ㅣ,O
테라로사,B_CAF
장칼국수,B_RES
팡파미유,B_CAF
이모네생선찜,B_RES
포,B_TOR
스트카드오피스,I_TOR
안목해변,B_TOR
강릉,B_LOC
맛집,O
ㅡㅡㅡ,ㅡㅡㅡ
강릉,B_LOC
여행,O
강릉,B_LOC
에서,O
꼭,O
가봐야할,O
빵집,O
5,O
베스트,O
빵집,O
빵지순례,O
강릉,B_LOC
추천빵집,O
ㅡㅡㅡ,ㅡㅡㅡ
가족,O
여행,O
2박3일,O
강릉,B_LOC
여행,O
브이로그,O
가은,O
ㅡㅡㅡ,ㅡㅡㅡ
1,O
강릉,B_LOC
브이로그ㅣ당일치기,O
여행,O
ㅣ바다ㅣ야외태닝ㅣ,O
봄날,O
촬영지ㅣ먹방ㅣ밤바다,O
ㅡㅡㅡ,ㅡㅡㅡ
옾더레결혼기념일이니까,O
더,O
알차게,O
먹었지,O
강릉,B_LOC
여행,O
브이로그,O
만동제과,B_CAF
마늘빵,O
동해막국수,B_RES
수육,O
꼬막비빔밥,O
육전,O
돌체테리아,B_CAF
카페거리,O
케이크,O
등,O
ㅡㅡㅡ,ㅡㅡㅡ
강원도,B_LOC
바다여행,O
추천,O
강릉,B_LOC
수제버거,O
맛집,O
챙기고,O
주문진해변,B_TOR
부터,O
주문진항,B_TOR
등대마을,B_TOR
까지,O
동해,B_LOC
바다,O
걸으면,O
볼,O
수,O
있는,O
것들,O
ㅡㅡㅡ,ㅡㅡㅡ
회,O
가,O
가득한,O
광어물회,O
와,O
회덮밥,O
강릉,B_LOC
사천진항,B_TOR
에서,O
먹었던,O
점심,O
강릉,B_LOC
뚜벅이,O
여행,O
ㅡㅡㅡ,ㅡㅡㅡ
강릉,B_LOC
바다,O
여행,O
코스,O
추천,O
내,O
취향저격,O
해변은,O
어디,O
ㅡㅡㅡ,ㅡㅡㅡ
354,O
근황46,O
354,O
강릉,B_LOC
강릉,B_LOC
에,O
가면,O
승마,O
도,O
하고,O
꼬막비빔밥,O
도,O
먹고,O
초당두부,O
도,O
먹고,O
강릉,B_LOC
럭셔리,O
여행으로,O
초대합니다,O
ㅡㅡㅡ,ㅡㅡㅡ
트레이너,O
들,O
브이로그,O
남자들의강릉여행,O
ㅡㅡㅡ,ㅡㅡㅡ
해변,O
피크닉,O
당일치기,O
강릉,B_LOC
여행,O
브이로그,O
ㅡㅡㅡ,ㅡㅡㅡ
강릉,B_LOC
스카이베이경포호텔,O
리뷰,O
강릉,B_LOC
여행,O
인피니티,O
풀,O
테라로사경포호수점,B_CAF
강릉,B_LOC
맛집,O
ㅡㅡㅡ,ㅡㅡㅡ
혼자,O
떠나는1박2일,O
강릉여행,O
동화가든,B_RES
툇마루커피,B_CAF
폴앤메리,B_RES
강문해변,B_TOR
ㅡㅡㅡ,ㅡㅡㅡ
러시아,O
여자,O
2명,O
서울,B_LOC
강릉,B_LOC
당일치기,O
여행,O
ㅡㅡㅡ,ㅡㅡㅡ
강릉,B_LOC
당일치기,O
뚜벅이의,O
일기,O
평일연차를,O
이렇게,O
쓰다니,O
고생길인데,O
힐링이었다,O
7월,O
브이로그,O
뚜벅뚜벅,O
ㅡㅡㅡ,ㅡㅡㅡ
125,O
바이크,O
로,O
서울,B_LOC
강릉,B_LOC
장거리투어,O
사진찍을땐,O
이,O
정도,O
누워줘야지,O
울산바위,B_TOR
강원도,B_LOC
미시령,B_TOR
초장거리여행,O
바이크,O
장거리라이딩,O
여성,O
라이더,O
ㅡㅡㅡ,ㅡㅡㅡ
2020년,O
첫,O
가족,O
여행은,O
강릉,B_LOC
이다ㅣ,O
박지윤,O
의,O
욕망티비,O
ㅡㅡㅡ,ㅡㅡㅡ
대한민국,B_LOC
여행,O
강원도,B_LOC
강릉,B_LOC
여행,O
가이드,O
익스피디아,O
ㅡㅡㅡ,ㅡㅡㅡ
강릉,B_LOC
먹방여행,O
2편,O
돌체테리아타르트,B_CAF
빵,O
아이스크림,O
막국수,O
보쌈,O
만두,O
얌냠,O
입짧은햇님,O
나도,O
돌체테리아,B_CAF
ㅡㅡㅡ,ㅡㅡㅡ
강릉,B_LOC
여행,O
강릉선교장,B_TOR
한옥스테이기품있고,O
고고한,O
300년,O
명품,O
고택에서의,O
하룻밤,O
ㅡㅡㅡ,ㅡㅡㅡ
강릉,B_LOC
먹방,O
여행,O
2편,O
마지막화,O
모짜렐라수제버거,O
감튀,O
쉐이크,O
케이크,O
딸기,O
청포도,O
초코,O
블루베리,O
티라미수케이크,O
시니,O
ㅡㅡㅡ,ㅡㅡㅡ
여행,O
기록,O
커피마니아,O
필수,O
여행지,O
강릉,B_LOC
사천진리,B_LOC
박이추,O
의,O
커피,O
공장,O
방문기,O
지금은,O
대한민국,O
여행,O
주간,O
뚜벅이,O
여행러,O
딩디링,O
ㅡㅡㅡ,ㅡㅡㅡ
강릉,B_LOC
여행,O
브이로그ㅣ,O
2명,O
빠져도,O
4인,O
가족,O
카페,B_CAF
툇마루,I_CAF
칠카페,B_CAF
이모네생선찜,B_RES
초당,B_RES
순두부,I_RES
일몰,O
ㅡㅡㅡ,ㅡㅡㅡ
강릉,B_LOC
먹방,O
여행,O
1편,O
중앙시장,B_TOR
떡갈비,O
닭강정,O
치즈호떡,O
아이스크림호떡,O
대게,O
회,O
치즈고로케,O
냠냠시니,O
ㅡㅡㅡ,ㅡㅡㅡ
국내,O
신혼여행,O
추천,O
강릉,B_LOC
씨마크호텔,O
ㅡㅡㅡ,ㅡㅡㅡ
강릉,B_LOC
속초,B_LOC
먹방여행,O
최대분량,O
봉브레드,B_CAF
만석닭강정,B_RES
떡갈비,O
초당순두부,B_RES
순두부젤라또,B_CAF
낙곱새,O
장터칼국수,O
등등,O
ㅡㅡㅡ,ㅡㅡㅡ
4,O
게이커플,O
강릉,B_LOC
여행브이로그,O
게,O
이커,O
플브이로그,O
ㅡㅡㅡ,ㅡㅡㅡ
1박2일,O
강릉,B_LOC
여행,O
브이로그,O
호텔,O
맛집,O
먹방이면,O
충분하지,O
ㅣ,O
코가이,O
ㅡㅡㅡ,ㅡㅡㅡ
강릉,B_LOC
샒로그,O
혼자,O
첫,O
국내여행,O
오랜만에,O
같이,O
준비해요,O
과몰입,O
이야기,O
강릉,B_LOC
에어비앤비,O
소개,O
ㅡㅡㅡ,ㅡㅡㅡ
강릉,B_LOC
여행,O
경포대스카이베이호텔,O
1박,O
ㅡㅡㅡ,ㅡㅡㅡ
먹방,O
강릉,B_LOC
당일치기,O
빵지순례,O
빵먹방,O
돌체테리아,B_CAF
강릉빵다방,B_CAF
만동제과,B_CAF
팡파미유,B_CAF
강릉중화짬뽕빵,B_CAF
마늘바게트,O
인절미빵,O
휘낭시에,O
육쪽마늘빵,O
빵순이,O
ㅡㅡㅡ,ㅡㅡㅡ
강릉,B_LOC
가족,O
여행,O
숙소,O
라카이샌드파인리조트,O
수영장,O
경포대,B_TOR
브이로그,O
ㅡㅡㅡ,ㅡㅡㅡ
애타게,O
기다린,O
우리의,O
커플,O
여행,O
강릉,B_LOC
나들이,O
혜연,O
이의,O
조개구이,O
입문,O
ㅡㅡㅡ,ㅡㅡㅡ
대만,O
언니,O
들과,O
함께한,O
강원도,B_LOC
강릉,B_LOC
여행애견동반,O
세인트존스호텔,O
에서,O
즐기는,O
호캉스,O
ㅡㅡㅡ,ㅡㅡㅡ
강릉,B_LOC
여행,O
사실,O
정말,O
눈,O
바다,O
너무,O
보고,O
싶어서,O
간,O
2박3일,O
여행,O
강릉,B_LOC
여행,O
가볼까요,O
ㅡㅡㅡ,ㅡㅡㅡ
강릉,B_LOC
여행코스추천,O
강릉,B_LOC
여행,O
강릉,B_LOC
주문진항,B_TOR
영진해변,B_TOR
강릉,B_LOC
중앙시장,B_TOR
강릉,B_LOC
맛집,O
강릉,B_LOC
중앙시장,B_TOR
맛집,O
ㅡㅡㅡ,ㅡㅡㅡ
강릉,B_LOC
여행,O
씨마크호텔,O
호캉스,O
디너뷔페더레스토랑,O
수영장,O
양양,B_LOC
카페,O
여행브이로그,O
ㅡㅡㅡ,ㅡㅡㅡ
봄,O
맞이,O
강릉,B_LOC
여행,O
그리고,O
전설의,O
게임,O
ㅡㅡㅡ,ㅡㅡㅡ
2박3일,O
강릉,B_LOC
여행,O
찐,O
으로,O
입은,O
데일리룩,O
브이로그,O
강릉,B_LOC
브이로그,O
강릉,B_LOC
숙소추천,O
강릉,B_LOC
핫플레이스패션,O
하울,O
당신의,O
안목,O
서피비치,B_TOR
팡파미유,B_CAF
버거웍스,B_RES
일상,O
브이로그,O
ㅡㅡㅡ,ㅡㅡㅡ
짜장이,O
와,O
진천농다리,B_TOR
산책,O
무계획,O
강릉,B_LOC
여행,O
1,O
ㅡㅡㅡ,ㅡㅡㅡ
강릉,B_LOC
일주일,O
살기,O
5,O
여행을,O
가장한,O
식신로드찍기,O
ㅎ,O
언니,O
와,O
형부,O
와,O
함께,O
여행은,O
어떨까,O
강릉,B_LOC
소품샵,O
강릉해변,B_TOR
강릉조개구이,O
엄지네포장마차,B_RES
ㅡㅡㅡ,ㅡㅡㅡ
강릉,B_LOC
여행,O
겨울,O
바다,O
가성비,O
코스,O
추천,O
ㅡㅡㅡ,ㅡㅡㅡ
강릉,B_LOC
바다부채,B_TOR
길,I_TOR
도보여행,O
속이,O
뻥,O
뚫리는,O
바다부채길,B_TOR
ㅡㅡㅡ,ㅡㅡㅡ
당일치기,O
강릉,B_LOC
여행,O
다녀온,O
후,O
생각의,O
변화,O
간단한,O
여행,O
정보,O
강릉,B_LOC
안목해변,B_TOR
맛집,O
당일치기,O
국내여행,O
ㅡㅡㅡ,ㅡㅡㅡ
강릉,B_LOC
맛집,O
추천,O
툇마루커피,B_CAF
웨이팅,O
강릉,B_LOC
먹방,O
브이로그,O
1박2일,O
강릉,B_LOC
여행,O
브이로그,O
강릉,B_LOC
여행,O
동화가든,B_RES
형제칼국수,B_RES
툇마루,B_CAF
순두부젤라또,B_CAF
도깨비시장,B_CAF
만동제과,B_CAF
중앙시장,B_TOR
ㅡㅡㅡ,ㅡㅡㅡ
강릉,B_LOC
여행,O
브이로그,O
1,O
엄마랑여행,O
주문진,O
여행,O
완벽정리ㅣ,O
강릉,B_LOC
맛집,O
ㅣ,O
주문진,B_LOC
로컬,O
맛집,O
ㅣ,O
영진해변,B_TOR
도깨비촬영지,B_TOR
도깨비시장,B_CAF
핫플레이스ㅣ,O
게네집,B_RES
홍게,O
ㅣ,O
마스크,O
착용하고,O
안전한,O
여행,O
ㅡㅡㅡ,ㅡㅡㅡ
강릉여행,O
드디어가본돌체테리아,O
강릉찐맛집짬뽕순두부,O
강릉오션뷰숙소,O
테라로사커피,B_CAF
바로방빵집,B_CAF
ㅡㅡㅡ,ㅡㅡㅡ
1박2일,O
강릉,B_LOC
여행,O
오죽헌대나무꽃,B_TOR
강릉,B_LOC
게장,O
맛집,O
세인트존스,O
강문해변,B_TOR
안목해변,B_TOR
탑스텐호텔,O
韓国旅行,O
ㅡㅡㅡ,ㅡㅡㅡ
친구,O
들과,O
생일파티,O
1박2일,O
강릉,B_LOC
여행,O
ㅡㅡㅡ,ㅡㅡㅡ
강릉,B_LOC
커피박물관,O
강원도,B_LOC
여행,O
한국여행,O
대한민국,O
여행,O
우리나,O
라여행,O
ㅡㅡㅡ,ㅡㅡㅡ
일상현진,O
루디엔터테인먼트,O
학생,O
유튜버,O
강릉여행,O
비하인드위주,O
냔지,O
쥰나,O
현진,O
유정,O
채경,O
예보링,O
은소,O
윤졔,O
예슬,O
ㅡㅡㅡ,ㅡㅡㅡ
강릉,B_LOC
호캉스,O
브이로그,O
스카이베이경포호텔,O
자,O
쿠지,O
연인,O
패키지,O
강릉,B_LOC
호텔,O
추천,O
코로나,O
걱정없이,O
호캉스,O
즐기기,O
10만원대,O
강릉,B_LOC
호캉스,O
ㅡㅡㅡ,ㅡㅡㅡ
강릉카페오션스,B_CAF
강릉,B_LOC
수제,O
버거,O
강릉,B_LOC
데이트코스,O
강릉,B_LOC
여행,O
강릉,B_LOC
당일여행,O
강릉,B_LOC
가볼만한곳,O
강릉,B_LOC
카페,O
강릉,B_LOC
수제맥주,O
강릉,B_LOC
맛집,O
ㅡㅡㅡ,ㅡㅡㅡ
커플,O
여행,O
브이로그,O
강릉,B_LOC
대관령,B_TOR
커플,O
겨울,O
여행펜션에서,O
무슨,O
일이,O
ㅡㅡㅡ,ㅡㅡㅡ
태어나서,O
처음,O
바다,O
보는,O
강아지,O
강릉,B_LOC
바다여행,O
힐링여행,O
애견동반,O
호텔,O
후기,O
ㅡㅡㅡ,ㅡㅡㅡ
강원도,B_LOC
강릉,B_LOC
여행코스,O
시간만,O
되면,O
완벽한,O
국내,O
기차여행,O
추천,O
ㅡㅡㅡ,ㅡㅡㅡ
강릉,B_LOC
여행,O
브이로그,O
맛집투어,O
12년,O
지기,O
경포대,B_TOR
강릉중앙시장,B_TOR
안목해변,B_TOR
수제버거,O
장칼국수,O
짬뽕순두부,O
감자전,O
메밀전병,O
ㅡㅡㅡ,ㅡㅡㅡ
새,O
벽기차,O
타고,O
강릉,B_LOC
솔로,O
백패킹,O
다녀왔어요,O
1,O
솔로캠핑,O
여성백패커,O
연곡솔향기캠핑장,B_TOR
강원도,B_LOC
여행,O
기차여행,O
ㅡㅡㅡ,ㅡㅡㅡ
대한민국,B_LOC
여행,O
강원도,B_LOC
강릉,B_LOC
하슬라아트월드,B_TOR
여행,O
가,O
이드,O
익스피디아,O
ㅡㅡㅡ,ㅡㅡㅡ
강릉,B_LOC
중앙시장,B_TOR
맛집,O
여행,O
8곳,O
배니닭강정,B_RES
닥터와플,B_CAF
강릉,B_LOC
수제고로케,O
고기김치말이,O
아이스크림호떡,O
팡파미유,B_CAF
강릉밥,O
집,O
중앙돈까스,B_RES
테라로사,B_CAF
ㅡㅡㅡ,ㅡㅡㅡ
한옥,O
독채,O
카페에서,O
프라이빗,O
팜크닉,O
강릉,B_LOC
으로,O
떠난,O
힐링,O
여행,O
강릉,B_LOC
브이로그,O
ㅡㅡㅡ,ㅡㅡㅡ
강릉,B_LOC
에서,O
꼭,O
먹어봐야,O
하는,O
음식,O
11가지,O
를,O
추천합니다,O
주문진,B_LOC
맛집,O
강원도,B_LOC
여행도,O
딩디링,O
과,O
함께,O
ㅡㅡㅡ,ㅡㅡㅡ
079,O
강릉물회,O
장안회집,B_RES
강원도,B_LOC
여행,O
ㅡㅡㅡ,ㅡㅡㅡ
강릉,B_LOC
여행,O
꼭,O
가봐야,O
할,O
카페,O
5,O
사진,O
잘나오는,O
사진맛집카페,O
추천합니다,O
ㅡㅡㅡ,ㅡㅡㅡ
2박3일,O
강릉,B_LOC
여행,O
브이로그,O
대관령,B_LOC
양떼목장,B_TOR
강릉중앙시장,B_TOR
맛집,O
탐방,O
2편,O
ㅡㅡㅡ,ㅡㅡㅡ
강릉,B_LOC
여행,O
친구,O
와,O
함께한,O
서핑트립,O
카페,O
테라로사,B_CAF
짬뽕순두부,O
등,O
1박2일,O
국내여행,O
스킨토너,O
추천,O
ㅡㅡㅡ,ㅡㅡㅡ
강릉,B_LOC
맛집,O
수요미식회,O
나온,O
초당할머니순두부,B_RES
솔직,O
리뷰,O
강릉,B_LOC
맛집,O
투어,O
초당순두부,B_RES
강릉,B_LOC
여행,O
강릉,B_LOC
맛집,O
수요미식회,O
ㅡㅡㅡ,ㅡㅡㅡ
카페,O
인스타,O
성지에서,O
사진,O
찍는법,O
강릉,B_LOC
여행,O
스테이,B_CAF
인터뷰,I_CAF
ㅡㅡㅡ,ㅡㅡㅡ
프리미엄,O
버스,O
타고,O
강릉,B_LOC
당일,O
여행,O
양떼목장,B_TOR
아들,B_TOR
바위,I_TOR
도깨비,O
촬영지등,O
ㅡㅡㅡ,ㅡㅡㅡ
평창,B_LOC
강릉,B_LOC
여행,O
1탄,O
월정사,B_TOR
단풍구경와,O
맛집,O
탐방,O
ㅡㅡㅡ,ㅡㅡㅡ
지인,O
들이,O
또,O
가자고,O
난리,O
ㅣ,O
강릉,B_LOC
주문진,B_LOC
맛집,O
주문진,B_LOC
어촌계,B_RES
식당,O
강릉,B_LOC
여행,O
코스,O
ㅡㅡㅡ,ㅡㅡㅡ
외국인,O
강릉,B_LOC
혼자,O
여행,O
ㅡㅡㅡ,ㅡㅡㅡ
여행,O
나혼자다녀온,O
강릉여행,O
1박2일,O
강문애게스트하우스,O
하슬하가배,B_CAF
돌체테리아,B_CAF
만동제과,B_CAF
ㅡㅡㅡ,ㅡㅡㅡ
호텔리뷰,O
여행,O
핫한,O
방문,O
강릉,B_LOC
맛집,O
추천,O
ㅡㅡㅡ,ㅡㅡㅡ
1박2일,O
강릉,B_LOC
여행,O
후회없는,O
명소와,O
배부른,O
맛집들로,O
짠,O
여행,O
코스,O
방탄소년단,O
정류장,O
도깨비촬영지,B_TOR
엄지네포장마차,B_RES
홍게,O
무한리필,O
씨스카이호텔,O
ㅡㅡㅡ,ㅡㅡㅡ
강릉,B_LOC
일주일,O
살기,O
1,O
먹부림으로,O
시작된,O
여행여자혼자여행,O
강릉,B_LOC
맛집,O
금학칼국수,B_RES
테디카페,B_CAF
비사이드그라운드,B_CAF
청춘회관,B_TOR
영진떡갈비,B_RES
ㅡㅡㅡ,ㅡㅡㅡ
인생샷,O
카페,O
잔뜩,O
다녀온,O
강원도,B_LOC
여행,O
브이로그,O
양양,B_LOC
강릉,B_LOC
ㅡㅡㅡ,ㅡㅡㅡ
임산부,O
브이로그,O
33주차,O
태교여행,O
2,O
강릉,B_LOC
여행,O
순두부찌개,O
먹방,O
한우곰탕,O
먹방,O
ㅡㅡㅡ,ㅡㅡㅡ
뉴키드,O
윤민,O
휘,O
가,O
함께하는,O
여행,O
일상,O
다이어리,O
강릉,B_LOC
편,O
ㅡㅡㅡ,ㅡㅡㅡ
방구석,O
인문학,O
지성,O
여행,O
신사임당,O
율곡이이,O
와,O
떠나는,O
강릉,B_LOC
여행,O
ㅡㅡㅡ,ㅡㅡㅡ
강릉커피빵,O
과,O
강릉당,B_CAF
커피콩빵,O
비교해보았어요,O
강릉,B_LOC
맛집,O
강원도,B_LOC
여행,O
강릉,B_LOC
스카이베이,O
스카이베이,O
경포,B_LOC
쿠킹앤맘,O
ㅡㅡㅡ,ㅡㅡㅡ
국내여행,O
강릉,B_LOC
여행,O
브이로그,O
주문진,B_LOC
강릉중앙시장,B_TOR
카페거리,O
국제,O
커플,O
ㅡㅡㅡ,ㅡㅡㅡ
브이로그,O
강릉,B_LOC
경포대,B_LOC
산책,O
힐링의,O
시간,O
ㅡㅡㅡ,ㅡㅡㅡ
나의,O
첫,O
휴가,O
흐린,O
날이라서,O
더,O
좋았던,O
바다,O
강릉,B_LOC
여행,O
1,O
한국,B_LOC
여행지,O
추천,O
일상,O
대구,B_LOC
에서,O
강릉,B_LOC
까지,O
게스트하우스,O
강릉,B_LOC
맛집,O
ㅡㅡㅡ,ㅡㅡㅡ
강릉,B_LOC
브이로그,O
생일맞이,O
1박2일,O
여행,O
강릉,B_LOC
맛집,O
카페,O
소품샵,O
투어,O
ㅡㅡㅡ,ㅡㅡㅡ
31,O
대게,O
횟집,O
바베큐,O
강릉,B_LOC
양양,B_LOC
여행,O
ㅡㅡㅡ,ㅡㅡㅡ
5월,O
가기전에,O
꼭,O
강릉,B_LOC
원주민,O
추천,O
맛집,O
먹방,O
리뷰,O
강원도,B_LOC
여행,O
오월,O
에,O
초당,O
ㅡㅡㅡ,ㅡㅡㅡ
초당옥수수,O
로,O
맛있는,O
밥,O
해,O
먹고,O
강릉,B_LOC
바다로,O
떠나는,O
여행브이로그,O
가족,O
과의,O
여행을,O
미루지,O
마세요,O
가족,O
이,O
함께하는,O
행복한,O
시간,O
아이가,O
주는,O
행복,O
ㅡㅡㅡ,ㅡㅡㅡ
강릉,B_LOC
여행,O
브이로그,O
2020,O
일출,O
동화가든짬뽕순두부,B_RES
대관령,B_LOC
삼양목장,B_TOR
ㅡㅡㅡ,ㅡㅡㅡ
방구석,O
강릉,B_LOC
여행,O
매콤통통,O
꼬막비빔밥,O
에,O
오징어순대,O
우거지된장국,O
리얼사운드,O
먹방,O
ㅡㅡㅡ,ㅡㅡㅡ
차박캠핑,O
스타렉스,O
캠핑카타고,O
첫차박여행,O
강릉,B_LOC
차박캠핑,O
차박여행,O
차박지,O
ㅡㅡㅡ,ㅡㅡㅡ
짧고,O
굵은,O
1박2일,O
강릉,B_LOC
여행,O
강릉,B_LOC
중앙시장,B_TOR
먹부림,O
오징어회,O
에,O
쏘주,O
한잔,O
까지,O
힐링,O
여행,O
즐기는,O
법,O
ㅡㅡㅡ,ㅡㅡㅡ
강릉,B_LOC
여행,O
씨마크호텔,O
수영장인피니티풀,O
조식,O
호캉스,O
강릉,B_LOC
카페,O
스테이,B_CAF
인터뷰,I_CAF
삼교리동치미막국수,B_RES
여행브이로그,O
ㅡㅡㅡ,ㅡㅡㅡ
강릉,B_LOC
여행,O
가볼만한,O
곳,O
5ㅣ,O
이번주말,O
엔,O
어디로,O
떠나볼까,O
ㅣ,O
강릉,B_LOC
강릉,B_LOC
여행,O
여행,O
짬트래블,O
5,O
ㅡㅡㅡ,ㅡㅡㅡ
남대생,O
9명,O
여행기,O
강릉,B_LOC
브이로그,O
카페,O
맛집,O
숙소,O
룸투어,O
게임,O
2,O
ㅡㅡㅡ,ㅡㅡㅡ
게이커플,O
강릉,B_LOC
1박2일,O
여행,O
바비큐,O
파티,O
밤바다,O
순두부젤라또,B_CAF
ㅡㅡㅡ,ㅡㅡㅡ
루루겨울집,O
쇼핑,O
대하구이,O
짧은,O
강릉,B_LOC
여행,O
ㅡㅡㅡ,ㅡㅡㅡ
종현,O
덕후,O
들의,O
강릉,B_LOC
여행,O
1편,O
강릉,B_LOC
맛집,O
먹방,O
브이로그,O
ㅡㅡㅡ,ㅡㅡㅡ
남자,O
셋,O
이서,O
강릉,B_LOC
에,O
가서,O
호텔,O
수영장점령ㅋㅋㅋ궁금하면,O
들어와서봐ㅣ,O
강릉,B_LOC
여행,O
아내,O
의맛트레이너,O
ㅡㅡㅡ,ㅡㅡㅡ
강릉,B_LOC
일주일,O
살기2,O
여행와서,O
안하던,O
요리를,O
다하네베이커리,O
투어,O
ㅡㅡㅡ,ㅡㅡㅡ
서울,B_LOC
바깥,O
나들이,O
동해,B_LOC
바다,O
강릉,B_LOC
여행,O
3,O
ㅡㅡㅡ,ㅡㅡㅡ
강릉,B_LOC
드론,O
영상,O
소돌해변,B_TOR
주문진등대,B_TOR
드론,O
으로만,O
촬영,O
가능한,O
예쁜바다를,O
담아봤어요,O
동해,B_LOC
바다로,O
여행가요,O
ㅡㅡㅡ,ㅡㅡㅡ
강릉,B_LOC
여행,O
테라로사,B_CAF
커피공장,B_CAF
랜선,O
여행,O
테라로사,B_CAF
ㅡㅡㅡ,ㅡㅡㅡ
강릉,B_LOC
일주일,O
살기,O
4,O
드라이브를,O
하다,O
소돌항,B_TOR
안목해변,B_TOR
명란돈까스,O
맛집,O
툇마루,B_CAF
초당커피,O
랜선여행,O
ㅡㅡㅡ,ㅡㅡㅡ
브이로그,O
홀리인코드,O
강릉,B_LOC
촬영,O
브이로그였는데,O
어쩌다보니,O
인간미,O
넘치는,O
망고수박,O
먹방,O
ㅡㅡㅡ,ㅡㅡㅡ
여행,O
장마철에,O
강릉,B_LOC
경포대,B_TOR
다녀왔습니다,O
강원도,B_LOC
브이로그,O
초당순두부,B_RES
강릉치킨,O
반올림피자,B_RES
안목해변,B_TOR
스카이,O
베이,O
폭우,O
파도,O
침수,O
ㅡㅡㅡ,ㅡㅡㅡ
잠결에,O
찍은,O
같이,O
준비해요,O
강릉,B_LOC
여행,O
겟레디윗미,O
뽐니,O
기승전세나,O
ㅣ남자,O
뷰티,O
유튜버,O
코가이,O
ㅡㅡㅡ,ㅡㅡㅡ
강릉,B_LOC
통일공원,B_TOR
강원도,B_LOC
여행,O
우리나라,O
여행,O
한국여행,O
대한민국,O
여행,O
ㅡㅡㅡ,ㅡㅡㅡ
강릉,B_LOC
당일치기,O
여행,O
이것만,O
알고,O
가자,O
강릉,B_LOC
가볼만한,O
곳,O
추천,O
맛집,O
카페,O
관광까지,O
강릉,B_LOC
여행,O
드라이브코스,O
ㅡㅡㅡ,ㅡㅡㅡ
평창,B_LOC
강릉,B_LOC
여행,O
2탄,O
강릉,B_LOC
바다와,O
대게,O
라면,O
먹방,O
ㅡㅡㅡ,ㅡㅡㅡ
또,O
가자고,O
난리,O
강원도,B_LOC
강릉,B_LOC
주문진,B_LOC
현지인,O
맛집,O
삼교리,B_RES
원조,O
동치미,I_RES
막국수,I_RES
강릉,B_LOC
여행,O
당일치기,O
ㅡㅡㅡ,ㅡㅡㅡ
강릉,B_LOC
여행,O
브이로그,O
1박2일,O
코스,O
맛집,O
사근진,B_LOC
해변,O
피크닉,O
순두부,B_CAF
젤라또,I_CAF
이스턴파리,O
풀빌라,O
펜션,O
수영장,O
육아,O
패밀리,O
ㅡㅡㅡ,ㅡㅡㅡ
7번국도,O
신혼여행,O
그,O
시작,O
강릉,B_LOC
국내신혼여행,O
강릉,B_LOC
맛집추천,O
ㅡㅡㅡ,ㅡㅡㅡ
강릉,B_LOC
맛집,O
여행,O
속초,B_LOC
대포항,B_TOR
존맛탱튀김,O
맛집,O
새우튀김,O
과,O
미니게튀김,O
꼭,O
드세요,O
와쓰티비,O
27,O
ㅡㅡㅡ,ㅡㅡㅡ
1박2일,O
강릉,B_LOC
먹방,O
여행ㅣ일상,O
ㅣ,O
직장인,O
브이로그ㅣ,O
가을,O
겨울,O
국내,O
우정,O
ㅡㅡㅡ,ㅡㅡㅡ
바라던,O
바다,O
광고,O
촬영이라,O
쓰고,O
강릉,B_LOC
먹방여행이라,O
읽는다,O
촬영,O
메이킹,O
브이로그,O
일상,O
대공개,O
ㅡㅡㅡ,ㅡㅡㅡ
방구석,O
여행,O
성지순례,O
1위,O
강릉,B_LOC
주문진해수욕장,B_TOR
향호해변,B_TOR
ㅡㅡㅡ,ㅡㅡㅡ
탈집순이,O
일상,O
브이로그,O
강릉,B_LOC
당일치기,O
혼자,O
여행,O
봄,O
날의,O
해변과,O
전나무,O
숲길,O
ㅡㅡㅡ,ㅡㅡㅡ
브이로그,O
프리랜서,O
디자이너,O
카페브랜딩,O
강릉,O
에,O
다녀왔어요,O
초당순두부,B_RES
ㅡㅡㅡ,ㅡㅡㅡ
강릉,B_LOC
1박2일,O
여행,O
브이로그,O
먹느라,O
부지런했던,O
여행,O
팡파미유,B_CAF
장칼국수,B_RES
강문해변,B_LOC
조개구이,O
해물짬뽕순두부전골,O
순두부젤라또,B_CAF
ㅡㅡㅡ,ㅡㅡㅡ
쏠,O
정유빈,O
강릉,B_LOC
휴가,O
브이로그,O
10년,O
지기,O
고딩,O
친구,O
덜,O
ㅡㅡㅡ,ㅡㅡㅡ
두근두근,O
1박2일,O
강릉,B_LOC
여행,O
브이로그,O
대관령,B_TOR
양떼목장,B_TOR
과,O
정동진,B_LOC
썬크루즈,O
ㅡㅡㅡ,ㅡㅡㅡ
부부,O
일상,O
브이로그,O
강릉,B_LOC
여기어때,O
경포호,B_TOR
아침,O
산책,O
청설모,O
안목해변,B_TOR
알고리즘,O
유튜브,O
시작,O
ㅡㅡㅡ,ㅡㅡㅡ
호텔,O
리뷰,O
강릉,B_LOC
여행,O
알고,O
가면,O
더,O
좋은,O
호캉스,O
ㅡㅡㅡ,ㅡㅡㅡ
짧다른,O
여행,O
3화,O
강릉,B_LOC
주문진항,B_TOR
편,O
ㅡㅡㅡ,ㅡㅡㅡ
03,O
잔잔한,O
강릉,B_LOC
여행,O
여름,O
방학,O
동기,O
들과,O
떠나는,O
여행,O
ㅡㅡㅡ,ㅡㅡㅡ
타고,O
강릉,B_LOC
당일치기,O
여행,O
홍게,O
무한리필,O
먹고오기,O
시네마틱,O
브이로그,O
ㅡㅡㅡ,ㅡㅡㅡ
일본인,O
여자친구,O
와,O
강릉,B_LOC
여행,O
한일,O
커플,O
ㅡㅡㅡ,ㅡㅡㅡ
4,O
뚜벅이,O
대학생,O
들의,O
강릉,B_LOC
여행기,O
2편,O
ㅡㅡㅡ,ㅡㅡㅡ
은퇴한,O
아빠,O
와,O
휴학한,O
딸,O
의,O
강릉,B_LOC
여행,O
팡파미아육쪽마늘빵을찾아,O
서,O
짬뽕빵,O
만동제과,B_CAF
마늘바게트,O
중앙돈까스,O
ㅡㅡㅡ,ㅡㅡㅡ
여름,O
휴가,O
강원도,B_LOC
여행,O
강릉,B_LOC
속초,B_LOC
양양,B_LOC
주문진,B_LOC
대게,O
파티,O
ㅡㅡㅡ,ㅡㅡㅡ
강릉,B_LOC
당일치기,O
여행,O
10년,O
친구,O
2018,O
ㅡㅡㅡ,ㅡㅡㅡ
여행,O
브이로그,O
외국,O
갈,O
필요,O
있어,O
강릉,B_LOC
서피비치,B_TOR
해수욕장,O
수산시장,O
매운탕,O
요리,O
강아지,O
와,O
함께하는,O
휴가,O
ㅡㅡㅡ,ㅡㅡㅡ
강릉여행,O
1박2일,O
01,O
타고다녀왔어요,O
도시락,O
물회,O
초밥,O
꼬막비빔밥,O
모듬전,O
파스타,O
불고기,O
맥주,O
ㅡㅡㅡ,ㅡㅡㅡ
여행브이로그,O
강릉,B_LOC
브이로그,O
강릉,B_LOC
당일치기,O
여행편의점,O
먹방,O
경포대,B_LOC
강릉,B_LOC
맛집,O
강릉,B_LOC
카페,O
강릉갬성,O
벚꽃놀이,O
앵그리크림쫄면,O
수란덮밥,O
꼬꼬덮밥,O
ㅡㅡㅡ,ㅡㅡㅡ
강릉,B_LOC
여행,O
브이로그,O
세인트존스호텔,O
순두부젤라또,B_CAF
짬뽕순두부,O
흑임자라떼,O
친구,O
들과,O
연말파티,O
ㅡㅡㅡ,ㅡㅡㅡ
학교,O
수업,O
빼먹고,O
혼자,O
강릉,B_LOC
여행,O
다녀오기,O
강릉,B_LOC
뚜벅이,O
여행,O
1,O
ㅡㅡㅡ,ㅡㅡㅡ
강릉,B_LOC
여행,O
한국,O
여행,O
암,O
환자,O
브이로그,O
강릉,B_LOC
커피,O
카페,O
레스토랑,O
디저트,O
한식,O
순두부젤라또,B_CAF
허균,O
의홍길동,O
경포호,B_LOC
귀여운고양이,O
ㅡㅡㅡ,ㅡㅡㅡ
커플,O
브이로그ㅣ바닷가,O
데이트,O
강릉,B_LOC
여행,O
ㅡㅡㅡ,ㅡㅡㅡ
도보여행의,O
선물,O
강릉바우길,B_TOR
ㅡㅡㅡ,ㅡㅡㅡ
5월,O
강릉,B_LOC
여행,O
브이로그,O
안목해변,B_TOR
88생선구이,B_RES
국내여행,O
ㅡㅡㅡ,ㅡㅡㅡ
강릉선,O
857열차,O
와,O
함께하는,O
여행,O
ㅡㅡㅡ,ㅡㅡㅡ
체,O
채린,O
레미,O
강릉,B_LOC
여행,O
브이로그,O
ㅡㅡㅡ,ㅡㅡㅡ
4,O
속초,B_LOC
오션뷰카페,O
감성브이로그,O
강원도,B_LOC
강릉,B_LOC
속초,B_LOC
오션뷰펜션,O
에서,O
보는,O
일출,O
속초중앙시장,B_TOR
에서,O
야식,O
사기,O
ㅡㅡㅡ,ㅡㅡㅡ
예카소,O
강릉,B_LOC
카페,O
함께,O
방앗간에서,O
커피,O
를,O
빻아봅시다,O
카페,O
추천,O
리뷰,O
브이로그,O
ㅡㅡㅡ,ㅡㅡㅡ
바다보러,O
강릉,B_LOC
여행,O
데이트,O
한중,O
국제,O
커플,O
일상,O
브이로그,O
20,O
ㅡㅡㅡ,ㅡㅡㅡ
02,O
게이커플,O
의,O
강릉,B_LOC
여행,O
39,O
ㅡㅡㅡ,ㅡㅡㅡ
가을,O
속초,B_LOC
여행,O
등대해수욕장,B_LOC
속초751,B_CAF
강릉동화가든아바이마을스타리안,O
ㅡㅡㅡ,ㅡㅡㅡ
보기만,O
해도,O
힐링되는,O
강릉,B_LOC
당일치기,O
감성,O
여행,O
브이로그,O
겨울,O
바다,O
흑커피,O
초당순두부,B_RES
ㅡㅡㅡ,ㅡㅡㅡ
강릉,B_LOC
여행,O
02,O
삼양목장,B_TOR
에서,O
귀여운,O
동물들과,O
즐거운하루,O
보냈어요,O
짬뽕순두부,O
쇠고기면,O
소프,O
트콘,O
ㅡㅡㅡ,ㅡㅡㅡ
01,O
게이커플,O
의,O
강릉,O
여행,O
39,O
ㅡㅡㅡ,ㅡㅡㅡ
처음,O
휴게소,O
간,O
댕댕이,O
반려견,O
동반,O
강릉,B_LOC
여행,O
1,O
ㅣ,O
1ㅣ,O
꼬엘이,O
와,O
누나,O
ㅡㅡㅡ,ㅡㅡㅡ
댄싱쀼,O
다이어트는,O
내일부터,O
여자들의,O
강릉,B_LOC
먹방,O
여행,O
ㅡㅡㅡ,ㅡㅡㅡ
티몬,O
계약직,O
강릉,B_LOC
여행,O
ㅡㅡㅡ,ㅡㅡㅡ
막학기,O
무사기원,O
강릉,B_LOC
여행,O
당일치기,O
202102,O
ㅡㅡㅡ,ㅡㅡㅡ
전어,O
가,O
바글바글,O
강릉,B_LOC
사천진항,B_TOR
으로,O
전어,O
낚시하고,O
왔어요,O
강릉,B_LOC
낚시,O
포인트,O
추천,O
뚜벅이,O
여행,O
딩디링,O
ㅡㅡㅡ,ㅡㅡㅡ
강릉,B_LOC
여행,O
브이로그,O
대관령,B_LOC
양떼목장,B_TOR
안목해변,B_TOR
카페거리,O
중앙시장,B_TOR
아짱,O
ㅡㅡㅡ,ㅡㅡㅡ
20대,O
의,O
소소한,O
강릉,B_LOC
기차여행,O
ㅡㅡㅡ,ㅡㅡㅡ
강릉,B_LOC
에서,O
여행하며,O
일하는,O
일상,O
로컬가게,O
미니인터뷰,O
1일,O
1,O
바다,O
요즘,O
것들의,O
사생활,O
ㅡㅡㅡ,ㅡㅡㅡ
가족,O
일상,O
브이로그ㅣ,O
삼척,B_LOC
쏠비치,O
떠나는,O
날ㅣ,O
21개월,O
아기ㅣ,O
강릉,B_LOC
다이닝블루,B_RES
ㅣ,O
강릉,B_LOC
테라로사,B_CAF
본점ㅣ,O
ㅣ,O
ㅡㅡㅡ,ㅡㅡㅡ
브이로그,O
2박3일간,O
에,O
강릉,B_LOC
주문진,B_LOC
바다여행,O
루프탑호텔,O
서피비치,B_TOR
홍게,O
먹방,O
밤,O
바다캠핑,O
삼겹살,O
먹방여행브이로그일상브이로그,O
ㅡㅡㅡ,ㅡㅡㅡ
