﻿word,ner
1박2일,O
경주,B_LOC
뚜벅이,O
여행,O
코스,O
추천,O
사진찍기,O
좋은,O
곳맛집소품샵카페,O
추천,O
황리단길,B_LOC
대릉원,B_TOR
첨성대,B_TOR
불국사,B_TOR
동궁과월지,B_TOR
ㅡㅡㅡ,ㅡㅡㅡ
경주,B_LOC
여행,O
브이로그,O
황리단길,B_LOC
카페맛집숙소,O
추천,O
ㅡㅡㅡ,ㅡㅡㅡ
2박3일,O
꽉,O
채운,O
경주,B_LOC
여행,O
브이로그,O
핫,O
하다는,O
경주,B_LOC
여행지는,O
다,O
갔다,O
ㅡㅡㅡ,ㅡㅡㅡ
우리가,O
다시,O
경주,B_LOC
에,O
가야하는,O
이유,O
경상북도,B_LOC
경주,B_LOC
여행,O
시네마틱,O
여행,O
국내여행,O
가볼만한,O
곳,O
ㅡㅡㅡ,ㅡㅡㅡ
경주,B_LOC
먹방여행,O
2,O
푸짐한,O
현지인,O
39,O
매운등갈비찜,O
안심카츠,O
오무라이스,O
크림옥수수,O
황남빵,O
자식,O
아,O
ㅡㅡㅡ,ㅡㅡㅡ
6월,O
나,O
혼자,O
경주,B_LOC
여행,O
브이로그뚜벅이,O
코스,O
무열왕릉,B_TOR
가봉반과,B_RES
소품샵,O
빛꾸리,B_CAF
어서어서,B_TOR
누군가의책방,B_TOR
황남제빵소,B_CAF
료코,B_RES
대릉원,B_TOR
ㅡㅡㅡ,ㅡㅡㅡ
3박4일,O
경주,B_LOC
여행,O
브이로그ㅣ,O
경주월드,B_TOR
ㅣ냠냠이에서,O
친구,O
가,O
된,O
닮이,O
와,O
함께,O
ㅡㅡㅡ,ㅡㅡㅡ
경주,B_LOC
먹방여행,O
1,O
쉬지않고,O
먹었,O
교리김밥,B_RES
옐로우크림도넛,B_CAF
황리단길,B_LOC
김치돼지두루치기,O
커플,O
네컷,O
ㅡㅡㅡ,ㅡㅡㅡ
경주,B_LOC
여행,O
브이로그,O
1탄,O
4월,O
의,O
경주,B_LOC
맛집추천,O
소품샵투어,O
첨성대,B_TOR
동궁,B_TOR
과,I_TOR
월지,I_TOR
ㅡㅡㅡ,ㅡㅡㅡ
44,O
경주,B_LOC
먹방여행,O
경주,B_LOC
찐맛집,O
먹을땐,O
행복하게,O
먹고,O
운동하는,O
일상,O
다이어트,O
ㅡㅡㅡ,ㅡㅡㅡ
경주,B_LOC
여행,O
1,O
오래,O
기억에,O
남을,O
숙소,O
셀프,O
사진관,O
황리단길,B_LOC
소품샵,O
천마문구사,B_TOR
심상,B_TOR
삼덕마켓,B_TOR
배리삼릉공원,B_TOR
ㅡㅡㅡ,ㅡㅡㅡ
경주,B_LOC
여행,O
브이로그,O
1편,O
풀빌라,O
2박3일,O
인스타,O
인생샷,O
찍기,O
가능,O
커플,O
여행,O
추천,O
퇴사,O
후,O
즐기는,O
디지털,O
노마드,O
라이프,O
ㅡㅡㅡ,ㅡㅡㅡ
여러분들여행은,O
꼭,O
계획을,O
잘,O
짜고,O
갑시다,O
홀로,O
경주,B_LOC
여행,O
일본,B_LOC
여자,O
레이짱,O
ㅡㅡㅡ,ㅡㅡㅡ
뚜벅이인,O
이유는,O
낮술을,O
위함이지,O
여자,O
혼자,O
경주,B_LOC
여행,O
브이로그,O
ㅡㅡㅡ,ㅡㅡㅡ
경주,B_LOC
여행,O
경주,B_LOC
대표,O
맛집,O
교리김밥,B_RES
코모도호텔,O
경주,B_LOC
맛집,O
ㅡㅡㅡ,ㅡㅡㅡ
경주,B_LOC
여행,O
11,O
불국사,B_TOR
의,O
설화,O
얼마나,O
알고,O
가시나요,O
ㅡㅡㅡ,ㅡㅡㅡ
뷰로맨스,O
경주,B_LOC
에서,O
가을,O
여행,O
ㅡㅡㅡ,ㅡㅡㅡ
오뉴,O
가,O
왜,O
여기서,O
나와,O
오뉴랑,O
경주,B_LOC
에서,O
엄마,O
찾기,O
브이로그,O
아내,O
와,O
오뉴,O
를,O
위한,O
아빠,O
의,O
서프라이즈,O
ㅡㅡㅡ,ㅡㅡㅡ
경주,B_LOC
여행,O
경주,B_LOC
맛집,O
카페,O
소품샵,O
피크닉장소,O
공유,O
ㅡㅡㅡ,ㅡㅡㅡ
고독한,O
여행,O
고독한,O
남자,O
홀로,O
경주,B_LOC
를,O
다녀오다,O
대릉원,B_TOR
첨성대,B_TOR
불국사,B_TOR
조용한,O
남자,O
브이로그,O
ㅡㅡㅡ,ㅡㅡㅡ
장기자랑하려고,O
회사,O
다니는,O
정,O
과장,O
과,O
여행사,O
직원,O
들의,O
경주,B_LOC
여행,O
2탄,O
트러블러38,O
ㅡㅡㅡ,ㅡㅡㅡ
일연,O
의,O
삼국유사,O
를,O
따라,O
찾아가는,O
스토리텔링,O
경주,B_LOC
여행,O
황룡사지,B_TOR
월정교,B_TOR
대릉원,B_TOR
등,O
ㅡㅡㅡ,ㅡㅡㅡ
여행,O
ㅣ뚜벅이,O
혼자,O
1박2일,O
경주,B_LOC
여행ㅣ,O
경주,B_LOC
는,O
지금,O
겹벚꽃,O
천국ㅣ,O
경주,B_LOC
여행,O
황리단길,B_LOC
맛집,O
카페,O
대릉원,B_TOR
월정교,B_TOR
첨성대,B_TOR
동궁,B_TOR
과,I_TOR
월지,I_TOR
불국사,B_TOR
경주엑스포공원,B_TOR
ㅡㅡㅡ,ㅡㅡㅡ
한승연,O
의,O
경주,B_LOC
여행,O
황금보리밭,B_TOR
분황사,B_TOR
한옥카페바담,B_CAF
ㅡㅡㅡ,ㅡㅡㅡ
경주,B_LOC
여름,O
이었다,O
경주브이로그,O
대릉원,B_TOR
오릉,B_TOR
보문호,B_TOR
황리단길,B_LOC
어서어서,B_TOR
향미사,B_TOR
료코,B_RES
ㅡㅡㅡ,ㅡㅡㅡ
타고,O
경주,B_LOC
가는,O
브이로그,O
문,O
닫은,O
카페와,O
서울역,B_LOC
야경,O
경주,B_LOC
1,O
ㅡㅡㅡ,ㅡㅡㅡ
언택트시대,O
가족,O
여행지,O
추천,O
산죽한옥마을호텔,O
경주,B_LOC
여행,O
ㅡㅡㅡ,ㅡㅡㅡ
예지,O
소현,O
경주,B_LOC
촬영,O
브이로그,O
바람의언덕,B_TOR
월정교,B_TOR
촬영,O
끝난,O
후,O
황리단길,B_LOC
투어,O
구독자,O
선물,O
경주,B_LOC
2,O
ㅡㅡㅡ,ㅡㅡㅡ
커플,O
브이로그,O
벚꽃,O
과,O
함께한,O
일주일간,O
의,O
경주,B_LOC
경주월드,B_TOR
가서,O
신나게,O
먹고,O
벚꽃,O
뷰,O
카페,O
데이트,O
ㅡㅡㅡ,ㅡㅡㅡ
경주,B_LOC
에서,O
바다가,O
보인다고,O
강아지,O
와,O
풀빌라,O
여행,O
반려견과,O
함께한,O
여행,O
화이트포메라니안,O
지두부,O
ㅡㅡㅡ,ㅡㅡㅡ
경주,B_LOC
여행,O
브이로그,O
한정식,O
먹고,O
야경,O
보는,O
일상,O
ㅡㅡㅡ,ㅡㅡㅡ
경주,B_LOC
여행,O
1박2일,O
가볼만한,O
7곳,O
황리단길,B_LOC
맛집,O
카페,O
소품샵,O
첨성대,B_TOR
대릉원,B_TOR
슬로우무미,O
ㅡㅡㅡ,ㅡㅡㅡ
2,O
경주,B_LOC
여행,O
1편,O
황리단길,B_LOC
첨성대,B_TOR
불국사,B_TOR
석굴암,B_TOR
한,O
옥스테이,O
ㅡㅡㅡ,ㅡㅡㅡ
수학여행을,O
경주,B_LOC
로,O
갈,O
수,O
밖에,O
없었던,O
이유,O
ㅡㅡㅡ,ㅡㅡㅡ
경주,B_LOC
카라반,O
여행바다가,O
내려다,O
보이는,O
노지,O
언덕에서의,O
이틀,O
ㅡㅡㅡ,ㅡㅡㅡ
당일치기로,O
떠나는,O
즉흥,O
경주,B_LOC
여행,O
브이로그,O
드디어,O
종강이야,O
ㅡㅡㅡ,ㅡㅡㅡ
경주,B_LOC
여행,O
2,O
아쉬워서,O
다시,O
간,O
황리단길,B_LOC
감포항,B_TOR
바다,O
대게,O
메리크래프트,B_TOR
스위피,B_CAF
ㅡㅡㅡ,ㅡㅡㅡ
하루,O
다녀온,O
경주,B_LOC
여행,O
화랑의언덕,B_TOR
굿즈카페,O
비건카페,O
ㅡㅡㅡ,ㅡㅡㅡ
34,O
부산,B_LOC
경주,B_LOC
로,O
기차,O
여행,O
떠나는,O
여름,O
방학,O
브이로그ㅣ,O
내일로,O
광안리,B_LOC
경주엑스포,B_TOR
ㅣ랜선여행,O
ㅡㅡㅡ,ㅡㅡㅡ
경주역사여행,O
16,O
선덕여왕릉,B_TOR
은,O
왜,O
하필,O
이곳에,O
있을까요,O
ㅡㅡㅡ,ㅡㅡㅡ
경주,B_LOC
여행,O
8,O
경상북도,B_TOR
가볼만한곳,O
국내여행,O
전국투어,O
9번째,O
이야기,O
ㅡㅡㅡ,ㅡㅡㅡ
경주,B_LOC
여행,O
도리마을,B_TOR
은행나무힐링트레킹,O
ㅡㅡㅡ,ㅡㅡㅡ
리니,O
의,O
경주,B_LOC
여행,O
상주,B_LOC
맛집,O
속초,B_LOC
맛집,O
ㅡㅡㅡ,ㅡㅡㅡ
경주,B_LOC
여행,O
여덟여자들의응답하라1990,O
신서유기,O
ㅡㅡㅡ,ㅡㅡㅡ
맨,O
손,O
으로,O
종일,O
샴푸,O
촬영,O
스트레스,O
풀러,O
경주,B_LOC
먹방,O
여행,O
불오징어,O
막창,O
해물파전,O
칼국수,O
해물라면,O
포항,B_LOC
바다,O
손모델,O
브이로그,O
72,O
손,O
짓티비,O
ㅡㅡㅡ,ㅡㅡㅡ
여행,O
집순이들의,O
우당탕,O
1박2일,O
경주,B_LOC
나들이,O
올바릇,O
식당,O
월정교,B_TOR
첨성대,B_TOR
료미,B_RES
라탄공방,B_TOR
보문뜰,B_RES
로드100,B_CAF
황남별채,O
ㅡㅡㅡ,ㅡㅡㅡ
천,O
년고도,O
경주,B_LOC
언택트여행지,O
ㅡㅡㅡ,ㅡㅡㅡ
1편,O
풀빌라,O
ㅡㅡㅡ,ㅡㅡㅡ
경주,B_LOC
여행,O
브이로그,O
2편,O
풀빌라,O
2박3일,O
황리단길,B_LOC
황남빵,O
황남분식,B_RES
한율스킨케어,O
퇴사,O
후,O
디지털,O
노마드,O
라이프,O
ㅡㅡㅡ,ㅡㅡㅡ
감성돋는,O
경주,B_LOC
여행,O
경주,B_LOC
여행영상,O
7,O
ㅡㅡㅡ,ㅡㅡㅡ
경주,B_LOC
여행,O
14,O
설총묘,B_TOR
에는,O
상석이,O
왜,O
책상모양,O
일까,O
ㅡㅡㅡ,ㅡㅡㅡ
국립경주박물관,B_TOR
경상도,O
여행,O
우리나라,O
여행,O
한국여행,O
대한민국,B_LOC
여행,O
ㅡㅡㅡ,ㅡㅡㅡ
한러,O
국제,O
커플,O
뜻밖의,O
경주,B_LOC
여행,O
버드파크,B_TOR
양동마을,B_TOR
황리단길,B_LOC
바이크,O
ㅡㅡㅡ,ㅡㅡㅡ
강아지,O
와,O
핑크뮬리,O
경주,B_LOC
여행,O
첨성대,B_TOR
ㅡㅡㅡ,ㅡㅡㅡ
경주,B_LOC
여행,O
필수코스,O
안압지,B_TOR
야경,O
안압지,B_TOR
야경,O
동궁,B_TOR
과월지,I_TOR
경주,B_LOC
여행,O
신라,O
유적지,O
자막은,O
오른쪽,O
상하단,O
설정에서,O
ㅡㅡㅡ,ㅡㅡㅡ
강아지,O
와,O
함께하는,O
자연치유,O
랜선여행,O
경주,B_LOC
가을,O
숲편,O
바센지,O
ㅡㅡㅡ,ㅡㅡㅡ
경주,B_LOC
여행,O
석굴암,B_TOR
토함산,B_TOR
우중,O
산책,O
석굴암,B_TOR
가는,O
길,O
ㅡㅡㅡ,ㅡㅡㅡ
경주,B_LOC
여행,O
브이로그,O
대릉원,B_TOR
황리단길,B_LOC
경주월드,B_TOR
ㅡㅡㅡ,ㅡㅡㅡ
계획대로,O
안되서,O
더,O
좋았던,O
경주,B_LOC
와,O
서산,B_LOC
봄꽃,O
여행,O
서산,B_LOC
유기방가옥,B_TOR
경주,B_LOC
청춘한옥,O
ㅡㅡㅡ,ㅡㅡㅡ
필름에,O
경주,B_LOC
를,O
담다,O
필름카메라,O
와,O
함께,O
떠나는,O
경주,B_LOC
여행,O
ㅡㅡㅡ,ㅡㅡㅡ
정,O
과장,O
의,O
스물여섯번째,O
직장,O
소개인데,O
여행을,O
곁들인,O
경주,B_LOC
여행,O
1탄,O
트러블러37,O
ㅡㅡㅡ,ㅡㅡㅡ
인물사진,O
경주,B_LOC
첨성대,B_TOR
핑크뮬리,O
김천,B_LOC
강변공원,B_TOR
핑크뮬리,O
국내,O
가을,O
여행지,O
출사지,O
ㅡㅡㅡ,ㅡㅡㅡ
17,O
ㅣ,O
베트남,O
붕따우,O
개,O
경주,B_LOC
에서,O
우승으로,O
상금을,O
받은,O
가족,O
이야기ㅣ,O
한베,O
가족,O
ㅣ,O
붕따우,O
여행,O
개경주,O
ㅣ,O
망고,O
의,O
일기,O
ㅡㅡㅡ,ㅡㅡㅡ
31,O
경주,B_LOC
여행,O
브이로그,O
2편,O
황리단길길냥이,O
약방운세,B_TOR
옐로우도넛,B_CAF
교리김밥,B_RES
본점,O
월정교,B_TOR
ㅡㅡㅡ,ㅡㅡㅡ
경주,B_LOC
브이로그,O
1탄,O
1,O
ㅡㅡㅡ,ㅡㅡㅡ
당일치기,O
경주,B_LOC
여행,O
경주,B_LOC
황리단길,B_LOC
경주,B_LOC
명동,B_LOC
쫄면,O
대릉원,B_TOR
베리삼릉공원,B_TOR
도깨비명당,B_TOR
어서어서,B_TOR
심상,B_TOR
로스터리,B_CAF
동경,O
랑콩뜨레,B_CAF
987피자,B_RES
나그놀,B_TOR
ㅡㅡㅡ,ㅡㅡㅡ
동해안,B_LOC
여행,O
가서,O
들려야하는,O
동해,B_LOC
현지인,O
맛집,O
경주실내마차,O
ㅡㅡㅡ,ㅡㅡㅡ
경상도,B_LOC
할아버지,O
의,O
손주,O
사랑,O
17개월,O
아기랑,O
경주,B_LOC
계곡,O
물놀이,O
육,O
아브,O
이로그,O
ㅡㅡㅡ,ㅡㅡㅡ
커플,O
브이로그,O
종강한,O
대학생,O
경주,B_LOC
에서,O
강아지,O
와,O
함께,O
보낸,O
일주일,O
화랑의언덕,B_TOR
애견동반카페,O
35,O
블리스,B_CAF
경주,B_LOC
여행,O
ㅡㅡㅡ,ㅡㅡㅡ
경주여행,O
15년만,O
인데,O
낯설다,O
너ㅣ,O
경주힐튼호텔,O
유레카수영장,O
경주,B_LOC
맛집,O
시즈닝,O
경주,B_LOC
야경,O
월정교,B_TOR
동궁과월지,B_TOR
경주,B_LOC
택시,O
ㅡㅡㅡ,ㅡㅡㅡ
대구,B_LOC
여행,O
2일차,O
대구,B_LOC
근교,O
경주,B_LOC
대중교통을,O
이용한,O
당일치기,O
투어,O
대구,B_LOC
가볼만한곳,O
대구,B_LOC
근교,O
여행코스,O
ㅡㅡㅡ,ㅡㅡㅡ
봄,O
꽃,O
화과자,O
만들기,O
경주,B_LOC
여행,O
애플워치6,O
언박싱,O
미술관,O
전시,O
투어,O
일상,O
브이로그,O
ㅡㅡㅡ,ㅡㅡㅡ
경주,B_LOC
로,O
떠나는,O
여행꼭,O
가봐야할,O
명소,O
2박3일,O
여행,O
동해,B_LOC
코스,O
ㅡㅡㅡ,ㅡㅡㅡ
옛날,O
사진,O
똑같이,O
찍기,O
여행,O
경주,B_LOC
황리단길,B_LOC
ㅡㅡㅡ,ㅡㅡㅡ
경주,B_LOC
불국사,B_TOR
단풍,O
토함산,B_TOR
가을,O
여행지,O
출사지,O
ㅡㅡㅡ,ㅡㅡㅡ
경주,B_LOC
야,O
나랑,O
별,O
보러,O
가지,O
않을래,O
경주,B_LOC
여행,O
ㅡㅡㅡ,ㅡㅡㅡ
야인시대,O
시라소니,O
조상구,O
감동스토리,O
경주,B_LOC
여행,O
김영호의같이여행2,O
김영호,O
채널,O
ㅡㅡㅡ,ㅡㅡㅡ
야인시대,O
시라소니,O
이정재,O
브로맨스,O
경주,B_LOC
여행,O
김영호의같이여행1,O
김영호,O
채널,O
ㅡㅡㅡ,ㅡㅡㅡ
한옥마을,O
경주,B_LOC
용장한옥펜션,O
리뷰,O
경주,B_LOC
여행코스,O
ㅡㅡㅡ,ㅡㅡㅡ
돼지국밥,O
5천원,O
맛집,O
가성비,O
끝판왕,O
경주,B_LOC
여행,O
불국사,B_TOR
ㅡㅡㅡ,ㅡㅡㅡ
경주,B_LOC
여행코스죽기전에,O
반드시,O
가봐야,O
할,O
곳,O
불국사,B_TOR
의,O
신비한,O
세계,O
경주,B_LOC
여행,O
ㅡㅡㅡ,ㅡㅡㅡ
코로나,O
대유행,O
전에,O
다녀온,O
1박2일,O
경주,B_LOC
여행,O
편집하며,O
추억팔이,O
중,O
여행,O
가고싶다흑흑,O
ㅡㅡㅡ,ㅡㅡㅡ
신라,O
천년,O
의,O
숨결,O
경주,B_LOC
국내여행,O
ㅡㅡㅡ,ㅡㅡㅡ
3,O
경주,B_LOC
여행,O
2편,O
대릉원,B_TOR
천마총,B_TOR
계림,B_TOR
월정교,B_TOR
교촌마을,B_TOR
동궁,B_TOR
과,I_TOR
월지,I_TOR
황리단길,B_LOC
ㅡㅡㅡ,ㅡㅡㅡ
경주,B_LOC
여행,O
브이로그,O
1박2일,O
경주,B_LOC
여행,O
황리단길,B_LOC
경주,B_LOC
맛집,O
함양집,B_RES
김첼시,O
ㅡㅡㅡ,ㅡㅡㅡ
경주,B_LOC
독락당,B_TOR
경상도,B_LOC
여행,O
대한민국,O
여행,O
우리나라,O
여행,O
한국여행,O
ㅡㅡㅡ,ㅡㅡㅡ
황리단길,B_LOC
경주,B_LOC
여행,O
가족,O
여행지,O
아름다운여행지,O
인기여행지,O
여행지추천,O
봄,O
여행,O
연인데이트코스,O
ㅡㅡㅡ,ㅡㅡㅡ
먹방,O
빵,O
먹으러,O
간,O
경주,B_LOC
여행,O
황리단길,B_LOC
빵투어,O
빵지순례,O
빵먹방,O
랑꽁뜨레,B_CAF
영국제과,O
옐로우도넛,B_CAF
십원빵,B_CAF
교리김밥,B_RES
경주빵,O
ㅡㅡㅡ,ㅡㅡㅡ
국내여행,O
언제가도,O
야경이,O
아름다운,O
여행지ㅣ,O
경주안압지,B_TOR
동궁과월지,B_TOR
ㅣ,O
경주,B_LOC
가볼만한곳ㅣ랜선여행ㅣ국내여행지추천ㅣ,O
에,O
여행하기,O
좋은곳,O
ㅡㅡㅡ,ㅡㅡㅡ
경주월드,B_TOR
브이로그,O
놀이동산,O
브이로그,O
드라겐,O
파이톤,O
경주월드,B_TOR
여행,O
놀이기구,O
타다가,O
토하러,O
가기,O
ㅡㅡㅡ,ㅡㅡㅡ
첫,O
베이킹하고,O
이케아,O
갔다가,O
거실,O
인테리어,O
꾸미기,O
경주,B_LOC
여행,O
코닥카메라,O
언박싱,O
브이로그,O
ㅡㅡㅡ,ㅡㅡㅡ
경주,B_LOC
1박2일,O
여행,O
동궁과월지,B_TOR
야경보고,O
경주월드,B_TOR
드라켄,O
타기,O
첫,O
브이로그,O
ㅡㅡㅡ,ㅡㅡㅡ
엘라포니시,O
경주,B_LOC
숙박,O
경주호텔,O
경주,B_LOC
여행,O
오션뷰가,O
정말,O
좋은곳,O
2,O
ㅡㅡㅡ,ㅡㅡㅡ
토함산,B_TOR
석굴암,B_TOR
과,O
신라역사과학관,B_TOR
불교,O
문화,O
최고,O
걸작,O
통일신라,O
석굴암,B_TOR
에,O
신라인,O
이,O
숨겨둔,O
4가지,O
과학,O
과,O
철학,O
경주,B_LOC
여행,O
꼭,O
가볼만한,O
곳,O
ㅡㅡㅡ,ㅡㅡㅡ
경주,B_LOC
여행,O
야경이,O
아름다운,O
월정교,B_TOR
마음,O
편안해지는,O
시냇물소리,O
ㅡㅡㅡ,ㅡㅡㅡ
3월,O
의,O
경주,B_LOC
놀고,O
먹고,O
쉬는,O
혼자,O
여행,O
브이로그,O
경주박물관,B_TOR
대릉원,B_TOR
첨성대,B_TOR
불국사,B_TOR
경주,B_LOC
기념품,O
ㅡㅡㅡ,ㅡㅡㅡ
경주,B_LOC
여행,O
13,O
석굴암,B_TOR
유리,O
너머,O
모르고,O
가면,O
그냥,O
돌부처일,O
뿐입니다,O
ㅡㅡㅡ,ㅡㅡㅡ
여행,O
경주,B_LOC
맛집,O
경양카츠,B_RES
동궁과월지,B_TOR
벚꽃,O
크러플,O
맛집,O
르터틀,B_CAF
직장인,O
브이로그,O
당일치기,O
ㅡㅡㅡ,ㅡㅡㅡ
여행,O
브이로그,O
경주포항,O
여행,O
바다펜션,O
스파,O
힐링여행,O
월정교,B_TOR
호미곶,B_TOR
생일파티,O
지영일상,O
5,O
ㅡㅡㅡ,ㅡㅡㅡ
경주,B_LOC
진돗개,O
외출하면,O
듣는,O
말,O
한옥,O
진돗개,O
브이로그,O
ㅡㅡㅡ,ㅡㅡㅡ
6,O
개,O
가,O
오줌을,O
싸서,O
경주,B_LOC
우승을,O
하지,O
못한,O
베트남,O
껀터,O
의,O
생태,O
공원,O
남부,O
도시,O
껀터,O
원숭이쇼,O
개경주,O
돼지경주,O
닥터피쉬,O
퇴근후,O
여행,O
ㅡㅡㅡ,ㅡㅡㅡ
경북,B_LOC
유튜브,O
공모전,O
뚜벅이,O
둘,O
이서,O
1박2일,O
경주,B_LOC
힐링여행,O
ㅡㅡㅡ,ㅡㅡㅡ
남자친구,O
랑,O
놀고,O
먹는,O
대학생,O
방학,O
일상,O
경주,B_LOC
가서,O
브런치,O
먹고,O
영화,O
보고,O
울산,B_LOC
포항,B_LOC
가서,O
먹방찍기,O
커플,O
브이로그,O
ㅡㅡㅡ,ㅡㅡㅡ
커플,O
브이로그,O
남자친구,O
랑,O
서로,O
놀리기,O
바쁜,O
경주,B_LOC
풀빌라에서,O
데이트,O
ㅡㅡㅡ,ㅡㅡㅡ
5월,O
경주,B_LOC
펜션에서,O
일하는,O
일상,O
브이로그,O
차오찹스,B_RES
명화그리기,O
불국사,B_TOR
바질토마토에이드,O
ㅡㅡㅡ,ㅡㅡㅡ
경주,B_LOC
여행코스,O
왔다왔어,O
제작영상,O
미리보기,O
경주,B_LOC
여행맛집탐방,O
ㅡㅡㅡ,ㅡㅡㅡ
경주,B_LOC
불국사,B_TOR
여행,O
단풍,O
불국사,B_TOR
ㅡㅡㅡ,ㅡㅡㅡ
대학생,O
브이로그,O
어쩌다,O
카페,O
투어가,O
된,O
경주,B_LOC
에서,O
남자친구,O
랑,O
데이트하고,O
오랜만에,O
친구,O
들,O
만나는,O
일상,O
ㅡㅡㅡ,ㅡㅡㅡ
대만,O
친구,O
와,O
경주,B_LOC
여행,O
요찡,O
대만,O
유학생,O
브이로그,O
ㅡㅡㅡ,ㅡㅡㅡ
고양이,O
경주,B_LOC
고양이,O
김용남,O
유투브,O
시작합니다,O
ㅡㅡㅡ,ㅡㅡㅡ
ㅣ,O
남자친구,O
랑,O
오랜만에,O
여행ㅣ,O
부산,B_LOC
포항,B_LOC
경주,B_LOC
ㅣ,O
부산,B_LOC
송도,B_LOC
ㅣ,O
포항,B_LOC
레드하우스,O
펜션ㅣ,O
경주,B_LOC
이이로,B_CAF
카페ㅣ,O
황리단길,B_LOC
ㅣ,O
바베큐,O
꼬치,O
구이,O
ㅣ,O
송도,O
케이블카,O
ㅣ,O
돼지국밥,O
맛집ㅣ,O
기장,O
카페,O
ㅡㅡㅡ,ㅡㅡㅡ
경주,B_LOC
여행의,O
메카,O
가을,O
로,O
들어가는,O
보문호,B_TOR
드론,O
매빅2,O
줌,O
촬영,O
ㅡㅡㅡ,ㅡㅡㅡ
포항,B_LOC
온수풀,O
풀빌라에서,O
호캉스,O
경주,B_LOC
황리단길,B_LOC
여행,O
ㅡㅡㅡ,ㅡㅡㅡ
경주,B_LOC
토박이,O
가이드,O
로,O
알찬,O
11년,O
우정여행,O
한옥펜션,O
경주월드,B_TOR
인생샷,O
명소,O
일정공유,O
ㅡㅡㅡ,ㅡㅡㅡ
남편,O
이러고도,O
결혼을,O
했다고,O
경주,B_LOC
여행,O
마스크,O
안쓰던날,O
ㅡㅡㅡ,ㅡㅡㅡ
요즘,O
가장,O
핫한,O
국내,O
여행지,O
딱,O
하루만,O
경주,B_LOC
ㅡㅡㅡ,ㅡㅡㅡ
휴가철,O
여행,O
포항,B_TOR
경주,B_LOC
대구,B_TOR
다녀온,O
소소한,O
일상,O
ㅡㅡㅡ,ㅡㅡㅡ
대,O
리운전,O
대리기사,O
경북,O
경주,B_LOC
160000,O
모화리,B_LOC
25500,O
벤틀리,O
의,O
경주,B_LOC
여행,O
20210526,O
ㅡㅡㅡ,ㅡㅡㅡ
추억의,O
경주,B_LOC
여행,O
부제,O
할머니,O
의,O
추억을,O
찾아준,O
5,O
ㅡㅡㅡ,ㅡㅡㅡ
경주,B_LOC
여행,O
브이로그,O
경주,B_LOC
야경,O
인스타,O
라이브,O
세계문화유산등축제,O
ㅡㅡㅡ,ㅡㅡㅡ
우당탕탕,O
경주,B_LOC
여행,O
파자마,O
파티,O
ㅡㅡㅡ,ㅡㅡㅡ
여행,O
태백,B_LOC
경주,B_LOC
여행,O
1,O
방학,O
막바지,O
통리협곡,B_LOC
ㄱㄱ,O
ㅡㅡㅡ,ㅡㅡㅡ
경주,B_LOC
여행,O
특별한,O
체험을,O
할,O
수,O
있는,O
가성비,O
갑,O
조선시대,O
미션,O
활극,O
ㅡㅡㅡ,ㅡㅡㅡ
급식들의,O
경주월드,B_LOC
브이로그,O
미친텐션,O
급식판,O
ㅡㅡㅡ,ㅡㅡㅡ
국내여행,O
브이로그,O
ㅣ,O
베프,O
와,O
함께한,O
경주,B_LOC
여행,O
황리단길,B_LOC
도깨비명당,B_TOR
에서,O
운세뽑기,O
경주,B_LOC
화과자,O
수플레,O
팬케이크,O
딸기크로플,O
카페,O
석굴암,B_TOR
과,O
대릉원,B_TOR
돌아다니기,O
ㅡㅡㅡ,ㅡㅡㅡ
여행,O
마려워서,O
경주,B_LOC
잠깐,O
다녀,O
왔어요,O
ㅡㅡㅡ,ㅡㅡㅡ
경주,B_LOC
여행,O
경주리조트,O
울산,B_LOC
여행,O
추천,O
일상리뷰,O
ㅡㅡㅡ,ㅡㅡㅡ
1,O
경주,B_LOC
여행,O
불국사,B_TOR
석굴암,B_TOR
한국어,O
자막,O
ㅡㅡㅡ,ㅡㅡㅡ
추억,O
나의,O
아름다웠던,O
황리단길,B_LOC
경주,B_LOC
여행,O
경주,B_LOC
가볼만한곳,O
대릉원,B_TOR
황리단길,B_LOC
볼거리,O
카페,O
골목,O
국내여행,O
4,O
ㅡㅡㅡ,ㅡㅡㅡ
경주,B_LOC
찍고,O
포항,B_LOC
갔다,O
다시,O
경주,B_LOC
후포리,B_LOC
로,O
마무리,O
실시간,O
순간,O
이동,O
홍길동,O
스케쥴,O
여행,O
황남빵,O
삼식이매운탕,B_RES
가자미물회,O
홍게장,O
까지,O
맛난거,O
먹었으니,O
성공적,O
ㅡㅡㅡ,ㅡㅡㅡ
울산,B_LOC
여행,O
경주,B_LOC
삼태봉,B_TOR
강동,B_LOC
정자,O
트레킹아구가,O
만원,O
ㅡㅡㅡ,ㅡㅡㅡ
대학생,O
브이로그,O
경주,B_LOC
여행브이로그,O
3년차,O
올리브영,O
알바생,O
이,O
추천하는,O
스킨케어,O
7,O
달리기,O
단풍구경하러,O
불국사,B_TOR
요리하고,O
먹방,O
브이로그,O
ㅡㅡㅡ,ㅡㅡㅡ
채채여행,O
당일치기로,O
거제도,B_LOC
경주,B_LOC
알차게,O
놀고,O
오기,O
매미성,B_TOR
도깨비명당,B_TOR
대릉원,B_TOR
첨성대,B_TOR
동궁과월지,B_TOR
ㅡㅡㅡ,ㅡㅡㅡ
바나나일상,O
감탄사,O
연발,O
경주,B_LOC
여행,O
브이로그,O
1,O
ㅣ,O
경주,B_LOC
여행,O
포항,B_LOC
여행,O
풀빌라,O
첨성대,B_TOR
핑크뮬리,O
대릉원,B_TOR
ㅡㅡㅡ,ㅡㅡㅡ
경주,B_LOC
여행,O
브이로그,O
황금십원빵,O
당일치기,O
ㅡㅡㅡ,ㅡㅡㅡ
25,O
오랜,O
친구,O
들과,O
첫,O
여행,O
경주,B_LOC
여행,O
첫째날,O
준콩,O
희정,O
ㅡㅡㅡ,ㅡㅡㅡ
3화,O
직장인,O
컨셉,O
경주,B_LOC
여행,O
다녀왔습니다,O
경주,B_LOC
에,O
배그,O
사녹가,O
歌가,O
왠말,O
ㅡㅡㅡ,ㅡㅡㅡ
64,O
경주,B_LOC
칼국수,O
맛집에서,O
배,O
채우고,O
물수제비,O
대결,O
뮤직비디오,O
패러디도,O
해본,O
여행,O
3일차,O
ㅡㅡㅡ,ㅡㅡㅡ
1화,O
직장인,O
컨셉,O
경주,B_LOC
여행,O
다녀왔습니다,O
설민석,O
도,O
모르는,O
경주,B_LOC
뒷이야기,O
썰,O
풉니다,O
ㅡㅡㅡ,ㅡㅡㅡ
경주월드,B_TOR
가기전에,O
필수로,O
봐야하는,O
영상,O
ㅡㅡㅡ,ㅡㅡㅡ
나홀로,O
경주,B_LOC
남산,B_TOR
여행영상,O
경북여행공모전,O
수상작,O
ㅡㅡㅡ,ㅡㅡㅡ
ㅣ,O
가을,O
여행,O
ㅣ,O
무작정떠나는,O
경주,B_LOC
당일치기여행,O
한국,O
의,O
장호항,B_TOR
ㅡㅡㅡ,ㅡㅡㅡ
경주,B_LOC
여행,O
당일치기,O
뚜벅이로,O
뿌시기,O
ㅎ,O
대릉원,B_TOR
받고,O
첨성대,B_TOR
받고,O
동궁,B_TOR
과,I_TOR
월지,I_TOR
더블로,O
가,O
여행,O
ㅡㅡㅡ,ㅡㅡㅡ
경주월드,B_TOR
부산,B_LOC
경남,B_LOC
놀이공원,O
경주,B_LOC
여행,O
ㅡㅡㅡ,ㅡㅡㅡ
경주,B_LOC
여행,O
동궁과월지,B_TOR
ㅡㅡㅡ,ㅡㅡㅡ
혼자,O
떠난,O
경주단풍놀이,O
통일전,O
도리마을,B_TOR
황리단길,B_LOC
카페오하이,B_CAF
경주,B_LOC
여행,O
브이로그,O
ㅡㅡㅡ,ㅡㅡㅡ
울산,B_LOC
나마스까르,B_RES
솔직,O
리뷰,O
경주,B_LOC
여행엔,O
황남빵,O
비행기,O
30분,O
탄,O
일상,O
쿠키,O
영상,O
ㅡㅡㅡ,ㅡㅡㅡ
대블리의,O
급브이로그,O
9,O
대블리,O
의,O
경주,B_LOC
여행,O
브이로그,O
고색창연,O
분황사,B_TOR
청보리밭,B_TOR
금장대,B_TOR
로드100,B_CAF
카페,O
ㅡㅡㅡ,ㅡㅡㅡ
경주,B_LOC
먹방여행,O
3000,O
ㅡㅡㅡ,ㅡㅡㅡ
경주,B_LOC
여행,O
분황사,B_TOR
두눈,O
을,O
부릅뜨고,O
신라천년,O
을,O
지켜내어,O
원효대사,O
선덕여왕,O
의,O
지극한,O
향기가,O
온세상에,O
퍼지고,O
국보제30호,O
ㅡㅡㅡ,ㅡㅡㅡ
시험치고,O
경주,B_LOC
황리단길,B_LOC
나들이,O
대학생,O
일상,O
ㅡㅡㅡ,ㅡㅡㅡ
부산,B_LOC
경주,B_LOC
여행,O
브이로그,O
부산,B_LOC
맛집,O
부산,B_LOC
국밥,O
집,O
추천,O
경주,B_LOC
가볼만한,O
곳,O
경주,B_LOC
숙소,O
추천,O
토마호크스테이크,O
요리법,O
ㅡㅡㅡ,ㅡㅡㅡ
경주,B_LOC
여행,O
대전성심당,B_TOR
휴게소,O
간식,O
경주빵,O
사먹기,O
경주세계문화엑스포,B_TOR
경주국립박물관,B_TOR
러브캐슬,B_TOR
문무대왕릉,B_TOR
불국사,B_TOR
석굴암,B_TOR
감은사지,B_TOR
첨성대,B_TOR
동궁,B_TOR
과,I_TOR
월지,I_TOR
투어,O
ㅡㅡㅡ,ㅡㅡㅡ
6,O
경주,B_LOC
여행,O
브이로그,O
바베큐,O
파티를,O
가장한,O
돼지,O
파티,O
친구,O
생일파티하기,O
ㅡㅡㅡ,ㅡㅡㅡ
생애,O
첫,O
여권만들기ㅣ,O
경주,B_LOC
황리단길,B_LOC
맛집ㅣ이색음식ㅣ해외여행ㅣ오랜만에,O
브이로그,O
ㅡㅡㅡ,ㅡㅡㅡ
직장인,O
브이로그,O
예쁨주의,O
주말,O
결혼식,O
경주,B_LOC
첨성대,B_TOR
핑크뮬리,O
ㅡㅡㅡ,ㅡㅡㅡ
여행,O
태백,B_LOC
경주,B_LOC
여행,O
4,O
바다에,O
펼쳐진,O
돌부채,O
경주,B_LOC
양남,B_LOC
부채꼴,O
주상절리,O
경주,B_LOC
한우,O
차돌박이,O
자막을,O
켜고,O
보세요,O
ㅡㅡㅡ,ㅡㅡㅡ
원데이영,O
추억,O
한보따리,O
담아서,O
온,O
경주,B_LOC
여행,O
마지막,O
ㅡㅡㅡ,ㅡㅡㅡ
드디어,O
끝내러,O
왔다,O
경주여행,O
3편,O
머리박아,O
ㅡㅡㅡ,ㅡㅡㅡ
경주,B_LOC
여행,O
경주황리단길,B_LOC
여도가주,B_RES
먹으러,O
경주,B_LOC
갔어요,O
ㅡㅡㅡ,ㅡㅡㅡ
즉흥,O
경주,B_LOC
여행,O
부산대,O
코하루,O
카페,O
이스트앵글,B_CAF
카페사바하,B_CAF
카페브이로그,O
ㅡㅡㅡ,ㅡㅡㅡ
경주,B_LOC
여행,O
키즈풀빌라,O
펜션,O
비클래시불국점,O
수영장,O
봉,O
ㅡㅡㅡ,ㅡㅡㅡ
2,O
주부일상브이로그,O
집순이의,O
외출,O
경주,B_LOC
데이트,O
그리고,O
집밥,O
만들어,O
먹기,O
ㅡㅡㅡ,ㅡㅡㅡ
경주,B_LOC
브이로그,O
2탄,O
2,O
ㅡㅡㅡ,ㅡㅡㅡ
경주,B_LOC
여행,O
ㅡㅡㅡ,ㅡㅡㅡ
찍덕의,O
하루,O
브이로그,O
1,O
부제,O
황치열,O
경주,B_LOC
공연,O
가는,O
길,O
ㅡㅡㅡ,ㅡㅡㅡ
엄마,O
랑,O
경주,B_LOC
보문단지,O
벚꽃놀이,O
2,O
경주벚꽃축제,O
엄마,O
랑,O
여행,O
엄마,O
랑,O
딸,O
ㅡㅡㅡ,ㅡㅡㅡ
4화,O
직장인,O
컨셉,O
경주,B_LOC
여행,O
다녀왔습니다眞品,O
황남빵,O
구별,O
방법,O
알려드립니다,O
19금,O
주의,O
ㅡㅡㅡ,ㅡㅡㅡ
2화,O
직장인,O
컨셉,O
경주,B_LOC
여행,O
다녀왔습니다,O
설민석,O
도,O
모르는,O
아사달,O
뒷이야기,O
썰,O
풉니다,O
ㅡㅡㅡ,ㅡㅡㅡ
60초경북여행영화제,O
최우수,O
경북,B_LOC
가볼만한곳,O
경주,B_LOC
첨성대,B_TOR
와,O
분황사,B_TOR
황화코스모스,B_TOR
문경새재,B_TOR
청송,B_LOC
백석탄계곡,B_LOC
군위,B_LOC
화산산성,B_TOR
포항,B_LOC
경상북도,B_LOC
수목뭔,O
영양,B_LOC
맹동산,B_TOR
ㅡㅡㅡ,ㅡㅡㅡ
갑자기,O
떠난,O
당일치기,O
경주,B_LOC
여행,O
황리단길,B_LOC
백조식당,B_RES
소품샵,O
도깨비명당,B_TOR
첨성대,B_TOR
ㅡㅡㅡ,ㅡㅡㅡ
40,O
경주,B_LOC
데이트,O
힐링,O
카페,O
소품샵,O
ㅡㅡㅡ,ㅡㅡㅡ
경주,B_LOC
여행,O
ㅡㅡㅡ,ㅡㅡㅡ
경주,B_LOC
여행,O
2일차,O
감포,B_LOC
중하짬뽕,B_RES
짬뽕,O
먹방,O
대구,B_LOC
신세계백화점,O
무인양품,O
반디앤루니스,O
아이쇼핑,O
ㅡㅡㅡ,ㅡㅡㅡ
경주,B_LOC
여행,O
브이로그,O
대릉원,B_TOR
첨성대,B_TOR
황리단길,B_LOC
카페,O
ㅡㅡㅡ,ㅡㅡㅡ
2박3일,O
경주,B_LOC
여행,O
브이로그,O
ㅡㅡㅡ,ㅡㅡㅡ
