﻿word,ner
여행,O
유튜버,O
여락,O
이들,O
ㅡㅡㅡ,ㅡㅡㅡ
이,O
영상은,O
고양시관광컨벤션협의회,O
에서,O
소정의,O
원고료를,O
지급받아,O
제작되었습니다,O
ㅡㅡㅡ,ㅡㅡㅡ
여러분,O
안녕,O
ㅡㅡㅡ,ㅡㅡㅡ
드디어,O
24시,O
카페를,O
벗어나,O
서울,B_LOC
에,O
작업실을,O
월세로,O
계약했습니다,O
히히,O
ㅡㅡㅡ,ㅡㅡㅡ
여러분들께,O
더,O
재밌는,O
영상을,O
보여드리기,O
위해,O
열씨미,O
편집할,O
소듕한,O
공간이에요,O
ㅡㅡㅡ,ㅡㅡㅡ
이마트트레이더스,O
처음,O
가봤는데,O
정말,O
눈돌아,O
갈만한,O
ㅋㅋㅋㅋㅋㅋㅋㅋㅋㅋ,O
아이들이,O
많더라구요,O
ㅡㅡㅡ,ㅡㅡㅡ
서울,B_LOC
촌놈들이,O
모여서,O
같이,O
호수공원,B_TOR
도,O
가고,O
밤리단길,O
도,O
가보고,O
고양시,B_LOC
너무좋아서,O
ㅡㅡㅡ,ㅡㅡㅡ
더티,O
랑,O
그래쓰,O
는,O
그저께,O
벨라시타,O
도,O
갔다,O
왔답니다,O
ㅡㅡㅡ,ㅡㅡㅡ
방역수칙,O
잘지키고,O
마스,O
크도,O
아주,O
잘,O
쓰고,O
한,O
간만에,O
외출,O
너무,O
좋았답니다,O
ㅡㅡㅡ,ㅡㅡㅡ
그럼,O
우리는,O
다음,O
영상에서,O
봐요,O
ㅡㅡㅡ,ㅡㅡㅡ
안녕하세요,O
친구,O
들,O
그리고,O
여러부운,O
ㅎㅎ,O
ㅡㅡㅡ,ㅡㅡㅡ
이번영상은,O
연차를쓰고,O
하남,O
스타필드스포츠몬스터,O
에,O
다녀왔던날을,O
담아왔습니다,O
ㅎㅎ,O
ㅡㅡㅡ,ㅡㅡㅡ
저희,O
둘,O
은,O
정말,O
재밌게,O
놀다왔는데사실,O
2시간동안,O
노느라,O
너무,O
들기도했음,O
보는분들도,O
재미있게,O
봐주셨으면,O
좋겠어용,O
ㅡㅡㅡ,ㅡㅡㅡ
그럼,O
영상,O
재미있게봐주시고,O
다음영상도,O
또,O
찾아와주세요,O
ㅡㅡㅡ,ㅡㅡㅡ
스타필드,O
실내데이트추천,O
데이트,O
하남,O
데이트장소,O
커플,O
유튜브,O
일상,O
브이로그,O
익사이팅,O
ㅡㅡㅡ,ㅡㅡㅡ
초보운전,O
브이로그를,O
찍어봤어요,O
ㅡㅡㅡ,ㅡㅡㅡ
운전,O
잘하는,O
모든,O
선배,O
님덜,O
존경합니다,O
ㅡㅡㅡ,ㅡㅡㅡ
벤츠,O
초보운전,O
고양스타필드,B_TOR
스타필드,B_TOR
ㅡㅡㅡ,ㅡㅡㅡ
아띠제,O
앤아더스토리즈,O
코스,O
이마트트레이더스,O
ㅡㅡㅡ,ㅡㅡㅡ
안녕하세요,O
ㅡㅡㅡ,ㅡㅡㅡ
며칠,O
전,O
이케아고양점,B_TOR
에,O
처음,O
다녀왔어요,O
ㅡㅡㅡ,ㅡㅡㅡ
이케아,B_TOR
정말,O
신세계,O
더라구요ㅎㅎㅎ,O
ㅡㅡㅡ,ㅡㅡㅡ
몇가지,O
이케아,B_TOR
추천템들도,O
담아,O
보았으니,O
재밌게,O
봐주세요,O
ㅡㅡㅡ,ㅡㅡㅡ
같이,O
쇼핑하는,O
기분으로,O
고고,O
ㅡㅡㅡ,ㅡㅡㅡ
ㅡㅡㅡ,ㅡㅡㅡ
프로,O
정신으로,O
스타필드고양점,B_TOR
의,O
구석구석,O
ㅡㅡㅡ,ㅡㅡㅡ
안전을,O
책임지는,O
보안요원,O
의,O
하루,O
ㅡㅡㅡ,ㅡㅡㅡ
대화,O
할,O
때와,O
ㅡㅡㅡ,ㅡㅡㅡ
근무,O
할,O
때,O
ㅡㅡㅡ,ㅡㅡㅡ
온도,O
차이,O
무엇,O
ㅡㅡㅡ,ㅡㅡㅡ
국가에는,O
군인,O
이,O
있고,O
ㅡㅡㅡ,ㅡㅡㅡ
사회에는,O
경찰,O
이,O
있고,O
ㅡㅡㅡ,ㅡㅡㅡ
스타필드,B_TOR
에는,O
보,O
안요원이,O
있다,O
ㅡㅡㅡ,ㅡㅡㅡ
스타필드,B_TOR
브이로그,O
3화,O
댓글,O
이벤트,O
ㅡㅡㅡ,ㅡㅡㅡ
스타필드,B_TOR
브이로그,O
3화,O
내용중,O
보안팀의,O
업무,O
내용에서,O
ㅡㅡㅡ,ㅡㅡㅡ
가장,O
인상깊었던,O
업무와,O
선정한,O
이유를,O
댓글로,O
적어주시면,O
ㅡㅡㅡ,ㅡㅡㅡ
추첨을,O
통해,O
5분께,O
스타벅스,O
아메리카노,O
기프티콘을,O
보내드립니다,O
ㅡㅡㅡ,ㅡㅡㅡ
927까지,O
09월28일,O
당첨자,O
발표,O
ㅡㅡㅡ,ㅡㅡㅡ
스타필드,B_TOR
보안팀,O
브이로그,O
ㅡㅡㅡ,ㅡㅡㅡ
ㅡㅡㅡ,ㅡㅡㅡ
여러분의,O
구독과,O
좋아요는,O
저에게,O
큰,O
이,O
됩니다,O
ㅡㅡㅡ,ㅡㅡㅡ
이케아,B_TOR
이케아,B_TOR
푸드코트,O
자취템,O
인테리어,O
원룸,O
ㅡㅡㅡ,ㅡㅡㅡ
이케아,B_TOR
를,O
처음,O
가봤는데요,O
ㅡㅡㅡ,ㅡㅡㅡ
진짜,O
엄청,O
크고,O
넓고,O
다리,O
는,O
아프고,O
ㅎㅎ,O
ㅡㅡㅡ,ㅡㅡㅡ
뭘,O
살지,O
안정하고,O
갔더니,O
구경하느라,O
너무,O
들더라구요,O
ㅡㅡㅡ,ㅡㅡㅡ
다음에는,O
뭘,O
사야할지,O
꼭,O
정해놓고,O
가는걸로,O
ㅡㅡㅡ,ㅡㅡㅡ
이케아,B_TOR
조명을,O
인터넷으로,O
구매했는데,O
ㅡㅡㅡ,ㅡㅡㅡ
나중,O
영상에,O
보여드릴게요,O
ㅡㅡㅡ,ㅡㅡㅡ
영상,O
봐주셔서,O
감사합니다,O
ㅡㅡㅡ,ㅡㅡㅡ
999,O
ㅡㅡㅡ,ㅡㅡㅡ
999,O
ㅡㅡㅡ,ㅡㅡㅡ
ㅡㅡㅡ,ㅡㅡㅡ
ㅡㅡㅡ,ㅡㅡㅡ
441,O
ㅡㅡㅡ,ㅡㅡㅡ
ㅡㅡㅡ,ㅡㅡㅡ
55889,O
2,O
ㅡㅡㅡ,ㅡㅡㅡ
이,O
영상의,O
저작권,O
은,O
에게,O
있으며,O
영상,O
다운로드,O
및,O
2차,O
편집,O
무단,O
업로드를,O
금지합니다,O
영상을,O
공유하실,O
땐,O
유튜브,O
링크를,O
사용해주세요,O
ㅡㅡㅡ,ㅡㅡㅡ
2021,O
ㅡㅡㅡ,ㅡㅡㅡ
2,O
스타필드,B_TOR
고양,B_LOC
방문기,O
1편,O
ㅡㅡㅡ,ㅡㅡㅡ
1,O
신세계팩토리스토어,O
ㅡㅡㅡ,ㅡㅡㅡ
2,O
메종드티시아,O
ㅡㅡㅡ,ㅡㅡㅡ
3,O
로엠,O
ㅡㅡㅡ,ㅡㅡㅡ
4,O
나인,O
ㅡㅡㅡ,ㅡㅡㅡ
5,O
미쏘,O
ㅡㅡㅡ,ㅡㅡㅡ
6,O
놀다,O
가게,O
ㅡㅡㅡ,ㅡㅡㅡ
7,O
풍선,O
가게,O
ㅡㅡㅡ,ㅡㅡㅡ
8,O
잇토피아,O
진가,O
점심,O
ㅡㅡㅡ,ㅡㅡㅡ
9,O
악세서리,O
홀릭,O
ㅡㅡㅡ,ㅡㅡㅡ
10,O
시코르,O
ㅡㅡㅡ,ㅡㅡㅡ
클로니,O
인스타그램,O
ㅡㅡㅡ,ㅡㅡㅡ
슈로니,O
인스타그램,O
ㅡㅡㅡ,ㅡㅡㅡ
좋아요,O
와,O
구독은,O
감사합니다,O
ㅡㅡㅡ,ㅡㅡㅡ
안녕하세요,O
잼잼커플,O
입니다,O
ㅡㅡㅡ,ㅡㅡㅡ
07월15일,O
이사,O
준비로,O
고양,B_LOC
이케아,B_TOR
가구를,O
보러,O
다녀왔습니다,O
ㅡㅡㅡ,ㅡㅡㅡ
은혜,O
의,O
독립,O
준비,O
잘,O
마무리할,O
수,O
있을까요,O
ㅎㅎ,O
ㅡㅡㅡ,ㅡㅡㅡ
아직,O
부족한,O
부분들이,O
많지만,O
재밌게,O
봐주시고,O
ㅡㅡㅡ,ㅡㅡㅡ
잠깐이라도,O
웃고,O
행복하셨으면,O
좋겠습니다,O
ㅡㅡㅡ,ㅡㅡㅡ
구독과,O
좋아요,O
알림,O
설정,O
꾸욱,O
부탁드려요,O
ㅡㅡㅡ,ㅡㅡㅡ
이케아,B_TOR
고양이케아,B_TOR
커,O
플브이로그,O
잼잼,O
커플,O
이사준비,O
독립준비,O
이케아,B_TOR
브이로그,O
집꾸미기,O
ㅡㅡㅡ,ㅡㅡㅡ
20200927월,O
ㅡㅡㅡ,ㅡㅡㅡ
일산,B_LOC
이케아고양점,B_TOR
에,O
다녀왔습니다,O
ㅡㅡㅡ,ㅡㅡㅡ
저의,O
쇼핑,O
브이로그,O
ㅡㅡㅡ,ㅡㅡㅡ
최대한의,O
이케아,B_TOR
의,O
모습을,O
담아보았어요,O
ㅡㅡㅡ,ㅡㅡㅡ
051,O
쇼파,O
구경,O
ㅡㅡㅡ,ㅡㅡㅡ
202,O
공룡,O
봉제,O
인형,O
ㅡㅡㅡ,ㅡㅡㅡ
209,O
쇼룸,O
구경,O
ㅡㅡㅡ,ㅡㅡㅡ
258,O
시베리안허스키,O
인형,O
ㅡㅡㅡ,ㅡㅡㅡ
308,O
뷜란,O
노트북,O
받침대플렉스,O
ㅡㅡㅡ,ㅡㅡㅡ
456,O
한층내려가서,O
홈퍼니싱,O
액세서리층,O
구경,O
시작,O
ㅡㅡㅡ,ㅡㅡㅡ
602,O
텀블러,O
구경,O
ㅡㅡㅡ,ㅡㅡㅡ
806,O
방석,O
구경,O
ㅡㅡㅡ,ㅡㅡㅡ
943,O
베개,O
로센셰름플렉스,O
ㅡㅡㅡ,ㅡㅡㅡ
1047,O
엄마,O
의,O
침대시트,O
구경,O
홀릭,O
ㅡㅡㅡ,ㅡㅡㅡ
1153,O
화장실,O
발견그토록,O
찾았는데,O
지나침,O
ㅡㅡㅡ,ㅡㅡㅡ
1210,O
선반,O
구경,O
ㅡㅡㅡ,ㅡㅡㅡ
1256,O
책상,O
패드,O
구경,O
ㅡㅡㅡ,ㅡㅡㅡ
1410,O
조명,O
구경,O
ㅡㅡㅡ,ㅡㅡㅡ
1435,O
러그,O
구경,O
ㅡㅡㅡ,ㅡㅡㅡ
1537,O
목각,O
인형,O
구경하며,O
추억팔이,O
ㅡㅡㅡ,ㅡㅡㅡ
1552,O
진짜보다,O
더,O
진짜같은,O
조화,O
ㅡㅡㅡ,ㅡㅡㅡ
1646,O
고양이플레이터널,O
구경,O
ㅡㅡㅡ,ㅡㅡㅡ
1702,O
계산하러,O
가는길,O
ㅡㅡㅡ,ㅡㅡㅡ
1858,O
예텔리크,O
상어,O
봉제,O
인형,O
ㅡㅡㅡ,ㅡㅡㅡ
1918,O
셀프계산대,O
도착,O
ㅡㅡㅡ,ㅡㅡㅡ
1928,O
쇼핑,O
끝,O
ㅡㅡㅡ,ㅡㅡㅡ
저는,O
ㅡㅡㅡ,ㅡㅡㅡ
노트북,O
받침대,O
ㅡㅡㅡ,ㅡㅡㅡ
로센셰름,O
ㅡㅡㅡ,ㅡㅡㅡ
두개,O
두개,O
했어요,O
ㅡㅡㅡ,ㅡㅡㅡ
구매후기링크,O
222125296872,O
ㅡㅡㅡ,ㅡㅡㅡ
이케아,B_TOR
ㅡㅡㅡ,ㅡㅡㅡ
안녕하세요,O
ㅡㅡㅡ,ㅡㅡㅡ
혼자,O
사는,O
일개미,O
미니의,O
일상입니다,O
ㅡㅡㅡ,ㅡㅡㅡ
이번,O
영상은,O
고양,B_LOC
이케아,B_TOR
데이트,O
영상이예요,O
ㅡㅡㅡ,ㅡㅡㅡ
파주,B_LOC
맛집,O
소개도,O
있으니,O
끝까지,O
재미있게,O
봐주세요,O
ㅡㅡㅡ,ㅡㅡㅡ
브이로그,O
데이트,O
이케아,O
ㅡㅡㅡ,ㅡㅡㅡ
안녕하세요,O
하이또기,O
입니다,O
ㅡㅡㅡ,ㅡㅡㅡ
이번,O
영상은,O
04050407일,O
영상이에요,O
ㅡㅡㅡ,ㅡㅡㅡ
1080,O
설정,O
후,O
보시면,O
더,O
깨끗한,O
화질로,O
감상할,O
수,O
있습니다,O
ㅡㅡㅡ,ㅡㅡㅡ
이케아,B_TOR
고양,B_LOC
아이쇼핑,O
ㅡㅡㅡ,ㅡㅡㅡ
고양스타필드,B_TOR
ㅡㅡㅡ,ㅡㅡㅡ
송도오라카이호텔,O
호캉스,O
ㅡㅡㅡ,ㅡㅡㅡ
송도,O
센트럴파크,O
ㅡㅡㅡ,ㅡㅡㅡ
온센,O
텐동,O
ㅡㅡㅡ,ㅡㅡㅡ
스타벅스리저브,O
ㅡㅡㅡ,ㅡㅡㅡ
바지락술찜,O
만들어,O
먹기,O
ㅡㅡㅡ,ㅡㅡㅡ
한화이글스,O
선수,O
들,O
봤어요,O
ㅡㅡㅡ,ㅡㅡㅡ
구독과,O
좋아요가,O
좋아요,O
ㅡㅡㅡ,ㅡㅡㅡ
ㅡㅡㅡ,ㅡㅡㅡ
감사합니다,O
ㅡㅡㅡ,ㅡㅡㅡ
브이로그,O
휴직,O
일상,O
ㅡㅡㅡ,ㅡㅡㅡ
생각나는대로,O
하고싶은대로,O
편성된,O
프로그램,O
ㅡㅡㅡ,ㅡㅡㅡ
촬영장비,O
아이폰11,O
ㅡㅡㅡ,ㅡㅡㅡ
편집툴,O
프리미어러쉬,O
앱,O
ㅡㅡㅡ,ㅡㅡㅡ
ㅡㅡㅡ,ㅡㅡㅡ
이케아,B_TOR
이케아,B_TOR
고양,B_LOC
이케아,B_TOR
갈,O
고양,B_LOC
일상기록,O
브이로그,O
ㅡㅡㅡ,ㅡㅡㅡ
한달전쯤,O
이케아고양점,B_TOR
에,O
쇼핑하러,O
다녀왔어요,O
ㅡㅡㅡ,ㅡㅡㅡ
가성비,O
좋은,O
제품들이,O
정말정말,O
많더라구요,O
ㅡㅡㅡ,ㅡㅡㅡ
간,O
김에,O
유명한,O
이케아,B_TOR
식당에도,O
가고,O
두끼,O
에서,O
떡볶이,O
도,O
먹구,O
이케아,B_TOR
카페에도,O
들러서,O
좋은,O
시간,O
보냈습니다,O
ㅡㅡㅡ,ㅡㅡㅡ
궁금하신,O
점은,O
댓글,O
주시구요,O
좋아요,O
와,O
구독도,O
부탁드려요,O
ㅡㅡㅡ,ㅡㅡㅡ
항상,O
감사합니다,O
ㅡㅡㅡ,ㅡㅡㅡ
ㅡㅡㅡ,ㅡㅡㅡ
의,O
은는,O
라이선스,O
40,O
에,O
따라,O
라이선스가,O
부여됩니다,O
ㅡㅡㅡ,ㅡㅡㅡ
출처,O
1100310,O
ㅡㅡㅡ,ㅡㅡㅡ
아티스트,O
ㅡㅡㅡ,ㅡㅡㅡ
부부,O
일상,O
신혼부부,O
브이로그,O
스타필드,B_TOR
고양,B_TOR
ㅡㅡㅡ,ㅡㅡㅡ
집에서,O
고양스타필드,B_TOR
가,O
가까운지라,O
ㅡㅡㅡ,ㅡㅡㅡ
장도,O
보고,O
마실도,O
자주,O
나가요,O
ㅡㅡㅡ,ㅡㅡㅡ
그래서,O
오늘,O
도,O
브이로그는,O
스타필드고양,B_TOR
ㅋㅋㅋㅋ,O
ㅡㅡㅡ,ㅡㅡㅡ
봐주시면,O
고마울,O
고양,B_LOC
ㅡㅡㅡ,ㅡㅡㅡ
구독과,O
좋아요,O
알림,O
설정은,O
똬랑입니다,O
ㅡㅡㅡ,ㅡㅡㅡ
20200321,O
주말,O
에,O
두부,O
와,O
함께,O
고양,B_LOC
에있는,O
스타필드,B_TOR
가서,O
쇼핑하는,O
브이로그,O
영상이에요,O
ㅡㅡㅡ,ㅡㅡㅡ
폼피츠,O
반려견,O
스타필드,B_TOR
고양스타필드,B_TOR
주말,O
나들이,O
브이로그,O
ㅡㅡㅡ,ㅡㅡㅡ
ㅡㅡㅡ,ㅡㅡㅡ
ㅡㅡㅡ,ㅡㅡㅡ
이케아,B_TOR
고양,B_LOC
브이로그,O
ㅡㅡㅡ,ㅡㅡㅡ
고양,B_LOC
이케아,B_TOR
방문기입니다,O
ㅡㅡㅡ,ㅡㅡㅡ
15개월,O
아기의,O
유쾌한,O
이야기,O
ㅡㅡㅡ,ㅡㅡㅡ
많은관심과,O
사랑부탁드립니다,O
ㅡㅡㅡ,ㅡㅡㅡ
본영상은,O
오즈모포켓,O
과,O
루마퓨전,O
을,O
이용하여,O
제작하였습니다,O
ㅡㅡㅡ,ㅡㅡㅡ
자매브이로그,O
카카오프렌즈,O
스타필드,B_TOR
ㅡㅡㅡ,ㅡㅡㅡ
이케아,B_TOR
제품,O
리뷰는,O
다음에,O
ㅡㅡㅡ,ㅡㅡㅡ
ㅡㅡㅡ,ㅡㅡㅡ
ㅡㅡㅡ,ㅡㅡㅡ
30,O
30,O
ㅡㅡㅡ,ㅡㅡㅡ
ㅡㅡㅡ,ㅡㅡㅡ
59,O
ㅡㅡㅡ,ㅡㅡㅡ
ㅡㅡㅡ,ㅡㅡㅡ
ㅡㅡㅡ,ㅡㅡㅡ
30,O
30,O
ㅡㅡㅡ,ㅡㅡㅡ
2,O
ㅡㅡㅡ,ㅡㅡㅡ
ㅡㅡㅡ,ㅡㅡㅡ
ㅡㅡㅡ,ㅡㅡㅡ
ㅡㅡㅡ,ㅡㅡㅡ
ㅡㅡㅡ,ㅡㅡㅡ
30,O
ㅡㅡㅡ,ㅡㅡㅡ
ㅡㅡㅡ,ㅡㅡㅡ
1,O
ㅡㅡㅡ,ㅡㅡㅡ
ㅡㅡㅡ,ㅡㅡㅡ
ㅡㅡㅡ,ㅡㅡㅡ
64,O
ㅡㅡㅡ,ㅡㅡㅡ
2,O
ㅡㅡㅡ,ㅡㅡㅡ
ㅡㅡㅡ,ㅡㅡㅡ
ㅡㅡㅡ,ㅡㅡㅡ
ㅡㅡㅡ,ㅡㅡㅡ
고양,B_LOC
여행,O
고양,B_LOC
가볼만한곳,O
행주산성,B_TOR
ㅡㅡㅡ,ㅡㅡㅡ
안녕하세요,O
띠리용,O
입니다,O
ㅡㅡㅡ,ㅡㅡㅡ
이번주,O
는,O
스타필드,B_TOR
데이트,O
브이로그를,O
들고왔어요,O
ㅡㅡㅡ,ㅡㅡㅡ
오늘,O
도,O
즐거운,O
하루,O
되세요,O
ㅡㅡㅡ,ㅡㅡㅡ
데이트브이로그,O
부부,O
브이로그,O
스타필드,B_TOR
고양스타필드,B_TOR
스타필드,B_TOR
데이트,O
ㅡㅡㅡ,ㅡㅡㅡ
고양시,B_LOC
스타필드,B_TOR
스포츠몬스터,B_TOR
놀러간날,O
ㅡㅡㅡ,ㅡㅡㅡ
할로윈,O
은,O
이미,O
지났지만,O
그래도,O
해피,O
할로윈,O
ㅡㅡㅡ,ㅡㅡㅡ
아직은,O
미숙하지만,O
끝까지,O
봐주셔서,O
감사합니다,O
ㅡㅡㅡ,ㅡㅡㅡ
구독과,O
좋아요를,O
눌러주시면,O
재밌는,O
브이로그를,O
찍겠습니다,O
ㅡㅡㅡ,ㅡㅡㅡ
피드백도,O
해주시면,O
감사하겠습니다,O
ㅡㅡㅡ,ㅡㅡㅡ
오늘,O
하루,O
도,O
좋은,O
하루,O
되세요,O
ㅡㅡㅡ,ㅡㅡㅡ
스타필드,B_TOR
스포츠몬스터,B_TOR
ㅡㅡㅡ,ㅡㅡㅡ
지난주말,O
에,O
파주,B_LOC
헤이리예술마을,O
과,O
이케아고양점,B_TOR
을,O
다녀왔어요,O
ㅡㅡㅡ,ㅡㅡㅡ
이케아,B_TOR
처음,O
가봤는데,O
여기,O
정말,O
개미지옥,O
대충,O
둘러보기만,O
해도,O
2시간,O
이,O
그냥,O
훅훅,O
가더라구요,O
오랜만에,O
파주,B_LOC
도,O
다녀오고,O
계획에,O
없던,O
이케아,B_TOR
도,O
가서,O
구경,O
잘,O
하고,O
왔답니다,O
ㅡㅡㅡ,ㅡㅡㅡ
시청해,O
주셔서,O
감사합니다,O
ㅡㅡㅡ,ㅡㅡㅡ
화질은,O
1080,O
로,O
설정하시면,O
선명하게,O
볼,O
수,O
있어요,O
ㅡㅡㅡ,ㅡㅡㅡ
이케아,B_TOR
이케아,B_TOR
추천,O
이케아,B_TOR
브이로그,O
이케아,B_TOR
고양,B_TOR
점,O
주말,O
브이로그,O
헤이리마을,O
ㅡㅡㅡ,ㅡㅡㅡ
100,O
ㅡㅡㅡ,ㅡㅡㅡ
ㅡㅡㅡ,ㅡㅡㅡ
2,O
ㅡㅡㅡ,ㅡㅡㅡ
신혼집,O
살림,O
장만,O
아이템,O
대공개,O
ㅡㅡㅡ,ㅡㅡㅡ
일산,B_LOC
모드니,O
와,O
고양,B_LOC
이케아,B_TOR
방문했어요,O
ㅡㅡㅡ,ㅡㅡㅡ
쇼핑,O
추천리스트,O
보고가세요,O
ㅡㅡㅡ,ㅡㅡㅡ
언더바,O
5개,O
ㅡㅡㅡ,ㅡㅡㅡ
채널명을,O
메모로,O
새롭게,O
변경했습니다,O
ㅡㅡㅡ,ㅡㅡㅡ
안녕하세요,O
ㅡㅡㅡ,ㅡㅡㅡ
오늘,O
은,O
저의,O
두번째,O
브이로그,O
영상을,O
들고,O
왔어요,O
ㅡㅡㅡ,ㅡㅡㅡ
지난가을,O
에,O
치타,O
남자친구,O
와,O
함께한,O
ㅡㅡㅡ,ㅡㅡㅡ
고양,B_LOC
나들이,O
브이로그,O
랍니다,O
ㅡㅡㅡ,ㅡㅡㅡ
스타필드,B_TOR
에서,O
간식도,O
많이,O
먹고,O
ㅡㅡㅡ,ㅡㅡㅡ
맛좋은,O
쉑쉑버거,B_RES
도,O
드디어,O
맛보았어요,O
ㅡㅡㅡ,ㅡㅡㅡ
이렇게,O
맛있는,O
줄,O
알았으면,O
진작에,O
ㅡㅡㅡ,ㅡㅡㅡ
더,O
많이,O
먹었을텐데,O
ㅡㅡㅡ,ㅡㅡㅡ
제,O
인생,O
버거,O
에,O
등극했습니다,O
ㅡㅡㅡ,ㅡㅡㅡ
패티,O
는,O
무조건,O
더블패티,O
ㅎㅎㅎ,O
ㅡㅡㅡ,ㅡㅡㅡ
이케아,B_TOR
는,O
광명,O
만,O
가봤었는데,O
처음으로,O
고양,B_LOC
점을,O
방문했어요,O
곰돌,O
이,O
친구,O
도,O
생기고,O
행복하고,O
즐거운,O
나들이였어요,O
ㅡㅡㅡ,ㅡㅡㅡ
시청,O
하시기에,O
즐거우셨길,O
바래요,O
ㅡㅡㅡ,ㅡㅡㅡ
오늘,O
은,O
2018년,O
의,O
마지막날,O
이네요,O
ㅡㅡㅡ,ㅡㅡㅡ
여러분,O
한해동안,O
모두,O
고생,O
많으셨어요,O
ㅡㅡㅡ,ㅡㅡㅡ
새해,O
에는,O
더욱,O
더,O
행복하고,O
풍요로운,O
한해가,O
되시길,O
바랄게요,O
ㅡㅡㅡ,ㅡㅡㅡ
새해,O
복,O
많이,O
받으시고,O
모두,O
모두,O
건강한,O
한해,O
되세요,O
ㅡㅡㅡ,ㅡㅡㅡ
좋아요,O
와,O
구독,O
부탁드려요,O
ㅡㅡㅡ,ㅡㅡㅡ
그럼,O
다음,O
영상에서,O
또,O
만나요,O
ㅡㅡㅡ,ㅡㅡㅡ
안녕하세요,O
제가,O
이번에,O
스포츠몬스터스타필드고양점,B_TOR
에,O
다녀왔는데,O
모르고,O
가니,O
아쉬운부분들이,O
있어서,O
팁을,O
알려,O
드리고자,O
합니다,O
ㅡㅡㅡ,ㅡㅡㅡ
운동화,O
신고가기,O
양말,O
신고가기,O
ㅡㅡㅡ,ㅡㅡㅡ
저는,O
쪼리를,O
신고,O
갔는데,O
놀이들이,O
제한되어,O
있는게,O
있더라구요,O
예를들어,O
암벽등반,O
방방,O
미끄럼틀,O
등,O
못타는,O
것들이,O
많아요,O
꼭,O
운동화,O
신고,O
가세요,O
ㅡㅡㅡ,ㅡㅡㅡ
겉옷,O
챙겨가기,O
ㅡㅡㅡ,ㅡㅡㅡ
실내라,O
그런지,O
되게,O
추워요,O
놀이,O
하고나면,O
덥긴,O
한데,O
여자분들은,O
추울,O
수,O
있으니,O
하나쯤,O
은,O
가져가도,O
됩니다,O
락커룸,O
도,O
있으니,O
옷을,O
들고,O
다닐,O
필요는,O
없어요,O
ㅡㅡㅡ,ㅡㅡㅡ
머리끈,O
가져가기,O
ㅡㅡㅡ,ㅡㅡㅡ
여자분들은,O
머리끈,O
필수입니다,O
머리,O
미용해도,O
머리,O
다시,O
묶는다는거,O
ㅡㅡㅡ,ㅡㅡㅡ
음료,O
사가기,O
ㅡㅡㅡ,ㅡㅡㅡ
안에,O
음료,O
파는데,O
비싸더라구요,O
편의점에서,O
음료,O
하나,O
사서,O
가방에,O
넣고,O
가도,O
될,O
것,O
같아요,O
사실,O
되는지,O
안되는지는,O
모르겠지만,O
넘,O
비싼것,O
ㅠ,O
ㅡㅡㅡ,ㅡㅡㅡ
ㅡㅡㅡ,ㅡㅡㅡ
ㅡㅡㅡ,ㅡㅡㅡ
스타필드,B_TOR
스타필드고양점,B_TOR
스포츠몬스터,B_TOR
스타필드스포츠몬스터,B_TOR
커플,O
운동,O
실내놀거리,O
놀거리,O
고양,B_LOC
놀거리,O
커,O
플브이로그,O
ㅡㅡㅡ,ㅡㅡㅡ
25,O
스타필드,B_TOR
고양,B_LOC
방문기,O
2편,O
ㅡㅡㅡ,ㅡㅡㅡ
11,O
텐바이텐,O
ㅡㅡㅡ,ㅡㅡㅡ
12,O
앳,O
코너,O
ㅡㅡㅡ,ㅡㅡㅡ
13,O
플라잉타이거코펜하겐,O
ㅡㅡㅡ,ㅡㅡㅡ
14,O
피카,O
ㅡㅡㅡ,ㅡㅡㅡ
클로니,O
인스타그램,O
ㅡㅡㅡ,ㅡㅡㅡ
슈로니,O
인스타그램,O
ㅡㅡㅡ,ㅡㅡㅡ
좋아요,O
와,O
구독은,O
감사합니다,O
ㅡㅡㅡ,ㅡㅡㅡ
유아니,O
랑,O
경기도,O
고양,B_LOC
나들이,O
다녀온,O
영상을,O
올려봅니다,O
ㅡㅡㅡ,ㅡㅡㅡ
이케아,B_TOR
도,O
구경하고,O
고양시,B_LOC
어린이,B_TOR
박물관,I_TOR
고양스타필드이마트트레이더스,B_TOR
도,O
다녀오며,O
알찬,O
하루,O
를,O
보냈는데요,O
ㅡㅡㅡ,ㅡㅡㅡ
고양이케아,B_TOR
와,O
고양시,B_LOC
어린이,B_TOR
박물관의,I_TOR
좋은,O
시설과,O
모습들도,O
담아봤습니다,O
이번,O
영상도,O
즐겁게,O
봐주세요,O
ㅡㅡㅡ,ㅡㅡㅡ
구독과,O
좋아요는,O
사랑입니다,O
ㅡㅡㅡ,ㅡㅡㅡ
고양,B_LOC
나들이,O
아기랑가볼만한곳,O
아기랑,O
경기도,O
고양이케아,B_TOR
이케아,B_TOR
고양시어린이박물관,B_TOR
어린이,B_TOR
박물관,I_TOR
ㅡㅡㅡ,ㅡㅡㅡ
촬영,O
아이폰,O
ㅡㅡㅡ,ㅡㅡㅡ
친절한,O
마미,O
와,O
동행함,O
혼자,O
안감,O
ㅡㅡㅡ,ㅡㅡㅡ
혼자선,O
갈수없는,O
머나먼곳,O
그곳은,O
고양,B_LOC
이케아,B_TOR
ㅡㅡㅡ,ㅡㅡㅡ
ㅡㅡㅡ,ㅡㅡㅡ
가평,O
펜션,O
여름,O
휴가,O
휴가지추천,O
일산,B_LOC
인천,B_LOC
가평,O
계곡,O
가볼만한곳,O
서울,B_LOC
근교,O
일상,O
인천,B_LOC
맛집,O
영종도,O
일산,B_LOC
카페,O
백수,O
브이로그,O
휴직,O
카페추천,O
고양스타필드,B_TOR
이케아,B_TOR
커피명당,B_CAF
일상,O
브이로,O
그,O
지나,O
브이,O
로그,O
맛집추천,O
피슈마라홍탕,B_RES
ㅡㅡㅡ,ㅡㅡㅡ
자취생,O
브이로그,O
꽃시장,O
이케아,B_TOR
ㅡㅡㅡ,ㅡㅡㅡ
안녕하세요,O
나아바,O
입니다,O
ㅡㅡㅡ,ㅡㅡㅡ
이번,O
영상은,O
제가,O
좋아하는,O
꽃시장에,O
다녀온,O
날을,O
담아왔습니다,O
ㅡㅡㅡ,ㅡㅡㅡ
꽃시장,O
근처에,O
이케아,B_TOR
가,O
있어,O
이케아,B_TOR
에,O
들러,O
필요한,O
물건도,O
사왔어요,O
ㅡㅡㅡ,ㅡㅡㅡ
지금은,O
강력한,O
사회적,O
거리두기,O
기간이라,O
이케아,B_TOR
방문은,O
어렵지만,O
ㅡㅡㅡ,ㅡㅡㅡ
이,O
기간이,O
무사히,O
지나가면,O
꽃시장,O
이케아,B_TOR
코스,O
추천드려요,O
ㅡㅡㅡ,ㅡㅡㅡ
그럼,O
이번,O
영상도,O
재밌게,O
봐주세요,O
ㅡㅡㅡ,ㅡㅡㅡ
ㅡㅡㅡ,ㅡㅡㅡ
식구,O
들이랑,O
스타필드,B_TOR
에,O
갔어요,O
ㅡㅡㅡ,ㅡㅡㅡ
짤막한,O
영상으로,O
압축해서,O
만들었습니다,O
ㅡㅡㅡ,ㅡㅡㅡ
재밌게,O
보세요,O
감사합니다,O
ㅡㅡㅡ,ㅡㅡㅡ
그동안의,O
브이로그,O
입니다,O
ㅡㅡㅡ,ㅡㅡㅡ
가족,O
모임하고,O
ㅡㅡㅡ,ㅡㅡㅡ
이케아,B_TOR
구경하고,O
쇼핑했어요,O
ㅡㅡㅡ,ㅡㅡㅡ
평일,O
에,O
가는,O
거,O
강추,O
주말,O
은,O
헬,O
ㅡㅡㅡ,ㅡㅡㅡ
구독과,O
좋아요는,O
나게,O
합니다,O
같이,O
소통해요,O
ㅡㅡㅡ,ㅡㅡㅡ
이번,O
영상은,O
매직2,O
유모차,O
를,O
지원받아서,O
제작된,O
영상입니다,O
ㅡㅡㅡ,ㅡㅡㅡ
소통은,O
커뮤니티,O
게시판에서,O
하고,O
있으니,O
많은,O
응원부탁드릴게요,O
ㅡㅡㅡ,ㅡㅡㅡ
안녕하세요,O
육아하는,O
아빠,O
도치파파,O
입니다,O
ㅡㅡㅡ,ㅡㅡㅡ
이번,O
시간에는,O
고양,B_LOC
에,O
있는,O
스타필드,B_TOR
쇼핑몰,O
2주년,O
행사가,O
열린다고,O
ㅡㅡㅡ,ㅡㅡㅡ
해서,O
다녀왔는데요,O
ㅡㅡㅡ,ㅡㅡㅡ
3층,O
마리스베이비써클,O
에서,O
다양한,O
아기용품들이,O
전시되어,O
있었는데요,O
ㅡㅡㅡ,ㅡㅡㅡ
그중에서,O
이태리,O
브랜드,O
매직2,O
유모차,O
런칭행사가,O
열린다고해서,O
방문하게,O
되었습니다,O
ㅡㅡㅡ,ㅡㅡㅡ
어떤,O
유모차,O
인지,O
어떤,O
행사들을,O
하고,O
있는지,O
ㅡㅡㅡ,ㅡㅡㅡ
지금,O
영상으로,O
함께하시죠,O
ㅡㅡㅡ,ㅡㅡㅡ
도치파파육아,O
ㅡㅡㅡ,ㅡㅡㅡ
육아하는,O
아빠,O
도치파파,O
입니다,O
ㅡㅡㅡ,ㅡㅡㅡ
육아는,O
엄마,O
만,O
책임져야,O
하는건,O
아니죠,O
ㅡㅡㅡ,ㅡㅡㅡ
아빠,O
가,O
육아에,O
도와주고,O
신경써줘야,O
아이와,O
엄마,O
우리,O
가족,O
모두,O
ㅡㅡㅡ,ㅡㅡㅡ
행복하다고,O
생각합니다,O
ㅡㅡㅡ,ㅡㅡㅡ
어르신들과,O
육아선배,O
님들이,O
말씀하십니다,O
ㅡㅡㅡ,ㅡㅡㅡ
육아는,O
해도해도,O
끝이,O
없다,O
ㅡㅡㅡ,ㅡㅡㅡ
공감하는,O
부분이,O
많죠,O
ㅡㅡㅡ,ㅡㅡㅡ
내,O
아이가,O
성장해갈수록,O
점점더,O
육아정보가,O
필요하게,O
된다는걸,O
느끼고,O
있습니다,O
ㅡㅡㅡ,ㅡㅡㅡ
이제부터,O
도치파파,O
가,O
육아에,O
도움이,O
되는,O
ㅡㅡㅡ,ㅡㅡㅡ
현실육아를,O
통해얻은,O
육아정보들을,O
공유하겠습니다,O
ㅡㅡㅡ,ㅡㅡㅡ
육아는,O
전쟁이다가,O
아니라,O
ㅡㅡㅡ,ㅡㅡㅡ
육아는,O
행복이다라는,O
표현으로,O
바뀌는,O
그날까지,O
ㅡㅡㅡ,ㅡㅡㅡ
도치파파,O
와,O
함께하시죠,O
ㅡㅡㅡ,ㅡㅡㅡ
이제는,O
많은,O
아빠,O
들도,O
육아,O
박사,O
가,O
될수,O
있습니다,O
ㅡㅡㅡ,ㅡㅡㅡ
슈퍼,O
울트라파워,O
아빠,O
가,O
되어,O
육아에도전해보세요,O
ㅡㅡㅡ,ㅡㅡㅡ
구독과,O
추천은,O
큰이,O
됨니다,O
ㅡㅡㅡ,ㅡㅡㅡ
투네이션,O
후원,O
ㅡㅡㅡ,ㅡㅡㅡ
문의,O
ㅡㅡㅡ,ㅡㅡㅡ
팔리매직2유모차런칭행사,O
매직2,O
유모차,O
기능,O
유모차,O
추천,O
이태리,O
유모차,O
유모차,O
유모차,O
폴딩,O
ㅡㅡㅡ,ㅡㅡㅡ
2월,O
촬영,O
영상,O
ㅡㅡㅡ,ㅡㅡㅡ
예림,O
씨,O
노래,O
진짜,O
잘,O
부른다,O
노래,O
듣고,O
감동했어,O
ㅡㅡㅡ,ㅡㅡㅡ
여기,O
이케아,B_TOR
직원,O
이,O
한분,O
계시는데,O
ㅡㅡㅡ,ㅡㅡㅡ
이케아,B_TOR
냉장고,O
바지,O
씨야,O
ㅡㅡㅡ,ㅡㅡㅡ
브금,O
대통령,O
ㅡㅡㅡ,ㅡㅡㅡ
꼬물꼬물,O
3,O
ㅡㅡㅡ,ㅡㅡㅡ
강아지,O
같지,O
05,O
ㅡㅡㅡ,ㅡㅡㅡ
리제,O
를,O
위하여,O
00,O
ㅡㅡㅡ,ㅡㅡㅡ
ㅡㅡㅡ,ㅡㅡㅡ
안녕하세요,O
ㅡㅡㅡ,ㅡㅡㅡ
오늘,O
은,O
이케아,B_TOR
브이로그,O
1편,O
이에요,O
ㅡㅡㅡ,ㅡㅡㅡ
신혼부부,O
들이,O
사면,O
좋을만한,O
아이템이,O
너무,O
많아요,O
ㅡㅡㅡ,ㅡㅡㅡ
구독좋아요도,O
함께해용,O
ㅡㅡㅡ,ㅡㅡㅡ
남편,O
이랑,O
스타필드,B_TOR
에,O
다녀왔어요,O
ㅡㅡㅡ,ㅡㅡㅡ
대단한,O
날은,O
아니지만,O
괜히,O
맛있는거,O
먹고,O
싶어서ㅎㅎ,O
ㅡㅡㅡ,ㅡㅡㅡ
안녕하세요,O
여러분,O
리들입니다,O
ㅡㅡㅡ,ㅡㅡㅡ
며칠전에,O
고양,B_LOC
이케아,B_TOR
에,O
부모,O
님이랑,O
함께,O
다녀왔는데요,O
ㅡㅡㅡ,ㅡㅡㅡ
별,O
건,O
없지만ㅎㅎ,O
제,O
일상을,O
기록하는,O
의미에서,O
가져왔습니다,O
그리고,O
당분간,O
시험기간이라,O
새로운,O
영상을,O
찍지도,O
못할,O
것,O
같아서요ㅠㅠ,O
ㅡㅡㅡ,ㅡㅡㅡ
재밌게,O
보시고,O
좋아요,O
구독,O
부탁드려요,O
ㅡㅡㅡ,ㅡㅡㅡ
안녕하세요,O
쑤니퀸,O
입니다,O
ㅡㅡㅡ,ㅡㅡㅡ
오늘,O
은,O
이케아고양점,B_TOR
쇼핑,O
영상입니다,O
ㅡㅡㅡ,ㅡㅡㅡ
집에,O
이것저것,O
필요한게,O
있어서,O
갔는데,O
ㅡㅡㅡ,ㅡㅡㅡ
오늘,O
도,O
역시,O
사야할것보다,O
리스트에,O
없던,O
물건들을,O
많이,O
집어왔네요,O
ㅎㅎ,O
ㅡㅡㅡ,ㅡㅡㅡ
마지막의,O
이케아,B_TOR
쇼핑,O
하울까지,O
재미나게,O
감상해주세요,O
ㅡㅡㅡ,ㅡㅡㅡ
늘,O
감사합니다,O
ㅡㅡㅡ,ㅡㅡㅡ
안녕하세요,O
여러분,O
ㅡㅡㅡ,ㅡㅡㅡ
내년,O
에,O
집공을,O
하기,O
위해,O
방구조를,O
아예,O
바꾸기로,O
했어요,O
ㅡㅡㅡ,ㅡㅡㅡ
인터넷으로,O
사도되지만,O
이케아,B_TOR
에서,O
밥,O
먹고싶기도,O
했고,O
사진도,O
찍고,O
싶어서,O
직접,O
가게,O
되었답니다,O
ㅡㅡㅡ,ㅡㅡㅡ
그럼,O
재밌게,O
봐주세요,O
ㅡㅡㅡ,ㅡㅡㅡ
이케아,B_TOR
ㅡㅡㅡ,ㅡㅡㅡ
안녕하세요,O
ㅡㅡㅡ,ㅡㅡㅡ
친구,O
들과,O
이케아고양점,B_TOR
에,O
다녀왔어요,O
ㅡㅡㅡ,ㅡㅡㅡ
푸드,O
레스토랑에서,O
밥,O
도,O
먹고,O
아이스크림,O
도,O
먹고,O
ㅡㅡㅡ,ㅡㅡㅡ
이케아,B_TOR
구경,O
실컷,O
하고,O
왔어요,O
ㅡㅡㅡ,ㅡㅡㅡ
이케아,B_TOR
갔다가,O
ㅡㅡㅡ,ㅡㅡㅡ
성북동,O
가서,O
커피,O
도,O
한잔,O
하고,O
ㅡㅡㅡ,ㅡㅡㅡ
동네와서,O
칼국수,O
랑,O
왕만두,O
도,O
푸짐하게,O
먹고,O
왔어요,O
ㅡㅡㅡ,ㅡㅡㅡ
이케아,B_TOR
이케아고양,B_TOR
이케아고양점,B_TOR
ㅡㅡㅡ,ㅡㅡㅡ
성북동,O
성북동,O
빵공장,O
성북동,O
빵집,O
성북동,O
카페,O
석계역,O
맛집,O
무명,O
칼국수,O
칼국수,O
일상,O
브이로그,O
ㅡㅡㅡ,ㅡㅡㅡ
일상,O
이케아,B_TOR
ㅡㅡㅡ,ㅡㅡㅡ
안녕하세요,O
ㅡㅡㅡ,ㅡㅡㅡ
홍임자,O
입니당,O
ㅡㅡㅡ,ㅡㅡㅡ
오늘,O
은,O
추석,O
맞이,O
수정과,O
와,O
떡구이,O
ㅡㅡㅡ,ㅡㅡㅡ
그리고,O
이케아,B_TOR
쇼핑과,O
고양이,O
일상을,O
담았어요,O
ㅡㅡㅡ,ㅡㅡㅡ
재미있게,O
봐주세용,O
ㅡㅡㅡ,ㅡㅡㅡ
임신,O
21주차,O
먹부림,O
영상,O
ㅡㅡㅡ,ㅡㅡㅡ
벤츠,O
서비스센터,O
구경하기,O
ㅡㅡㅡ,ㅡㅡㅡ
이케아,B_TOR
에서,O
천원짜리,O
아이스크림,O
먹으러,O
갔다가,O
ㅡㅡㅡ,ㅡㅡㅡ
맛집탐방,O
벤츠서비스센터,O
이케아고양,B_TOR
헤이트위스트,O
고양스타필드,B_TOR
ㅡㅡㅡ,ㅡㅡㅡ
안녕하세요,O
ㅡㅡㅡ,ㅡㅡㅡ
지난주,O
업로드를,O
못해서,O
이번주,O
에는,O
꼭,O
영상,O
2개,O
올릴거에요,O
ㅡㅡㅡ,ㅡㅡㅡ
영상,O
찍어두었던게,O
오디오가,O
다,O
오락가락해서,O
ㅡㅡㅡ,ㅡㅡㅡ
다시,O
찍고,O
있어요,O
ㅡㅡㅡ,ㅡㅡㅡ
더,O
퀄리이,O
높게,O
찍어야,O
한다는,O
복선이라,O
생각하고,O
ㅡㅡㅡ,ㅡㅡㅡ
다시,O
준비하고,O
있어요,O
ㅡㅡㅡ,ㅡㅡㅡ
페스티벌,O
관련,O
영상은,O
이번주,O
에,O
꼭,O
올릴,O
예정,O
입니다,O
ㅡㅡㅡ,ㅡㅡㅡ
페스티벌,O
처돌이는,O
나야나,O
ㅡㅡㅡ,ㅡㅡㅡ
지난주말,O
조카,O
들과,O
친구,O
들과,O
가족,O
들과,O
행복하게,O
보냈던,O
ㅡㅡㅡ,ㅡㅡㅡ
저의,O
일상을,O
기록하고,O
공유합니다,O
ㅡㅡㅡ,ㅡㅡㅡ
브이로그,O
외출,O
처돌이의,O
주말,O
스타필드고양,B_TOR
소이연남,B_RES
쉑쉑버거,B_RES
현대식품관,O
캔디하트,O
스윗사파이어,O
와인,O
한잔,O
브런치,O
오리고기,O
ㅡㅡㅡ,ㅡㅡㅡ
스타필드,B_TOR
엎어지면,O
코닿을,O
거리에,O
사는,O
주민,O
이에요,O
ㅡㅡㅡ,ㅡㅡㅡ
자주는,O
가지만,O
은근히,O
재방문,O
하는,O
가게가,O
없는데,O
ㅡㅡㅡ,ㅡㅡㅡ
2번이상,O
간,O
음식점들을,O
추천해요,O
ㅡㅡㅡ,ㅡㅡㅡ
알찬,O
주말,O
을,O
보내기,O
위해,O
다녀온,O
이케아,B_TOR
나들이를,O
기록해보았습니다,O
ㅡㅡㅡ,ㅡㅡㅡ
영상,O
촬영도,O
출연도,O
영,O
어색하네요,O
그래도,O
꾸준히,O
해보도록,O
하겠습니다,O
ㅡㅡㅡ,ㅡㅡㅡ
ㅡㅡㅡ,ㅡㅡㅡ
사진,O
찍기를,O
좋아하는,O
평범한,O
직장인,O
의,O
주말,O
일상,O
브이로그입니다,O
ㅡㅡㅡ,ㅡㅡㅡ
여러가지,O
관심사,O
일상을,O
일기,O
형식으로,O
담아보려고,O
합니다,O
ㅡㅡㅡ,ㅡㅡㅡ
반말체의,O
자막인,O
점,O
양해,O
부탁드리며,O
괜찮으신,O
분께서는,O
구독과,O
좋아요,O
부탁해요,O
ㅡㅡㅡ,ㅡㅡㅡ
ㅡㅡㅡ,ㅡㅡㅡ
7,O
ㅡㅡㅡ,ㅡㅡㅡ
ㅡㅡㅡ,ㅡㅡㅡ
9,O
ㅡㅡㅡ,ㅡㅡㅡ
ㅡㅡㅡ,ㅡㅡㅡ
ㅡㅡㅡ,ㅡㅡㅡ
ㅡㅡㅡ,ㅡㅡㅡ
ㅡㅡㅡ,ㅡㅡㅡ
ㅡㅡㅡ,ㅡㅡㅡ
ㅡㅡㅡ,ㅡㅡㅡ
ㅡㅡㅡ,ㅡㅡㅡ
ㅡㅡㅡ,ㅡㅡㅡ
14,O
ㅡㅡㅡ,ㅡㅡㅡ
직장인,O
브이로그,O
밀푀,O
유나베,O
행주산성,B_TOR
ㅡㅡㅡ,ㅡㅡㅡ
안녕하세요,O
민머리맨입니다,O
ㅡㅡㅡ,ㅡㅡㅡ
민머리의,O
3월마지막주,O
에는,O
어떤,O
일이,O
일어났을까요,O
ㅡㅡㅡ,ㅡㅡㅡ
앞으로도,O
재밌고,O
희한한,O
일상,O
보여드리겠습니다,O
ㅡㅡㅡ,ㅡㅡㅡ
많은,O
관심과,O
사랑,O
부탁드립니다,O
ㅡㅡㅡ,ㅡㅡㅡ
구독과,O
좋아요는,O
영상을,O
만드는데,O
큰,O
이,O
됩니다,O
ㅡㅡㅡ,ㅡㅡㅡ
브이로그,O
집돌이,O
이케아,B_TOR
ㅡㅡㅡ,ㅡㅡㅡ
촬영,O
ㅡㅡㅡ,ㅡㅡㅡ
12,O
ㅡㅡㅡ,ㅡㅡㅡ
ㅡㅡㅡ,ㅡㅡㅡ
1,O
ㅡㅡㅡ,ㅡㅡㅡ
브금,O
대통령,O
ㅡㅡㅡ,ㅡㅡㅡ
7,O
ㅡㅡㅡ,ㅡㅡㅡ
2,O
ㅡㅡㅡ,ㅡㅡㅡ
브금저장소,O
ㅡㅡㅡ,ㅡㅡㅡ
33,O
ㅡㅡㅡ,ㅡㅡㅡ
3,O
ㅡㅡㅡ,ㅡㅡㅡ
ㅡㅡㅡ,ㅡㅡㅡ
01,O
ㅡㅡㅡ,ㅡㅡㅡ
4,O
ㅡㅡㅡ,ㅡㅡㅡ
브금저장소,O
ㅡㅡㅡ,ㅡㅡㅡ
89,O
ㅡㅡㅡ,ㅡㅡㅡ
5,O
ㅡㅡㅡ,ㅡㅡㅡ
브금저장소,O
ㅡㅡㅡ,ㅡㅡㅡ
00,O
ㅡㅡㅡ,ㅡㅡㅡ
6,O
ㅡㅡㅡ,ㅡㅡㅡ
ㅡㅡㅡ,ㅡㅡㅡ
7,O
ㅡㅡㅡ,ㅡㅡㅡ
7,O
ㅡㅡㅡ,ㅡㅡㅡ
ㅡㅡㅡ,ㅡㅡㅡ
ㅡㅡㅡ,ㅡㅡㅡ
새해,O
를,O
맞이하기,O
전에,O
방정리를,O
제대로,O
하려고,O
요즘,O
필요한,O
것들을,O
인터넷으로,O
보다가,O
이케아,B_TOR
도,O
둘러보고,O
왔답니당,O
짧은,O
영상이지만,O
함께,O
둘러보아요ㅎㅎ,O
ㅡㅡㅡ,ㅡㅡㅡ
어색한,O
셀프,O
동영상도,O
있어요,O
허헛,O
ㅡㅡㅡ,ㅡㅡㅡ
서울,B_LOC
일산,B_LOC
행주산성,B_TOR
룰룰루,O
ㅡㅡㅡ,ㅡㅡㅡ
주말,O
데이트,O
스타필드,B_TOR
한옥마을,B_TOR
ㅡㅡㅡ,ㅡㅡㅡ
ㅡㅡㅡ,ㅡㅡㅡ
ㅡㅡㅡ,ㅡㅡㅡ
3,O
고양이케아,B_TOR
다녀온,O
영상,O
ㅡㅡㅡ,ㅡㅡㅡ
이케아,B_TOR
가기,O
전에,O
보시면,O
좋은,O
꿀팁,O
포함,O
ㅡㅡㅡ,ㅡㅡㅡ
이케아,B_TOR
식당메뉴판,O
ㅡㅡㅡ,ㅡㅡㅡ
커피,O
아메리카노,O
1500원,O
ㅡㅡㅡ,ㅡㅡㅡ
치킨필레,O
닭갈비스테이크,O
9900원,O
ㅡㅡㅡ,ㅡㅡㅡ
버섯스프,O
2900원,O
ㅡㅡㅡ,ㅡㅡㅡ
김치마요베지볼,O
8개입,O
2900원,O
ㅡㅡㅡ,ㅡㅡㅡ
곁들이,O
음식,O
감자,O
매쉬포테이토,O
1900원,O
ㅡㅡㅡ,ㅡㅡㅡ
프렌치프라이,O
1500원,O
ㅡㅡㅡ,ㅡㅡㅡ
소프트아이스크림,O
400원,O
ㅡㅡㅡ,ㅡㅡㅡ
행복한,O
하루,O
되세요,O
ㅡㅡㅡ,ㅡㅡㅡ
됴리티비브이로그,O
주말,O
일상,O
토이킹덤플레이,O
고양스타필드,B_TOR
ㅡㅡㅡ,ㅡㅡㅡ
스타필드,B_TOR
에,O
있는,O
토이킹덤플레이,B_TOR
에,O
다녀왔어요,O
ㅡㅡㅡ,ㅡㅡㅡ
1년전,O
에,O
됴리생일,O
쯤,O
갔을땐,O
가격이,O
2시간,O
에,O
2만,O
얼마로,O
더,O
비쌌던,O
기억이,O
있는데,O
가격을,O
조금,O
내렸네요,O
ㅡㅡㅡ,ㅡㅡㅡ
7세정도,O
까지는,O
재밌게,O
놀듯한,O
토이킹덤플레이,O
ㅡㅡㅡ,ㅡㅡㅡ
마트놀이,O
경찰,O
놀이,O
소방체험,O
병원놀이,O
등,O
직업체험할,O
수,O
있는,O
공간도,O
있고,O
ㅡㅡㅡ,ㅡㅡㅡ
블럭,O
놀이,O
방,O
그리고,O
볼풀장같은,O
일반,O
키즈카페,O
스러운,O
공간,O
ㅡㅡㅡ,ㅡㅡㅡ
그리고,O
동물모형들,O
있는,O
곳,O
등등,O
다양한,O
곳이,O
많아요,O
ㅡㅡㅡ,ㅡㅡㅡ
주말,O
이른,O
시간에,O
다녀왔는데,O
공간도,O
여유롭고,O
좋네요,O
ㅡㅡㅡ,ㅡㅡㅡ
요번에는,O
낮잠시간이,O
다되가서,O
그런지,O
졸려서,O
막판에는,O
앉아서,O
블럭놀이만,O
한,O
됴리네요,O
ㅡㅡㅡ,ㅡㅡㅡ
노래,O
영상에,O
이어올리게된,O
이케아,B_TOR
쇼핑겸,O
푸드코트이용하는,O
브이로그에요,O
ㅡㅡㅡ,ㅡㅡㅡ
김치볶음밥,O
이,O
광명,O
점과,O
다르더라구요,O
가격또한,O
ㅡㅡㅡ,ㅡㅡㅡ
여러분,O
이케아,B_TOR
에서,O
치킨,O
은,O
꼭,O
드세요,O
ㅡㅡㅡ,ㅡㅡㅡ
저는,O
햄스터,O
용품을,O
사러,O
간거였어서,O
ㅡㅡㅡ,ㅡㅡㅡ
무얼,O
사야하는지,O
딱,O
정하고간거라,O
쇼핑하는데,O
오래걸리지않았어요,O
다만,O
워낙,O
넓고,O
구매줄이,O
되게,O
길어서,O
기더리다지치는거같아요,O
ㅡㅡㅡ,ㅡㅡㅡ
햄스터,O
용품,O
살만한건,O
ㅡㅡㅡ,ㅡㅡㅡ
크누프,O
ㅡㅡㅡ,ㅡㅡㅡ
푀르바르,O
용기,O
ㅡㅡㅡ,ㅡㅡㅡ
글라시스,O
ㅡㅡㅡ,ㅡㅡㅡ
베크벰,O
데크,O
ㅡㅡㅡ,ㅡㅡㅡ
이중에,O
전,O
하나만,O
사왔지만,O
ㅡㅡㅡ,ㅡㅡㅡ
인스타그램,O
0,O
ㅡㅡㅡ,ㅡㅡㅡ
고양시,B_LOC
스타필드,B_TOR
브이로그,O
ㅡㅡㅡ,ㅡㅡㅡ
어디에서도,O
볼,O
수,O
없었던,O
ㅡㅡㅡ,ㅡㅡㅡ
로이로이서울,O
의,O
매력들을,O
브이로그에,O
담아봤습니다,O
ㅡㅡㅡ,ㅡㅡㅡ
스타필드,B_TOR
에,O
놀러오셔서,O
새로운,O
로이로이서울,O
옷들도,O
만나보시고,O
ㅡㅡㅡ,ㅡㅡㅡ
맛있는,O
식사도,O
하세용,O
이번주말,O
은,O
스타필드,B_TOR
에서,O
어떠세요,O
ㅡㅡㅡ,ㅡㅡㅡ
유투브,O
에서,O
즐겁게,O
시청해주세요,O
감사합니다,O
ㅡㅡㅡ,ㅡㅡㅡ
그리고,O
여러분,O
구독과,O
좋아요알죠,O
ㅡㅡㅡ,ㅡㅡㅡ
로이로이서울,O
스타필드,B_TOR
브이로그,O
ㅡㅡㅡ,ㅡㅡㅡ
안녕하세요,O
ㅡㅡㅡ,ㅡㅡㅡ
윰스럽테레비,O
의,O
뉴미,O
입니다,O
ㅡㅡㅡ,ㅡㅡㅡ
입생로랑더슬림,O
파크프리베,O
스타필드,B_TOR
ㅡㅡㅡ,ㅡㅡㅡ
일상,O
속에,O
리뷰가,O
담겨있는,O
ㅡㅡㅡ,ㅡㅡㅡ
이번,O
영상으로,O
오늘,O
하루,O
도,O
윰스럽게,O
ㅡㅡㅡ,ㅡㅡㅡ
ㅡㅡㅡ,ㅡㅡㅡ
ㅡㅡㅡ,ㅡㅡㅡ
ㅡㅡㅡ,ㅡㅡㅡ
ㅡㅡㅡ,ㅡㅡㅡ
7,O
ㅡㅡㅡ,ㅡㅡㅡ
이사,O
가기전에,O
놀러간,O
이케아,B_TOR
에서,O
찍은걸로,O
만든,O
브이로그,O
ㅡㅡㅡ,ㅡㅡㅡ
ㅡㅡㅡ,ㅡㅡㅡ
ㅡㅡㅡ,ㅡㅡㅡ
ㅡㅡㅡ,ㅡㅡㅡ
ㅡㅡㅡ,ㅡㅡㅡ
ㅡㅡㅡ,ㅡㅡㅡ
1,O
ㅡㅡㅡ,ㅡㅡㅡ
20190126,O
20190131,O
ㅡㅡㅡ,ㅡㅡㅡ
역시,O
예상대로,O
2월,O
은,O
너무,O
바쁘네요,O
1월,O
에,O
찍은,O
영상을,O
이제서야,O
올립니다,O
ㅡㅡㅡ,ㅡㅡㅡ
볼륨을,O
올리고,O
봐주세요,O
맨,O
처음,O
나온,O
비트는,O
친구,O
가,O
만든,O
비트,O
입니다,O
ㅡㅡㅡ,ㅡㅡㅡ
다음,O
브이로그는,O
좀,O
차분한,O
영상으로,O
만들어볼게요,O
ㅋㅋ,O
ㅡㅡㅡ,ㅡㅡㅡ
감사합니다,O
ㅡㅡㅡ,ㅡㅡㅡ
ㅡㅡㅡ,ㅡㅡㅡ
ㅡㅡㅡ,ㅡㅡㅡ
ㅡㅡㅡ,ㅡㅡㅡ
ㅡㅡㅡ,ㅡㅡㅡ
ㅡㅡㅡ,ㅡㅡㅡ
ㅡㅡㅡ,ㅡㅡㅡ
ㅡㅡㅡ,ㅡㅡㅡ
스타필드,B_TOR
프리랜서,O
브이로그,O
주말,O
ㅡㅡㅡ,ㅡㅡㅡ
조금,O
늦은,O
브이로그,O
친구,O
와,O
1월,O
의,O
마지막날,O
에,O
고양,B_LOC
이케아,B_TOR
를,O
다녀왔어요,O
둘,O
다,O
가구,O
보는,O
것을,O
엄청,O
좋아해서,O
하루종일,O
둘러보기,O
아주,O
행복한,O
하루,O
를,O
보냈답니당,O
ㅡㅡㅡ,ㅡㅡㅡ
브이로그,O
ㅡㅡㅡ,ㅡㅡㅡ
스타필드,B_TOR
ㅡㅡㅡ,ㅡㅡㅡ
아이패드,O
불발,O
ㅡㅡㅡ,ㅡㅡㅡ
꽃구경,O
ㅡㅡㅡ,ㅡㅡㅡ
보리빵,O
만들기,O
ㅡㅡㅡ,ㅡㅡㅡ
아알라,O
온,O
더테이블,O
ㅡㅡㅡ,ㅡㅡㅡ
0131,O
ㅡㅡㅡ,ㅡㅡㅡ
ㅡㅡㅡ,ㅡㅡㅡ
3,O
ㅡㅡㅡ,ㅡㅡㅡ
11월,O
3번째,O
소소한,O
브이로그,O
ㅡㅡㅡ,ㅡㅡㅡ
요즘,O
연말,O
이라고,O
곳곳에,O
벌써부터,O
크리스마스,O
분위기가,O
물씬,O
나는데요,O
ㅡㅡㅡ,ㅡㅡㅡ
쇼핑하러,O
가도,O
한가득,O
볼,O
수,O
있는,O
크리스마스,O
소품들,O
ㅡㅡㅡ,ㅡㅡㅡ
구경도,O
할,O
겸,O
이케아,B_TOR
고양스타필드,B_TOR
다이소,O
까지,O
ㅡㅡㅡ,ㅡㅡㅡ
구석구석,O
돌아다녔답니다,O
ㅡㅡㅡ,ㅡㅡㅡ
요리한,O
날,O
보다,O
외식하는,O
날이,O
많았던,O
ㅡㅡㅡ,ㅡㅡㅡ
11월,O
3번째,O
브이로그,O
ㅡㅡㅡ,ㅡㅡㅡ
재미있게,O
봐주세요,O
ㅡㅡㅡ,ㅡㅡㅡ
2019년11월,O
에,O
다녀온,O
기록입니다,O
ㅡㅡㅡ,ㅡㅡㅡ
평일,O
낮,O
이라,O
한적하니,O
아주,O
좋았습니다,O
ㅡㅡㅡ,ㅡㅡㅡ
이케아,B_TOR
식당에,O
가면,O
꼭,O
맛봐야,O
한다는,O
김치볶음밥,O
도,O
드디어,O
먹어봤습니다,O
ㅡㅡㅡ,ㅡㅡㅡ
가구로,O
유명한,O
이케아,B_TOR
이지만,O
당장,O
필요한,O
가구는,O
없어서,O
ㅡㅡㅡ,ㅡㅡㅡ
향신료,O
그라인더,O
하나,O
업어왔네요,O
ㅡㅡㅡ,ㅡㅡㅡ
010,O
출발,O
ㅡㅡㅡ,ㅡㅡㅡ
037,O
만남,O
ㅡㅡㅡ,ㅡㅡㅡ
047,O
이게,O
그,O
ㅡㅡㅡ,ㅡㅡㅡ
147,O
요즘,O
어떤지,O
ㅡㅡㅡ,ㅡㅡㅡ
220,O
음악은,O
언제부터,O
ㅡㅡㅡ,ㅡㅡㅡ
310,O
그,O
때는,O
그런,O
음악을,O
ㅡㅡㅡ,ㅡㅡㅡ
358,O
첫,O
공연,O
ㅡㅡㅡ,ㅡㅡㅡ
458,O
아직,O
그,O
흔적이,O
ㅡㅡㅡ,ㅡㅡㅡ
537,O
요즘도,O
그런가,O
ㅡㅡㅡ,ㅡㅡㅡ
614,O
라떼,O
는,O
말이야,O
ㅡㅡㅡ,ㅡㅡㅡ
656,O
이케아,B_TOR
도착,O
ㅡㅡㅡ,ㅡㅡㅡ
730,O
아이쇼핑,O
ㅡㅡㅡ,ㅡㅡㅡ
805,O
도,O
식후경,O
ㅡㅡㅡ,ㅡㅡㅡ
856,O
낙상,O
사고,O
ㅡㅡㅡ,ㅡㅡㅡ
914,O
셀카,O
맛집,O
ㅡㅡㅡ,ㅡㅡㅡ
956,O
셀카,O
바보,O
ㅡㅡㅡ,ㅡㅡㅡ
채널가기,O
ㅡㅡㅡ,ㅡㅡㅡ
조금이라도,O
수월하게,O
잠을,O
재우기,O
위해서,O
밤,O
에,O
산책을,O
시키기로,O
했다,O
ㅡㅡㅡ,ㅡㅡㅡ
아직,O
걷는게,O
서툴어서,O
최대한,O
안전한,O
곳을,O
찾아,O
산책을,O
하는데,O
오늘,O
은,O
스타필드,B_TOR
에서,O
하기로,O
했다,O
ㅡㅡㅡ,ㅡㅡㅡ
안녕하세요,O
ㅡㅡㅡ,ㅡㅡㅡ
아떼,O
의,O
교환일기,O
아메,O
입니다,O
ㅡㅡㅡ,ㅡㅡㅡ
라떼,O
랑,O
고양,B_LOC
이케아,B_TOR
다녀온,O
브이로그,O
에요,O
ㅡㅡㅡ,ㅡㅡㅡ
처음으로,O
말로만,O
듣던,O
이케아,B_TOR
다녀와서,O
재밌게,O
구경했습니다,O
ㅡㅡㅡ,ㅡㅡㅡ
설연휴,O
에,O
고향집에서,O
먹고놀고,O
뒹굴뒹굴,O
하다왔어요,O
ㅡㅡㅡ,ㅡㅡㅡ
벌써,O
한달전,O
이네요,O
ㅡㅡㅡ,ㅡㅡㅡ
다이소,O
에서,O
이런저런,O
그릇들,O
구매한거랑,O
ㅡㅡㅡ,ㅡㅡㅡ
라떼,O
랑,O
편집,O
스터디,O
한,O
이야기,O
등이,O
담겨있어요,O
ㅡㅡㅡ,ㅡㅡㅡ
재밌게,O
봐주세요,O
감사합니다,O
ㅡㅡㅡ,ㅡㅡㅡ
8,O
ㅡㅡㅡ,ㅡㅡㅡ
ㅡㅡㅡ,ㅡㅡㅡ
ㅡㅡㅡ,ㅡㅡㅡ
ㅡㅡㅡ,ㅡㅡㅡ
ㅡㅡㅡ,ㅡㅡㅡ
ㅡㅡㅡ,ㅡㅡㅡ
ㅡㅡㅡ,ㅡㅡㅡ
ㅡㅡㅡ,ㅡㅡㅡ
ㅡㅡㅡ,ㅡㅡㅡ
ㅡㅡㅡ,ㅡㅡㅡ
ㅡㅡㅡ,ㅡㅡㅡ
ㅡㅡㅡ,ㅡㅡㅡ
ㅡㅡㅡ,ㅡㅡㅡ
ㅡㅡㅡ,ㅡㅡㅡ
ㅡㅡㅡ,ㅡㅡㅡ
ㅡㅡㅡ,ㅡㅡㅡ
3,O
30,O
ㅡㅡㅡ,ㅡㅡㅡ
ㅡㅡㅡ,ㅡㅡㅡ
561,O
ㅡㅡㅡ,ㅡㅡㅡ
ㅡㅡㅡ,ㅡㅡㅡ
방송에서만,O
보고,O
항상,O
궁금했던,O
소이연남,B_RES
ㅡㅡㅡ,ㅡㅡㅡ
스타필드고양,B_TOR
에,O
있는,O
소이연남,B_RES
에서,O
점,O
심으로,O
소고기,O
쌀국수,O
와,O
스프링롤,O
을,O
먹었습니다,O
ㅡㅡㅡ,ㅡㅡㅡ
생각했던,O
것보다,O
훨씬,O
맛있었던,O
쌀국수,O
와,O
태국,O
에,O
있는,O
듯한,O
분위기,O
ㅡㅡㅡ,ㅡㅡㅡ
아직,O
안,O
가보신,O
분들께,O
추천합니다,O
ㅡㅡㅡ,ㅡㅡㅡ
안녕하세요,O
여러분,O
상진입니다,O
오늘,O
은,O
오랜만에,O
가족,O
들이랑,O
스타필드,B_TOR
를,O
다녀왔답니다,O
ㅎㅎ,O
스타필드,B_TOR
참,O
많이,O
갔는데,O
한번,O
영상으로,O
담아보면,O
어떨까,O
해서,O
가족,O
들이랑,O
영상으로,O
추억을,O
남기면,O
좋을,O
것,O
같아서,O
이렇게,O
영상을,O
준비하게,O
되었습니다,O
항상,O
감사합니다,O
여러분,O
최고에요,O
환,O
절기,O
감기,O
조심하시고,O
시험기간이시라면,O
빠이팅,O
감사합니다,O
상진이었슴다,O
ㅎㅎ,O
ㅡㅡㅡ,ㅡㅡㅡ
편집,O
프리미어프로,O
ㅡㅡㅡ,ㅡㅡㅡ
카메라,O
소니,O
1005,O
ㅡㅡㅡ,ㅡㅡㅡ
음악,O
ㅡㅡㅡ,ㅡㅡㅡ
인스타그램,O
ㅡㅡㅡ,ㅡㅡㅡ
상진,O
일상,O
79,O
ㅡㅡㅡ,ㅡㅡㅡ
상진,O
여행,O
ㅡㅡㅡ,ㅡㅡㅡ
머리,O
1,O
바리깡,O
ㅡㅡㅡ,ㅡㅡㅡ
착장,O
모자,O
칼하트,O
상의,O
구제,O
하의,O
구제,O
신발,O
구제,O
반스스케이트,O
ㅡㅡㅡ,ㅡㅡㅡ
목걸이,O
0,O
반팔,O
어패럴싯,O
ㅡㅡㅡ,ㅡㅡㅡ
친구,O
랑,O
고양시,B_LOC
에,O
있는,O
스타필드,B_TOR
에,O
다녀왔어요,O
친구,O
랑,O
단둘이,O
온건,O
처음이었어요,O
중간중간,O
맞춤법이,O
틀릴수도,O
있으니,O
지적,O
말고,O
따듯한,O
말투로,O
알려주시면,O
좋겠어요,O
저도,O
어리니까,O
실수가,O
있을수도,O
있고요,O
ㅠ,O
끝까지,O
시청해주세요,O
브이로그,O
11년생,O
ㅡㅡㅡ,ㅡㅡㅡ
오늘,O
이,O
드디어,O
브이로그,O
100개째,O
입니다,O
ㅡㅡㅡ,ㅡㅡㅡ
아쉽지만,O
조만간,O
브이로그,O
채널을,O
정리하겠습니다,O
ㅡㅡㅡ,ㅡㅡㅡ
마지막브이로그,O
ㅡㅡㅡ,ㅡㅡㅡ
이케아,B_TOR
고양,B_LOC
ㅡㅡㅡ,ㅡㅡㅡ
추석,O
놀이,O
ㅡㅡㅡ,ㅡㅡㅡ
코치,O
가방,O
ㅡㅡㅡ,ㅡㅡㅡ
처음으로,O
고양시,B_LOC
에,O
있는,O
이케아,B_TOR
에,O
홈인테리어,O
전문가,O
킴쌤,O
과,O
같이,O
다녀왔어요,O
굉장한,O
팁을,O
알려주시는,O
듯,O
하다가,O
어딜,O
가시는거죠,O
이승진,O
강사,O
의,O
브이로그,O
영상,O
영상에,O
없는,O
영혼은,O
편집하면서,O
갈아,O
넣었습니다,O
ㅡㅡㅡ,ㅡㅡㅡ
채널구독,O
ㅡㅡㅡ,ㅡㅡㅡ
2899,O
1,O
ㅡㅡㅡ,ㅡㅡㅡ
팟빵,O
ㅡㅡㅡ,ㅡㅡㅡ
1773085,O
ㅡㅡㅡ,ㅡㅡㅡ
블로그,O
ㅡㅡㅡ,ㅡㅡㅡ
ㅡㅡㅡ,ㅡㅡㅡ
문의,O
및,O
소통,O
ㅡㅡㅡ,ㅡㅡㅡ
ㅡㅡㅡ,ㅡㅡㅡ
안녕하세요,O
수빈,O
이에요,O
ㅡㅡㅡ,ㅡㅡㅡ
땅콩,O
들과,O
작년,O
송도,O
에,O
이어,O
다녀온,O
당일치기,O
여행,O
ㅡㅡㅡ,ㅡㅡㅡ
처음으로,O
이케아,B_TOR
를,O
가봤어요,O
ㅡㅡㅡ,ㅡㅡㅡ
밥,O
도,O
맛있고,O
쇼룸,O
구경하는,O
재미가,O
쏠쏠해서,O
굳이,O
뭘,O
사려고,O
가지,O
않아도,O
즐겁게,O
놀,O
수,O
있는,O
곳,O
같아요,O
제품도,O
저렴하구요,O
ㅡㅡㅡ,ㅡㅡㅡ
저는,O
찻잔과,O
그릇을,O
사왔답니다,O
ㅡㅡㅡ,ㅡㅡㅡ
을왕리,O
바다는,O
처음,O
가봤는데,O
날씨가,O
흐리고,O
바람이,O
많이,O
불어서,O
제대로,O
보지는,O
못했어요,O
마시안제빵소,O
에서,O
빵,O
과,O
커피,O
를,O
마시고,O
근처,O
마시안,O
어부집에서,O
조개구이,O
를,O
먹었답니다,O
오랜만에,O
먹는,O
조개구이,O
라,O
너무,O
신났어요,O
ㅡㅡㅡ,ㅡㅡㅡ
이번,O
영상도,O
즐겁게,O
봐주세요,O
ㅡㅡㅡ,ㅡㅡㅡ
2,O
ㅡㅡㅡ,ㅡㅡㅡ
2,O
ㅡㅡㅡ,ㅡㅡㅡ
ㅡㅡㅡ,ㅡㅡㅡ
ㅡㅡㅡ,ㅡㅡㅡ
캐논,O
10,O
ㅡㅡㅡ,ㅡㅡㅡ
아이폰6,O
ㅡㅡㅡ,ㅡㅡㅡ
어도비프리미어,O
ㅡㅡㅡ,ㅡㅡㅡ
유지어터브이로그,O
다이어트식단브이로그,O
다이어트외식메뉴,O
ㅡㅡㅡ,ㅡㅡㅡ
외출하는,O
날의,O
저의,O
식단,O
일기를,O
하루,O
브이로그로,O
담아,O
보았어요,O
ㅡㅡㅡ,ㅡㅡㅡ
먹고,O
싶은,O
메뉴를,O
먹는,O
편인데,O
ㅡㅡㅡ,ㅡㅡㅡ
주로,O
자극적인,O
외식,O
메뉴,O
보다는,O
영양소,O
풍부한,O
조미료,O
가,O
적은,O
메뉴들을,O
선택하는,O
편이에요,O
이날,O
은,O
고양,B_LOC
이케아,B_TOR
에,O
놀러,O
간,O
기념으로,O
주변,O
맛집을,O
다녀왔는데요,O
한우,O
가,O
정말,O
신선하고,O
맛있었어요,O
그,O
외,O
반찬들과,O
사이드도,O
맛있었어요,O
ㅡㅡㅡ,ㅡㅡㅡ
밀싹파우더,O
는,O
라떼,O
로,O
만들어,O
먹기도,O
하고,O
ㅡㅡㅡ,ㅡㅡㅡ
스무디,O
에,O
넣어,O
먹기도,O
합니다,O
매일,O
먹는,O
식품,O
중,O
하나,O
에요,O
ㅡㅡㅡ,ㅡㅡㅡ
오늘,O
도,O
저의,O
영상을,O
봐주셔서,O
정말,O
감사합니다,O
ㅡㅡㅡ,ㅡㅡㅡ
그냥,O
평생,O
행복한,O
다이어트,O
식단생활을,O
함께해요,O
ㅡㅡㅡ,ㅡㅡㅡ
ㅡ,O
향연,O
측으로,O
부터,O
소정의,O
원고료를,O
제공,O
받았습니다,O
ㅡㅡㅡ,ㅡㅡㅡ
문의,O
ㅡㅡㅡ,ㅡㅡㅡ
ㅡㅡㅡ,ㅡㅡㅡ
건강한,O
식단운동,O
균형잡힌,O
라이프스타일에,O
대한,O
영상들을,O
만들고,O
ㅡㅡㅡ,ㅡㅡㅡ
있어요,O
저의,O
랜선,O
건강다이어트,O
동료,O
가,O
되어,O
주세요,O
ㅡㅡㅡ,ㅡㅡㅡ
ㅡㅡㅡ,ㅡㅡㅡ
ㅡㅡㅡ,ㅡㅡㅡ
21개월,O
아기,O
육아,O
주말,O
은,O
역시,O
하루종일,O
걸을,O
수있는,O
ㅡㅡㅡ,ㅡㅡㅡ
스타필드,B_TOR
고양이,O
최고예요,O
ㅡㅡㅡ,ㅡㅡㅡ
상남자,O
선우,O
는,O
공주인형을,O
싫어합니다,O
기차,O
비행기,O
자동차,O
와,O
관련된,O
장난감,O
아니면,O
다,O
싫어해요,O
상남자의,O
기질이,O
보입니다,O
ㅡㅡㅡ,ㅡㅡㅡ
뽀로로,O
장난감,O
콩순이,O
인형,O
주방놀이는,O
좋아하면서,O
ㅡㅡㅡ,ㅡㅡㅡ
음악저작권,O
비바비디오,O
ㅡㅡㅡ,ㅡㅡㅡ
0312,O
ㅡㅡㅡ,ㅡㅡㅡ
스타필드,B_TOR
고양,B_LOC
스포츠몬스터,B_TOR
휴가,O
연가,O
여름,O
태풍,O
실내,O
쇼핑몰,O
브이로그,O
ㅡㅡㅡ,ㅡㅡㅡ
후원,O
636681322121256350,O
ㅡㅡㅡ,ㅡㅡㅡ
1편,O
은,O
영상,O
초기,O
우측,O
상단,O
카드나,O
ㅡㅡㅡ,ㅡㅡㅡ
끝날때,O
우측,O
상단,O
동영상을,O
클릭해주세요,O
ㅡㅡㅡ,ㅡㅡㅡ
링크,O
61,O
ㅡㅡㅡ,ㅡㅡㅡ
좌루라구요,O
이어서,O
345편,O
편집해서,O
올라갈,O
예정입니다,O
ㅡㅡㅡ,ㅡㅡㅡ
3편,O
아쿠아필드,B_TOR
루프탑,O
수영장,O
ㅡㅡㅡ,ㅡㅡㅡ
4편,O
아쿠아필드,B_TOR
찜질방,O
ㅡㅡㅡ,ㅡㅡㅡ
5편,O
스타필드,B_TOR
소이연남,B_RES
외,O
구경,O
ㅡㅡㅡ,ㅡㅡㅡ
네이버,O
ㅡㅡㅡ,ㅡㅡㅡ
아빠,O
표,O
브이로그,O
ㅡㅡㅡ,ㅡㅡㅡ
고양,B_LOC
점,O
ㅡㅡㅡ,ㅡㅡㅡ
거기서,O
놀,O
수,O
있어요,O
ㅡㅡㅡ,ㅡㅡㅡ
식사하는,O
곳,O
옆에는,O
아이들을,O
위해서,O
작게,O
놀이방이,O
있어요,O
ㅡㅡㅡ,ㅡㅡㅡ
규,O
남매,O
도,O
이케아,B_TOR
에서,O
구경,O
후,O
돈까스,O
를,O
먹을,O
땐,O
항상,O
애용합니다,O
ㅡㅡㅡ,ㅡㅡㅡ
에,O
있는,O
무료,O
시설이,O
한곳,O
이,O
더있지만,O
그곳은,O
촬영이,O
허가되지,O
않아서,O
ㅡㅡㅡ,ㅡㅡㅡ
촬영하지는,O
못했어요,O
ㅡㅡㅡ,ㅡㅡㅡ
휴가,O
세번째날,O
조금,O
무리한,O
활동은,O
들거,O
같아서,O
ㅡㅡㅡ,ㅡㅡㅡ
잔잔하게,O
잘,O
놀다,O
왔네요,O
ㅡㅡㅡ,ㅡㅡㅡ
휴가,O
마지막날,O
은,O
일산,O
벨라시타,O
에서,O
보냈어요,O
ㅡㅡㅡ,ㅡㅡㅡ
몇일뒤,O
업로드,O
예정입니다,O
ㅡㅡㅡ,ㅡㅡㅡ
오늘,O
도,O
영상,O
봐주셔서,O
너무,O
감사하고,O
ㅡㅡㅡ,ㅡㅡㅡ
구독과,O
좋아요도,O
꾹,O
눌러주세요,O
ㅡㅡㅡ,ㅡㅡㅡ
항상,O
감사한,O
댓글,O
남겨주시는,O
구독자,O
님들,O
다시한번,O
감사해요,O
ㅡㅡㅡ,ㅡㅡㅡ
ㅡㅡㅡ,ㅡㅡㅡ
ㅡㅡㅡ,ㅡㅡㅡ
1,O
ㅡㅡㅡ,ㅡㅡㅡ
2,O
3000,O
ㅡㅡㅡ,ㅡㅡㅡ
3,O
ㅡㅡㅡ,ㅡㅡㅡ
ㅡㅡㅡ,ㅡㅡㅡ
6,O
32,O
ㅡㅡㅡ,ㅡㅡㅡ
ㅡㅡㅡ,ㅡㅡㅡ
ㅡㅡㅡ,ㅡㅡㅡ
ㅡㅡㅡ,ㅡㅡㅡ
ㅡㅡㅡ,ㅡㅡㅡ
인스타그램,O
ㅡㅡㅡ,ㅡㅡㅡ
924,O
ㅡㅡㅡ,ㅡㅡㅡ
안녕하세요,O
ㅡㅡㅡ,ㅡㅡㅡ
성자매,O
가,O
이번엔,O
먹방이,O
아닌,O
브이로그영상으로,O
찾아왔어요,O
ㅡㅡㅡ,ㅡㅡㅡ
하지만,O
먹방은,O
여전히,O
함께한답니다,O
ㅡㅡㅡ,ㅡㅡㅡ
이케아고양점,B_TOR
에,O
방문해서,O
즐겁게,O
구경하고,O
맛있는것도,O
먹으며,O
알찬,O
하루,O
를,O
보냈어요,O
ㅡㅡㅡ,ㅡㅡㅡ
함께,O
감상해주세요,O
ㅡㅡㅡ,ㅡㅡㅡ
성자매,O
는,O
조회수,O
하나,O
좋아요,O
하나,O
하나,O
올라갈때마다,O
무한한,O
감동을,O
느낍니다,O
ㅡㅡㅡ,ㅡㅡㅡ
구독과,O
좋아요,O
꼭,O
눌러주세요,O
ㅡㅡㅡ,ㅡㅡㅡ
감사합니다,O
ㅡㅡㅡ,ㅡㅡㅡ
성,O
자매,O
브이로그,O
이케아,B_TOR
ㅡㅡㅡ,ㅡㅡㅡ
이케아고양,B_TOR
이케아고양점,B_TOR
자매브이로그,O
ㅡㅡㅡ,ㅡㅡㅡ
자매,O
먹방,O
어린이먹방,O
어린이,O
유튜브,O
ㅡㅡㅡ,ㅡㅡㅡ
이케아밥,O
어린이브이로그,O
고양이케아,B_TOR
ㅡㅡㅡ,ㅡㅡㅡ
이게,O
브이로그인지,O
먹방인지,O
참,O
허허,O
ㅡㅡㅡ,ㅡㅡㅡ
그냥볼거없을때,O
아무생각없이,O
보면,O
괜찮을거에요ㅎ,O
ㅡㅡㅡ,ㅡㅡㅡ
그래도,O
구독꽈,O
좋아요는,O
잊지마세요,O
우,O
ㅡㅡㅡ,ㅡㅡㅡ
ㅡㅡㅡ,ㅡㅡㅡ
ㅡㅡㅡ,ㅡㅡㅡ
ㅡㅡㅡ,ㅡㅡㅡ
ㅡㅡㅡ,ㅡㅡㅡ
ㅡㅡㅡ,ㅡㅡㅡ
진,O
인스타그램,O
ㅡㅡㅡ,ㅡㅡㅡ
ㅡㅡㅡ,ㅡㅡㅡ
킴,O
인스타그램,O
ㅡㅡㅡ,ㅡㅡㅡ
ㅡㅡㅡ,ㅡㅡㅡ
이케아,B_TOR
브이로그,O
먹방,O
닭다리,O
ㅡㅡㅡ,ㅡㅡㅡ
이케아고양점,B_TOR
에서,O
신메뉴,O
대구필레,O
를,O
먹고,O
연어샐러드,O
도,O
먹고,O
조식도,O
먹고,O
ㅡㅡㅡ,ㅡㅡㅡ
롤,O
도,O
먹고,O
김치볶음밥,O
도,O
먹고,O
피자,O
도,O
먹고,O
핫도그,O
도,O
먹고,O
망고아이스크림,O
도,O
먹고,O
이케아,B_TOR
가방까지,O
겟한,O
일상,O
브이로그,O
ㅡㅡㅡ,ㅡㅡㅡ
00,O
ㅡㅡㅡ,ㅡㅡㅡ
이케아,B_TOR
이케아푸드코트,O
ㅡㅡㅡ,ㅡㅡㅡ
아름다운,O
호수공원,B_TOR
에서,O
펼쳐지는,O
평화의꽃축제,O
ㅡㅡㅡ,ㅡㅡㅡ
한라,O
에서,O
백두,O
까지,O
ㅡㅡㅡ,ㅡㅡㅡ
한반도,O
의,O
아름다운,O
금수강산에,O
피어나는,O
평화로운,O
미래를,O
그린,O
야외정원,O
ㅡㅡㅡ,ㅡㅡㅡ
미래의,O
중심,O
고양,B_LOC
ㅡㅡㅡ,ㅡㅡㅡ
평화에,O
대한,O
소망,O
시민,O
의,O
행복을,O
담은,O
테마정원,O
ㅡㅡㅡ,ㅡㅡㅡ
고양시민가든쇼,O
ㅡㅡㅡ,ㅡㅡㅡ
사랑,O
고양,B_LOC
평화를,O
주제로,O
시민,O
이,O
직접,O
설계하고,O
연출한,O
100개,O
의,O
정원,O
ㅡㅡㅡ,ㅡㅡㅡ
봄,O
의,O
생명력이,O
넘치는,O
형형색색,O
화려한,O
튤립,O
정원,O
ㅡㅡㅡ,ㅡㅡㅡ
사랑스러운,O
인생샷을,O
남기는로맨틱,O
포토존,O
ㅡㅡㅡ,ㅡㅡㅡ
평화의,O
바다,O
ㅡㅡㅡ,ㅡㅡㅡ
신비롭고,O
평화로운,O
바다속꽃길여행,O
ㅡㅡㅡ,ㅡㅡㅡ
월드플라워마켓,O
ㅡㅡㅡ,ㅡㅡㅡ
유럽,O
아시아,O
아프리카,O
대륙의,O
플라워,O
마켓을,O
만나보자,O
ㅡㅡㅡ,ㅡㅡㅡ
한반도,O
자생화,O
정원,O
ㅡㅡㅡ,ㅡㅡㅡ
감초,O
당귀,O
등,O
약용식물,O
부터,O
백리향,B_RES
박하,O
등,O
향기식물,O
산나물,O
관상식물까지,O
한반도,O
의,O
아름다운,O
자생화가,O
한자리,O
에,O
ㅡㅡㅡ,ㅡㅡㅡ
ㅡㅡㅡ,ㅡㅡㅡ
계속,O
주,O
4일,O
출근을,O
소망합니다,O
ㅡㅡㅡ,ㅡㅡㅡ
1일,O
근로자의날,O
을지로,O
종로,O
ㅡㅡㅡ,ㅡㅡㅡ
4일,O
토요일,O
고양스타필드,B_TOR
벽제역,O
이케아,B_TOR
ㅡㅡㅡ,ㅡㅡㅡ
얼른,O
잠옷,O
사야겠다,O
ㅡㅡㅡ,ㅡㅡㅡ
매년,O
열리는,O
고양국제꽃박람회,O
에,O
다녀왔습니다,O
ㅡㅡㅡ,ㅡㅡㅡ
다양한,O
꽃들을,O
보고,O
예쁜,O
사진도,O
찍고,O
ㅡㅡㅡ,ㅡㅡㅡ
호수공원,B_TOR
에서,O
맛있는,O
점심,O
까지,O
ㅡㅡㅡ,ㅡㅡㅡ
행복한,O
하루,O
였어요,O
ㅡㅡㅡ,ㅡㅡㅡ
5월,O
에,O
가족,O
연인,O
친구,O
와,O
가기좋은,O
박람회,O
입니다,O
ㅡㅡㅡ,ㅡㅡㅡ
40대,O
유튜브,O
파주,B_LOC
금촌,O
야식,O
먹방,O
여름,O
에는,O
역시,O
소맥,O
이,O
최고,O
오삼불고기,O
계란말이,O
브,O
이로그,O
ㅡㅡㅡ,ㅡㅡㅡ
안녕하세요,O
로은,O
아빠,O
입니다,O
ㅡㅡㅡ,ㅡㅡㅡ
이번주말,O
에는,O
가족,O
들과,O
함께,O
고양스타필드,B_TOR
에,O
다녀왔습니다,O
ㅡㅡㅡ,ㅡㅡㅡ
로은,O
이가,O
신나게,O
뛰어다니는,O
모습,O
담아봤어요,O
ㅡㅡㅡ,ㅡㅡㅡ
즐겁게,O
봐주시고,O
구독과,O
좋아요,O
부탁드립니다,O
ㅡㅡㅡ,ㅡㅡㅡ
40대,O
유튜브,O
스타필드,B_TOR
고양스타필드,B_TOR
딸,O
바보,O
아빠,O
딸,O
바보,O
주말,O
주말,O
나들이,O
갈비탕,O
갈비탕,O
맛집,O
초보,O
유튜버,O
40대,O
유튜버,O
ㅡㅡㅡ,ㅡㅡㅡ
안녕하세요,O
ㅡㅡㅡ,ㅡㅡㅡ
뚜,O
이에요,O
ㅡㅡㅡ,ㅡㅡㅡ
저는,O
여러가지,O
필요한,O
인테리어,O
제품들이,O
있어서,O
ㅡㅡㅡ,ㅡㅡㅡ
이케아,B_TOR
를,O
다녀왔는데요,O
ㅡㅡㅡ,ㅡㅡㅡ
굳이,O
무엇을,O
살,O
계획이,O
없으시더라도,O
ㅡㅡㅡ,ㅡㅡㅡ
인테리어에,O
관심히,O
많으신,O
분들이라면,O
ㅡㅡㅡ,ㅡㅡㅡ
꼭,O
이케아,B_TOR
매장,O
방문을,O
추천드립니다,O
ㅡㅡㅡ,ㅡㅡㅡ
신발은,O
편한,O
운동화,O
를,O
추천할께요,O
ㅡㅡㅡ,ㅡㅡㅡ
쇼룸을,O
다,O
둘러보려면,O
시간이,O
꽤,O
걸리거든요,O
ㅡㅡㅡ,ㅡㅡㅡ
구경,O
후에,O
이케아,B_TOR
에서,O
저렴하면서,O
맛있는,O
식사도,O
해보세요,O
ㅡㅡㅡ,ㅡㅡㅡ
근교여행으로,O
놀러가기,O
좋은,O
고양스타필드,B_TOR
북카페,O
책으로가는문,B_TOR
위스키,O
추천,O
누룽지,O
통닭집,O
신호등장작구이,B_RES
ㅡㅡㅡ,ㅡㅡㅡ
커플,O
스타필드,B_TOR
위스키,O
근교여행,O
근교드라이브,O
드라이브,O
브이로그,O
데이트,O
ㅡㅡㅡ,ㅡㅡㅡ
오늘,O
동하,O
의,O
무드,O
등을,O
구매하기,O
위해,O
방문한,O
이케아고양점,B_TOR
ㅡㅡㅡ,ㅡㅡㅡ
동하,O
는,O
오늘,O
따라,O
기분이,O
좋은,O
지,O
반짝반짝,O
작은,O
별을,O
불러주기도,O
하고,O
ㅡㅡㅡ,ㅡㅡㅡ
술래잡기를,O
하며,O
저를,O
놀래켜주기도,O
했습니다,O
ㅡㅡㅡ,ㅡㅡㅡ
ㅡㅡㅡ,ㅡㅡㅡ
즐거운,O
이케아,B_TOR
방문의,O
마무리는,O
역시,O
아이스크림,O
으로,O
ㅡㅡㅡ,ㅡㅡㅡ
좋은,O
하루,O
보내세요,O
ㅡㅡㅡ,ㅡㅡㅡ
지난4월26일,O
고양시,B_LOC
일산,B_LOC
호수공원,B_TOR
에서,O
매년,O
이맘때면,O
하는,O
꽃축제에,O
다녀왔어요,O
고양시,B_LOC
에서,O
매년,O
봄,O
에,O
열리는,O
이,O
꽃축제는,O
해마다,O
테마를,O
다르게,O
하여,O
개최하는데요,O
올해,O
는,O
평화,O
라는,O
테마로,O
구성,O
되었구요,O
야외에는,O
각종,O
꽃으로,O
만들어진,O
대형,O
조형물과,O
많은,O
작가,O
들이,O
참여해서,O
만든,O
가든,O
그리고,O
월드,O
플라워마,O
켓등,O
다양한,O
꽃등을,O
보실수,O
있습니다,O
특히,O
다육이,O
로만,O
구성된,O
정원등도,O
많아서,O
다육,O
이,O
좋아하시는,O
분들은,O
꼭,O
가보시면,O
좋을거,O
같아요,O
ㅡㅡㅡ,ㅡㅡㅡ
저도,O
가족,O
들과,O
함께,O
방문해서,O
좋은,O
시간,O
보냈답니다,O
그리고,O
오늘,O
영상은,O
야외,O
정원의,O
모습만,O
담았구요,O
실내,O
전시관,O
모습은,O
다음,O
영상으로,O
올릴께요,O
촬영,O
원본이,O
너무,O
많아서야외편,O
실내편,O
이렇게,O
나눠서,O
편집하고,O
있어요,O
ㅡㅡㅡ,ㅡㅡㅡ
5월,O
가정의달,O
을,O
맞아,O
가족,O
나들이로,O
고양꽃박람회,O
오셔서,O
행복한,O
추억,O
많이많이,O
만드세요,O
늘,O
부족하지만,O
방문해,O
주셔서,O
감사드립니다,O
더,O
좋은,O
영상으로,O
찾아,O
뵐께요,O
고맙습니다,O
ㅡㅡㅡ,ㅡㅡㅡ
고양국제꽃박람회,O
야외편,O
ㅡㅡㅡ,ㅡㅡㅡ
ㅡㅡㅡ,ㅡㅡㅡ
2019,O
고양국제꽃박람회,O
ㅡㅡㅡ,ㅡㅡㅡ
기간은,O
4월26금,O
5월12일일,O
ㅡㅡㅡ,ㅡㅡㅡ
장소는,O
고양시,B_LOC
일산,B_LOC
호수공원,B_TOR
ㅡㅡㅡ,ㅡㅡㅡ
지하철,O
3호선,O
정발산역,O
1번,O
출구에서,O
10분정도,O
도보,O
ㅡㅡㅡ,ㅡㅡㅡ
자세한,O
내용은,O
아래,O
링크를,O
참고해주세요,O
ㅡㅡㅡ,ㅡㅡㅡ
5521,O
10,O
ㅡㅡㅡ,ㅡㅡㅡ
이메일,O
0526,O
ㅡㅡㅡ,ㅡㅡㅡ
네이버,O
ㅡㅡㅡ,ㅡㅡㅡ
모바일,O
로,O
보실때는,O
상단에,O
가장,O
오른쪽,O
점세개,O
버튼을,O
누르신,O
후,O
품질,O
1080,O
을,O
선택하시면,O
더,O
품질,O
좋은,O
영상을,O
감상,O
하실,O
수,O
있습니다,O
로,O
보시는,O
분들은,O
하단에,O
톱니바퀴모양,O
을,O
누르시고,O
똑같이,O
품질,O
1080,O
을,O
선택,O
하시면,O
됩니다,O
ㅡㅡㅡ,ㅡㅡㅡ
이,O
영상의,O
저작권,O
은,O
소소한의평범한점심,O
에게,O
있으며,O
영상,O
다운로드,O
및,O
2차,O
편집,O
무단,O
업로드를,O
금지합니다,O
영상을,O
공유하실,O
땐,O
유튜브,O
링크를,O
사용해주세요,O
ㅡㅡㅡ,ㅡㅡㅡ
일상,O
남편,O
두고,O
외박하기,O
스타필드,B_TOR
고양,B_LOC
스,B_TOR
포츠몬스터,I_TOR
방방,O
트,O
램벌린,O
곱창,O
신혼부부,O
광주,B_LOC
브이로그,O
일상,O
4,O
ㅡㅡㅡ,ㅡㅡㅡ
안녕하세요,O
ㅡㅡㅡ,ㅡㅡㅡ
웅이네이층집,O
입니다,O
0,O
ㅡㅡㅡ,ㅡㅡㅡ
저희는,O
이층집에,O
살고,O
있는,O
신혼부부,O
예요,O
ㅡㅡㅡ,ㅡㅡㅡ
이번,O
영상은,O
남편,O
두고,O
외박하기입니다,O
ㅡㅡㅡ,ㅡㅡㅡ
남편,O
을,O
혼자두고,O
저는,O
친구,O
들과,O
함께,O
ㅡㅡㅡ,ㅡㅡㅡ
서울,B_LOC
로,O
1박2일,O
놀러갔습니다,O
ㅡㅡㅡ,ㅡㅡㅡ
마지막,O
20대,O
를,O
즐겨보자고요,O
ㅎㅎ,O
ㅡㅡㅡ,ㅡㅡㅡ
건전한,O
먹여행이지만요,O
ㅡㅡㅡ,ㅡㅡㅡ
유쾌한,O
일상,O
재미있게,O
봐주세요,O
ㅡㅡㅡ,ㅡㅡㅡ
예쁘게,O
봐주세요,O
ㅡㅡㅡ,ㅡㅡㅡ
화이팅,O
ㅡㅡㅡ,ㅡㅡㅡ
영상이,O
좋으셨다면,O
구독과,O
좋아요도,O
부탁드립니다,O
ㅡㅡㅡ,ㅡㅡㅡ
일상,O
남편,O
두고,O
외박하기,O
스타필드,B_TOR
고양,B_LOC
스,B_TOR
포츠몬스터,I_TOR
방방,O
트,O
램벌린,O
곱창,O
신혼부부,O
광주,B_LOC
브이로그,O
일상,O
4,O
ㅡㅡㅡ,ㅡㅡㅡ
ㅡㅡㅡ,ㅡㅡㅡ
ㅡㅡㅡ,ㅡㅡㅡ
촬영기기,O
ㅡㅡㅡ,ㅡㅡㅡ
남편,O
아이폰,O
ㅡㅡㅡ,ㅡㅡㅡ
아내,O
아이폰6,O
ㅡㅡㅡ,ㅡㅡㅡ
안녕하세요,O
보긍,O
입니다,O
두번째,O
브이로그,O
영상이에요,O
ㅡㅡㅡ,ㅡㅡㅡ
여전히,O
부족함이,O
많지만,O
예쁘게,O
봐주시면,O
감사하겠습니다,O
ㅡㅡㅡ,ㅡㅡㅡ
곧,O
또,O
재밌는,O
영상으로,O
찾아뵐게요,O
영상,O
시청해주셔서,O
감사합니다,O
ㅡㅡㅡ,ㅡㅡㅡ
영상,O
재밌게,O
보셨다면,O
좋아요,O
와,O
구독,O
부탁드립니다,O
감사합니다,O
ㅡㅡㅡ,ㅡㅡㅡ
ㅡㅡㅡ,ㅡㅡㅡ
고양,B_LOC
고양스타필드,B_TOR
스타필드,B_TOR
고양스포츠몬스터,B_TOR
스포츠몬스터,B_TOR
마곡,O
마곡,O
카페,O
마곡,O
빵,O
쌤,O
빵,O
쌤,O
애플워치,O
애플워치,O
발산,O
발산,O
맛집,O
발산마라홀릭,O
마라홀릭,O
마라탕,O
마라탕,O
맛집,O
마곡나루,O
마곡나루서울식물원,O
서울식물원,O
홍대,O
홍대브이로그,O
홍대롤링파스타,O
롤링파스타,O
파스타,O
파스타,O
맛집,O
쇼핑,O
쇼핑브이로그,O
방탈출,O
홍대,O
방탈출,O
방탈출카페,O
브이로그,O
일상,O
ㅡㅡㅡ,ㅡㅡㅡ
꽃축제,O
3탄,O
ㅡㅡㅡ,ㅡㅡㅡ
실내전시,O
1관,O
에서,O
열린,O
세계,O
화예,O
작가,O
들의,O
작품을,O
담은,O
영상,O
입니다,O
세계,O
유명,O
화예,O
작가,O
들이,O
자신들이,O
표현하려는,O
주제를,O
꽃과,O
식물,O
그외,O
다양한,O
재료를,O
가지고,O
작업한,O
멋진,O
작품들을,O
한자리,O
에서,O
볼,O
수,O
있는,O
좋은,O
기회,O
였던거,O
같아요,O
ㅡㅡㅡ,ㅡㅡㅡ
직접,O
관람하시면,O
더,O
생생하게,O
아름다운,O
꽃과,O
식물,O
그리고,O
작가,O
들의,O
작품들도,O
많이,O
보실,O
수,O
있어요,O
관람정보는,O
아래의,O
내용,O
참고,O
해,O
주시기,O
바랍니다,O
ㅡㅡㅡ,ㅡㅡㅡ
ㅡㅡㅡ,ㅡㅡㅡ
2019,O
고양국제꽃박람회,O
기간은,O
4월26금,O
5월12일일,O
ㅡㅡㅡ,ㅡㅡㅡ
장소는,O
고양시,B_LOC
일산,B_LOC
호수공원,B_TOR
ㅡㅡㅡ,ㅡㅡㅡ
지하철,O
3호선,O
정발산역,O
1번,O
출구,O
10분가량,O
도보,O
ㅡㅡㅡ,ㅡㅡㅡ
자세한,O
내용은,O
아래,O
링크를,O
참고해주세요,O
5521,O
ㅡㅡㅡ,ㅡㅡㅡ
꽃축제,O
영상은,O
123탄,O
모두,O
업로드,O
되었습니다,O
부족하지만,O
늘,O
방문해,O
주시고,O
영상을,O
시청해,O
주시는,O
구독자,O
및,O
시청자,O
분들께,O
진심으로,O
감사드립니다,O
다음,O
영상은,O
다시,O
맛있는,O
점심,O
만드는,O
영상으로,O
찾아,O
올께요,O
늘,O
고맙습니다,O
ㅡㅡㅡ,ㅡㅡㅡ
고양시꽃축제,O
고양국제꽃박람회,O
일산꽃축제,O
ㅡㅡㅡ,ㅡㅡㅡ
ㅡㅡㅡ,ㅡㅡㅡ
ㅡㅡㅡ,ㅡㅡㅡ
ㅡㅡㅡ,ㅡㅡㅡ
ㅡㅡㅡ,ㅡㅡㅡ
ㅡㅡㅡ,ㅡㅡㅡ
ㅡㅡㅡ,ㅡㅡㅡ
ㅡㅡㅡ,ㅡㅡㅡ
ㅡㅡㅡ,ㅡㅡㅡ
ㅡㅡㅡ,ㅡㅡㅡ
ㅡㅡㅡ,ㅡㅡㅡ
이메일,O
0526,O
ㅡㅡㅡ,ㅡㅡㅡ
네이버,O
ㅡㅡㅡ,ㅡㅡㅡ
모바일,O
로,O
보실때는,O
상단에,O
가장,O
오른쪽,O
점세개,O
버튼을,O
누르신,O
후,O
품질,O
1080,O
을,O
선택하시면,O
더,O
품질,O
좋은,O
영상을,O
감상,O
하실,O
수,O
있습니다,O
로,O
보시는,O
분들은,O
하단에,O
톱니바퀴모양,O
을,O
누르시고,O
똑같이,O
품질,O
1080,O
을,O
선택,O
하시면,O
됩니다,O
ㅡㅡㅡ,ㅡㅡㅡ
이,O
영상의,O
저작권,O
은,O
소소한의평범한점심,O
에게,O
있으며,O
영상,O
다운로드,O
및,O
2차,O
편집,O
무단,O
업로드를,O
금지합니다,O
영상을,O
공유하실,O
땐,O
유튜브,O
링크를,O
사용해주세요,O
ㅡㅡㅡ,ㅡㅡㅡ
스물네번째,O
기록,O
ㅡㅡㅡ,ㅡㅡㅡ
이케아,B_TOR
에,O
갔다온,O
영상입니다,O
ㅡㅡㅡ,ㅡㅡㅡ
역시,O
이케아,B_TOR
의,O
마무리는,O
가성비,O
짱짱인,O
음식이었다는,O
ㅎㅎㅎ,O
ㅡㅡㅡ,ㅡㅡㅡ
커플,O
데이트,O
브이로그,O
이케아,B_TOR
ㅡㅡㅡ,ㅡㅡㅡ
스타필드,B_TOR
고양,B_TOR
소이연남,B_RES
쌀국수,O
젤라도,O
아이스크림,O
오설록,B_CAF
그린티,O
이마트,O
트레이더스,O
브이로그,O
ㅡㅡㅡ,ㅡㅡㅡ
후원,O
636681322121256350,O
ㅡㅡㅡ,ㅡㅡㅡ
드디어,O
스타필드,B_TOR
고양,B_LOC
에서,O
태풍,O
온,O
연가,O
하루,O
가,O
끝났좌루,O
ㅡㅡㅡ,ㅡㅡㅡ
잘,O
놀긴,O
했지만,O
너무,O
피곤했던것,O
같음,O
ㅡㅡㅡ,ㅡㅡㅡ
이케아,B_TOR
고양,B_LOC
브이로그,O
ㅡㅡㅡ,ㅡㅡㅡ
이케아,B_TOR
고양,B_LOC
에,O
놀러가서,O
그냥,O
이것,O
저것,O
잡다하게,O
찍어보,O
ㅡㅡㅡ,ㅡㅡㅡ
촬영장비,O
10,O
ㅡㅡㅡ,ㅡㅡㅡ
안녕하세요,O
민머리맨입니다,O
ㅡㅡㅡ,ㅡㅡㅡ
명절,O
연휴,O
잘,O
보내셨나요,O
ㅡㅡㅡ,ㅡㅡㅡ
영상,O
시청해주시는,O
모든,O
분들,O
복,O
많이,O
받으시고,O
ㅡㅡㅡ,ㅡㅡㅡ
올한해,O
도,O
무사평안하게,O
보내시길,O
바라겠습니다,O
ㅡㅡㅡ,ㅡㅡㅡ
민머리의,O
명절,O
연휴엔,O
어떤,O
일이,O
일어났을까요,O
ㅡㅡㅡ,ㅡㅡㅡ
앞으로도,O
재밌고,O
희한한,O
일상,O
보여드리겠습니다,O
ㅡㅡㅡ,ㅡㅡㅡ
많은,O
관심과,O
사랑,O
부탁드립니다,O
ㅡㅡㅡ,ㅡㅡㅡ
구독과,O
좋아요는,O
영상을,O
만드는데,O
큰,O
이,O
됩니다,O
ㅡㅡㅡ,ㅡㅡㅡ
브이로그,O
집돌이,O
이케아,B_TOR
ㅡㅡㅡ,ㅡㅡㅡ
촬영,O
ㅡㅡㅡ,ㅡㅡㅡ
12,O
ㅡㅡㅡ,ㅡㅡㅡ
ㅡㅡㅡ,ㅡㅡㅡ
1,O
ㅡㅡㅡ,ㅡㅡㅡ
브금,O
대통령,O
ㅡㅡㅡ,ㅡㅡㅡ
7,O
ㅡㅡㅡ,ㅡㅡㅡ
2,O
ㅡㅡㅡ,ㅡㅡㅡ
브금저장소,O
ㅡㅡㅡ,ㅡㅡㅡ
33,O
ㅡㅡㅡ,ㅡㅡㅡ
3,O
ㅡㅡㅡ,ㅡㅡㅡ
ㅡㅡㅡ,ㅡㅡㅡ
01,O
ㅡㅡㅡ,ㅡㅡㅡ
4,O
ㅡㅡㅡ,ㅡㅡㅡ
브금저장소,O
ㅡㅡㅡ,ㅡㅡㅡ
89,O
ㅡㅡㅡ,ㅡㅡㅡ
5,O
ㅡㅡㅡ,ㅡㅡㅡ
브금저장소,O
ㅡㅡㅡ,ㅡㅡㅡ
00,O
ㅡㅡㅡ,ㅡㅡㅡ
6,O
ㅡㅡㅡ,ㅡㅡㅡ
ㅡㅡㅡ,ㅡㅡㅡ
7,O
ㅡㅡㅡ,ㅡㅡㅡ
7,O
ㅡㅡㅡ,ㅡㅡㅡ
ㅡㅡㅡ,ㅡㅡㅡ
ㅡㅡㅡ,ㅡㅡㅡ
서울,B_LOC
파주,B_LOC
고양,B_LOC
ㅡㅡㅡ,ㅡㅡㅡ
본,O
저작물은,O
문화체육관광부,O
가,O
주최하고,O
지역문화진흥원,O
이,O
주관하는,O
ㅡㅡㅡ,ㅡㅡㅡ
문,O
화가있,O
는,O
날,O
문화보러,O
2기,O
사업의,O
지원을,O
받아,O
제작된,O
영상입니다,O
ㅡㅡㅡ,ㅡㅡㅡ
문화가있는날,O
바로가기,O
ㅡㅡㅡ,ㅡㅡㅡ
파주나비나라박물관,O
바로가기,O
ㅡㅡㅡ,ㅡㅡㅡ
ㄴ,O
문화가있는날,O
입장료,O
무료,O
및,O
다양한,O
체험,O
진행,O
ㅡㅡㅡ,ㅡㅡㅡ
유진민속박물관,B_TOR
바로가기,O
ㅡㅡㅡ,ㅡㅡㅡ
ㄴ,O
문,O
화가있는날,O
입장료,O
50,O
할인,O
ㅡㅡㅡ,ㅡㅡㅡ
이번,O
문화여행은,O
서울,B_LOC
근교의,O
파주,B_LOC
고양시,B_LOC
에,O
다녀왔어요,O
ㅡㅡㅡ,ㅡㅡㅡ
동심으로,O
돌아가,O
박물관,O
두곳,O
을,O
다녀왔는데,O
ㅡㅡㅡ,ㅡㅡㅡ
솔직히,O
생각보다,O
재밌어서,O
당황스러웠어요ㅎㅎ,O
ㅡㅡㅡ,ㅡㅡㅡ
멀지않은,O
서울,B_LOC
근교,O
파주,B_LOC
고양시,B_LOC
문화여행,O
ㅡㅡㅡ,ㅡㅡㅡ
여러분의,O
마음에,O
노크하는,O
스팟이,O
있다면,O
ㅡㅡㅡ,ㅡㅡㅡ
꼭,O
한번,O
문화가,O
있는,O
날과,O
함께,O
여행해보셔요,O
ㅡㅡㅡ,ㅡㅡㅡ
파주,B_LOC
여행,O
파주,B_LOC
브이로그,O
문화가있는날,O
ㅡㅡㅡ,ㅡㅡㅡ
소풍족,O
개인정보,O
공개,O
ㅡㅡㅡ,ㅡㅡㅡ
인서타그램,O
우야,O
영,O
ㅡㅡㅡ,ㅡㅡㅡ
이멜,O
1,O
ㅡㅡㅡ,ㅡㅡㅡ
