﻿word,ner
스타필드,B_TOR
스포츠몬스터,B_TOR
정복하기,O
하남스타필드,O
고양스타필드,B_TOR
스포츠몬스터,B_TOR
개꿀잼브이로그,O
커플브이로그,O
휴일브이로그,O
직장인연차,O
블로,O
ㅡㅡㅡ,ㅡㅡㅡ
이케아,B_TOR
브이로그,O
쇼핑,O
브이로그,O
이케아고양점,B_TOR
첫,O
방문기,O
ㅡㅡㅡ,ㅡㅡㅡ
보안팀은,O
쇼핑몰에서,O
길,O
안,O
잃어버리나요,O
스타필드,B_TOR
직원,O
브이로그,O
스타필드고양,B_TOR
보안요원,O
브이로그,O
ㅡㅡㅡ,ㅡㅡㅡ
이케아,B_TOR
브이로그ㅣ,O
고양,B_LOC
이케아,B_TOR
쇼핑,O
푸드코트,O
인테리어,O
자취템,O
소주잔,O
구매ㅣ자취,O
브이로그,O
ㅡㅡㅡ,ㅡㅡㅡ
브이로그,O
평범한,O
일상,O
엽기,O
떡볶이,O
고양,B_LOC
이케아,B_TOR
환불,O
카페,O
강아지,O
와,O
산책,O
ㅡㅡㅡ,ㅡㅡㅡ
잼잼,O
커플,O
고양,B_LOC
이케아,B_TOR
데이트,O
브이로그,O
독립,O
준비,O
이사,O
준비,O
집꾸미기,O
ㅡㅡㅡ,ㅡㅡㅡ
가는,O
길,O
이케아,B_TOR
고양,B_LOC
주차장,O
초보운전브이로그,O
무,O
면허자와,O
장농면허,O
그리고,O
운전경력,O
40년,O
가족,O
운전면허,O
자숙하고,O
돌아올게여,O
ㅡㅡㅡ,ㅡㅡㅡ
일상,O
브이로그,O
데이트,O
브이로그,O
고양,B_LOC
이케아,B_TOR
쇼핑,O
파주,O
맛집,O
한강,O
드라이브,O
치킨,O
먹방,O
뿌링클,O
이케아,B_TOR
가구,O
조립,O
ㅡㅡㅡ,ㅡㅡㅡ
휴직,O
브이로그,O
송도,O
오라카이호텔,O
호캉스하고,O
고양,B_LOC
이케아,B_TOR
고양,B_LOC
스타필드,B_TOR
다녀온,O
일상,O
랜선,O
벚꽃,O
놀이해요,O
ㅡㅡㅡ,ㅡㅡㅡ
일상,O
브이로그,O
이케아,B_TOR
고양,B_LOC
ㅡㅡㅡ,ㅡㅡㅡ
직딩,O
휴무,O
브이로그,O
고양,B_LOC
이케아,B_TOR
드라이브,O
설날,O
발렌타인데이,O
데이트,O
친구,O
들과,O
우정다지기,O
롯데시네마씨네컴포트,O
딸기,O
ㅡㅡㅡ,ㅡㅡㅡ
일상브이로,O
그,O
청년다방,O
고양스타필드,B_TOR
비건고수파운드,O
소이연남,B_RES
감성타코,B_RES
ㅡㅡㅡ,ㅡㅡㅡ
오늘,O
은,O
네번째,O
브이로그,O
고양스타필드,B_TOR
나들이,O
스타필드,B_TOR
갈고양,O
ㅡㅡㅡ,ㅡㅡㅡ
쿠조,O
일상,O
브이로그,O
이케아고양점,B_TOR
이케아,B_TOR
카페,O
인테리어,O
집꾸미기,O
ㅡㅡㅡ,ㅡㅡㅡ
이케아,B_TOR
고양,B_LOC
방문기,O
15개월,O
아기,O
브이로그,O
체리튜브,O
ㅡㅡㅡ,ㅡㅡㅡ
이케아,B_TOR
쇼핑,O
브이로그,O
이케아고양점,B_TOR
레스토랑,O
원단,O
패브릭,O
자취템,O
랜선,O
이케아,B_TOR
투어,O
ㅡㅡㅡ,ㅡㅡㅡ
경기도,O
고양,B_LOC
여행,O
행주산성,B_TOR
나들이,O
브이로그,O
ㅡㅡㅡ,ㅡㅡㅡ
데이트브이로그,O
고양스타필드데이트,B_TOR
스타필드,B_TOR
맛집,O
스포츠용품샵,O
데카트론,O
와플,O
일상,O
ㅡㅡㅡ,ㅡㅡㅡ
주말,O
브이로그,O
이케아고양점,B_TOR
이케아,B_TOR
아이스크림,O
ㅡㅡㅡ,ㅡㅡㅡ
일상브이로그,O
고양시,B_LOC
스타필드,B_TOR
2,O
ㅡㅡㅡ,ㅡㅡㅡ
일상,O
브이로그,O
행주산성,B_TOR
등산,O
일산,B_LOC
맛집,O
고양,B_LOC
이케아,B_TOR
ㅡㅡㅡ,ㅡㅡㅡ
커플브이로그ㅣ카페,O
진정성ㅣ,O
고양,B_LOC
이케아,B_TOR
ㅣ,O
레이지버거클럽,B_RES
ㅣ,O
건대,O
포비,O
ㅣ,O
커플,O
사진ㅣ데이트,O
장소추천ㅣ드라이브장소추천,O
ㅡㅡㅡ,ㅡㅡㅡ
신혼,O
브이로그신혼집,O
살림템,O
추천,O
일산,O
모드니,O
고양,B_LOC
이케아,B_TOR
방문쇼핑,O
추천리스트,O
ㅡㅡㅡ,ㅡㅡㅡ
고양스타필드,B_TOR
이케아,B_TOR
나들이,O
브이로그,O
쉑,B_RES
쉑버거,I_RES
먹방,O
플라잉,O
타이거코펜하겐,O
추억의,O
불량식품,O
솜사탕,O
고디바,O
ㅡㅡㅡ,ㅡㅡㅡ
자급자족,O
생일파티,O
브이로그,O
고양,B_LOC
스타필드,B_TOR
털기,O
아무말,O
대잔치,O
파티,O
준비,O
파티,O
음식,O
ㅡㅡㅡ,ㅡㅡㅡ
육아브이로그,O
유아니랑가요,O
경기도,O
고양,B_LOC
이케아,B_TOR
어린이박물관,B_TOR
방문기,O
아기랑가볼만한곳,O
추천,O
ㅡㅡㅡ,ㅡㅡㅡ
이케아,B_TOR
처음,O
가본,O
중학생,O
의,O
이케아,B_TOR
방문기,O
고양,B_LOC
이케아,B_TOR
브이로그,O
ㅡㅡㅡ,ㅡㅡㅡ
일상,O
브이로그,O
대학생,O
선생님,O
플니,O
고양시,B_LOC
일산,B_LOC
가로수길,O
같이,O
갈고양,O
고양시,B_LOC
서포터즈,O
가로수길,O
먹방,O
호수공원,B_TOR
아이템샵,O
제이숲,O
염색,O
그,O
이후,O
ㅡㅡㅡ,ㅡㅡㅡ
남자친구,O
와,O
보낸,O
올해,O
첫번째,O
여름,O
휴가,O
브이로그,O
고양스타필드,B_TOR
이케아,B_TOR
쇼핑,O
가평,O
펜션,O
바베큐,O
ㅡㅡㅡ,ㅡㅡㅡ
내가,O
사랑하는,O
꽃시장,O
가는,O
날,O
브이로그,O
고양,B_LOC
화훼단지,O
꽃시장,O
이케아,B_TOR
ㅡㅡㅡ,ㅡㅡㅡ
운전브이로그,O
건전지가,O
필요해,O
이케아,B_TOR
고양점,O
다녀오기,O
ㅡㅡㅡ,ㅡㅡㅡ
브이로그,O
이케아,B_TOR
고양,B_LOC
쇼핑과,O
먹방,O
ㅡㅡㅡ,ㅡㅡㅡ
고양시,B_LOC
당일치기,O
브이로그,O
피스피스,B_CAF
민속집,B_RES
이케아,B_TOR
경기도,O
ㅡㅡㅡ,ㅡㅡㅡ
일상,O
브이로그,O
고양,B_LOC
스타필드,B_TOR
디즈니,O
팝업스토어,O
또,O
친한,O
동생,O
만나서,O
강남,O
돌아다니기,O
무월식탁,O
파란만잔,O
라인프렌즈,O
카카오프렌즈,O
노티드도넛,O
ㅡㅡㅡ,ㅡㅡㅡ
지옥의,O
일상브이로그,O
보통의삶,O
이케아,B_TOR
고양,B_LOC
점,O
심야,O
영화,O
담보,O
롯데시네마,O
김포공항,O
점,O
공트럴파크,O
공릉동도깨비,O
무드쉐어,O
ㅡㅡㅡ,ㅡㅡㅡ
브이로그,O
고양,B_LOC
이케아,B_TOR
ㅡㅡㅡ,ㅡㅡㅡ
영상쟁이,O
브이로그,O
장거리,O
커플,O
의,O
고양스타필드,B_TOR
뿌시기,O
스타필드,B_TOR
쉑쉑버거,B_RES
하늘공원,O
노을공원,O
ㅡㅡㅡ,ㅡㅡㅡ
육아,O
브이로그,O
13,O
ㅣ,O
고양,B_LOC
스타필드,B_TOR
베이비카,O
페,O
다녀왔어요,O
ㅡㅡㅡ,ㅡㅡㅡ
이케아,B_TOR
브이로그,O
1,O
신혼부부,O
추천템,O
고양이케아,B_TOR
쇼핑,O
리챠코챠,O
부부,O
신혼일기,O
ㅡㅡㅡ,ㅡㅡㅡ
일상,O
브이로그,O
데이트,O
역,O
고양,B_LOC
카페,O
디스케,B_CAF
이프,I_CAF
더드로우,O
조던하이퍼로얄언,O
박싱,O
스타필드,B_TOR
맥북프로,O
ㅡㅡㅡ,ㅡㅡㅡ
브이로그,O
일상브이로그,O
예슬,O
일기,O
고양,B_LOC
이케아,B_TOR
방,O
꾸미기,O
역전할머니맥주,O
ㅡㅡㅡ,ㅡㅡㅡ
갑자기,O
겨울,O
이케아,B_TOR
나들이,O
브이로그,O
장남식당,O
뜨랑블랑카페,O
고양이케아,B_TOR
카우민,O
ㅡㅡㅡ,ㅡㅡㅡ
리들,O
의,O
일상,O
고양,B_LOC
이케아,B_TOR
에,O
다녀왔어요,O
브이로그,O
이케아,B_TOR
에서,O
밥,O
만,O
먹고옴ㅋㅋ,O
ㅡㅡㅡ,ㅡㅡㅡ
쑤니퀸,O
직장인,O
여가,O
브이로그,O
이케아,B_TOR
고양,B_LOC
쇼핑,O
이케아,B_TOR
푸드코트,O
떡볶이,O
이케아하울,O
ㅡㅡㅡ,ㅡㅡㅡ
일상브이로그뚜벅이들의,O
고양,B_LOC
이케아,B_TOR
구경하기,O
이케아,B_TOR
쇼핑,O
이케아,B_TOR
레스토랑,O
ㅡㅡㅡ,ㅡㅡㅡ
일상,O
브이로그,O
이케아고양점,B_TOR
성북동,O
빵,O
공장,O
무명,O
칼국수,O
ㅡㅡㅡ,ㅡㅡㅡ
5분,O
브이로그,O
5,O
이케아,B_TOR
고양점,O
쇼핑,O
추석,O
맞이,O
수정과,O
와,O
떡구이,O
먹기,O
귀여운,O
고양이,O
들,O
ㅡㅡㅡ,ㅡㅡㅡ
임산부,O
한주간,O
먹방위주,O
브이로그,O
벤츠,O
서비스센터,O
이케아,B_TOR
고양,B_LOC
고양스타필드,B_TOR
ㅡㅡㅡ,ㅡㅡㅡ
브이로그,O
외출,O
처돌이의,O
주말,O
스타필드고양,B_TOR
소이연남,B_RES
쉑쉑버거,B_RES
현대식품관,O
캔디하트,O
스윗사파이어,O
와인,O
한잔,O
브런치,O
오리고기,O
ㅡㅡㅡ,ㅡㅡㅡ
01,O
브이로그,O
주말일상,O
키티버니포니,O
이케아,B_TOR
고양,B_LOC
나들이,O
ㅡㅡㅡ,ㅡㅡㅡ
직장인,O
반차,O
브이로그,O
일산,B_LOC
카페,O
고양,B_LOC
행주산성,B_TOR
나들이,O
밀,O
푀유나베,O
만들어먹기,O
ㅡㅡㅡ,ㅡㅡㅡ
주말,O
브이로그,O
이케아,B_TOR
고양,B_LOC
점,O
그리고,O
첫눈,O
ㅡㅡㅡ,ㅡㅡㅡ
행복했,O
던브이로그,O
테스트,O
스타필드,B_TOR
고양,B_LOC
전시회개인전,O
소이연남,B_RES
키르시,O
음악작업편집,O
고양이화장실,O
보컬레슨,O
문걸이빨랫대,O
오트밀죽,O
환승연애,O
화성학,O
등,O
ㅡㅡㅡ,ㅡㅡㅡ
오래브이로그,O
고양,B_LOC
맛집,O
이케아,B_TOR
다녀온,O
일상,O
티라미수,O
도,O
먹고,O
스파게티,O
도,O
먹고,O
인테리어,O
구경도,O
하고,O
브이로그,O
ㅡㅡㅡ,ㅡㅡㅡ
이사,O
가기전,O
고양,B_LOC
이케아,B_TOR
브이로그,O
이케아,B_TOR
먹부림,O
데이트,O
주말,O
나들ㅇㅣ,O
ㅡㅡㅡ,ㅡㅡㅡ
육아브이로그,O
평일,O
의,O
한가한,O
이케아,B_TOR
고양,O
ㅡㅡㅡ,ㅡㅡㅡ
고양이케아,B_TOR
탐방기,O
이케아,B_TOR
이케아,B_TOR
고양,B_LOC
이케아,B_TOR
인형,O
대학생,O
브이로그방학생활,O
1월,O
의,O
마지막날,O
ㅡㅡㅡ,ㅡㅡㅡ
쇼쇼죠,O
죠,O
일상브이로그,O
이케아,B_TOR
일산,B_LOC
고양,B_LOC
점,O
온라인,O
쇼룸,O
브리오,O
기차,O
놀이,O
공룡,O
이케아레스,B_RES
토랑,I_RES
ㅡㅡㅡ,ㅡㅡㅡ
일상,O
브이로그,O
3,O
고양,B_LOC
이케아,B_TOR
스타필드,B_TOR
다이소,O
크리스마스,O
소품구경,O
스타벅스,O
비누만들기,O
ㅡㅡㅡ,ㅡㅡㅡ
추석,O
브이로그,O
한성몰,O
이케아,B_TOR
고양,B_LOC
ㅡㅡㅡ,ㅡㅡㅡ
빈브이,O
브이로그,O
이케아,B_TOR
이케아고양,B_TOR
점,O
이케아,B_TOR
맛집,O
마호가니,B_CAF
ㅡㅡㅡ,ㅡㅡㅡ
고양,B_LOC
이케아,B_TOR
브이로그,O
책읽기,O
설연휴,O
비혼,O
일상,O
ㅡㅡㅡ,ㅡㅡㅡ
블루밍여니,O
의,O
브이로그,O
39,O
소이연남,B_RES
스타필드고양,B_TOR
39,O
의,O
소고기,O
쌀국수,O
와,O
스프링롤,O
ㅡㅡㅡ,ㅡㅡㅡ
삼부자,O
의,O
고양스타필드,B_TOR
ㅣ,O
스타필드,B_TOR
쇼핑,O
먹방,O
브이로그,O
ㅡㅡㅡ,ㅡㅡㅡ
일상브이로그,O
이케아,B_TOR
에서,O
밥먹자,O
1,O
이케아고양점,B_TOR
ㅡㅡㅡ,ㅡㅡㅡ
일상브이로그,O
피자,O
스쿨,O
피자,O
사러가기,O
이케아고양점,B_TOR
영상편집집순이홈카페만들기생일선물언박싱,O
대학생,O
과제하루종일하기,O
ㅡㅡㅡ,ㅡㅡㅡ
육아,O
브이로그,O
미세먼지,O
많을때는,O
스타필드,B_TOR
가서,O
놀자,O
고양,B_LOC
스타필드,B_TOR
마켓,O
노브랜드,O
쇼핑하기,O
오즈모모바일2,O
촬영,O
ㅡㅡㅡ,ㅡㅡㅡ
인테리어,O
팁,O
조금밖에,O
없음,O
주의,O
홈인테리어,O
전문가,O
와,O
함께한,O
고양,B_LOC
이케아,B_TOR
브이로그,O
영상,O
ㅡㅡㅡ,ㅡㅡㅡ
1,O
고양,B_LOC
이케아,B_TOR
푸드코트,O
스타필드,B_TOR
장보는,O
일상,O
브이로그,O
ㅡㅡㅡ,ㅡㅡㅡ
뮤덕브이로그,O
고양,B_LOC
이케아,B_TOR
뮤지컬,O
광화문연가,O
등등,O
서울,O
일상,O
ㅡㅡㅡ,ㅡㅡㅡ
다이어트,O
외식하는,O
날,O
식단,O
브이로,O
그,O
밀싹라떼,O
고양시,B_LOC
맛집,O
이케아,B_TOR
그냥,O
다이어트,O
ㅡㅡㅡ,ㅡㅡㅡ
이케아,B_TOR
브이로그,O
먹부림,O
이케아고양점,B_TOR
ㅡㅡㅡ,ㅡㅡㅡ
고양,B_LOC
이케아,B_TOR
푸드코트에서,O
신메뉴,O
먹고,O
제빵도구,O
사는,O
일상,O
브이로그,O
신상품,O
이케아,B_TOR
가방,O
ㅡㅡㅡ,ㅡㅡㅡ
직장인,O
브이로그,O
출근룩,O
데일리룩,O
먹기,O
위한,O
운동,O
고양,B_LOC
스타필드,B_TOR
스포츠몬스터,B_TOR
어른이,O
놀이터,O
쉑쉑버거,B_RES
와플팬,O
스콘,O
들기름막국수,O
남자친구,O
데이트,O
ㅡㅡㅡ,ㅡㅡㅡ
고양,B_LOC
어린이,B_TOR
박물관,I_TOR
다녀왔어요,O
4살,O
체험,O
리아,O
의,O
주말,O
브이로그,O
ㅡㅡㅡ,ㅡㅡㅡ
커플,O
브이로그4,O
주말,O
데이트,O
의정부,O
동두천,O
이케아,B_TOR
고양,B_LOC
뚝섬한강공원,O
ㅡㅡㅡ,ㅡㅡㅡ
바켠,O
을지로,O
종로,O
고양스타필드,B_TOR
벽제역,O
이케아,B_TOR
쉬는,O
날,O
브이로그,O
ㅡㅡㅡ,ㅡㅡㅡ
20대,O
정육하는,O
청년,O
쉬는날,O
고양시,B_LOC
원당시장,B_TOR
정육점,O
사장,O
님,O
일산,B_LOC
칼국수,O
일상,O
브이로그,O
ㅡㅡㅡ,ㅡㅡㅡ
브이로그,O
고양국제꽃박람회,O
호수공원,B_TOR
꽃박람회,O
ㅡㅡㅡ,ㅡㅡㅡ
수상스키,O
비오는,O
날,O
고양스타필드,B_TOR
에,O
가면,O
셀토스,O
초보운전,O
브이로그,O
신대방역,O
맛집,O
노란집,O
보라매공원,O
에베레스트,O
레스토랑,O
ㅡㅡㅡ,ㅡㅡㅡ
일상,O
브이로그,O
브이로그,O
일상,O
이케아,B_TOR
인테리어,O
이케아,B_TOR
쇼룸,O
이케아고양,B_TOR
점,O
ㅡㅡㅡ,ㅡㅡㅡ
고양,B_LOC
스타필드,B_TOR
스포츠,O
몬스터,O
실내,O
이색데이트,O
어른들의,O
놀이터,O
스포츠몬스터,B_TOR
고양,B_LOC
스포츠몬스터로프코스,B_TOR
스포츠몬스터,B_TOR
미끄럼틀,O
스포츠몬스터,B_TOR
농구,O
스포츠몬스터방탄,B_TOR
스포츠몬스터,B_TOR
브이로그,O
ㅡㅡㅡ,ㅡㅡㅡ
22개월,O
아기와,O
스타필드,B_TOR
나들이,O
고양스타필드,B_TOR
아기,O
브이로그,O
ㅡㅡㅡ,ㅡㅡㅡ
일상,O
남편,O
두고,O
외박하기,O
스타필드,B_TOR
고양,B_LOC
스,B_TOR
포츠몬스터,I_TOR
방방,O
트,O
램벌린,O
곱창,O
신혼부부,O
광주,O
브이로그,O
일상,O
4,O
ㅡㅡㅡ,ㅡㅡㅡ
스타필드,B_TOR
다녀왔어요,O
고양스포츠몬스터,B_TOR
마곡,O
빵쌤,O
애플워치,O
마라탕,O
발산마라홀릭,O
서울식물원,O
홍대,O
브이로그,O
ㅡㅡㅡ,ㅡㅡㅡ
고양,B_LOC
레이지버거클럽,B_RES
이케아,B_TOR
파주,O
미메시스,O
롯데아울렛,O
비,O
오는,O
날,O
친구,O
들과,O
드라이브,O
브이로그,O
ㅡㅡㅡ,ㅡㅡㅡ
강아지,O
스타필드,B_TOR
쇼핑,O
브이로그,O
고양스타필드,B_TOR
데카트론,O
잭러셀테리어,O
강아지,O
장난감추천,O
공추천,O
ㅡㅡㅡ,ㅡㅡㅡ
이게,O
집이야,O
가구점이야,O
시간순삭,O
고양,B_LOC
이케아,B_TOR
데이트,O
브이로그,O
ㅡㅡㅡ,ㅡㅡㅡ
을왕리,O
조개구이,O
일산,B_LOC
가나안덕,B_RES
고양,B_LOC
스타필드,B_TOR
먹방,O
직장인,O
브이로그,O
11,O
ㅡㅡㅡ,ㅡㅡㅡ
스타필드고양,B_TOR
5편,O
먹방,O
소이연남,B_RES
젤라또,O
아이스크림,O
오설록,B_CAF
이마트트레이더스,O
피자,O
공무원,O
브이로그,O
ㅡㅡㅡ,ㅡㅡㅡ
이케아,B_TOR
에,O
함께,O
가봐요,O
이케아고양,B_TOR
이케아,B_TOR
쇼핑주말일상브이로그,O
ㅡㅡㅡ,ㅡㅡㅡ
190430,O
이케아,B_TOR
고양,B_LOC
ㅡㅡㅡ,ㅡㅡㅡ
1,O
이케아,B_TOR
에서,O
공룡,O
을,O
본,O
아기의,O
반응,O
고양이케아,B_TOR
ㅡㅡㅡ,ㅡㅡㅡ
