﻿word,ner
주빛나래여행,O
두번째,O
전라도,B_LOC
여행,O
1,O
ㅡㅡㅡ,ㅡㅡㅡ
이번엔,O
여행영상이예요,O
광주,B_LOC
를,O
다녀왔답니다,O
ㅡㅡㅡ,ㅡㅡㅡ
2월,O
에,O
갔던영상이지만,O
전라도,B_LOC
는,O
날씨가,O
너무,O
따뜻했어요,O
ㅡㅡㅡ,ㅡㅡㅡ
친구,O
의,O
추천으로,O
전라남도,B_LOC
를,O
가보았는데,O
ㅡㅡㅡ,ㅡㅡㅡ
전라남도,B_LOC
의,O
많은,O
지역중,O
광주,B_LOC
목표,O
진도,O
이렇게만,O
슬쩍,O
다녀와봤습니당,O
ㅡㅡㅡ,ㅡㅡㅡ
1박2일,O
의,O
일정이라,O
1탄,O
2탄,O
으로,O
나눴어요,O
ㅡㅡㅡ,ㅡㅡㅡ
1탄,O
인,O
광주,B_LOC
에서의,O
일정,O
재밌게봐주세용,O
ㅡㅡㅡ,ㅡㅡㅡ
사실,O
힐링하러간건데,O
웨때무네,O
일정이,O
많아졌는디,O
ㅎㅎ,O
ㅡㅡㅡ,ㅡㅡㅡ
공항에내려서,O
빛고을,B_RES
떡갈비,I_RES
전일빌딩,B_TOR
펭귄마을,B_TOR
송정역시장,B_TOR
1913,I_TOR
ㅡㅡㅡ,ㅡㅡㅡ
1일차,O
치곤,O
무난한가욤,O
ㅎㅎ,O
ㅡㅡㅡ,ㅡㅡㅡ
영상이,O
무지많아서,O
정말,O
많이,O
줄였어요,O
ㅠ,O
ㅡㅡㅡ,ㅡㅡㅡ
제,O
영상을,O
보고,O
광주,B_LOC
에,O
가보신다면,O
제루트대,O
로,O
가보시는거,O
추천드려요,O
ㅡㅡㅡ,ㅡㅡㅡ
바쁘게,O
돌아다녔지만,O
그래도,O
많이,O
보고오는,O
여행이되는,O
느낌일거예요,O
ㅡㅡㅡ,ㅡㅡㅡ
2탄,O
은,O
좀,O
여유로운,O
영상,O
되어볼게요,O
ㅎㅎ,O
ㅡㅡㅡ,ㅡㅡㅡ
입장료는,O
전부,O
무료입니다,O
ㅡㅡㅡ,ㅡㅡㅡ
ㅡㅡㅡ,ㅡㅡㅡ
21,O
ㅡㅡㅡ,ㅡㅡㅡ
광주,B_LOC
여행브이로그,O
광주,B_LOC
브이로그,O
광주,B_LOC
여행,O
ㅡㅡㅡ,ㅡㅡㅡ
광주,B_LOC
여행브이로그,O
광주,B_LOC
브이로그,O
광주,B_LOC
여행,O
ㅡㅡㅡ,ㅡㅡㅡ
한달전,O
에,O
출판,O
미팅이,O
있어서,O
광주,B_LOC
에,O
다녀왔어요,O
그,O
뒤로,O
광주,B_LOC
앓이를,O
시작했죠,O
눈이,O
소복이,O
내린,O
날,O
만난,O
광주,B_LOC
가,O
너무,O
예뻐서,O
꼭,O
다시,O
오고,O
싶었거든요,O
물론,O
출판,O
미팅은,O
잘,O
되지,O
않았습니다,O
ㅠㅠ,O
그냥,O
좋은,O
추억으로만,O
ㅡㅡㅡ,ㅡㅡㅡ
그때,O
혼자,O
왔을,O
때,O
출판사,O
근처에,O
청춘발산마을,B_TOR
이,O
있어서,O
홱,O
돌아봤고요,O
그냥,O
집으로,O
돌아오기,O
아쉬운,O
마음에,O
펭귄마을,B_TOR
잠깐,O
보고,O
광주역,O
바로,O
앞,O
에,O
있는,O
1913송정역시장,B_TOR
도,O
둘러보고,O
바로,O
돌아왔어요,O
ㅡㅡㅡ,ㅡㅡㅡ
그런데,O
이번에,O
좋은,O
기회가,O
생겨,O
손해보험,O
공식,O
블로그에,O
여행기를,O
기고하게,O
되었어요,O
바로,O
첫번째,O
여행지로,O
광주,B_LOC
를,O
선택했답니다,O
이번에는,O
남편,O
을,O
데리고,O
아주,O
조심스럽게,O
사부작,O
다녀왔죠,O
남편,O
과는,O
물론,O
차,O
를,O
끌고,O
갔다,O
왔어요,O
물론,O
아래,O
코스,O
다,O
뚜벅이로,O
가능한,O
코스,O
ㅡㅡㅡ,ㅡㅡㅡ
위,O
영상은,O
혼자,O
다녀왔던,O
영상과,O
함께,O
다녀왔던,O
영상을,O
혼합한거예요,O
ㅡㅡㅡ,ㅡㅡㅡ
추천,O
코스,O
ㅡㅡㅡ,ㅡㅡㅡ
광주송정역,B_TOR
도착,O
1913,O
송정역시장,B_TOR
산책,O
지하철,O
타고,O
문화전당역,O
하차,O
ㅡㅡㅡ,ㅡㅡㅡ
그,O
뒤로,O
다,O
도보,O
여행,O
가능,O
양림동,O
근대문화골목,O
전일빌딩245,B_TOR
뒹굴동굴,O
최승효고택,B_TOR
과,O
이장우가옥,B_TOR
펭귄마을,B_TOR
호랑가시나무언덕,O
까지,O
광주송정역,O
귀가,O
ㅡㅡㅡ,ㅡㅡㅡ
입장료,O
다,O
무료,O
ㅡㅡㅡ,ㅡㅡㅡ
송정역시장,B_TOR
은,O
맛집이,O
많고,O
양림동근대문화골목,O
엔,O
카페가,O
많음,O
ㅡㅡㅡ,ㅡㅡㅡ
청춘발산마을,B_TOR
은,O
저의,O
경우,O
미팅,O
장소가,O
그,O
근처라서,O
뚜벅이로,O
다녀왔는데,O
양림동,O
근대문화골목,O
과는,O
버스,O
로,O
230분,O
거리가,O
있어서,O
당일치기,O
코스에서,O
빼도,O
좋습니다,O
ㅡㅡㅡ,ㅡㅡㅡ
000,O
ㅡㅡㅡ,ㅡㅡㅡ
017,O
가는,O
방법,O
ㅡㅡㅡ,ㅡㅡㅡ
104,O
광주,B_LOC
맛집,O
대인시장,B_TOR
영광식당,B_TOR
ㅡㅡㅡ,ㅡㅡㅡ
150,O
전일빌딩245,B_TOR
910층,O
518민주화운동기념관,B_TOR
ㅡㅡㅡ,ㅡㅡㅡ
305,O
전일빌딩245,B_TOR
옥상,O
전일마루,O
ㅡㅡㅡ,ㅡㅡㅡ
327,O
뒹굴동굴,B_TOR
최승효,B_TOR
고택과,I_TOR
이장우,B_TOR
가옥,I_TOR
ㅡㅡㅡ,ㅡㅡㅡ
425,O
펭귄마을,B_TOR
ㅡㅡㅡ,ㅡㅡㅡ
533,O
호랑가시나무언덕,O
우일선,B_TOR
선교사,I_TOR
사택,I_TOR
ㅡㅡㅡ,ㅡㅡㅡ
606,O
사직공원,B_TOR
전망대,O
ㅡㅡㅡ,ㅡㅡㅡ
617,O
청춘발산마을,B_TOR
ㅡㅡㅡ,ㅡㅡㅡ
자세한,O
여행기는,O
손해보험,O
공식블로그에,O
업로드되었습니다,O
영상은,O
해당,O
콘텐츠와,O
무관합니다,O
ㅡㅡㅡ,ㅡㅡㅡ
22211,O
ㅡㅡㅡ,ㅡㅡㅡ
봄비와의,O
소통은,O
인스타그램,O
ㅡㅡㅡ,ㅡㅡㅡ
ㅡㅡㅡ,ㅡㅡㅡ
자세한,O
정보는,O
블로그,O
ㅡㅡㅡ,ㅡㅡㅡ
8,O
ㅡㅡㅡ,ㅡㅡㅡ
프로야구,O
개막,O
하기전에,O
시범경기를,O
다녀왔어요,O
ㅡㅡㅡ,ㅡㅡㅡ
9년동안,O
기아타이거즈,O
팬,O
하면서,O
광주,B_LOC
를,O
한,O
번,O
안갔네요ㅋㅋㅋ,O
ㅡㅡㅡ,ㅡㅡㅡ
개막전,O
직관에,O
앞서,O
미리,O
다녀왔습니다,O
ㅡㅡㅡ,ㅡㅡㅡ
챔피언스필드,B_TOR
주변에,O
있는,O
광주,B_LOC
맛집도,O
다녀왔으니,O
재밌게,O
봐주세요ㅎㅎ,O
ㅡㅡㅡ,ㅡㅡㅡ
광주,B_LOC
챔피언스필드,B_TOR
주변맛집,O
나주곰탕,B_RES
일미분식,B_RES
상추튀김,O
왕뼈사랑,B_RES
궁전제과,B_CAF
ㅡㅡㅡ,ㅡㅡㅡ
역시,O
유투브,O
할려면,O
팔이피플,O
이죠,O
ㅡㅡㅡ,ㅡㅡㅡ
2년전,O
에,O
기획하여,O
몇달의,O
과정을,O
담은,O
기록입니다,O
ㅡㅡㅡ,ㅡㅡㅡ
텀블벅,O
기획제작포장,O
과정밖에,O
없네요,O
ㅡㅡㅡ,ㅡㅡㅡ
이,O
영상에,O
아쉽게도,O
독립출판,O
꿀팁그런거,O
없습니다,O
ㅡㅡㅡ,ㅡㅡㅡ
독립출판의,O
3요소,O
는,O
체력과,O
열정,O
그리고,O
돈이라는,O
생각이,O
드네요,O
ㅡㅡㅡ,ㅡㅡㅡ
돈이,O
없어서,O
크라우드펀딩,O
텀블벅,O
으로,O
제작비를,O
충당했습니다,O
ㅡㅡㅡ,ㅡㅡㅡ
후원해주신,O
분들,O
감사합니다,O
ㅡㅡㅡ,ㅡㅡㅡ
제작비를,O
제하고,O
저와,O
글,O
작가,O
의,O
노동력을,O
갈아,O
넣은,O
가슴,O
으로,O
낳은,O
무등산수박,B_TOR
등,O
ㅡㅡㅡ,ㅡㅡㅡ
독립출판을,O
하시는,O
창작자,O
분들,O
존경합니다,O
ㅡㅡㅡ,ㅡㅡㅡ
저는,O
이제,O
돈을,O
받는,O
일을,O
하러,O
떠나겠습니다,O
디자인,O
리소인쇄,O
의뢰,O
주세요,O
안녕,O
ㅡㅡㅡ,ㅡㅡㅡ
036,O
텀블벅,O
페이지,O
작성하기,O
어려움,O
연습해보고,O
올리세요,O
ㅡㅡㅡ,ㅡㅡㅡ
103,O
무등산,B_TOR
수박,O
등과,O
일러스트에,O
대하여,O
ㅡㅡㅡ,ㅡㅡㅡ
109,O
텀블벅,O
특전,O
포스터,O
리소인쇄,O
하기,O
ㅡㅡㅡ,ㅡㅡㅡ
155,O
두창작자,O
의,O
개고생,O
전에,O
가지는,O
해피타임,O
ㅡㅡㅡ,ㅡㅡㅡ
209,O
지옥의,O
감리,O
ㅡㅡㅡ,ㅡㅡㅡ
220,O
그리고,O
인쇄사고,O
사고영상,O
없음,O
ㅡㅡㅡ,ㅡㅡㅡ
교통사고가,O
제일,O
무섭지만,O
인쇄사고도,O
무섭습니다,O
ㅡㅡㅡ,ㅡㅡㅡ
232,O
책과,O
굿즈,O
북파우치,O
완성,O
0,O
ㅡㅡㅡ,ㅡㅡㅡ
318,O
텀블벅,O
의,O
8할,O
은,O
모다,O
포장,O
ㅡㅡㅡ,ㅡㅡㅡ
334,O
책,O
검수,O
및,O
노가다,O
ㅡㅡㅡ,ㅡㅡㅡ
353,O
무등산,B_TOR
수박,O
등,O
언박싱,O
ㅡㅡㅡ,ㅡㅡㅡ
글,O
작가,O
김보라,O
의,O
인스타그램,O
ㅡㅡㅡ,ㅡㅡㅡ
저의,O
인스타그램,O
ㅡㅡㅡ,ㅡㅡㅡ
책소개,O
링크,O
ㅡㅡㅡ,ㅡㅡㅡ
무등산,B_TOR
수박,O
등,O
입고처,O
36,O
ㅡㅡㅡ,ㅡㅡㅡ
북파우치,O
제작자,O
ㅡㅡㅡ,ㅡㅡㅡ
안녕하세요,O
포토바이하루,O
입니다,O
ㅡㅡㅡ,ㅡㅡㅡ
이번,O
영상은,O
미팅이,O
있어,O
다녀온,O
ㅡㅡㅡ,ㅡㅡㅡ
전라도,B_LOC
광주,B_LOC
당일치기,O
브이로그,O
입니다,O
ㅡㅡㅡ,ㅡㅡㅡ
재미있게,O
보셨다면,O
좋아요,O
와,O
구독,O
눌러주세요,O
ㅡㅡㅡ,ㅡㅡㅡ
감사합니당,O
ㅡㅡㅡ,ㅡㅡㅡ
ㅡㅡㅡ,ㅡㅡㅡ
126,O
상무지구,O
카페304,B_CAF
ㅡㅡㅡ,ㅡㅡㅡ
201,O
동명동,O
재주당,B_RES
ㅡㅡㅡ,ㅡㅡㅡ
313247,O
커피,O
ㅡㅡㅡ,ㅡㅡㅡ
341,O
양림동,O
시니피,B_CAF
에,I_CAF
ㅡㅡㅡ,ㅡㅡㅡ
424,O
몽상,O
ㅡㅡㅡ,ㅡㅡㅡ
447,O
송정역시장,B_TOR
ㅡㅡㅡ,ㅡㅡㅡ
500,O
마카,B_CAF
롱상점,I_CAF
ㅡㅡㅡ,ㅡㅡㅡ
ㅡㅡㅡ,ㅡㅡㅡ
344,O
ㅡㅡㅡ,ㅡㅡㅡ
1005,O
ㅡㅡㅡ,ㅡㅡㅡ
2019,O
ㅡㅡㅡ,ㅡㅡㅡ
ㅡㅡㅡ,ㅡㅡㅡ
ㅡㅡㅡ,ㅡㅡㅡ
2019,O
포토바이하루,O
ㅡㅡㅡ,ㅡㅡㅡ
2차,O
편집을,O
원치,O
않으며,O
영상을,O
공유하실때에는,O
유튜브,O
링크를,O
통해,O
사용하여,O
주세요,O
ㅡㅡㅡ,ㅡㅡㅡ
무분별한,O
인신공격,O
및,O
악의성,O
댓글은,O
삭제,O
및,O
차단합니다,O
ㅡㅡㅡ,ㅡㅡㅡ
안녕하세요,O
미국,O
직장인,O
마리,O
입니다,O
ㅡㅡㅡ,ㅡㅡㅡ
양림동,O
에,O
너무,O
맛있는,O
1인,O
쉐프,O
식당,O
을,O
발견했어요,O
ㅡㅡㅡ,ㅡㅡㅡ
어니스트식스티,B_RES
6,O
에서,O
ㅡㅡㅡ,ㅡㅡㅡ
점보파스타,O
와,O
막창튀김먹물리소또,O
를,O
먹었는데,O
ㅡㅡㅡ,ㅡㅡㅡ
세상에,O
왠일인가요,O
너무,O
맛있었어요,O
ㅡㅡㅡ,ㅡㅡㅡ
알고보니,O
생활의달인,O
에도,O
나온,O
유명한,O
광주,B_LOC
맛집,O
이더라구요,O
ㅡㅡㅡ,ㅡㅡㅡ
가볍에,O
펭귄마을,B_TOR
을,O
둘러본,O
후,O
펭귄당,B_CAF
이라는,O
ㅡㅡㅡ,ㅡㅡㅡ
귀여운,O
이름의,O
디저트카페,O
를,O
갔답니다,O
ㅡㅡㅡ,ㅡㅡㅡ
그리고,O
충장로,O
로,O
이동한,O
후,O
알라딘중고서점,O
에서,O
ㅡㅡㅡ,ㅡㅡㅡ
중고서적,O
을,O
구매했어요,O
ㅡㅡㅡ,ㅡㅡㅡ
저녁,O
은,O
점심,O
의,O
막창리소또,O
에,O
이어,O
막창순대,O
를,O
먹으러,O
ㅡㅡㅡ,ㅡㅡㅡ
담양청운식당,O
에,O
갔어요,O
ㅡㅡㅡ,ㅡㅡㅡ
진짜,O
현지인,O
들이,O
가는,O
담양,O
맛집,O
이에요,O
여러분들도,O
꼭,O
드셔보셨으면,O
좋겠어요,O
ㅡㅡㅡ,ㅡㅡㅡ
음식은,O
정말,O
전라도,B_LOC
가,O
짱이에요,O
ㅡㅡㅡ,ㅡㅡㅡ
재밌게,O
보셨다면,O
좋아요와,O
구독,O
부탁드려요,O
ㅡㅡㅡ,ㅡㅡㅡ
ㅡㅡㅡ,ㅡㅡㅡ
ㅡㅡㅡ,ㅡㅡㅡ
ㅡㅡㅡ,ㅡㅡㅡ
광주,B_LOC
브이로그,O
ㅡㅡㅡ,ㅡㅡㅡ
안녕하세요,O
퐁듀언니에요,O
ㅡㅡㅡ,ㅡㅡㅡ
다이어트,O
275일차,O
브이로그입니다,O
ㅡㅡㅡ,ㅡㅡㅡ
또,O
먹는영상이,O
있어서,O
고개,O
를,O
들수가,O
없지만,O
ㅡㅡㅡ,ㅡㅡㅡ
광주,B_LOC
에,O
가서,O
무등산,B_TOR
을,O
타고,O
왔답니다,O
ㅡㅡㅡ,ㅡㅡㅡ
조금씩,O
산이랑,O
친해져가는,O
중이에요,O
ㅡㅡㅡ,ㅡㅡㅡ
무등산무등산닭볶음탕,B_TOR
초고도비만먹,O
방초고도비만다이어트다이어트브이,O
로그,O
초고도비만다이어,O
터초고도비만다이어,O
터고도비만,O
초고도비만브,O
이로그,O
ㅡㅡㅡ,ㅡㅡㅡ
202151,O
무등산,B_TOR
양떼목장,O
ㅡㅡㅡ,ㅡㅡㅡ
양떼목장,O
ㅡㅡㅡ,ㅡㅡㅡ
무등산양떼목장,O
ㅡㅡㅡ,ㅡㅡㅡ
화순,O
ㅡㅡㅡ,ㅡㅡㅡ
화순군,O
ㅡㅡㅡ,ㅡㅡㅡ
화순양떼목장,O
ㅡㅡㅡ,ㅡㅡㅡ
스위스,O
ㅡㅡㅡ,ㅡㅡㅡ
한국,O
의,O
스위스,O
ㅡㅡㅡ,ㅡㅡㅡ
전남,B_LOC
가볼만한곳,O
ㅡㅡㅡ,ㅡㅡㅡ
광주,B_LOC
근교,O
ㅡㅡㅡ,ㅡㅡㅡ
광주,B_LOC
브이로그,O
ㅡㅡㅡ,ㅡㅡㅡ
광주,B_LOC
근교드라이브,O
ㅡㅡㅡ,ㅡㅡㅡ
광주,B_LOC
에서,O
손꼽히는,O
시장중,O
하나,O
ㅡㅡㅡ,ㅡㅡㅡ
젊은,O
사람들도,O
아주,O
많이,O
방문한다는,O
그,O
시장,O
ㅡㅡㅡ,ㅡㅡㅡ
송정역시장,B_TOR
에,O
다녀왔어요ㅎㅎ,O
맛집이,O
아주,O
많으니까,O
ㅡㅡㅡ,ㅡㅡㅡ
많이,O
다녀가세요,O
ㅡㅡㅡ,ㅡㅡㅡ
ㅡㅡㅡ,ㅡㅡㅡ
일상브이로그,O
광주,B_LOC
브이로그,O
송정역시장,B_TOR
모,O
바일온누리상품권,O
제로페이,O
대학생,O
브이로그,O
먹방,O
ㅡㅡㅡ,ㅡㅡㅡ
남자친구,O
랑여행,O
ㅡㅡㅡ,ㅡㅡㅡ
라이트,O
민커플,O
여행,O
ㅡㅡㅡ,ㅡㅡㅡ
제대로된,O
후기는,O
아래,O
링크를,O
타고,O
블로그로,O
들어와주세요,O
ㅡㅡㅡ,ㅡㅡㅡ
남자친구,O
와,O
함께,O
떠나는,O
10번째,O
국내여행,O
ㅡㅡㅡ,ㅡㅡㅡ
항상,O
출발은,O
우리집에서,O
ㅡㅡㅡ,ㅡㅡㅡ
1,O
곡성,O
맛집,O
송다원,O
ㅡㅡㅡ,ㅡㅡㅡ
이번,O
여행은,O
생각보다,O
여유롭게,O
출발해,O
ㅡㅡㅡ,ㅡㅡㅡ
곡성,O
맛집,O
송다원,O
에서,O
능이버섯삼계탕,O
능이버섯,O
만두,O
ㅡㅡㅡ,ㅡㅡㅡ
능이버섯,O
의,O
향이,O
솔솔솔,O
ㅡㅡㅡ,ㅡㅡㅡ
제대로된,O
몸보신,O
했습니다,O
ㅡㅡㅡ,ㅡㅡㅡ
2,O
천국의게단,O
으로,O
유명한,O
곡성,O
씨엘로,O
ㅡㅡㅡ,ㅡㅡㅡ
곡성씨엘로,O
에서,O
인생샷,O
건지기는했지만,O
ㅠㅠ,O
ㅡㅡㅡ,ㅡㅡㅡ
다이어트가,O
필요해,O
ㅡㅡㅡ,ㅡㅡㅡ
사진보다는,O
통통한,O
하체,O
가,O
먼저,O
보이는구만,O
ㅡㅡㅡ,ㅡㅡㅡ
사진,O
찍기,O
좋을,O
것,O
같음,O
ㅡㅡㅡ,ㅡㅡㅡ
3,O
여수예술랜드,O
트릭아트,O
ㅡㅡㅡ,ㅡㅡㅡ
오빠,O
랑,O
할까,O
말까,O
고민하다가,O
같이,O
예매한,O
트릭아트,O
표,O
ㅡㅡㅡ,ㅡㅡㅡ
하니까,O
후회는,O
남지,O
않은,O
여수,O
예술랜드,O
트릭아트,O
ㅡㅡㅡ,ㅡㅡㅡ
사진찍는거,O
좋아하시는분들은,O
하셔도,O
좋으실,O
것,O
같음,O
ㅡㅡㅡ,ㅡㅡㅡ
로,O
나와,O
특별한,O
경험,O
선사한,O
것,O
같음,O
ㅡㅡㅡ,ㅡㅡㅡ
4,O
여수예술랜드,O
공중그네,O
오션스카이워크,O
마이다스의손,O
ㅡㅡㅡ,ㅡㅡㅡ
요즘,O
상으로,O
유명한,O
공중그네,O
오션스카이워크,O
가,O
바로,O
여수,O
예술랜드,O
에,O
위치해있음,O
ㅡㅡㅡ,ㅡㅡㅡ
평소에,O
익스트림,O
좋아하시는분들은,O
도전해보시는것도,O
좋으실,O
것,O
같아요,O
ㅡㅡㅡ,ㅡㅡㅡ
남자친구,O
가,O
무서워해서,O
오히려,O
더,O
꿀잼이였어요,O
ㅡㅡㅡ,ㅡㅡㅡ
여수,O
마이다스,O
의손,O
ㅡㅡㅡ,ㅡㅡㅡ
이곳에서,O
인생샷을,O
또,O
찍으실,O
수,O
있으세요,O
ㅡㅡㅡ,ㅡㅡㅡ
밑에,O
직원,O
분께서,O
찍어주시니,O
인생샹,O
득템스,O
ㅡㅡㅡ,ㅡㅡㅡ
사진,O
꼭,O
한번,O
찍어오세요,O
0,O
ㅡㅡㅡ,ㅡㅡㅡ
5,O
여수,O
로타리식당,O
ㅡㅡㅡ,ㅡㅡㅡ
열심히,O
놀고,O
사진찍다보니,O
배,O
가고프더라구요,O
ㅡㅡㅡ,ㅡㅡㅡ
여수,O
맛집,O
백반,O
맛집으로,O
유명한,O
로타리,O
식당에,O
방문했습니다,O
ㅡㅡㅡ,ㅡㅡㅡ
거리도,O
예술랜드와,O
가까워,O
좋았으며,O
가격은,O
1인당,O
8000원,O
에,O
ㅡㅡㅡ,ㅡㅡㅡ
간장게장,O
양념게장,O
게된장국,O
갓김치제육볶음,O
까지,O
ㅡㅡㅡ,ㅡㅡㅡ
푸짐하게,O
오빠,O
랑,O
저는,O
3공기,O
에,O
사이다,O
2캔,O
까지,O
깔끔하게,O
클리어,O
ㅡㅡㅡ,ㅡㅡㅡ
여수,O
로타리,O
식당,O
추천드립니다,O
ㅡㅡㅡ,ㅡㅡㅡ
오빠,O
덕분에,O
10번째,O
여행도,O
무사히,O
잘,O
다녀왔답니다,O
ㅡㅡㅡ,ㅡㅡㅡ
운전하느라,O
고생했어요,O
ㅡㅡㅡ,ㅡㅡㅡ
ㅡㅡㅡ,ㅡㅡㅡ
안녕하세요,O
라이트민,O
입니다,O
ㅡㅡㅡ,ㅡㅡㅡ
저의,O
브이로그,O
함께,O
봐주신,O
모든분들,O
감사드립니다,O
ㅡㅡㅡ,ㅡㅡㅡ
부족하신부분은,O
댓글로,O
남겨주시면,O
감사드리겠습니다,O
ㅡㅡㅡ,ㅡㅡㅡ
영상이,O
좋으셨던,O
분들은,O
공감댓글,O
부탁드립니다,O
ㅡㅡㅡ,ㅡㅡㅡ
감사합니다,O
ㅡㅡㅡ,ㅡㅡㅡ
ㅡㅡㅡ,ㅡㅡㅡ
블로그,O
50,O
ㅡㅡㅡ,ㅡㅡㅡ
1,O
으로,O
촬영해,O
본,O
브이로그에요,O
ㅡㅡㅡ,ㅡㅡㅡ
이번,O
데이트,O
하고,O
나서,O
ㅡㅡㅡ,ㅡㅡㅡ
몇일동안,O
여행앓이,O
했어요,O
ㅡㅡㅡ,ㅡㅡㅡ
올해,O
한,O
데이트,O
중에,O
세손가락,O
안에,O
들어올,O
데이트,O
ㅡㅡㅡ,ㅡㅡㅡ
주말,O
부부,O
신혼부부,O
데이트장소,O
무등산,B_TOR
ㅡㅡㅡ,ㅡㅡㅡ
여우뚜구,O
부부,O
가을,O
하늘,O
석양,O
노을,O
ㅡㅡㅡ,ㅡㅡㅡ
광주,B_LOC
여행지추천,O
ㅡㅡㅡ,ㅡㅡㅡ
0800,O
ㅡㅡㅡ,ㅡㅡㅡ
데일리룩,O
여행,O
브이로그,O
ㅡㅡㅡ,ㅡㅡㅡ
광주,B_LOC
담양,O
ㅡㅡㅡ,ㅡㅡㅡ
9,O
ㅡㅡㅡ,ㅡㅡㅡ
죽녹원,O
ㅡㅡㅡ,ㅡㅡㅡ
관장제림,O
ㅡㅡㅡ,ㅡㅡㅡ
어텐션플리즈,O
ㅡㅡㅡ,ㅡㅡㅡ
쌍교,B_RES
숯,I_RES
불갈비,I_RES
ㅡㅡㅡ,ㅡㅡㅡ
ㅡㅡㅡ,ㅡㅡㅡ
ㅡㅡㅡ,ㅡㅡㅡ
ㅡㅡㅡ,ㅡㅡㅡ
38,O
ㅡㅡㅡ,ㅡㅡㅡ
10,O
ㅡㅡㅡ,ㅡㅡㅡ
중관,B_RES
ㅡㅡㅡ,ㅡㅡㅡ
올데이피크닉,B_CAF
ㅡㅡㅡ,ㅡㅡㅡ
무질서,B_CAF
ㅡㅡㅡ,ㅡㅡㅡ
궁전제과,B_CAF
ㅡㅡㅡ,ㅡㅡㅡ
베비에르과자점,B_CAF
ㅡㅡㅡ,ㅡㅡㅡ
ㅡㅡㅡ,ㅡㅡㅡ
ㅡㅡㅡ,ㅡㅡㅡ
ㅡㅡㅡ,ㅡㅡㅡ
ㅡㅡㅡ,ㅡㅡㅡ
ㅡㅡㅡ,ㅡㅡㅡ
11,O
ㅡㅡㅡ,ㅡㅡㅡ
ㅡㅡㅡ,ㅡㅡㅡ
ㅡㅡㅡ,ㅡㅡㅡ
ㅡㅡㅡ,ㅡㅡㅡ
ㅡㅡㅡ,ㅡㅡㅡ
ㅡㅡㅡ,ㅡㅡㅡ
12,O
ㅡㅡㅡ,ㅡㅡㅡ
란주칼면,O
ㅡㅡㅡ,ㅡㅡㅡ
ㅡㅡㅡ,ㅡㅡㅡ
ㅡㅡㅡ,ㅡㅡㅡ
ㅡㅡㅡ,ㅡㅡㅡ
ㅡㅡㅡ,ㅡㅡㅡ
38,O
ㅡㅡㅡ,ㅡㅡㅡ
13,O
ㅡㅡㅡ,ㅡㅡㅡ
ㅡㅡㅡ,ㅡㅡㅡ
ㅡㅡㅡ,ㅡㅡㅡ
ㅡㅡㅡ,ㅡㅡㅡ
ㅡㅡㅡ,ㅡㅡㅡ
ㅡㅡㅡ,ㅡㅡㅡ
15,O
ㅡㅡㅡ,ㅡㅡㅡ
ㅡㅡㅡ,ㅡㅡㅡ
ㅡㅡㅡ,ㅡㅡㅡ
ㅡㅡㅡ,ㅡㅡㅡ
ㅡㅡㅡ,ㅡㅡㅡ
38,O
ㅡㅡㅡ,ㅡㅡㅡ
16,O
ㅡㅡㅡ,ㅡㅡㅡ
ㅡㅡㅡ,ㅡㅡㅡ
ㅡㅡㅡ,ㅡㅡㅡ
ㅡㅡㅡ,ㅡㅡㅡ
날씨가,O
갑자기,O
추워졌으니,O
따닷하게,O
입으세요,O
감사합니다,O
ㅡㅡㅡ,ㅡㅡㅡ
광주,B_LOC
에서,O
연어초밥,O
을,O
먹기위해,O
초밥,O
으로,O
유명한,O
상무초밥,B_RES
에서,O
배달을,O
시켰어요,O
ㅡㅡㅡ,ㅡㅡㅡ
배달로,O
온,O
연어초밥,O
과,O
추가적으로,O
모밀,O
과,O
샐러드,O
도,O
함께,O
왔어요,O
ㅡㅡㅡ,ㅡㅡㅡ
맛있는,O
광주,O
맛집,O
상무초밥,B_RES
ㅡㅡㅡ,ㅡㅡㅡ
상무초밥,B_RES
연어초밥,O
광주,B_LOC
맛집,O
연어,O
연어,O
맛집,O
광주연어초밥,O
배달,O
상무초밥,B_RES
배달후기,O
상무초밥,O
배민후기,O
광주,O
초밥,O
맛집,O
ㅡㅡㅡ,ㅡㅡㅡ
안녕하세요,O
ㅡㅡㅡ,ㅡㅡㅡ
오늘,O
은,O
화정동,O
에,O
있는,O
루키초밥집,B_RES
을,O
방문했어요,O
친구,O
추천으로,O
가봤는데,O
분위기도,O
좋고,O
맛도,O
좋고,O
사장님,O
인심도,O
좋으셨어요,O
여러분,O
꼭,O
가보셔용,O
협찬,O
ㅡㅡㅡ,ㅡㅡㅡ
남자친구,O
가,O
처음으로,O
브이로그에,O
등장했어요,O
예쁘게봐주세요,O
ㅡㅡㅡ,ㅡㅡㅡ
제,O
목소리도,O
쌩목으로는,O
첫등장인데,O
좀,O
떨리네용,O
ㅡㅡㅡ,ㅡㅡㅡ
궁금한거,O
있으시면,O
댓글남겨두시면,O
친절하게,O
알려드리겠습니당ㅎㅎ,O
ㅡㅡㅡ,ㅡㅡㅡ
오늘,O
도,O
재밌게,O
봐주셔서,O
감사합니당,O
감기,O
조심하세요,O
ㅡㅡㅡ,ㅡㅡㅡ
광주,B_LOC
브이로그,O
화정동,O
루키초밥,B_RES
초밥,O
먹방,O
광주,B_LOC
맛집,O
광주,B_LOC
맛집투어,O
ㅡㅡㅡ,ㅡㅡㅡ
ㅡㅡㅡ,ㅡㅡㅡ
안녕하세요,O
ㅡㅡㅡ,ㅡㅡㅡ
창원,O
맛집영상이,O
조회수가,O
3000회,O
가,O
넘으면서,O
ㅡㅡㅡ,ㅡㅡㅡ
나에게도,O
이런일이,O
ㅡㅡㅡ,ㅡㅡㅡ
사방팔방,O
자랑을,O
하고,O
다녔지만,O
ㅡㅡㅡ,ㅡㅡㅡ
결국,O
돌아오는,O
대답은,O
그래서,O
구독자,O
가,O
얼만데,O
ㅡㅡㅡ,ㅡㅡㅡ
140명,O
이요,O
하니,O
여전히,O
비웃던,O
지인,O
들이,O
생각나네요,O
ㅡㅡㅡ,ㅡㅡㅡ
하지만,O
전,O
조회수,O
많으로도,O
너무,O
행복했어요,O
ㅡㅡㅡ,ㅡㅡㅡ
아직,O
많이,O
부족하지만,O
봐주셔서,O
감사합니다,O
ㅡㅡㅡ,ㅡㅡㅡ
진도,O
여행을하고,O
오늘,O
은,O
어디를,O
갈까,O
ㅡㅡㅡ,ㅡㅡㅡ
이야기하다가,O
광주,B_LOC
를,O
한번,O
도,O
안가본,O
저를,O
호야,O
가,O
광주,B_LOC
로,O
데려가,O
주었습니다,O
ㅡㅡㅡ,ㅡㅡㅡ
깔끔하면서도,O
유니크한,O
숙소,O
ㅡㅡㅡ,ㅡㅡㅡ
전참시,O
몽환,B_RES
영자,O
님이,O
드셨던,O
우대갈비,O
도,O
먹어보고,O
ㅡㅡㅡ,ㅡㅡㅡ
서울,O
에서,O
핫하다는,O
제주탐라포차,B_RES
ㅡㅡㅡ,ㅡㅡㅡ
광주,B_LOC
는,O
어디든,O
들어가면,O
맛있다던,O
식당,O
ㅡㅡㅡ,ㅡㅡㅡ
그리고,O
편레스토랑,O
의,O
감태김밥,O
까지,O
함께,O
해요,O
우리,O
ㅡㅡㅡ,ㅡㅡㅡ
