﻿word,ner
나혼자,O
광주,B_LOC
뚜벅이,O
여행,O
브이로그,O
국립아시아문화전당,B_TOR
동명동,B_LOC
카페거리,O
궁전제과,B_CAF
솔밭솥밥,B_RES
ㅡㅡㅡ,ㅡㅡㅡ
브이로그,O
프로야구,O
9년차,O
팬,O
의,O
광주,B_LOC
첫,O
방문기,O
광주,B_LOC
맛집,O
챔피언스필드,B_TOR
광주,O
맛집,O
나주,O
곰탕,O
궁전제과,B_RES
일미분식,B_RES
왕뼈사랑,B_RES
ㅡㅡㅡ,ㅡㅡㅡ
광주,B_LOC
브이로그,O
무등산,B_TOR
네이버파트너스퀘,O
어,O
광주,B_LOC
맛집,O
광주,B_LOC
동명동,B_LOC
ㅡㅡㅡ,ㅡㅡㅡ
일상,O
브이로그,O
광주,B_LOC
카페,O
목포,O
카페,O
두끼,O
충장로,O
육층집,O
진월동,B_LOC
카페,O
초밥,O
광주,O
마카롱,O
ㅡㅡㅡ,ㅡㅡㅡ
브이로그,O
무등산,B_TOR
광주,B_LOC
벚,O
꽃,O
모노레일,O
비빔밥,O
온천할머,B_RES
니집,I_RES
부리나,B_RES
치킨,I_RES
산,O
카페,O
먹방,O
카페,O
차,O
소풍,O
ㅡㅡㅡ,ㅡㅡㅡ
일상,O
광주,B_LOC
동명동,B_LOC
브이로그,O
동명동,B_LOC
카페,O
오버롤,O
39,O
39,O
돌섬,O
ㅡㅡㅡ,ㅡㅡㅡ
휴가,O
브이로그,O
전라도,B_LOC
광주,B_LOC
무등산,B_TOR
첨단포플레이,B_TOR
ㅡㅡㅡ,ㅡㅡㅡ
광주,B_LOC
동명동,B_LOC
브이로그,O
2월,O
의,O
광주,B_LOC
나들이,O
동명동,B_LOC
오버롤,B_CAF
시현하다레코더즈,O
카페,O
온화,B_CAF
스트,O
럭트,O
ㅡㅡㅡ,ㅡㅡㅡ
무등산,B_TOR
정상,O
브이로그,O
광주,B_LOC
일상,O
부산,O
일상,O
동명동,B_LOC
나들이,O
오니츠카타이거,O
멕시코66,O
빈티지,O
템버린즈,O
치팅,O
4번,O
ㅡㅡㅡ,ㅡㅡㅡ
당일치기,O
광주,B_LOC
여행,O
브이로그,O
수진초밥,B_RES
담양,O
죽녹원,B_RES
충장로,O
궁전제과,B_CAF
민속촌,O
ㅡㅡㅡ,ㅡㅡㅡ
초고도비만,O
다이어트,O
브이로그,O
275일차,O
광주,B_LOC
무등산,B_TOR
에,O
가다,O
퐁듀언니,O
ㅡㅡㅡ,ㅡㅡㅡ
양치기,O
브이로그,O
무등산,B_TOR
양떼목장,O
광주,B_LOC
근교,O
드라이브,O
양,O
먹이주기,O
체험,O
화순,O
ㅡㅡㅡ,ㅡㅡㅡ
1,O
먹방브이로그,O
광주,B_LOC
맛집,O
생선구이,O
광주,B_LOC
여행,O
무등산,B_TOR
리프트카,O
모노레일,O
커플브이로그,O
여행,O
광주,B_LOC
에,O
라라랜드,O
가,O
ㅡㅡㅡ,ㅡㅡㅡ
직장인,O
일주일,O
데일리룩,O
광주,B_LOC
담양,O
여행브이로그,O
어텐션플리,O
즈,O
올데이피크닉,B_CAF
쌍교갈비,B_RES
무질서,B_CAF
궁전제과,B_CAF
포코마켓,O
원로그,O
코스,O
라벨아카이브프롬비기닝에프터먼데이,O
ㅡㅡㅡ,ㅡㅡㅡ
4,O
인바디,O
태닝,O
브이로그,O
광주,B_LOC
일상,O
코치님,O
몰래,O
치팅,O
풍암호수공원,B_TOR
세차,O
또,O
무등산,B_TOR
ㅡㅡㅡ,ㅡㅡㅡ
