﻿word,ner
단양,B_LOC
여행,O
브이로그,O
가을,O
국내여행,O
단양,B_LOC
맛집,O
마늘떡갈비,O
카페산,B_CAF
리틀포레스트,B_CAF
단양구경시장,B_TOR
한옥숙소,O
가을,O
여행지,O
ㅡㅡㅡ,ㅡㅡㅡ
충북,O
단양,B_LOC
1박2일,O
여행브이로그,O
패러글라이,O
딩,O
무서워요,O
양갈비,O
토마호크바베큐,O
에,O
맥주,O
는,O
덤,O
마늘떡갈비,O
먹고,O
산카,O
페투어,O
단양강,B_TOR
잔도,O
걷고,O
알파인코스터타기,O
온달스테이,O
ㅡㅡㅡ,ㅡㅡㅡ
하늘,O
위에서,O
생일,O
이벤트,O
단양,B_LOC
여행브이로그1,O
패러글라,O
이딩,O
버킷리스트,O
뿌시기,O
히노끼탕,O
도깨비카페,B_CAF
구경시장,B_TOR
마늘떡갈비,O
현지맛집,O
ㅡㅡㅡ,ㅡㅡㅡ
여행,O
단양,B_LOC
1편,O
비오는,O
단양에,O
서,O
놀기꼭,O
가볼,O
맛집먹방,O
리틀포레스트,B_CAF
구경시장,B_TOR
새한서점,B_TOR
게스트하우스,O
ㅡㅡㅡ,ㅡㅡㅡ
마늘,O
편,O
단양,B_LOC
왔써영먹,O
방브이로,O
그,O
달라스,B_RES
햄버거,I_RES
마늘순대전골,O
흑마늘닭강정,B_RES
마늘만두,B_RES
매운,O
칼국수,O
제비봉,B_TOR
등산,O
복매운탕,O
탕수육,O
육개장,O
치킨,O
ㅡㅡㅡ,ㅡㅡㅡ
여행,O
브이로그,O
단양,B_LOC
여행,O
브이로그,O
ㅡㅡㅡ,ㅡㅡㅡ
7,O
직장인,O
일상브이로그캠핑,O
단양,B_LOC
캠핑반딧불,O
캠핑장,O
부부,O
캠핑,O
캠,O
퍼데일리룩출근룩,O
파타고니아,O
파타고니아티셔츠,O
아이스쿨러,O
쉘프,O
트래블러쇼츠,O
무신사,O
캠핑로그,O
ㅡㅡㅡ,ㅡㅡㅡ
여행,O
단양,B_LOC
2편,O
단양,B_LOC
여행코스패러글라이딩흑백사진관꼭,O
가볼,O
맛집카페,O
ㅡㅡㅡ,ㅡㅡㅡ
영화,O
리틀포레스트,B_CAF
가,O
현실에,O
단양,B_LOC
여행브이로그,O
2,O
자연,O
속,O
힐링,O
감성숙소,O
39,O
매리앤스가든,O
39,O
도담삼봉,B_TOR
만천하스카이워크,B_TOR
알파인코스터,O
마느리막국수,O
ㅡㅡㅡ,ㅡㅡㅡ
당일치기,O
단양,B_LOC
여행,O
만천하,B_TOR
스카이워크,I_TOR
알파인코스터,O
카,B_CAF
페산,I_CAF
ㅣ국내여행지,O
브이로그,O
ㅡㅡㅡ,ㅡㅡㅡ
단양,B_LOC
여행,O
브이로그,O
1일차,O
맛집,O
단풍놀이,O
고수동굴,B_TOR
단양,B_LOC
구경시장,B_TOR
도담삼봉,B_TOR
수양개빛터널,B_TOR
바베큐파티,O
ㅡㅡㅡ,ㅡㅡㅡ
가욤브이로그,O
단양,B_LOC
충주,O
당일치기,O
여행,O
단양,B_LOC
카페산,B_CAF
마늘떡갈비,O
맛집,O
도담삼봉,B_TOR
충주호,O
악어섬,O
충주,O
카페,O
게으른악어,O
ㅡㅡㅡ,ㅡㅡㅡ
여행,O
친구,O
들과,O
단양,B_LOC
여행,O
브이로그ㅣ,O
감성,O
여행ㅣ패러글라이딩ㅣ소품샵ㅣ,O
단양구경시장,B_TOR
ㅣ,O
오션플레이,B_TOR
ㅣ,O
만천하스카이워크,B_TOR
ㅡㅡㅡ,ㅡㅡㅡ
단양,B_LOC
에서,O
첫,O
패러글라이딩,O
도전기일상,O
브이로그,O
단양,B_LOC
여행,O
스타벅스,O
민트초코블렌디드,O
단양,B_LOC
여행,O
코스,O
ㅡㅡㅡ,ㅡㅡㅡ
2박3일,O
단양,B_LOC
여행,O
브이로그,O
1편,O
단양,B_LOC
맛집,O
카페,B_CAF
산,I_CAF
패러글라,O
이딩,O
구경,B_TOR
시장,I_TOR
숙소,O
ㅡㅡㅡ,ㅡㅡㅡ
단양,B_LOC
여행,O
브이로그,O
늦은,O
여름,O
휴가에,O
떠난,O
단양,B_LOC
펜캉스,O
유유자적,O
쉬고,O
먹는,O
커플,O
여행,O
단양,B_LOC
온달스테이,O
펜션,O
ㅡㅡㅡ,ㅡㅡㅡ
여행브이로그,O
엄마와,O
함께,O
단양여행,O
이끼터널,B_TOR
알파인코스터,O
만천하스카이워크,B_TOR
카페산,B_CAF
가을,O
당일치기여행,O
ㅡㅡㅡ,ㅡㅡㅡ
단양,B_LOC
브이로그,O
대학생,O
기차여행,O
단양,B_LOC
에서,O
패러,O
글라이딩,O
안하고,O
시골,O
즐기고,O
등산하는여행,O
소백산,B_TOR
비로봉,B_TOR
ㅡㅡㅡ,ㅡㅡㅡ
단양,B_LOC
패러글라,O
이딩,O
브이로그,O
버킷리스트,O
우정여행,O
단양,B_LOC
여행,O
굳세어라,O
강철순,O
ㅡㅡㅡ,ㅡㅡㅡ
일상,O
인생,O
버킷리스트,O
패러,O
글라,O
이딩,O
하고,O
왔어요,O
먹고,O
즐기는,O
단양,B_LOC
여행,O
ㅡㅡㅡ,ㅡㅡㅡ
부산,O
출발,O
단양,B_LOC
1박2일,O
여행,O
브이로그,O
향미식당,B_RES
도담삼봉,B_TOR
고수동굴,B_TOR
수양개빛터널,B_TOR
패러글라이딩,O
아이폰13프로,O
로,O
찍은,O
영상,O
ㅡㅡㅡ,ㅡㅡㅡ
단양,B_LOC
여행,O
브이로그,O
감성도,O
예쁜,O
옷도,O
없는,O
즉흥여행,O
단양,B_LOC
카페,O
단양,B_LOC
숙소,O
만천하스카이워크,B_TOR
단양구경시장,B_TOR
ㅡㅡㅡ,ㅡㅡㅡ
단양,B_LOC
여행,O
단양,B_LOC
브이로그,O
패러,O
글라,O
이딩,O
단양,B_LOC
패러글라이,O
딩,O
단양패러마을,B_TOR
커플브이로그,O
소노문단양,O
단양,B_LOC
갈만한곳,O
단양,B_LOC
여행코스,O
도담삼봉,B_TOR
이끼터널,B_TOR
쏘가리매운탕,O
ㅡㅡㅡ,ㅡㅡㅡ
지나간,O
단양,B_LOC
여행,O
브이로그,O
ㅡㅡㅡ,ㅡㅡㅡ
2박3일,O
단양,B_LOC
여행,O
브이로그,O
2편,O
단양,B_LOC
핫플다뿌시고오기,O
리틀포레스트,B_CAF
카페다우리,B_CAF
칼국수,O
마늘떡갈비,O
스물넷일곱,O
ㅡㅡㅡ,ㅡㅡㅡ
현실,O
남매,O
단양,B_LOC
으로,O
떠나는,O
가족,O
여행,O
브이로그,O
ㅡㅡㅡ,ㅡㅡㅡ
단양,B_LOC
여행,O
브이로그,O
소노문,O
카페산,B_CAF
빛터널,B_TOR
가볼만한곳,O
맛집,O
솔직후기,O
ㅡㅡㅡ,ㅡㅡㅡ
여행,O
브이로그,O
단양한옥마을,O
카,B_CAF
페산,I_CAF
도담삼봉,B_TOR
다원,B_RES
ㅡㅡㅡ,ㅡㅡㅡ
단양,B_LOC
여행,O
브이로그,O
패러글라이딩,O
래프팅,O
족구,O
바베,O
큐파티여행영상,O
ㅡㅡㅡ,ㅡㅡㅡ
테슬라,O
모델,O
3,O
단양,B_LOC
여행,O
브이로그,O
리모라이프,O
ㅡㅡㅡ,ㅡㅡㅡ
단양,B_LOC
브이로그,O
숙소가다,O
길잃었어요ㅠㅠ,O
아쿠아리움,B_TOR
도담삼봉,B_TOR
일출,O
ㅡㅡㅡ,ㅡㅡㅡ
39,O
2박3일,O
단양,B_LOC
여행,O
브이로그,O
패러글라이딩,O
만천하스카이워크,B_TOR
이,O
끼터널,O
단양구경시장,B_TOR
도담삼봉,B_TOR
다원식당,B_RES
ㅡㅡㅡ,ㅡㅡㅡ
08,O
액티비티한,O
단양,B_LOC
여행,O
1박2일,O
여행브이로그,O
9서내,O
쩡스,O
남매,O
ㅡㅡㅡ,ㅡㅡㅡ
단양,B_LOC
에서,O
카페가고,O
매운탕,O
먹는,O
브이로그,O
ㅡㅡㅡ,ㅡㅡㅡ
뭐하나영브이로그,O
단양,B_LOC
단양,B_LOC
여행,O
단양,B_LOC
여행브이로그,O
여행브이로그,O
여행브이로그,O
먹방,O
ㅡㅡㅡ,ㅡㅡㅡ
단양,B_LOC
1박2일,O
남자,O
다섯,O
국내여행,O
브이로그,O
ㅡㅡㅡ,ㅡㅡㅡ
여행브이로그,O
네식구,O
단양콕여행,O
ㅡㅡㅡ,ㅡㅡㅡ
단양,B_LOC
여행,O
브이로그,O
2일차,O
패러글라,O
이딩,O
카페산,B_CAF
단성벽화마을,O
남한강,O
갈대숲,O
구인사,B_TOR
보발재,B_TOR
단풍명소,O
ㅡㅡㅡ,ㅡㅡㅡ
단양,B_LOC
영월,O
여행,O
1,O
단양,B_LOC
여행,O
브이로그,O
제천,O
청풍호,O
단양,B_LOC
한옥펜션,O
ㅡㅡㅡ,ㅡㅡㅡ
단양,B_LOC
여행,O
브이로그,O
친구,O
들이랑,O
서울,O
단양,B_LOC
당일치기,O
여행,O
단양,B_LOC
패러글라이딩,O
단양,B_LOC
맛집,O
단양,B_LOC
카페,O
단양,B_LOC
구경시장,I_TOR
ㅡㅡㅡ,ㅡㅡㅡ
뷰맛집,O
단양,B_LOC
여행,O
브이로그,O
옥순봉,O
마늘떡갈비,O
흑마늘닭강정,B_RES
카페산,B_CAF
도담삼봉,B_TOR
새한서점,B_TOR
ㅡㅡㅡ,ㅡㅡㅡ
1,O
직장인,O
일상,O
브이로그,O
제천,O
단양,B_LOC
여행,O
제천경찰수련원,O
모노레일,O
카페산,B_CAF
단양,B_LOC
노트,O
ㅡㅡㅡ,ㅡㅡㅡ
단양,B_LOC
브이로그,O
ㅡㅡㅡ,ㅡㅡㅡ
비오는,O
날,O
단양,B_LOC
에서,O
브이로그,O
ㅡㅡㅡ,ㅡㅡㅡ
1박2일,O
단양,B_LOC
여행,O
브이로그,O
패러글라이딩,O
ㅡㅡㅡ,ㅡㅡㅡ
직장인,O
15,O
단양,B_LOC
여행,O
브이로그,O
동기,O
패,O
러글라이딩,O
글램핑,O
신입사원,O
브이로그,O
여행브이로그,O
직장인,O
데일리룩,O
윤윰,O
ㅡㅡㅡ,ㅡㅡㅡ
단양브이로그,O
967,O
멤버,O
들과,O
6월,O
의,O
2박3일,O
단양,B_LOC
여행,O
단양,B_LOC
맛집추천,O
단양,B_LOC
카페추천,O
도담상봉,B_TOR
온달관광지,B_TOR
이끼터널,B_TOR
수양개빛터널,B_TOR
알파인코스터,O
만천하스카이워크,B_TOR
ㅡㅡㅡ,ㅡㅡㅡ
첫,O
브이로그,O
단양,B_LOC
여행,O
ㅡㅡㅡ,ㅡㅡㅡ
윷,O
일상,O
브이로그,O
단양,B_LOC
이천,O
1박2일,O
떠나는,O
힐링,O
여행,O
카페산,B_CAF
경주,O
복,O
단양,B_LOC
구경시장,I_TOR
만천하스카이워크,B_TOR
ㅡㅡㅡ,ㅡㅡㅡ
단양,B_LOC
여행,O
첫브이로그,O
버킷리스트,O
패러글라이딩,O
유튜브,O
시작,O
ㅡㅡㅡ,ㅡㅡㅡ
단양브이로그,O
ㅡㅡㅡ,ㅡㅡㅡ
1박2일,O
단양,B_LOC
브이로그,O
3,O
짚라,O
인,O
패러글라이,O
딩,O
마늘새우만두,O
ㅡㅡㅡ,ㅡㅡㅡ
3,O
단양,B_LOC
여행,O
브이로,O
그,O
나레이션,O
단양,B_LOC
1박2일,O
ㅣ,O
단양,B_LOC
카페산,B_CAF
단양,B_LOC
도담삼봉,B_TOR
단양,B_LOC
구경시장,I_TOR
단양,B_LOC
대명리조트,O
ㅣ국내여행추천,O
ㅡㅡㅡ,ㅡㅡㅡ
단양,B_LOC
여행,O
브이로그,O
ㅡㅡㅡ,ㅡㅡㅡ
남촌,O
팸,O
2021,O
단양,B_LOC
여행,O
브이로그,O
ㅡㅡㅡ,ㅡㅡㅡ
단양,B_LOC
패러글라이딩,O
데이트,O
이유,O
부부,O
브이로그,O
ㅡㅡㅡ,ㅡㅡㅡ
근황,O
브이로그,O
단양,B_LOC
여행,O
집순이,O
떡볶이,O
김밥,O
레시피,O
피부과,O
진료,O
받고,O
부업으로,O
마무리,O
ㅡㅡㅡ,ㅡㅡㅡ
단양,B_LOC
브이로그,O
단양구경시장,B_TOR
ㅣ,O
도담삼봉,B_TOR
ㅡㅡㅡ,ㅡㅡㅡ
단양,B_LOC
여행,O
패러글라이딩,O
가을,O
카페산,B_CAF
제천,O
맛집먹방,O
ㅡㅡㅡ,ㅡㅡㅡ
단양,B_LOC
여행,O
제천,O
여행ㅣ여행브이로그ㅣ마지막,O
여름,O
나기ㅣ인생카페ㅣ,O
마운틴뷰펜션,O
ㅣ프라이빗펜션ㅣ여행코스ㅣ,O
말차빙수,O
ㅣ빙수맛집ㅣ계곡추천,O
ㅡㅡㅡ,ㅡㅡㅡ
출근하고,O
재택하는,O
브이로그,O
삼척,O
당일치기,O
단양,B_LOC
당일치기,O
카페산,B_CAF
패러,O
글라이딩,O
한적한,O
단양,B_LOC
에,O
별장,O
하나,O
짓고,O
싶다,O
ㅡㅡㅡ,ㅡㅡㅡ
마르셀라,O
언니,O
일상브이로그,O
럽스타일상,O
충북,O
단양만천하스카이워크,B_TOR
전참시,O
단양,B_LOC
촬영,O
데이트일상,O
짧음주의,O
여행일상,O
ㅡㅡㅡ,ㅡㅡㅡ
직장인,O
브이로그,O
단양,B_LOC
여행,O
패러글라이딩,O
템플스테이,O
1,O
ㅡㅡㅡ,ㅡㅡㅡ
아무도,O
보지,O
않았으면,O
하는,O
단양,B_LOC
브이로그,O
패러글라이,O
딩,O
새한서점,B_TOR
등,O
ㅡㅡㅡ,ㅡㅡㅡ
단양,B_LOC
여행,O
브이로그,O
아자자,O
학기중,O
여행,O
ㅡㅡㅡ,ㅡㅡㅡ
타악기,O
연주자,O
김건호,O
의,O
충북,O
단양,B_LOC
연주,O
브이로그,O
ㅡㅡㅡ,ㅡㅡㅡ
단양,B_LOC
여행,O
브이로그,O
이끼터널,B_TOR
구경시장,B_TOR
카페산,B_CAF
ㅡㅡㅡ,ㅡㅡㅡ
브이로그7,O
단양,B_LOC
1박2일,O
여행,O
청풍호반케이블카,O
카페산,B_CAF
도담삼봉,B_TOR
만천하스카이워크,B_TOR
갈대밭,O
마늘석갈비막국수,O
ㅡㅡㅡ,ㅡㅡㅡ
친구,O
와,O
떠난,O
가을,O
단양,B_LOC
여행,O
브이로그,O
먹방,O
패러글라이,O
딩,O
ㅡㅡㅡ,ㅡㅡㅡ
노을맛집,O
힐링,O
단양,B_LOC
정선,O
삼척,O
국내여행,O
브이로그,O
ㅡㅡㅡ,ㅡㅡㅡ
겨울방학,O
브이로그,O
단양,B_LOC
다누리아쿠아리움,B_TOR
ㅡㅡㅡ,ㅡㅡㅡ
단양,B_LOC
당일치기,O
여행,O
브이로그,O
ㅡㅡㅡ,ㅡㅡㅡ
단양,B_LOC
여행,O
브이로그패러글라이딩,O
다원,B_RES
소백산빌리지,O
냉천막국수,B_RES
대학생,O
일상,O
브이로그,O
마늘만두,B_RES
단양구경시장,B_TOR
학생회,O
엠티,O
ㅡㅡㅡ,ㅡㅡㅡ
20210102,O
러브스카이하우스,O
카페산,B_CAF
나레이션김러브,O
ㅡㅡㅡ,ㅡㅡㅡ
친구,O
생일파티,O
단양,B_LOC
풀빌라,O
브이로그,O
패러글라이,O
딩,O
ㅡㅡㅡ,ㅡㅡㅡ
단양,B_LOC
당일치기,O
여행,O
자연풍경,O
여행브이로그,O
패러글라이딩,O
카페산,B_CAF
고수동굴,B_TOR
도담상봉,B_TOR
계곡,O
국내여행,O
ㅡㅡㅡ,ㅡㅡㅡ
브이로그,O
단양,B_LOC
알파인코스터,O
타고,O
만천하스카이워크,B_TOR
갔다가,O
메밀막국수,O
먹방,O
23,O
ㅡㅡㅡ,ㅡㅡㅡ
육아브이로그,O
8,O
우리의,O
단양,B_LOC
여행,O
8개월,O
아기,O
펜션만,O
다녀오는,O
우리의,O
여행,O
단양더블유빌리지,O
ㅡㅡㅡ,ㅡㅡㅡ
훈싸,O
의,O
브이로그,O
02,O
단양,B_LOC
여행,O
패러글라이딩,O
단양구경시장,B_TOR
이끼터널,O
더짝게스트하우스,O
ㅡㅡㅡ,ㅡㅡㅡ
단양,B_LOC
1박2일,O
여행,O
단양,B_LOC
브이로,O
그,O
패러글라이딩,O
패러,O
에반하다,O
숙소에서,O
바베큐,O
파티,O
온달관광지,B_TOR
도담상봉,B_TOR
에서,O
모터보트,O
타기,O
ㅡㅡㅡ,ㅡㅡㅡ
브이로그,O
당일치기,O
여행,O
30대,O
유부남,O
도자기,O
사러,O
단양,B_LOC
제천,O
텍사스,O
바베큐,O
먹고,O
왔습니다,O
선자임스,O
ㅡㅡㅡ,ㅡㅡㅡ
엄마,O
랑,O
동생,O
이랑,O
당일치기,O
단양,B_LOC
여행,O
갔다온,O
브이로그,O
보경,O
ㅡㅡㅡ,ㅡㅡㅡ
템플스테이,O
브이로그,O
단양,B_LOC
구인사템플스테이,O
체험형,O
1박2일,O
ㅡㅡㅡ,ㅡㅡㅡ
여행브이로그,O
단양,B_LOC
여행,O
2일차,O
구인사,B_TOR
가마골쉼터,B_RES
몽상관,O
흑백사진,O
카페다우리,B_CAF
사인암,B_TOR
단양팔경,O
시장,O
돈까스,O
노을,O
ㅡㅡㅡ,ㅡㅡㅡ
지원,O
여행,O
브이로그,O
단양,B_LOC
청춘,O
패러글라,O
이딩,O
도깨비카페,B_CAF
도담상봉,B_TOR
1박2일,O
국내,O
여행,O
ㅡㅡㅡ,ㅡㅡㅡ
감성,O
있다가,O
없다가하는,O
현실,O
부부,O
캠핑,O
브이로그,O
단양,B_LOC
솔티천캠핑장,O
원터치텐트,O
ㅡㅡㅡ,ㅡㅡㅡ
일상,O
단양,B_LOC
여행,O
브이로그,O
패러,O
글라,O
이딩,O
고요,O
속의,O
외침,O
ㅡㅡㅡ,ㅡㅡㅡ
몽,O
이네,O
단양,B_LOC
여행,O
브이로그,O
ㅡㅡㅡ,ㅡㅡㅡ
단양,B_LOC
2박3일,O
여행,O
브이로그,O
패러글라이딩,O
ㅡㅡㅡ,ㅡㅡㅡ
여행브이로그,O
단양,B_LOC
만천하스카이워크,B_TOR
단양구경시장,B_TOR
ㅡㅡㅡ,ㅡㅡㅡ
단양중,O
사회,O
사민일선,O
단양,B_LOC
브이로그,O
ㅡㅡㅡ,ㅡㅡㅡ
버킷리스트,O
남자친구,O
랑,O
첫,O
단양,B_LOC
패러글라이딩,O
하고왔어요,O
국내여행,O
브이로그,O
ㅡㅡㅡ,ㅡㅡㅡ
단양,B_LOC
여행,O
단양,B_LOC
소노문,O
구인사,B_TOR
온달관광지,B_TOR
구경시장,B_TOR
패러글라이딩,O
ㅡㅡㅡ,ㅡㅡㅡ
여행브이로그당일치기,O
제천,O
단양,B_LOC
여행,O
빨간오뎅,O
의림지,O
단양패러글라,O
이딩,O
카,B_CAF
페산,I_CAF
여행,O
ㅡㅡㅡ,ㅡㅡㅡ
단양,B_LOC
제천,O
여행브이로그,O
리솜포레스트,O
단양,B_LOC
카페산,B_CAF
패러글,O
라이딩,O
흙마늘닭강정,B_RES
조식먹방엘라운지,O
ㅡㅡㅡ,ㅡㅡㅡ
단양,B_LOC
패러글라,O
이딩,O
브이로그,O
ㅡㅡㅡ,ㅡㅡㅡ
한누렁,O
흥,O
넘치는,O
1박2일,O
단양,B_LOC
여행,O
브이로그,O
1,O
바베큐,O
농장체험,O
낚시,O
캠프파이어,O
등등등,O
북단양리조트,O
ㅡㅡㅡ,ㅡㅡㅡ
여행,O
단양,B_LOC
여행,O
승진,O
이의,O
3류,O
감성,O
국내여행,O
단양,B_LOC
편,O
ㅡㅡㅡ,ㅡㅡㅡ
단양,B_LOC
여행,O
브이로그,O
패러글라이딩,O
단양구경시장,B_TOR
만천하스카이워크,B_TOR
카페산,B_CAF
단양강,B_TOR
잔도길,O
마늘,O
떡갈비,O
흑마늘,B_RES
닭강정,I_RES
ㅡㅡㅡ,ㅡㅡㅡ
단양여행,O
단양여행,O
만천하스카이워크,B_TOR
단양시장,O
매운비빔칼국수,O
단양흑마늘닭강정,B_RES
크로플,O
ㅡㅡㅡ,ㅡㅡㅡ
2020년가을,O
의,O
단양,B_LOC
제천,O
가족,O
여행,O
브이로그,O
단양,B_LOC
패러글라이딩,O
ㅡㅡㅡ,ㅡㅡㅡ
커플,O
달달한,O
단양,B_LOC
여행,O
해병대,O
남자친구,O
의,O
반전매력,O
패러글라이딩,O
사진,O
찍기,O
좋은,O
곳,O
대방출,O
먹방,O
신상,O
카페,O
까지,O
국내여행,O
커플,O
여행,O
여행브이로그,O
ㅡㅡㅡ,ㅡㅡㅡ
직장인,O
일상,O
브이로그,O
단양,B_LOC
정선,O
여행,O
단양,B_LOC
패러글라이딩,O
정선,O
하이원리조트,O
하이원컨벤션호텔,O
코너룸,O
ㅡㅡㅡ,ㅡㅡㅡ
휴가,O
브이로그,O
충북,O
단양,B_LOC
할머니,O
댁,O
여름,O
휴가,O
ㅡㅡㅡ,ㅡㅡㅡ
혼자,O
단양,B_LOC
여행,O
브이로그,O
ㅡㅡㅡ,ㅡㅡㅡ
단양,B_LOC
여행,O
브이로그1,O
패러,O
글라,O
이딩하러,O
함께,O
떠나요,O
ㅡㅡㅡ,ㅡㅡㅡ
람콩월드,O
브이로그,O
패러글라이,O
딩,O
단양,B_LOC
여행,O
람콩생일파티,O
ㅡㅡㅡ,ㅡㅡㅡ
타임캡슐,O
단양,B_LOC
제천,O
여행,O
브이로그스카이워크,O
단양,B_LOC
여행,O
제천,O
여행,O
ㅡㅡㅡ,ㅡㅡㅡ
단양제천,O
여행,O
브이로그,O
패러글라이딩,O
글램핑,O
원쏘1,O
ㅡㅡㅡ,ㅡㅡㅡ
단양고등학교,O
스피치,O
강의,O
브이로그,O
나레이션,O
ㅡㅡㅡ,ㅡㅡㅡ
단양,B_LOC
1박2일,O
여행,O
브이로그,O
ㅡㅡㅡ,ㅡㅡㅡ
단양,O
단양,B_LOC
여행,O
국내여행,O
찐친,O
브이로그,O
그런데,O
이제,O
패러글라이,O
딩을,O
곁들인,O
1,O
ㅡㅡㅡ,ㅡㅡㅡ
단양,B_LOC
여행,O
단양,B_LOC
에서,O
패러글라이딩,O
도전,O
일상브이로그,O
단양,B_LOC
에서,O
패러글라이딩,O
도전,O
ㅡㅡㅡ,ㅡㅡㅡ
단양,B_LOC
여행,O
패러글라이딩,O
버킷리스트,O
항공스포츠,O
일상브이로그,O
ㅡㅡㅡ,ㅡㅡㅡ
여행,O
브이로그ㅣ,O
충청북도,O
단양,B_LOC
ㅣ어느,O
평범한,O
여대생,O
의,O
일상ㅣ다음엔,O
어디로,O
갈까,O
ㅡㅡㅡ,ㅡㅡㅡ
단양중,O
사회,O
브이로그,O
아무거나조,O
ㅡㅡㅡ,ㅡㅡㅡ
4,O
간만에,O
브이로그,O
남친,O
이랑,O
단양,B_LOC
여행,O
1박2일,O
힐링여행,O
펜션,O
이쁨주의,O
ㅡㅡㅡ,ㅡㅡㅡ
뭐하나영브이로그,O
단양,B_LOC
단양,B_LOC
여행,O
단양,B_LOC
여행브이로그,O
친구,O
들과,O
우정여행,O
2탄,O
ㅡㅡㅡ,ㅡㅡㅡ
패러글라이딩,O
단양,B_LOC
1박2일,O
여행,O
브이로그,O
은비,O
ㅡㅡㅡ,ㅡㅡㅡ
단양,B_LOC
친구,O
들과,O
함께,O
한,O
단양1박2일,O
브이로그,O
ㅡㅡㅡ,ㅡㅡㅡ
브이로그,O
단양,B_LOC
1편,O
여행가기,O
전,O
꼭,O
봐야,O
할,O
영상,O
ㅡㅡㅡ,ㅡㅡㅡ
태풍이,O
오는,O
날,O
단양,B_LOC
으로,O
놀러갔다,O
여행브이로그,O
ㅡㅡㅡ,ㅡㅡㅡ
브이로그,O
다우리,B_CAF
단양,B_LOC
카페,O
데이트,O
아기자기,O
아지트,O
느낌,O
카페,O
고고,O
ㅡㅡㅡ,ㅡㅡㅡ
단양,B_LOC
브이로그패러글라이딩,O
단양여행,O
단양로그,O
마늘닭강정,O
단양토종마늘순대,B_RES
곱창전골,O
알파인코스터,O
스카이워크,B_TOR
도담삼봉,B_TOR
태왕사신기,O
영화,O
촬영지,O
수양개빛터널,B_TOR
감자전,O
비빔국수,O
ㅡㅡㅡ,ㅡㅡㅡ
배쁘,O
단양,B_LOC
여행,O
브이로그,O
단양,B_LOC
캠핑,O
캠핑요리,O
공개,O
ㅡㅡㅡ,ㅡㅡㅡ
단양,B_LOC
여행,O
충청도,O
여행,O
국내여행,O
여행브이로그,O
ㅡㅡㅡ,ㅡㅡㅡ
단양,B_LOC
1박2일,O
브이로그,O
ㅡㅡㅡ,ㅡㅡㅡ
브이로그,O
1박2일,O
단양여행,O
브이로그,O
1,O
국내여행,O
패러글라이딩,O
단양,B_LOC
여행,O
추천,O
펜션,O
도담삼봉,B_TOR
이끼터널,O
천주터널,O
직장인,O
브이로그,O
회사동기,O
ㅡㅡㅡ,ㅡㅡㅡ
브이로그,O
아이와,O
여행,O
단양,B_LOC
ㅡㅡㅡ,ㅡㅡㅡ
노나랑,O
여행가기,O
단양,B_LOC
브이로그,O
2편,O
족구,O
ㅡㅡㅡ,ㅡㅡㅡ
단양브이로그,O
만천하스카이워크,B_TOR
마늘떡갈비,O
만천하슬라이드,O
너마늘위한치킨,O
ㅡㅡㅡ,ㅡㅡㅡ
강원도,O
투어,O
여름,O
휴가,O
브이로그,O
3일차,O
단양,B_LOC
여행,O
패러글라이딩,O
이끼,O
터널,O
수양개빛터널,B_TOR
ㅡㅡㅡ,ㅡㅡㅡ
16,O
단양,B_LOC
여행,O
브이로그,O
패러글라이딩,O
카페산,B_CAF
이끼터널,B_TOR
도담삼봉,B_TOR
ㅡㅡㅡ,ㅡㅡㅡ
1박2일,O
단양,B_LOC
여행,O
브이로그,O
1,O
구경시장,B_TOR
먹부림부터,O
노래방,O
열창까지,O
ㅡㅡㅡ,ㅡㅡㅡ
단양구경시장,B_TOR
홍보영상,O
브이로그항공로닌,O
ㅡㅡㅡ,ㅡㅡㅡ
직장인,O
브이로그,O
단양,B_LOC
여행,O
패러글라이딩,O
템플스테이,O
2,O
ㅡㅡㅡ,ㅡㅡㅡ
국내여행,O
단양,B_LOC
1박2일,O
여행,O
브이로그,O
고니의도전,O
패러글라이딩,O
ㅡㅡㅡ,ㅡㅡㅡ
브이로그,O
단양,B_LOC
당일치기,O
안개낀날,O
패러글라이딩,O
익스트림,O
도담삼봉,B_TOR
이끼터널,O
스카이워크,B_TOR
구경시장,B_TOR
ㅡㅡㅡ,ㅡㅡㅡ
강릉,O
여행,O
단양,B_LOC
여행,O
패러글라이,O
딩,O
체험,O
커플,O
브이로그,O
ㅡㅡㅡ,ㅡㅡㅡ
여행브이로그,O
단양스카이워크,B_TOR
가족,O
여행,O
추천,O
ㅡㅡㅡ,ㅡㅡㅡ
단양,B_LOC
여행,O
브이로그,O
1부,O
주접주의,O
ㅡㅡㅡ,ㅡㅡㅡ
단양,B_LOC
1박2일,O
브이로그,O
패러글라이딩,O
카페산,B_CAF
ㅡㅡㅡ,ㅡㅡㅡ
훈남,O
이,O
브이로그,O
단양,B_LOC
패러글라이,O
딩편,O
ㅡㅡㅡ,ㅡㅡㅡ
들기름막국수,O
치킨케일볶음밥,O
생크림스콘,O
단양,B_LOC
장미터널,O
농촌브이로그,O
마늘쫑뽑기,O
토리브이로그,O
일상브이로그,O
한국,O
농촌,O
ㅡㅡㅡ,ㅡㅡㅡ
2,O
단양,B_LOC
국내가족여행,O
브이로그,O
유쾌한,O
임,O
씨네,O
천천히,O
단양,B_LOC
을,O
정복하라,O
ㅡㅡㅡ,ㅡㅡㅡ
한누렁,O
흥,O
넘치는,O
1박2일,O
단양,B_LOC
여행,O
브이로그,O
2,O
밤,O
낚시,O
북단양리조트,O
만천하,B_TOR
스카이워,I_TOR
크,I_TOR
구경시장,B_TOR
먹방,O
ㅡㅡㅡ,ㅡㅡㅡ
콧바람,O
브이로그,O
단양,B_LOC
수양개빛터널,B_TOR
무지개터널,O
ㅡㅡㅡ,ㅡㅡㅡ
아이둘과함께하는,O
일상,O
평창단양여행,O
첫브이로그,O
ㅡㅡㅡ,ㅡㅡㅡ
단양,B_LOC
여행,O
브이로그,O
패러글라이딩,O
스카이워크,B_TOR
첫,O
경험,O
ㅡㅡㅡ,ㅡㅡㅡ
단양,B_LOC
여행,O
브이로그,O
ㅡㅡㅡ,ㅡㅡㅡ
버킷리스트,O
패러글라이,O
딩,O
단양,B_LOC
단양,B_LOC
패러글라,O
이딩,O
일상브이로그,O
여행,O
패러명가,O
드라이브,O
ㅡㅡㅡ,ㅡㅡㅡ
1박2일,O
단양,B_LOC
여행,O
브이로그,O
2,O
패러글라이딩,O
카페산,B_CAF
짚라인,O
구경시장,B_TOR
ㅡㅡㅡ,ㅡㅡㅡ
짧은,O
1박2일,O
단양,B_LOC
여행,O
브이로그,O
카페산,B_CAF
패,O
러글라,O
이딩,O
고수동굴,B_TOR
만천하스카이워크,B_TOR
이끼터널,B_TOR
새한서점,B_TOR
ㅡㅡㅡ,ㅡㅡㅡ
여행브이로그,O
서울,O
에서,O
단양,B_LOC
단양,B_LOC
여행,O
근교드라이브,O
단양,B_LOC
패,O
러글라이딩,O
카페,B_CAF
산,I_CAF
후기,O
ㅡㅡㅡ,ㅡㅡㅡ
단양군체육회,O
김현우,O
선생님,O
과,O
함께,O
가는,O
대성산,O
브이로그,O
ㅡㅡㅡ,ㅡㅡㅡ
18,O
쌍둥이육아,O
브이로그,O
단양,B_LOC
여행,O
두번째,O
이야기,O
리틀포레스트,B_CAF
뷰맛집에서,O
힐링하기,O
ㅡㅡㅡ,ㅡㅡㅡ
치치의일상,O
데이트브이로그,O
단양,B_LOC
카페산,B_CAF
커피,O
명가,O
이끼터널,B_TOR
마느리막국수,O
흑마늘닭강정,B_RES
ㅡㅡㅡ,ㅡㅡㅡ
오타쿠,O
브이로그,O
단양,B_LOC
여행에,O
텐겐,O
들고,O
가는,O
씹덕,O
ㅡㅡㅡ,ㅡㅡㅡ
여행,O
브이로그,O
단양,B_LOC
으로,O
혼자,O
당일치기,O
여행,O
다녀왔어요,O
단양,B_LOC
패,O
카페산,B_CAF
ㅡㅡㅡ,ㅡㅡㅡ
주부,O
일상,O
브이로그,O
단양대명리조트,O
아쿠아월드,O
단양오성통닭,B_RES
흑마늘닭강정,B_RES
양양,O
파도타기,O
모래놀이,O
휴게소,O
소떡소떡,O
크리스피도넛,O
삼겹살,O
라면,O
ㅡㅡㅡ,ㅡㅡㅡ
직장인,O
브이로그,O
단양,B_LOC
당일치기,O
보석십자수,O
아이패드,O
로,O
취미생활하기,O
ㅡㅡㅡ,ㅡㅡㅡ
명절,O
브이로그,O
단양,B_LOC
여행,O
스카이워크,B_TOR
구인사,B_TOR
고수동굴,B_TOR
카페산,B_CAF
ㅡㅡㅡ,ㅡㅡㅡ
여행브이로그,O
도비로운생활,O
단양,B_LOC
1박2일편,O
뚜벅이,O
패러에반하다,O
마늘닭강정,O
마늘순대국밥,O
단양인카페,O
자세한건,O
댓글에,O
ㅡㅡㅡ,ㅡㅡㅡ
가을,O
캠핑,O
브이로그,O
캠핑,O
다녀왔어요,O
다리안캠핑장,O
단양,B_LOC
캠핑장,O
ㅡㅡㅡ,ㅡㅡㅡ
단양,B_LOC
여행,O
브이로그,O
단양,B_LOC
카페산,B_CAF
단양,B_LOC
산카페,B_CAF
단양,B_LOC
여행지,O
추천,O
금파,O
부부,O
단양,B_LOC
카페,O
낭만여행,O
영상,O
스케치,O
ㅡㅡㅡ,ㅡㅡㅡ
승윤,O
의,O
단양,B_LOC
과,O
영월,O
브이로그,O
흑우,O
삼촌,O
무과금,O
승윤,O
ㅡㅡㅡ,ㅡㅡㅡ
브이로그,O
단양,B_LOC
패러글라이딩,O
첫,O
도전,O
카페,B_CAF
산,I_CAF
패러글라이딩,O
고프로,O
영상,O
후기,O
ㅡㅡㅡ,ㅡㅡㅡ
브이로그,O
단양,B_LOC
여행,O
단양,B_LOC
패러글라이딩,O
단양,B_LOC
데이트,O
이끼터널,O
마늘석갈비,O
첫패러글라이딩,O
데이트코스,O
버킷리스트달성,O
ㅡㅡㅡ,ㅡㅡㅡ
첫,O
브이로그,O
소백산,B_TOR
등산,O
브이로그,O
도담삼봉,B_TOR
단양,B_LOC
여행기,O
대학생,O
브이로그,O
ㅡㅡㅡ,ㅡㅡㅡ
뒷북,O
21년,O
석가탄신일,O
기념,O
단양,B_LOC
나들이,O
브이로그,O
공유의,O
件,O
ㅡㅡㅡ,ㅡㅡㅡ
부모,O
님과,O
함께,O
단양,B_LOC
여행,O
브이로그,O
카페,B_CAF
산,I_CAF
패러글라이딩,O
ㅡㅡㅡ,ㅡㅡㅡ
쭈니브이로그,O
9,O
즐거운여름휴가,O
단양,B_LOC
여행,O
페러글라,O
이딩,O
단양구경시장,B_TOR
4개월,O
아기,O
쭈니의성장일기,O
ㅡㅡㅡ,ㅡㅡㅡ
하모르,O
브이로그,O
단양,B_LOC
차,O
박추천,O
단양생태체육공원,B_TOR
단양구경시장,B_TOR
단양패러글라이딩,O
가격,O
ㅡㅡㅡ,ㅡㅡㅡ
04,O
여름,O
안에서,O
20대,O
직장인,O
일주일,O
브이로그,O
단양,B_LOC
제천,O
으로,O
떠나는,O
여름,O
여행,O
식도락일상,O
ㅡㅡㅡ,ㅡㅡㅡ
윷,O
일상,O
브이로그,O
단양,B_LOC
이천,O
1박2일,O
떠나는,O
힐링,O
여행,O
에덴파라다이스호텔,O
더이진,O
시래마루,O
시몬스테라스,O
인디어라운드,O
ㅡㅡㅡ,ㅡㅡㅡ
단양,B_LOC
여행,O
브이로그,O
2부,O
단양,B_LOC
만,O
가면,O
이상해지는,O
사람이,O
있다,O
만천하스카이워크,B_TOR
구경시장,B_TOR
다리원,O
ㅡㅡㅡ,ㅡㅡㅡ
정쓰,O
의,O
브이로그,O
단양,B_LOC
여행,O
단양,B_LOC
팔경,O
도깨비카페,B_CAF
사인암,B_TOR
대산원조마늘순대국,B_RES
기차여행,O
보쌈,O
ㅡㅡㅡ,ㅡㅡㅡ
푸릇푸릇했던,O
지난여름날,O
의,O
단양,B_LOC
여행,O
브이로그생애,O
첫,O
패러글라이딩,O
타봤어요,O
ㅡㅡㅡ,ㅡㅡㅡ
하늘,O
날으러,O
단양,B_LOC
갔,O
단양,B_LOC
단양,B_LOC
1박2일,O
여행,O
브이로그,O
구경시장,B_TOR
별빛한옥펜션,O
훈민정음윷놀,O
이,O
패러글라이딩,O
스카이패러,O
패러글라이딩,O
커,O
피명가,O
ㅡㅡㅡ,ㅡㅡㅡ
4,O
가족,O
들이랑,O
단양,B_LOC
당일치기,O
여행,O
가기,O
아빠,O
랑,O
단,O
둘,O
이,O
장,O
보기,O
일상,O
브이로그,O
ㅡㅡㅡ,ㅡㅡㅡ
여행,O
브이로그,O
단양,B_LOC
제천,O
여행,O
제천,O
리솜포레스트,O
에서,O
힐링,O
청풍호,O
레일바이크,O
꼭,O
타보세요,O
ㅡㅡㅡ,ㅡㅡㅡ
다보,O
의,O
단양,B_LOC
여행,O
브이로그,O
ㅡㅡㅡ,ㅡㅡㅡ
1박2일,O
단양,B_LOC
여행,O
브이로그,O
만천하스카이워크,B_TOR
한옥,O
스테,O
구경시장,B_TOR
마늘순대,O
마늘약선요리,O
ㅡㅡㅡ,ㅡㅡㅡ
남자셋,O
단양,B_LOC
패러,O
글라이딩,O
브이로그,O
ㅡㅡㅡ,ㅡㅡㅡ
단양,B_LOC
여행,O
여행브이로그,O
인생첫패러글라이딩,O
버킷리스트달성,O
데이트브이로그,O
단양,B_LOC
떡갈비,O
도깨비카페,B_CAF
기차여행,O
당일치기여행추천,O
ㅡㅡㅡ,ㅡㅡㅡ
패,O
러글라,O
이딩,O
단양,B_LOC
여행,O
유진브이로그,O
ㅡㅡㅡ,ㅡㅡㅡ
일상,O
브이로그,O
단양,B_LOC
1박2일,O
여행,O
단양,B_LOC
으로,O
늦은,O
여름,O
휴가,O
인생,O
첫,O
패러글라이,O
딩,O
단양,B_LOC
카페,O
투어,O
ㅡㅡㅡ,ㅡㅡㅡ
두디,O
의,O
39,O
일상39,O
브이로그,O
님님이랑,O
단양,B_LOC
강릉,O
여행,O
계획,O
세우기,O
20190801,O
ㅡㅡㅡ,ㅡㅡㅡ
여행,O
브이로그,O
2,O
단양,B_LOC
한드미마을,O
한드미모루,O
펜션,O
폭포가든,O
횟집,O
단양,B_LOC
도담삼봉,B_TOR
빙수,O
ㅡㅡㅡ,ㅡㅡㅡ
여,O
행브이로,O
그,O
단양,B_LOC
편,O
도담삼봉,B_TOR
이끼터널,B_TOR
카페산,B_CAF
만천하스카이워크,B_TOR
ㅡㅡㅡ,ㅡㅡㅡ
내일,O
로,O
퇴사여행,O
브이로그,O
단양,B_LOC
편,O
ㅡㅡㅡ,ㅡㅡㅡ
국내여행,O
단양여행브이로그,O
단양먹방,O
패러글라이딩,O
빛터널,B_TOR
스카이웤ㅡ,B_TOR
ㅡㅡㅡ,ㅡㅡㅡ
신혼브이로그,O
국내여행,O
단양,B_LOC
소노문리조트,O
고수동굴,B_TOR
마늘떡갈비,O
매운칼국수,O
신혼,O
임쁘니,O
ㅡㅡㅡ,ㅡㅡㅡ
뉴진봇브이로그,O
단양,B_LOC
여행,O
브이로그,O
패러글라이딩,O
만천하스카이워크,B_TOR
갈대숲,O
카페산,B_CAF
ㅡㅡㅡ,ㅡㅡㅡ
단양,B_LOC
국내,O
여행,O
브이로그,O
일상,O
공유,O
코인와,O
마늘,O
로,O
가득했던,O
단양,B_LOC
여행,O
단양,B_LOC
여행지,O
추천,O
왕복,O
6시간,O
실화냐,O
ㅡㅡㅡ,ㅡㅡㅡ
단양여행,O
1일차,O
국내여행,O
단양,B_LOC
여행,O
단양,B_LOC
구경시장,B_TOR
만천하스카이워크,B_TOR
쏘가리,O
ㅡㅡㅡ,ㅡㅡㅡ
19,O
대학원생,O
브이로그,O
감사한,O
나날들,O
단양,B_LOC
여행,O
ㅡㅡㅡ,ㅡㅡㅡ
브이로그,O
일상,O
04,O
안성휴게소,O
보리,O
곳간,O
코리아패,O
러,O
조개,O
찜,O
단양,B_LOC
ㅡㅡㅡ,ㅡㅡㅡ
단양,B_LOC
여행,O
브이로그,O
초록주의보,O
국내여행,O
추천,O
ㅡㅡㅡ,ㅡㅡㅡ
1박2일,O
단양,B_LOC
여행,O
브이로그,O
개강,O
전,O
마지막,O
발악,O
ㅡㅡㅡ,ㅡㅡㅡ
단양브이로그,O
고수동굴,B_TOR
아쿠아리움,B_TOR
덥다,O
더워,O
ㅡㅡㅡ,ㅡㅡㅡ
첫,O
브이로그,O
친구,O
들과,O
힐링,O
단양,B_LOC
드라이브,O
ㅡㅡㅡ,ㅡㅡㅡ
직장인,O
브이로그,O
단양,B_LOC
디저트카페,O
가고,O
주말,O
엔,O
보은,O
어라운드빌리지,O
캠핑,O
다녀온,O
일상,O
ㅡㅡㅡ,ㅡㅡㅡ
가을,O
단양,B_LOC
여행,O
두커플,O
여행기ㅣ여행브이로그ㅣ,O
단양구경시장,B_TOR
ㅣ,O
단양,B_LOC
펜션,O
다녀왔어요,O
ㅡㅡㅡ,ㅡㅡㅡ
단양,B_LOC
여행,O
브이로그,O
1박2일,O
단양,B_LOC
여행,O
국내여행,O
단양,B_LOC
패러글라이딩,O
단양,B_LOC
펜션추천,O
ㅡㅡㅡ,ㅡㅡㅡ
담양,O
도담상봉,B_TOR
브이로그,O
정도전,O
단양,B_LOC
팔경,O
4,O
ㅡㅡㅡ,ㅡㅡㅡ
단양,B_LOC
여행ㅣ육아브이로그ㅣ,O
17개월,O
아기랑여행가기ㅣ,O
단양구경시장,B_TOR
ㅣ,O
도담삼봉,B_TOR
ㅣ,O
만천하스카이워크,B_TOR
ㅣ,O
가족,O
여행,O
ㅡㅡㅡ,ㅡㅡㅡ
미닝,O
내일로브이로그,O
5탄,O
단양,B_LOC
편,O
전국,O
클레이사격,O
마늘만두,B_RES
ㅡㅡㅡ,ㅡㅡㅡ
단양,B_LOC
여행ㅣ,O
리틀포레스트,B_CAF
만천하스카이워크,B_TOR
도담삼봉,B_TOR
사인암,B_TOR
카페산,B_CAF
ㅣ국내,O
여행,O
ㅡㅡㅡ,ㅡㅡㅡ
가을,O
여행,O
브이로그뷰맛집,O
단양,B_LOC
구담봉,B_TOR
ㅡㅡㅡ,ㅡㅡㅡ
직장인,O
브이로그,O
4,O
쇼핑몰촬영,O
단양,B_LOC
여행브이로그언박싱,O
ㅡㅡㅡ,ㅡㅡㅡ
남자넷,O
단양,B_LOC
여행,O
무료,O
첫작품,O
브이로그,O
ㅡㅡㅡ,ㅡㅡㅡ
일상브이로그,O
공부,O
파자마,O
정선,O
여행,O
단양,B_LOC
여행,O
아보카도,O
요리,O
ㅡㅡㅡ,ㅡㅡㅡ
단양,B_LOC
국내여행,O
브이로그,O
고프로8,O
로,O
찍은,O
패러글라이딩,O
도전기,O
전참시,O
이영자,O
카페산,B_CAF
ㅡㅡㅡ,ㅡㅡㅡ
단양,B_LOC
여행,O
브이로그,O
단양,B_LOC
구인사,B_TOR
단양,B_LOC
가볼만한곳,O
구인사,B_TOR
사찰탐방,O
및,O
단양,B_LOC
보발재,B_TOR
금파,O
부부,O
여행,O
영상,O
스케치,O
ㅡㅡㅡ,ㅡㅡㅡ
여행로그,O
국내여행,O
브이로그,O
1,O
보검투어,O
충주,O
단양,B_LOC
제천,O
여행,O
다녀왔어요,O
ㅡㅡㅡ,ㅡㅡㅡ
단양,B_LOC
국내가족여행,O
1박2일,O
브이로그,O
교회에서,O
크롭티,O
를,O
입는다면,O
가족,O
들의,O
의견은,O
ㅡㅡㅡ,ㅡㅡㅡ
뚱이로그,O
단양,B_LOC
왔어욤,O
진짜,O
재미,O
없는데,O
재밌는,O
단양,B_LOC
브이로그,O
ㅡㅡㅡ,ㅡㅡㅡ
일상,O
브이로그,O
단양,B_LOC
여행,O
카페,B_CAF
산,I_CAF
원주,O
소금산,O
출렁,O
다리,O
피티드,O
촬영,O
마카롱,O
언박싱,O
코코,O
산책,O
한강,O
나들이,O
혼자,O
카페,O
ㅡㅡㅡ,ㅡㅡㅡ
두디,O
의,O
39,O
여행39,O
브이로그,O
단양,B_LOC
에서,O
패러글라이,O
딩,O
탔어요,O
20190808,O
ㅡㅡㅡ,ㅡㅡㅡ
패러글라이딩타고,O
구름까지갓다왔습니다,O
단양,B_LOC
여행,O
브이로그,O
날씨최고,O
ㅡㅡㅡ,ㅡㅡㅡ
신행브이로그,O
먹부림여행,O
국내여행,O
신혼여행,O
충청북도,O
단양,B_LOC
대산원조마늘순대,B_RES
달라스햄버거,B_RES
오성통닭,B_RES
흑마늘닭강정,B_RES
다누리아쿠아리움,B_TOR
다원,B_RES
만천하스카이워크,B_TOR
ㅡㅡㅡ,ㅡㅡㅡ
여행,O
브이로그,O
여,O
배우,O
3명,O
이,O
떠난,O
1박2일,O
단양,B_LOC
여행,O
ㅡㅡㅡ,ㅡㅡㅡ
충북,O
충북,O
단양,B_LOC
노지,O
캠핑,O
제2부,O
노지캠핑브이로그카라반여행캠핑,O
비스너590,O
무료캠핑,O
ㅡㅡㅡ,ㅡㅡㅡ
브이로그,O
단양,B_LOC
2편,O
여행가기,O
전,O
꼭,O
봐야,O
할,O
영상,O
ㅡㅡㅡ,ㅡㅡㅡ
브이로그,O
4,O
단양,B_LOC
당일치기,O
ㅡㅡㅡ,ㅡㅡㅡ
쫄보,O
의,O
인생,O
첫,O
패러글라이딩,O
도전,O
후기와,O
소소한,O
꿀팁,O
단양,B_LOC
패러글라이딩,O
ㅡㅡㅡ,ㅡㅡㅡ
단양여행,O
2,O
구경시장,B_TOR
잔도길,O
만천하스카이워크,B_TOR
ㅡㅡㅡ,ㅡㅡㅡ
브이로그,O
여행브이로그,O
단양,B_LOC
1박2일,O
ㅡㅡㅡ,ㅡㅡㅡ
브이로그,O
단양,B_LOC
맛집,O
추천,O
장다리식당,O
마늘떡갈비,O
단양구경시장,B_TOR
마늘닭강정,O
마늘새우만두,O
마늘순대국밥,O
ㅡㅡㅡ,ㅡㅡㅡ
단양,B_LOC
투어,O
여행,O
1박,O
리얼후기,O
아쿠아리움,B_TOR
소노문단양,O
스위트,O
조식,O
만천하스카이워크,B_TOR
도,O
담상봉,O
보트,O
탑승,O
레전드히어로즈,O
브이로그,O
ㅡㅡㅡ,ㅡㅡㅡ
단양,B_LOC
여행,O
1박2일,O
코스,O
추천,O
단양오고미션투어,O
ㅣ,O
선암계곡,O
ㅣ,O
단양호,O
유람선,O
ㅣ드라이브,O
코스ㅣ우정여행ㅣ브이로그,O
ㅡㅡㅡ,ㅡㅡㅡ
단양,B_LOC
여행,O
패러글라이딩,O
주말,O
여행,O
음주로그,O
드라이브,O
백희,O
쓰,O
ㅡㅡㅡ,ㅡㅡㅡ
여행,O
단양,B_LOC
데이트,O
카페산,B_CAF
마늘떡갈비정식,O
ㅡㅡㅡ,ㅡㅡㅡ
뜨루디,O
의,O
첫,O
브이로그,O
단양패러글라이딩,O
단양패러,O
ㅡㅡㅡ,ㅡㅡㅡ
국내여행,O
12,O
이것은,O
그야말로,O
단양,B_LOC
먹방,O
투어,O
구경시장,B_TOR
단양,B_LOC
여행,O
브이로그,O
ㅡㅡㅡ,ㅡㅡㅡ
단양,B_LOC
여행,O
단양,B_LOC
카페,O
브이로그,O
비엔라첼,O
ㅡㅡㅡ,ㅡㅡㅡ
단양,B_LOC
브이로그,O
ㅣ,O
단양,B_LOC
에서,O
인생,O
처음,O
패러글라이,O
딩,O
단양오고미션투어,O
ㅡㅡㅡ,ㅡㅡㅡ
단양,B_LOC
패러글라이딩,O
꿀잼,O
단양스카이패러,O
브이로그,O
ㅡㅡㅡ,ㅡㅡㅡ
2020여름,O
단양,B_LOC
안동,O
휴가,O
브이로그,O
갤럭시20,O
20,O
ㅡㅡㅡ,ㅡㅡㅡ
국제,O
커플,O
일상,O
브이로그,O
단양,B_LOC
구인사,B_TOR
에,O
간,O
니콜라스,O
ㅡㅡㅡ,ㅡㅡㅡ
지리브이로그,O
충북,O
단양,B_LOC
카르스트,O
남한강,O
패러글라,O
이딩,O
고수동굴,B_TOR
도담삼봉,B_TOR
부부,O
데이트,O
한국,O
지리,O
모의고사,O
드론,O
ㅡㅡㅡ,ㅡㅡㅡ
이백커플,O
여행,O
1,O
부여,O
단양,B_LOC
편,O
신나는,O
액티비티,O
체험,O
커플유튜브,O
커플브이로그여행브이로그데이트먹방패러글라,O
이딩커플데이트,O
ㅡㅡㅡ,ㅡㅡㅡ
단양,B_LOC
여행,O
브이로그,O
ㅡㅡㅡ,ㅡㅡㅡ
커플,O
브이로그,O
장거리,O
커플,O
ㅣ,O
단양,B_LOC
패러글라이,O
딩ㅣ,O
양재꽃시장,O
ㅣ,O
행궁동,O
데이트ㅣ,O
성수,O
데이트ㅣ데이트,O
브이로그,O
ㅡㅡㅡ,ㅡㅡㅡ
단양,B_LOC
카페산,B_CAF
다누리아쿠아리움,B_TOR
영화발신제한,O
커플,O
데이트,O
브이로그,O
ㅡㅡㅡ,ㅡㅡㅡ
육아브이로그,O
9,O
충북,O
단양,B_LOC
20대,O
엄마,O
아빠,O
백일지난아기,O
율이성장일기,O
강릉역,O
던킨도너츠,O
다이소,O
ㅡㅡㅡ,ㅡㅡㅡ
일상,O
브이로그,O
5,O
전북,O
고창,O
명사십리,O
금단양만,O
전주,O
한옥마을,O
광주,O
근교드라이브,O
ㅡㅡㅡ,ㅡㅡㅡ
공연,O
여행,O
브이로그,O
풍경이,O
멋진,O
단양,B_LOC
산카페,B_CAF
맛집,O
탐방,O
고씨동굴,O
ㅡㅡㅡ,ㅡㅡㅡ
단양,B_LOC
패러글라이딩,O
브이로그,O
ㅡㅡㅡ,ㅡㅡㅡ
먹,O
방브이로그,O
9,O
그녀가돌아왔다,O
단양카페산,B_CAF
개강,O
딸기찹쌀떡,O
샤인머스켓,O
회,O
떡볶이,O
문어버터구이,O
닭발,O
스팸주먹밥,O
납작만두,O
탕수육,O
쫀기,O
새로산그래놀라언박싱,O
소떡소떡,O
오트밀,O
ㅡㅡㅡ,ㅡㅡㅡ
단양,B_LOC
여행,O
브이로그,O
단양,B_LOC
도담삼봉,B_TOR
조선,O
개국,O
공신인,O
정도전,O
이,O
유년시절,O
살던,O
곳,O
금파,O
부부,O
낭만여행,O
영상,O
스케치,O
ㅡㅡㅡ,ㅡㅡㅡ
단양,B_LOC
브이로그,O
만천하스카이워크,B_TOR
ㅡㅡㅡ,ㅡㅡㅡ
2021,O
단양중,O
댄스부,O
수요일,O
방과후,O
브이로그,O
ㅡㅡㅡ,ㅡㅡㅡ
수인쓰,O
브이로그,O
추석,O
맞이,O
단양가족여행,O
ㅡㅡㅡ,ㅡㅡㅡ
단양,B_LOC
여행,O
브이로그,O
만천하스카이워크,B_TOR
ㅡㅡㅡ,ㅡㅡㅡ
브이로그,O
단양,B_LOC
패러글라이딩,O
ㅡㅡㅡ,ㅡㅡㅡ
놀고먹는취,O
준생브이로그,O
버킷리스트,O
행복했던,O
단양,B_LOC
패러글라이딩,O
ㅡㅡㅡ,ㅡㅡㅡ
브이로그,O
카페탐방,O
명절에,O
동생,O
들이랑,O
단양,B_LOC
카페산,B_CAF
탐방,O
ㅡㅡㅡ,ㅡㅡㅡ
대야미,O
여행가다,O
단양,B_LOC
브이로그,O
1편,O
스카이워크,B_TOR
수양개빛터널,B_TOR
닭강정,O
삼겹살,O
ㅡㅡㅡ,ㅡㅡㅡ
윾경,O
정윾경,O
하늘위로,O
날아오르다,O
일상,O
브이로그,O
단양,B_LOC
패러글라이딩버킷리스트,O
ㅡㅡㅡ,ㅡㅡㅡ
13,O
시안이,O
의,O
단양,B_LOC
나들이,O
단양,B_LOC
더밸리펜션,O
단양,B_LOC
카페산,B_CAF
사인암계곡,B_TOR
국내여행,O
핫플,O
역대급,O
뷰,O
카페,O
ㅡㅡㅡ,ㅡㅡㅡ
가족,O
여행,O
브이로그,O
단양,B_LOC
외할아버지,O
생신,O
ㅡㅡㅡ,ㅡㅡㅡ
1,O
단양,B_LOC
여행,O
ㅣ,O
패러글라이딩,O
ㅣ,O
리솜포레스트,O
ㅣ브이로그,O
ㅡㅡㅡ,ㅡㅡㅡ
초록초록,O
단양,B_LOC
당일치기,O
여행,O
도담삼봉,B_TOR
마늘,O
정식,O
카페산,B_CAF
고수동굴,B_TOR
구경시장,B_TOR
수양개빛터널,B_TOR
드라이브,O
브이로그,O
루시파크,O
ㅡㅡㅡ,ㅡㅡㅡ
선선한,O
가을,O
을,O
즐기는,O
일상,O
브이로그,O
천안,O
드라이브,O
단양패러,O
글라,O
이딩,O
ㅡㅡㅡ,ㅡㅡㅡ
일상,O
브이로그ㅣ,O
단양,B_LOC
여행ㅣ처음해보는,O
패러글라이딩,O
ㅣ버킷리스트,O
ㅡㅡㅡ,ㅡㅡㅡ
감성만세이아이넷,O
자연,O
속,O
힐링,O
단양,B_LOC
감성,O
여행영상브이로그,O
패러글라,O
이딩미리보기,O
본,O
ㅡㅡㅡ,ㅡㅡㅡ
단양패러글리이딩,O
브이로그,O
ㅡㅡㅡ,ㅡㅡㅡ
여행하는,O
직장인,O
단양,B_LOC
좋은거,O
왜,O
안알려줬어요,O
클레이,O
사격,O
청풍호반케이블카,O
타고,O
전망,O
감상까지,O
단양,B_LOC
알차게,O
즐기고,O
온,O
프로,O
여행러,O
브이로그,O
ㅡㅡㅡ,ㅡㅡㅡ
단양,B_LOC
데이트,O
웜톤,O
그자체,O
단양,B_LOC
겉핥기,O
여행,O
ㅡㅡㅡ,ㅡㅡㅡ
단양,B_LOC
여행,O
1,O
단양,B_LOC
도담삼봉,B_TOR
에서,O
즐긴,O
익사이팅,O
투어,O
모터보트,O
타기에,O
도전했어요,O
국내여행,O
추천,O
브이로그,O
ㅡㅡㅡ,ㅡㅡㅡ
단양여행,O
카페산,B_CAF
가마골식당,B_RES
사인암,B_TOR
간호조무사,O
실습브이로그,O
아웃닭,O
일상브이로그,O
마라탕,O
ㅡㅡㅡ,ㅡㅡㅡ
브이로그,O
단양아쿠아리움,B_TOR
아이들의,O
시점에만,O
마춰진,O
ㅡㅡㅡ,ㅡㅡㅡ
애견동반펜션에서,O
나홀로,O
여름,O
휴가,O
단양,B_LOC
여행,O
단양,B_LOC
애견동반펜션여행브이로그,O
코로나,O
자가진단키트,O
검사법,O
ㅡㅡㅡ,ㅡㅡㅡ
대야미,O
여행가다,O
단양,B_LOC
브이로그,O
2편,O
도담삼봉,B_TOR
고수동굴,B_TOR
카페산,B_CAF
ㅡㅡㅡ,ㅡㅡㅡ
일상브이로그,O
소백산,B_TOR
등산,O
단양,B_LOC
설,O
산,O
등산등산,O
준비물,O
겨울,O
등산스트레칭등산브이로그핸드메이드귀도리,O
ㅡㅡㅡ,ㅡㅡㅡ
제이브로,O
의,O
단양,B_LOC
페러글라이,O
딩,O
체험기브이로그,O
ㅡㅡㅡ,ㅡㅡㅡ
소백산,B_TOR
등산,O
브이로그,O
인생샷,O
성지,O
단양,B_LOC
여행,O
ㅡㅡㅡ,ㅡㅡㅡ
당일치기,O
단양,B_LOC
여행,O
단양,B_LOC
도담삼봉,B_TOR
이끼터널,B_TOR
새한서점,B_TOR
국내여행,O
브이로그,O
국내드라이브,O
ㅡㅡㅡ,ㅡㅡㅡ
단양여행,O
1,O
도담삼봉,B_TOR
과,O
석문,O
모터보트,O
탑승기,O
단양,O
1,O
도담삼봉,B_TOR
과,O
석문,O
모터보트,O
탑승기,O
ㅡㅡㅡ,ㅡㅡㅡ
190825,O
브이로그,O
단양여행,O
만천하스카이워크가는길,B_TOR
빛터널,B_TOR
추억의노래,O
ㅡㅡㅡ,ㅡㅡㅡ
파,O
워의,O
무계획,O
단양,B_LOC
여행,O
패러글라이딩,O
떡갈비,O
새한서점,B_TOR
도담삼봉,B_TOR
방심하면,O
계획,O
세움,O
주의,O
ㅡㅡㅡ,ㅡㅡㅡ
대야미,O
여행가다,O
단양,B_LOC
브이로그,O
3편,O
마지막,O
마늘만두,B_RES
수족관,O
햄버거,O
존맛,O
ㅡㅡㅡ,ㅡㅡㅡ
단양,B_LOC
만천하스카이워크,B_TOR
단양,B_LOC
모노레일,O
잔도길,B_TOR
단양,B_LOC
풍경,O
딸기콩,O
포트,O
루꼴라피자,O
만들기야생화,O
돌단풍,O
조팝나무,O
ㅡㅡㅡ,ㅡㅡㅡ
여행브이로그,O
단양,B_LOC
여행,O
1일차,O
휴게소,O
만천하스카이워크,B_TOR
단양구경시장,B_TOR
도담,B_TOR
상봉,I_TOR
단양,B_LOC
숙소,O
ㅡㅡㅡ,ㅡㅡㅡ
카라반,O
끌고,O
캠핑,O
가자,O
티큐브,O
와,O
함께한,O
단양생태체육공원,B_TOR
전기차,O
캠핑,O
브이로그,O
단양구경시장,B_TOR
오성통닭,B_RES
갤럭시20플러스73,O
ㅡㅡㅡ,ㅡㅡㅡ
단양,B_LOC
패러글라이딩,O
브이로그,O
ㅡㅡㅡ,ㅡㅡㅡ
영월,O
단양,B_LOC
여행,O
브이로그,O
ㅡㅡㅡ,ㅡㅡㅡ
국내여행,O
단양,B_LOC
패러글라이딩액티비티비명탕진잼에스펜션,O
ㅡㅡㅡ,ㅡㅡㅡ
단양,B_LOC
여행,O
브이로그ㅣ,O
패러글라이딩,O
ㅣ,O
안동,O
하회마을,O
ㅡㅡㅡ,ㅡㅡㅡ
여행,O
단양,B_LOC
가족,O
여행,O
단양,B_LOC
휴게소탐방,O
흥쟁이,O
일상브이로그,O
충북,O
여행,O
ㅡㅡㅡ,ㅡㅡㅡ
초코,O
2020,O
여행로그,O
단양,B_LOC
여행,O
도담삼봉,B_TOR
마늘떡갈비,O
이끼터널,B_TOR
카페우리,O
다,O
제주도,O
여행,O
성산일출봉,O
광치기해변,O
금능해수욕장,O
제주새우리,O
새벽숯불가든,O
양평,O
여행,O
현대블룸비스타,O
ㅡㅡㅡ,ㅡㅡㅡ
단양,B_LOC
2박3일,O
여행기록,O
ㅡㅡㅡ,ㅡㅡㅡ
하와서,O
2분안,O
에,O
단양,B_LOC
을,O
담아보았다,O
단양,B_LOC
여행,O
단양오고미션투어,O
단양,B_LOC
뚜벅이여행,O
대학생,O
브이로그,O
ㅡㅡㅡ,ㅡㅡㅡ
단양,B_LOC
여행,O
1,O
단양,B_LOC
에,O
가다,O
ㅡㅡㅡ,ㅡㅡㅡ
브이로그스펙타클한,O
소백산,B_TOR
다녀왔습니다,O
단양,B_LOC
파나소닉5,O
ㅡㅡㅡ,ㅡㅡㅡ
3박4일,O
단양,B_LOC
여행,O
단양오고미션투어,O
만천하,B_TOR
스카이워크ㅣ,I_TOR
성원약선요리,O
ㅣ,O
클레이,O
사격ㅣ,O
고수동굴,B_TOR
ㅣ,O
가족,O
여행ㅣ브이로그,O
ㅡㅡㅡ,ㅡㅡㅡ
단양,B_LOC
여행,O
세,O
로,O
브이로그,O
단양,B_LOC
패러글라이,O
딩,O
더쎈패러,O
마늘,O
약선,O
정식,O
단양,B_LOC
오경시장,O
샤부샤부,O
하루,O
한옥집,O
단양,B_LOC
스카이워크,B_TOR
알파인코스터,O
ㅡㅡㅡ,ㅡㅡㅡ
럽지로그,O
단양,B_LOC
여행로그,O
가을,O
여행카페투어,O
드립백,O
단양카페산,B_CAF
도깨비카페,B_CAF
리틀포레스트,B_CAF
고양이천국,O
시골감성,O
단풍구경,O
브이로그,O
일상로그,O
ㅡㅡㅡ,ㅡㅡㅡ
브이로그,O
단양,B_LOC
페러마을,O
체험기,O
ㅡㅡㅡ,ㅡㅡㅡ
단양오고미션투어,O
단양애견동반여행,O
단양,B_LOC
여행지추천,O
ㅡㅡㅡ,ㅡㅡㅡ
교사,O
일상브이로그,O
교사,O
의,O
휴일,O
단양,B_LOC
패러글라이딩,O
카페산,B_CAF
버킷리스트첫도전,O
ㅡㅡㅡ,ㅡㅡㅡ
단양,B_LOC
패러글라이딩,O
당일치기,O
여행,O
브이로그,O
ㅡㅡㅡ,ㅡㅡㅡ
단양,B_LOC
브이로그,O
당일치기,O
여행,O
단양,B_LOC
패러글라이딩,O
석문,O
도,B_CAF
깨비카페,I_CAF
단양강잔도길,B_TOR
수양개빛터널,B_TOR
ㅡㅡㅡ,ㅡㅡㅡ
여행,O
브이로그,O
또,O
가고싶은,O
단양,B_LOC
첫,O
가족,O
여행,O
ㅡㅡㅡ,ㅡㅡㅡ
여행,O
브이로그,O
1,O
제천,O
송계계곡,O
충주,O
막국수,O
단양,B_LOC
카페산,B_CAF
패,O
러글라이딩,O
카페,O
ㅡㅡㅡ,ㅡㅡㅡ
52,O
세자매,O
브이로그,O
여행,O
단양군,O
구경시장,B_TOR
예천군,O
효자면,O
별담,O
바펜션,O
올챙이,O
사슴벌레,O
주말,O
여행,O
ㅡㅡㅡ,ㅡㅡㅡ
호드라이브,O
브이로그,O
단양,B_LOC
패러글라이딩,O
혿드라이브,O
단양패러마을,B_TOR
패러글라이딩,O
70,O
제네시스70,O
ㅡㅡㅡ,ㅡㅡㅡ
여행로그,O
ㅣ,O
단양,B_LOC
여행,O
드라이브,O
새한서점,B_TOR
카페산,B_CAF
ㅡㅡㅡ,ㅡㅡㅡ
무감성,O
폭염속,O
여자혼자,O
단양,B_LOC
1박2일,O
뚜벅이여행혼술혼밥,O
고수동굴,B_TOR
만천하스카이워크,B_TOR
도담삼봉,B_TOR
혼술브이로그,O
ㅡㅡㅡ,ㅡㅡㅡ
추석,O
맞이,O
브이로그,O
단양,B_LOC
패러글라이,O
딩,O
만리포해수욕장,O
삼길포항,O
대하,O
회찜질방,O
ㅡㅡㅡ,ㅡㅡㅡ
감성만세이아이넷,O
자연,O
속,O
힐링,O
단양,B_LOC
감성,O
여행영상브이로그,O
패러글라,O
이딩,O
ㅡㅡㅡ,ㅡㅡㅡ
한국,O
와서,O
들뜬,O
나머지,O
떠나는,O
단양,B_LOC
여행,O
유학생,O
은,O
한국,O
이,O
오랜만이라,O
어디든,O
가고싶어,O
국내여행,O
일상,O
브이로그,O
ㅡㅡㅡ,ㅡㅡㅡ
20대,O
브이로그,O
단양,B_LOC
에서,O
두근두근,O
첫,O
패러글라이딩,O
너무,O
떨렸지만,O
재밌었어요,O
액티비티,O
추천,O
패러명가,O
후기,O
ㅡㅡㅡ,ㅡㅡㅡ
여행로그,O
스물아홉,O
의,O
단양청춘여행,O
태풍오마이스,O
ㅡㅡㅡ,ㅡㅡㅡ
여행,O
여름,O
휴가,O
단양여행,O
온달관광지,B_TOR
구인사,B_TOR
도담상봉,B_TOR
다리안국민관광지,O
약선백숙,O
ㅡㅡㅡ,ㅡㅡㅡ
단양여행,O
2일차,O
단양,B_LOC
여행,O
패러글라이딩,O
단양패러글라이딩,O
국내여행,O
단양,B_LOC
마늘불고기,O
곱창전골,O
마늘닭강정,O
ㅡㅡㅡ,ㅡㅡㅡ
단양,B_LOC
에서,O
패러글라이,O
딩하고,O
배고파서,O
떡갈비,O
더덕구이,O
삼겹살,O
비빔면,O
쳐묵쳐묵,O
커플,O
유튜브,O
브이로그,O
ㅡㅡㅡ,ㅡㅡㅡ
단양,B_LOC
패러글라이딩,O
체험,O
패러마을,B_TOR
아트비행,O
브이로그,O
ㅡㅡㅡ,ㅡㅡㅡ
나의,O
버킷리스트,O
패러글라이딩,O
진짜,O
진짜,O
리얼,O
후기,O
단양,B_LOC
맛집,O
단양,B_LOC
여행,O
ㅡㅡㅡ,ㅡㅡㅡ
자가,O
격리,O
헤제후,O
단양,B_LOC
구인사,B_TOR
일상,O
타이거박브이,O
로그,O
주말여행,O
맛집,O
박동민가이드,O
ㅡㅡㅡ,ㅡㅡㅡ
단양,B_LOC
여행,O
드립으로,O
가득찬,O
5월,O
에,O
다녀온,O
1박2일,O
단양,B_LOC
여행,O
브이로그,O
유운,O
ㅡㅡㅡ,ㅡㅡㅡ
단양,B_LOC
여행,O
트립비토즈,O
여행,O
크리에이터,O
1기,O
국내여행,O
우리가간다냥,O
ㅡㅡㅡ,ㅡㅡㅡ
단양여행,O
먹거리세상,O
ㅡㅡㅡ,ㅡㅡㅡ
단양,B_LOC
여행,O
한옥마을,O
한옥펜션,O
카페산,B_CAF
단양석갈비,O
야외,O
바베큐,O
ㅡㅡㅡ,ㅡㅡㅡ
2019년10월,O
단양,B_LOC
여행,O
브이로그,O
ㅡㅡㅡ,ㅡㅡㅡ
국내,O
여행,O
단양,B_LOC
으로,O
가야,O
하는,O
5가지,O
이유,O
마늘떡갈비,O
카페,B_CAF
산,I_CAF
패러글라이딩,O
이끼,O
터널,O
사인암,B_TOR
구인사,B_TOR
ㅡㅡㅡ,ㅡㅡㅡ
카레라이스만들기,O
시금치크림파스타,O
팽이버섯전,O
포도루꼴라샐러드,O
단양잔도길,B_TOR
쪽파수확,O
일상브이로그,O
ㅡㅡㅡ,ㅡㅡㅡ
여행,O
단양,B_LOC
2탄,O
가족,O
여행,O
패러글라이딩,O
산책하기,O
빙구웃음,O
일상브이로그,O
단양,B_LOC
여행,O
먹방,O
ㅡㅡㅡ,ㅡㅡㅡ
163,O
단양,B_LOC
팔경,O
도담삼봉,B_TOR
내고향,O
충청도,O
성실브이로그,O
ㅡㅡㅡ,ㅡㅡㅡ
단양,B_LOC
브이로그소개,O
ㅡㅡㅡ,ㅡㅡㅡ
충청도,O
단양,B_LOC
에,O
패러글라이딩,O
하러,O
다녀와따,O
기분,O
완전,O
무야호,O
커플,O
유튜브,O
브이로그,O
ㅡㅡㅡ,ㅡㅡㅡ
단양,B_LOC
1,O
첫,O
커플,O
여행,O
구경시장,B_TOR
흙마늘닭강정,B_RES
디투어스캠프클럽,O
어부명가,O
산까페,B_CAF
새한서점,B_TOR
ㅡㅡㅡ,ㅡㅡㅡ
여행,O
1,O
9년차,O
친구,O
랑,O
단양,B_LOC
여행,O
패러글라이,O
딩,O
카페산,B_CAF
도담삼봉,B_TOR
석문,O
구경시장,B_TOR
ㅡㅡㅡ,ㅡㅡㅡ
먹깨비들의,O
가식,O
없는,O
단양,B_LOC
여행,O
한여름,O
밤,O
의,O
꿀,O
같았던,O
바베큐,O
파티,O
단양,B_LOC
하이디하우스,O
만천하스카이워크,B_TOR
알파,O
인코스터,O
이끼터널,O
단양,B_LOC
맛집,O
ㅡㅡㅡ,ㅡㅡㅡ
단양,B_LOC
패러글라이,O
딩하러,O
간,O
뚜벅이,O
단양,B_LOC
여행,O
ㅡㅡㅡ,ㅡㅡㅡ
100대,O
명산을,O
찾아서,O
14번째,O
도락산,O
964,O
단양,B_LOC
산행,O
브이로그,O
풀영상,O
등산후기랜선,O
ㅡㅡㅡ,ㅡㅡㅡ
혼축하기,O
딱,O
좋은,O
날씨네,O
단양,B_LOC
뷰맛집여행,O
축구,O
브이로그,O
ㅡㅡㅡ,ㅡㅡㅡ
신입사원,O
회사원,O
단양,B_LOC
여행가다,O
폭우,O
속,O
여행기,O
편입니다,O
회사원,O
직장인,O
의,O
일상은,O
어떨까,O
新,O
ㅡㅡㅡ,ㅡㅡㅡ
단양,B_LOC
여행,O
가을,O
이,O
온걸까요,O
겨울,O
이,O
온걸까요,O
ㅡㅡㅡ,ㅡㅡㅡ
뚱이의,O
단양,B_LOC
여행,O
일상,O
취미생활,O
취준생,O
의,O
하루,O
ㅡㅡㅡ,ㅡㅡㅡ
단양,B_LOC
여행,O
2,O
애견동반,O
펜션으로,O
다녀온,O
단양,B_LOC
여행,O
4종세트,O
말타기,O
바베큐,O
고수동굴,B_TOR
탐험,O
사인암,B_TOR
과,O
마늘떡갈비,O
국내여행,O
추천,O
브이로그,O
ㅡㅡㅡ,ㅡㅡㅡ
동생,O
이랑,O
당일치기,O
단양,B_LOC
택시,O
여행,O
뚜벅이,O
자매,O
가,O
여행하는,O
방법,O
로이쿠,O
ㅡㅡㅡ,ㅡㅡㅡ
단양,B_LOC
당일치기,O
여행,O
코스,O
고소공포증,O
그런거,O
뭔지,O
모르는,O
현욱,O
쌤의,O
단양,B_LOC
여행,O
1편,O
패러글라이딩,O
알파인,O
코스터,O
스,O
카이워크,O
ㅡㅡㅡ,ㅡㅡㅡ
단양,B_LOC
브이로그휴가여행,O
패러글라이딩,O
보육교사,O
계곡드라이브,O
ㅡㅡㅡ,ㅡㅡㅡ
가족,O
여행,O
단양,B_LOC
소선암,O
캠핑장,O
ㅡㅡㅡ,ㅡㅡㅡ
단양,B_LOC
여행,O
패러글라이딩,O
ㅡㅡㅡ,ㅡㅡㅡ
행복한,O
단양,B_LOC
브이로그,O
자전거,O
타고,O
도담삼봉,B_TOR
석문,O
패러글라이딩,O
담양구경시장,B_TOR
먹거리,O
김군,O
게스트하우스,O
만천하스카이워크,B_TOR
알파인코스터,O
ㅡㅡㅡ,ㅡㅡㅡ
여행로그,O
단양,B_LOC
당일치기,O
적극추천,O
한국,O
최고절경은단양,O
입니다,O
일상에지쳤다면,O
단양,B_LOC
에다녀오세요,O
팔로팔로미,O
ㅡㅡㅡ,ㅡㅡㅡ
단양,B_LOC
당일치기,O
단양아쿠아리움,B_TOR
10년,O
지기,O
친구,O
들과,O
무계획,O
여행,O
유치함주의,O
ㅡㅡㅡ,ㅡㅡㅡ
우리는,O
지금,O
단양,B_LOC
에,O
있다,O
2,O
2박3일,O
단양,B_LOC
여행,O
브이로그,O
단양,B_LOC
가볼만한,O
곳,O
단양,B_LOC
카페,O
단양,B_LOC
소품샵,O
리틀포레스트,B_CAF
단양구경시장,B_TOR
단양노트,O
구인사,B_TOR
도담삼봉,B_TOR
ㅡㅡㅡ,ㅡㅡㅡ
11,O
국내뿌시기,O
단양,B_LOC
편,O
여자혼자여행,O
태풍뚫고운전,O
단양패러마을,B_TOR
단양패러글라이딩,O
단양카페추천,O
카페산,B_CAF
전참시이영자카페,O
빵집,O
단양구경시장,B_TOR
흑마늘닭강정,B_RES
단양마늘만두,B_RES
ㅡㅡㅡ,ㅡㅡㅡ
비스너,O
와,O
함께하는,O
여행,O
충북,O
단양,B_LOC
노지,O
캠핑,O
단양생태공원,B_TOR
노지캠핑명당노지브이로그무료캠핑,O
ㅡㅡㅡ,ㅡㅡㅡ
여행,O
떠나자,O
가을,O
여행,O
단양,B_LOC
여행,O
1부,O
단양마늘만두,B_RES
카페산,B_CAF
고운골갈대숲,O
오성통닭,B_RES
단양구경시장,B_TOR
구인사,B_TOR
ㅡㅡㅡ,ㅡㅡㅡ
단양,B_LOC
여행,O
단양,B_LOC
맛집,O
단양,B_LOC
패러,O
글라이딩,O
단양,B_LOC
가볼만한곳,O
만천하스카이워크,B_TOR
단양,B_LOC
카페산,B_CAF
제천,O
빨간오뎅,O
ㅡㅡㅡ,ㅡㅡㅡ
단양,B_LOC
여행로그,O
힐링로그,O
인스타,O
감성,O
뿜뿜한,O
곳,O
공유해요,O
리틀포레스트,B_CAF
이끼터널,O
소백산,B_TOR
ㅡㅡㅡ,ㅡㅡㅡ
패러글라이딩,O
하러,O
단양,B_LOC
으로,O
마늘,O
에,O
미친,O
도시,O
단양,B_LOC
여행,O
브이로그,O
수진,O
효민,O
출연,O
ㅡㅡㅡ,ㅡㅡㅡ
30대,O
주부,O
단양,B_LOC
강릉,O
드라이브,O
캠핑,O
ㅣ일상로그,O
02,O
ㅡㅡㅡ,ㅡㅡㅡ
2년차,O
직장인,O
의,O
노잼극복,O
단양패러글라이딩,O
여행,O
단양,B_LOC
ㅡㅡㅡ,ㅡㅡㅡ
국내여행,O
단양,B_LOC
당일여행,O
가볼만한곳,O
단양,B_LOC
먹방,O
충주호유람선,O
단양다누리아쿠아리움,B_TOR
수양개빛터널,B_TOR
ㅡㅡㅡ,ㅡㅡㅡ
엄마,O
아빠,O
와,O
제천,O
단양,B_LOC
1박2일,O
여행겁쟁이,O
패러글라이딩,O
도전,O
ㅡㅡㅡ,ㅡㅡㅡ
문경,O
에서,O
힐링하고,O
단양,B_LOC
에서,O
패러글라,O
이딩,O
먹고,O
자고,O
쉬고,O
즐긴,O
일상,O
브이로그,O
ㅡㅡㅡ,ㅡㅡㅡ
단양,B_LOC
1박2일,O
여행,O
가연,O
떡갈비,O
도담삼봉,B_TOR
석문,O
카페산,B_CAF
단양구경시장,B_TOR
만천하스카이워크,B_TOR
고수동굴,B_TOR
등,O
ㅡㅡㅡ,ㅡㅡㅡ
단양,B_LOC
여행가서,O
콩트,O
찍고,O
온ㅋㅋㅋㅋㅋㅋ,O
안마의자,O
유또삐아,O
ㅡㅡㅡ,ㅡㅡㅡ
좌충우돌,O
여행기,O
단양,B_LOC
을,O
뒤집어,O
놓으셨다,O
ㅡㅡㅡ,ㅡㅡㅡ
단양별장,O
에서,O
친구,O
들과,O
ㅡㅡㅡ,ㅡㅡㅡ
세쁨,O
버킷리스트,O
단양,B_LOC
패러마을,B_TOR
패러글라이딩,O
20년,O
지기,O
친구,O
들,O
코로나,O
조심하며,O
찍은,O
소소한,O
브이로그,O
ㅡㅡㅡ,ㅡㅡㅡ
힐링여행,O
단양,B_LOC
ㅣ우당탕탕,O
넷,O
이서,O
단양,B_LOC
여행ㅣ우리끼리,O
재미있었으면,O
됐어,O
ㅣ,O
ㅡㅡㅡ,ㅡㅡㅡ
지금,O
단양,B_LOC
은,O
힐링이다,O
패러글라이,O
딩,O
천국본격,O
힐링,O
여행,O
봄,O
여행지,O
추천키즈,O
여행키즈,O
브이로그,O
아빠,O
랑,O
엄마,O
랑,O
가족,O
여행,O
주말,O
여행으로,O
짱쿵짝콩짝,O
스튜디오,O
ㅡㅡㅡ,ㅡㅡㅡ
이리저리,O
취미로,O
여행가는,O
남자들,O
취여남,O
단양,B_LOC
커피,B_CAF
산,I_CAF
갈대숲,O
브이로그,O
데이트코스,O
국내여행,O
ㅡㅡㅡ,ㅡㅡㅡ
여행,O
4,O
1박2일,O
추석,O
여행,O
단양,B_LOC
패러글라이딩,O
충주호,O
소백산,B_TOR
펜션,O
먹방,O
자연만끽하기,O
힐링,O
연휴,O
ㅡㅡㅡ,ㅡㅡㅡ
2020,O
12월25일,O
크리스마스날,O
단양,B_LOC
당일치기,O
여행,O
ㅡㅡㅡ,ㅡㅡㅡ
4,O
안개낀숲속,O
멋진영상미,O
우중산행,O
어때요,O
단양금수산,O
애견등산등산브이로그,O
ㅡㅡㅡ,ㅡㅡㅡ
10월,O
의,O
특별했던,O
먹방,O
제주,O
흑돼지,O
단양떡갈비,O
먹방,O
브이로그,O
ㅡㅡㅡ,ㅡㅡㅡ
너무,O
좋아서,O
다시,O
떠난,O
단양,B_LOC
2박3일,O
여행,O
ㅡㅡㅡ,ㅡㅡㅡ
여행,O
34,O
리도,O
가족,O
단양,B_LOC
여행기,O
다누리아쿠아리움,B_TOR
만천하스카이워크,B_TOR
카페산,B_CAF
ㅡㅡㅡ,ㅡㅡㅡ
단양,B_LOC
여행,O
ㅡㅡㅡ,ㅡㅡㅡ
단양,B_LOC
당일치기,O
여행,O
만천하,B_TOR
스카이워크,I_TOR
카페산,B_CAF
단대호수,O
노을,O
ㅡㅡㅡ,ㅡㅡㅡ
단양,B_LOC
여행,O
1,O
먼저,O
계획짜는,O
사람이,O
지는,O
여행,O
ㅡㅡㅡ,ㅡㅡㅡ
국내,O
1박2일,O
단양여행,O
단양5미션투어,O
2,O
단양여행,O
단양오고미션투어,O
단양미션투어,O
한국관광공사,O
단양군관광협의회,O
고수동굴,B_TOR
도담삼봉,B_TOR
ㅡㅡㅡ,ㅡㅡㅡ
30대,O
직장인,O
단양어디까지가봤니,O
도담삼봉,B_TOR
마늘,O
아포가또,O
구경시장,B_TOR
만천하,B_TOR
스카이워크,I_TOR
알파인,O
코스터,O
킨더살몬,O
여행하는,O
직장인,O
ㅡㅡㅡ,ㅡㅡㅡ
단양,B_LOC
2편,O
단양,B_LOC
당일치기,O
여행중인,O
현욱,O
쌤,O
단양,B_LOC
인생샷,O
장소부터,O
먹방까지,O
ㅡㅡㅡ,ㅡㅡㅡ
우리는,O
지금,O
단양,B_LOC
에,O
있다,O
1,O
2박3일,O
단양,B_LOC
여행,O
브이로그,O
단양,B_LOC
맛집,O
단양,B_LOC
카페,O
단양,B_LOC
숙소,O
마늘떡갈비,O
맛집,O
가연,O
카페산,B_CAF
펜션,O
조개구이,O
ㅡㅡㅡ,ㅡㅡㅡ
99년,O
친구,O
단양,B_LOC
여행,O
만천하스카이워크,B_TOR
도담삼봉,B_TOR
석문,O
구경시장,B_TOR
도담게스트하우스,O
패러에반하다,O
고수동굴,B_TOR
소백산칼국수,O
ㅡㅡㅡ,ㅡㅡㅡ
육해공을,O
누빈,O
단양,B_LOC
여행,O
액티비티,O
가을,O
여행지,O
추천,O
더쎈,O
패러글라이딩,O
도담삼봉,B_TOR
구경시장,B_TOR
맛집,O
단양제빵소,O
수양개빛터널,B_TOR
보발재,B_TOR
드라이브,O
ㅡㅡㅡ,ㅡㅡㅡ
숲,O
속의,O
헌책방,O
영화,O
39,O
내부자들,O
39,O
촬영지,O
단양,B_LOC
새한서점,B_TOR
가족,O
여행,O
브이로그,O
ㅡㅡㅡ,ㅡㅡㅡ
충청북도,O
충주,O
단양,B_LOC
여행을,O
사진으로,O
선물하다,O
여행,O
73,O
1,O
ㅡㅡㅡ,ㅡㅡㅡ
송기자,O
의여행톡,O
단양,B_LOC
편,O
ㅡㅡㅡ,ㅡㅡㅡ
비글민재,O
와,O
함께한,O
단양,B_LOC
여행,O
73개월,O
비글민재,O
ㅡㅡㅡ,ㅡㅡㅡ
철,O
사마로그,O
삼남매,O
아빠,O
패러글라이딩,O
도전,O
단양,B_LOC
여행,O
중,O
정신차리고보니,O
하늘에,O
훨훨,O
ㅡㅡㅡ,ㅡㅡㅡ
우니,O
의,O
일상,O
16ㅣ,O
노지캠,O
단양,B_LOC
여행,O
만천하스카이워크,B_TOR
알파인,O
코스터,O
타는,O
가족,O
여행,O
친구,O
생일,O
직장인,O
일주일,O
휴가,O
필테시작,O
ㅡㅡㅡ,ㅡㅡㅡ
단양단촌서원고택,O
충북,O
단양,B_LOC
여행중,O
단촌서원고택,O
팬션에서,O
1박,O
했습니다,O
고즈넉한,O
고택의,O
분위기가,O
좋았습니다,O
2021년10월4일저녁,O
ㅡㅡㅡ,ㅡㅡㅡ
단양,B_LOC
여행,O
단양,B_LOC
가대리,O
생태습지,O
ㅡㅡㅡ,ㅡㅡㅡ
슈퍼바이크,O
1000,O
타고,O
주말,O
단양,B_LOC
여행,O
코너는,O
무서워,O
ㅡㅡㅡ,ㅡㅡㅡ
충북단양여행,O
2021년10월04일,O
바람처럼,O
지나가는,O
시간을,O
아쉬워하며,O
ㅡㅡㅡ,ㅡㅡㅡ
가은산,O
충북,O
제천,O
옥순봉,O
구담봉,B_TOR
출렁다리,O
단양,B_LOC
8경,O
우리랜드,O
충청도,O
여행,O
단양,B_LOC
여행,O
제천,O
여행,O
단양,B_LOC
팔경,O
단풍소식,O
031,O
ㅡㅡㅡ,ㅡㅡㅡ
한일,O
커플,O
日韓국내여행,O
충북,O
진천,O
단양,B_LOC
볼거리,O
5,O
ㅡㅡㅡ,ㅡㅡㅡ
여행,O
브이로그,O
올해,O
의,O
버킷리스트,O
달성,O
단양,B_LOC
패러글라이딩,O
먹방,O
청포도타르트,O
카페산,B_CAF
구경시장,B_TOR
블랙핑크아이스크림,O
마늘만두,O
흑마늘닭강정,B_RES
단양,B_LOC
노트,O
ㅡㅡㅡ,ㅡㅡㅡ
국내여행,O
단양,B_LOC
여행,O
느린우체통,O
단양구경시장,B_TOR
단양,B_LOC
맛집,O
도담삼봉,B_TOR
소백산자연휴양림,B_TOR
ㅡㅡㅡ,ㅡㅡㅡ
여행,O
단양,B_LOC
당일치기,O
도담삼봉,B_TOR
석문,O
구경시장,B_TOR
고수동굴,B_TOR
패러글라이딩,O
ㅡㅡㅡ,ㅡㅡㅡ
이제야,O
올리는,O
추석연휴,O
와,O
공짜,O
캠핑장,O
간,O
날,O
전주한옥마을,O
단양,B_LOC
패러글라이딩,O
용인힐링캠프장,O
ㅡㅡㅡ,ㅡㅡㅡ
