﻿word,ner
1박2일,O
10끼,O
목표로,O
다녀온,O
대구,B_LOC
여행,O
브이로그,O
ㅡㅡㅡ,ㅡㅡㅡ
대구,B_LOC
먹방여행,O
2편,O
미림돈까스,B_RES
중앙떡볶이,B_RES
납작만두,O
김밥,O
땡스베이글,B_CAF
자매,O
여행,O
ㅡㅡㅡ,ㅡㅡㅡ
집으로,O
대구,B_LOC
여행,O
조주기능사,O
사전투표,O
호캉스,O
수성호텔,O
수성못,B_TOR
새우장,O
ㅡㅡㅡ,ㅡㅡㅡ
나홀로,O
대구,B_LOC
먹방여행,O
1,O
매콤낙지볶음,O
슈크림도넛,O
블루베리도넛,O
미진분식,B_RES
김밥,O
우동,O
스쿱당,B_CAF
세컷,O
ㅡㅡㅡ,ㅡㅡㅡ
대구,B_LOC
먹방여행,O
마늘찜갈비,O
크림듬뿍마늘빵,O
딸기타르트,O
티라미수,O
자매,O
여행,O
ㅡㅡㅡ,ㅡㅡㅡ
繁中字,O
대구,B_LOC
여행,O
1일차,O
대구,B_LOC
도심,O
여행코스,O
1편,O
대구,B_LOC
가볼만한곳,O
대구,B_LOC
맛집,O
대구,B_LOC
여행코스,O
동성로,O
카페,O
대구시티투어,O
ㅡㅡㅡ,ㅡㅡㅡ
대구,B_LOC
여행,O
대구,B_LOC
수성구,O
를,O
즐기는,O
방법,O
0102,O
한국어,O
자막,O
일본,O
여자,O
레이짱,O
ㅡㅡㅡ,ㅡㅡㅡ
繁中字,O
대구,B_LOC
여행,O
1일차,O
대구,B_LOC
도심,O
여행코스,O
2편,O
대구시티투어,O
대구,B_LOC
가볼만한,O
곳,O
대구,B_LOC
맛집,O
대구,B_LOC
여행코스,O
근대문화골목,O
서문시장,B_TOR
서문시장,B_TOR
맛집,O
ㅡㅡㅡ,ㅡㅡㅡ
대구,B_LOC
라이더,O
분들의,O
성지,O
헐티재,O
팔조령,B_TOR
업힐,O
라이딩,O
코스,O
다녀왔어요,O
대구,B_LOC
자전거,O
여행,O
헐팔코스,O
파일,O
코스정보,O
제공,O
ㅡㅡㅡ,ㅡㅡㅡ
일상,O
대구,B_LOC
중고명품,O
고이비토대구동성로본점,O
방문기,O
ㅡㅡㅡ,ㅡㅡㅡ
繁中字,O
대구,B_LOC
여행,O
1일차,O
대구공항,O
에서,O
도심,O
이동하기여행,O
기본,O
정보,O
대구,B_LOC
가볼만한곳,O
대구,B_LOC
맛집,O
대구공항,O
대구,B_LOC
여행코스,O
ㅡㅡㅡ,ㅡㅡㅡ
0101,O
나혼자,O
대구,B_LOC
여행,O
시작국내여행지,O
대구,B_LOC
여행코스,O
국내여행영상,O
대구,B_LOC
가볼만한곳,O
혼자여행,O
국내,O
혼자여행브이로그,O
ㅡㅡㅡ,ㅡㅡㅡ
繁中字,O
대구,B_LOC
여행,O
1일차,O
대구,B_LOC
도심,O
여행코스,O
3편,O
대구시티투어,O
대구,B_LOC
가볼만한곳,O
대구,B_LOC
여행코스,O
서문시장,B_TOR
앞산전망대,B_TOR
수성못,B_TOR
ㅡㅡㅡ,ㅡㅡㅡ
대구,B_LOC
메리어트호텔,O
뷔페,O
등,O
전체둘러보기,O
대구,B_LOC
여행,O
ㅡㅡㅡ,ㅡㅡㅡ
대구,B_LOC
여행,O
비정상회담,O
에,O
제가,O
한국,O
대표,O
로,O
나가도,O
될까요,O
수성구,O
투어,O
0102,O
일본,O
여자,O
레이짱,O
ㅡㅡㅡ,ㅡㅡㅡ
대구,B_LOC
여행,O
대구,B_LOC
에도,O
메타세콰이어,O
길이,O
있다,O
일본,O
여자,O
레이짱,O
ㅡㅡㅡ,ㅡㅡㅡ
繁中字,O
대구,B_LOC
여행,O
1일차,O
대구,B_LOC
도심,O
여행코스,O
4편,O
대구시티투어,O
대구,B_LOC
가볼만한곳,O
김광석거리,B_TOR
대구,B_LOC
맛집,O
동성로,O
맛집,O
대구호텔,O
ㅡㅡㅡ,ㅡㅡㅡ
먹방,O
브이로그,O
이거,O
먹으러,O
대구,B_LOC
갔다왔어요,O
대구,B_LOC
의,O
명물,O
국대,O
닭곱새,O
먹방여행,O
ㅡㅡㅡ,ㅡㅡㅡ
繁中字,O
대구,B_LOC
여행,O
2일차,O
대구,B_LOC
근교,O
이동하는,O
방법,O
대구,B_LOC
가볼만한곳,O
대구,B_LOC
여행코스,O
대구,B_LOC
근교가볼만한곳,O
경주,O
여행,O
경주,O
여행코스,O
ㅡㅡㅡ,ㅡㅡㅡ
대구,B_LOC
라이딩,O
포기,O
가끔은,O
뭐,O
이럴때도,O
있는거지,O
자덕,O
부부,O
의,O
바람,O
여행,O
ㅡㅡㅡ,ㅡㅡㅡ
0104,O
대구,B_LOC
핫플,O
카페,O
국내여행지,O
대구,B_LOC
여행코스국내여행영상혼자여행,O
국내,O
대구,B_LOC
가볼만한곳,O
대구,B_LOC
여행,O
대구,O
카페브이로그,O
대구,B_LOC
카페,O
ㅡㅡㅡ,ㅡㅡㅡ
뷰로맨스,O
둘,O
이서,O
첫,O
대구,B_LOC
여행,O
1부,O
39,O
ㅡㅡㅡ,ㅡㅡㅡ
왜진작,O
안탔을까찐재미시티투어,O
대구,B_LOC
여행,O
ㅡㅡㅡ,ㅡㅡㅡ
51,O
엄마,O
와,O
대구,B_LOC
힐링,O
여행,O
국내여행지,O
대구,O
여행코스국내여행영상,O
대구,O
가볼만한곳,O
대구,O
여행,O
앞산전망대,B_TOR
앞산케이블카,O
모녀,O
여행브이로그,O
ㅡㅡㅡ,ㅡㅡㅡ
0404,O
대구,B_LOC
강정보,B_TOR
에서,O
카트,O
라이딩,O
국내여행지우정여행추천,O
대구,B_LOC
여행코스국내여행영상,O
대구,B_LOC
가볼만한곳,O
대구,B_LOC
여행,O
강정보,B_TOR
강정보,B_TOR
카트,O
강정보바이크,O
ㅡㅡㅡ,ㅡㅡㅡ
대구,B_LOC
여행,O
키가,O
큰,O
친구,O
들이랑,O
여행,O
다니면,O
생기는,O
일,O
수성구투어,O
속편,O
ㅣ,O
일본,O
여자,O
레이짱,O
ㅡㅡㅡ,ㅡㅡㅡ
대구,B_LOC
여행,O
2일차,O
대구,B_LOC
근교,O
경주,O
대중교통을,O
이용한,O
당일치기,O
투어,O
대구,B_LOC
가볼만한곳,O
대구,B_LOC
근교,O
대구,B_LOC
근교가볼만한곳,O
경주,O
여행,O
경주,O
여행코스,O
ㅡㅡㅡ,ㅡㅡㅡ
0301,O
대구,B_LOC
굿즈샵,O
구경,O
갔다가,O
지갑,O
탈탈,O
국내여행지우정여행추천,O
대구,B_LOC
여행코스국내여행영상,O
대구,B_LOC
가볼만한곳,O
대구,B_LOC
여행,O
대구,B_LOC
쇼핑,O
대구,B_LOC
굿즈,O
ㅡㅡㅡ,ㅡㅡㅡ
0302,O
대구,B_LOC
핫플,O
북성로,O
카페,O
국내여행지우정여행추천,O
대구,B_LOC
여행코스국내여행영상,O
대구,B_LOC
가볼만한곳,O
대구,B_LOC
여행,O
대구,B_LOC
카페,O
ㅡㅡㅡ,ㅡㅡㅡ
대구,B_LOC
갔다온,O
브이로그ㅣ,O
복희,O
의,O
하루,O
하루종일,O
등산하고,O
메밀묵밥,O
선지국밥,O
육회,O
먹방,O
평화주의자,O
와,O
바이킹,O
ㅡㅡㅡ,ㅡㅡㅡ
주말,O
일상,O
브이로그,O
서울,O
대구,B_LOC
당일치기,O
여행,O
장어,O
맛집,O
디지털,O
노마드,O
진에어,O
ㅡㅡㅡ,ㅡㅡㅡ
0401,O
대구,B_LOC
두류공원,B_TOR
야외음악당에서,O
치킨,O
먹방국내여행지우정여행추천,O
대구,B_LOC
여행코스국내여행영상,O
대구,B_LOC
가볼만한곳,O
대구,B_LOC
여행,O
대구,B_LOC
맛집,O
대구,B_LOC
치킨,O
ㅡㅡㅡ,ㅡㅡㅡ
61,O
한식대첩,O
우승자,O
대구,B_LOC
한정식,O
클라쓰,O
국내여행지,O
대구,B_LOC
여행코스국내여행영상여행브이로그,O
대구,B_LOC
가볼만한곳,O
대구,B_LOC
여행,O
수성못,B_TOR
들안길,O
대구,B_LOC
한정식,O
ㅡㅡㅡ,ㅡㅡㅡ
0,O
국내여행,O
추천,O
같이,O
대구,B_LOC
랜선,O
여행,O
해요,O
국내여행지,O
대구,B_LOC
여행코스,O
국내여행영상,O
대구,B_LOC
가볼만한곳,O
ㅡㅡㅡ,ㅡㅡㅡ
대구,B_LOC
여행,O
대구,B_LOC
수성구,O
를,O
즐기는,O
방법,O
0202,O
한국어,O
자막,O
일본,O
여자,O
레이짱,O
ㅡㅡㅡ,ㅡㅡㅡ
0205,O
대구,B_LOC
마스킹테이프,O
천국,O
국내여행지,O
대구,B_LOC
여행코스국내여행영상혼자여행,O
국내,O
대구,B_LOC
가볼만한곳,O
대구,B_LOC
여행,O
대구문구하울,O
대구,B_LOC
문구점,O
ㅡㅡㅡ,ㅡㅡㅡ
0103,O
대구,B_LOC
인생샷,O
찍는,O
곳,O
국내여행지,O
대구,B_LOC
여행코스국내여행영상혼자여행국내,O
대구,B_LOC
가볼만한곳,O
대구,B_LOC
여행,O
비긴어게인대구,O
대구,B_LOC
인생샷,O
ㅡㅡㅡ,ㅡㅡㅡ
0303,O
대구,B_LOC
인생네컷,O
도전,O
국내여행지우정여행추천,O
대구,B_LOC
여행코스국내여행영상,O
대구,B_LOC
가볼만한곳,O
대구,B_LOC
여행,O
대구,B_LOC
카페,O
인생네컷브이로그,O
인생네컷잘찍는,O
법,O
ㅡㅡㅡ,ㅡㅡㅡ
나홀로,O
대구,B_LOC
먹방여행,O
2,O
모둠돈까스,O
무화과크림빵,O
한우,O
짜파게티,O
리코타치즈샌드위치,O
초코크림롤,O
과일크림빵,O
알차게,O
잘먹고간다,O
ㅡㅡㅡ,ㅡㅡㅡ
브이로그,O
프리랜서,O
디자이너,O
일상,O
촬영,O
대구,B_LOC
가족,O
외식,O
데이트,O
ㅡㅡㅡ,ㅡㅡㅡ
13,O
대구,B_LOC
여행,O
배달,O
왔습니다,O
비슬산,B_TOR
대견사,B_TOR
유가사,B_TOR
조화봉,B_TOR
천왕봉,B_TOR
참꽃,O
진달래,O
대구,B_LOC
의봄,O
비슬산,B_TOR
가을,O
철가방,O
여행배달,O
16,O
ㅡㅡㅡ,ㅡㅡㅡ
대구,B_LOC
여행,O
2일차,O
대구,B_LOC
근교,O
경주,O
대중교통을,O
이용한,O
당일치기,O
투어,O
3편,O
대구,B_LOC
가볼만한곳,O
대구,B_LOC
근교,O
대구,B_LOC
근교가볼만한곳,O
경주,O
여행,O
경주,O
여행코스,O
경주,O
맛집,O
황리단길,O
경주교리김밥,O
ㅡㅡㅡ,ㅡㅡㅡ
43,O
대구,B_LOC
돼지갈비,O
찐,O
맛집,O
추천,O
국내여행지국내여행영상,O
대구,B_LOC
가볼만한곳,O
대구,B_LOC
여행,O
대구,B_LOC
맛집,O
동성로,O
맛집,O
대구,B_LOC
돼지갈비,O
대구,B_LOC
카페,O
종로,O
카페,O
ㅡㅡㅡ,ㅡㅡㅡ
63,O
대구,B_LOC
에,O
한옥마을,O
이국내여행지,O
대구,B_LOC
여행코스국내여행영상모녀여행브이로그,O
대구,B_LOC
가볼만한곳,O
대구,B_LOC
여행,O
대구,B_LOC
근교,O
팔공산,B_TOR
옻골마을,B_TOR
ㅡㅡㅡ,ㅡㅡㅡ
53,O
대구,B_LOC
데이트,O
명소,O
수성못,B_TOR
에서,O
산책하기국내여행지,O
대구,B_LOC
여행코스국내여행영상,O
모,O
녀여행브이로그,O
대구,B_LOC
가볼만한곳,O
대구,B_LOC
여행,O
대구,B_LOC
데이트,O
수성못,B_TOR
ㅡㅡㅡ,ㅡㅡㅡ
미국,O
대구,B_LOC
39,O
여행,O
금지39,O
경보,O
한,O
국발,O
입국,O
금지는,O
안,O
해,O
ㅡㅡㅡ,ㅡㅡㅡ
주말,O
알바생,O
의,O
하루,O
김밥,O
도마,O
대구,B_LOC
맛집,O
대구,B_LOC
칠곡,O
맛집,O
칠곡,O
맛집,O
칠곡,O
배달맛집,O
ㅡㅡㅡ,ㅡㅡㅡ
포항,O
먹방,O
여행,O
1편,O
한스드림베이커리,O
각종,O
빵,O
대구통닭,B_RES
꿔바로우,O
포항,O
시내,O
구경,O
ㅡㅡㅡ,ㅡㅡㅡ
0204,O
대구,B_LOC
에서,O
만난,O
역대급,O
비주얼,O
베이,O
글,O
국내여행지,O
대구,B_LOC
여행코스국내여행영상혼자여행,O
국내,O
대구,B_LOC
가볼만한곳,O
대구,B_LOC
여행,O
대구,B_LOC
카페,O
트룰리베이커,B_CAF
ㅡㅡㅡ,ㅡㅡㅡ
4,O
대구,B_LOC
8월,O
배롱나무,O
하목정과,O
육신사가로수길,O
8월,O
여행,O
배롱나무,O
ㅡㅡㅡ,ㅡㅡㅡ
대구,B_LOC
갔다왔는데,O
대구,B_LOC
영상은,O
없고,O
먹는,O
영상만,O
있는,O
브이로그,O
일본,O
일상,O
ㅡㅡㅡ,ㅡㅡㅡ
대구,B_LOC
먹방여행,O
1탄,O
양반후반,O
옛날치킨,O
과,O
우동불고기,O
냠냠,O
ㅡㅡㅡ,ㅡㅡㅡ
3박4일,O
대구,B_LOC
구미,O
여행갔다,O
에스토니아인,O
유학생,O
의,O
한국,O
생활,O
여행,O
븨로그,O
ㅡㅡㅡ,ㅡㅡㅡ
국제,O
커플,O
39,O
에이미앤로만,O
39,O
의,O
대구,B_LOC
여행,O
1탄,O
앞산전망대,B_TOR
ㅡㅡㅡ,ㅡㅡㅡ
국립대구박물관,B_TOR
경상도,O
여행,O
한국여행,O
우리나,O
라여행,O
대한민국,O
여행,O
ㅡㅡㅡ,ㅡㅡㅡ
韓日常,O
日本語,O
한국,O
일상,O
두번째,O
대구,B_LOC
일상,O
대구카페투어,O
대구,B_LOC
맛집,O
다,O
다녀온,O
일상,O
ㅡㅡㅡ,ㅡㅡㅡ
인스타,O
게시물,O
몇,O
장,O
올리려고,O
대구,B_LOC
에서,O
서울,O
까지,O
가는,O
미친,O
대학생,O
일상브이로그,O
몇,O
달을,O
기다려,O
받은,O
사과,O
떡볶이,O
ㅡㅡㅡ,ㅡㅡㅡ
비러뷰커플브이로그,O
7,O
ㅣ승부욕만큼은,O
올림픽,O
국가대표,O
커플,O
ㅣ,O
제주,O
오겹살,O
영일대,O
송도,O
포항,O
대구,B_LOC
근교드라이브,O
까지,O
웃음주의,O
ㅡㅡㅡ,ㅡㅡㅡ
