﻿word,ner
출장간,O
김에,O
전부터,O
궁금했던,O
대구,B_LOC
맛집들도,O
다녀왔어요,O
ㅡㅡㅡ,ㅡㅡㅡ
떡볶이,O
매니아,O
는,O
특히,O
즐거웠던,O
시간이고요,O
ㅡㅡㅡ,ㅡㅡㅡ
먹기만,O
하고,O
왔지만,O
다음에,O
가면,O
더,O
먹고,O
오겠다고,O
결심하며,O
ㅡㅡㅡ,ㅡㅡㅡ
집에,O
왔어요,O
하하하,O
ㅡㅡㅡ,ㅡㅡㅡ
ㅡㅡㅡ,ㅡㅡㅡ
ㅡㅡㅡ,ㅡㅡㅡ
발음이,O
왜,O
그런가요,O
제가,O
혀,O
가,O
짧아서,O
발음이,O
부정확합니다,O
ㅡㅡㅡ,ㅡㅡㅡ
폰트,O
정보,O
헤움,O
디자인,O
ㅡㅡㅡ,ㅡㅡㅡ
영상과,O
상관없는,O
댓글이나,O
발음과,O
관련된,O
댓글은,O
삭제합니다,O
ㅡㅡㅡ,ㅡㅡㅡ
영상에,O
나오는,O
모든,O
제품은,O
직접,O
구입합니다,O
ㅡㅡㅡ,ㅡㅡㅡ
마지,O
ㅡㅡㅡ,ㅡㅡㅡ
83,O
ㅡㅡㅡ,ㅡㅡㅡ
83,O
ㅡㅡㅡ,ㅡㅡㅡ
채널구독,O
16,O
ㅡㅡㅡ,ㅡㅡㅡ
시니,O
인스타그램,O
ㅡㅡㅡ,ㅡㅡㅡ
시,O
시,O
자매,O
유튜브,O
구독,O
9,O
ㅡㅡㅡ,ㅡㅡㅡ
시니,O
대구,B_LOC
먹방여행,O
국내여행,O
ㅡㅡㅡ,ㅡㅡㅡ
제,O
영상,O
봐주셔서,O
감사합니다,O
ㅡㅡㅡ,ㅡㅡㅡ
일어,O
자막,O
번역,O
도와주신분,O
우진,O
님,O
ㅡㅡㅡ,ㅡㅡㅡ
영어,O
자막,O
번역,O
도와주신분,O
수민,O
님,O
ㅡㅡㅡ,ㅡㅡㅡ
자막,O
번역,O
도와주기,O
7621,O
2,O
ㅡㅡㅡ,ㅡㅡㅡ
ㅡㅡㅡ,ㅡㅡㅡ
ㅡㅡㅡ,ㅡㅡㅡ
본,O
영상은,O
무단,O
공개,O
또는,O
배포를,O
엄격히,O
금지합니다,O
ㅡㅡㅡ,ㅡㅡㅡ
ㅡㅡㅡ,ㅡㅡㅡ
본,O
영상은,O
유료광고가,O
포함,O
되어,O
있지,O
않습니다,O
ㅡㅡㅡ,ㅡㅡㅡ
오늘,O
도,O
봐주셔서,O
감사합니다,O
ㅡㅡㅡ,ㅡㅡㅡ
ㅡㅡㅡ,ㅡㅡㅡ
이영상은,O
수성호텔,O
로부터,O
호텔이용권을,O
제공받아,O
작성되었습니다,O
ㅡㅡㅡ,ㅡㅡㅡ
ㅡㅡㅡ,ㅡㅡㅡ
ㅡㅡㅡ,ㅡㅡㅡ
ㅡㅡㅡ,ㅡㅡㅡ
ㅡㅡㅡ,ㅡㅡㅡ
ㅡㅡㅡ,ㅡㅡㅡ
ㅡㅡㅡ,ㅡㅡㅡ
ㅡㅡㅡ,ㅡㅡㅡ
ㅡㅡㅡ,ㅡㅡㅡ
보실때,O
자막이,O
불편하신,O
분들은,O
ㅡㅡㅡ,ㅡㅡㅡ
영상,O
설정에서,O
자막사용안함,O
설정해주세요,O
ㅡㅡㅡ,ㅡㅡㅡ
ㅡㅡㅡ,ㅡㅡㅡ
ㅡㅡㅡ,ㅡㅡㅡ
199223,O
ㅡㅡㅡ,ㅡㅡㅡ
ㅡㅡㅡ,ㅡㅡㅡ
ㅡㅡㅡ,ㅡㅡㅡ
199222,O
ㅡㅡㅡ,ㅡㅡㅡ
ㅡㅡㅡ,ㅡㅡㅡ
ㅡㅡㅡ,ㅡㅡㅡ
1992313,O
ㅡㅡㅡ,ㅡㅡㅡ
채널구독,O
16,O
ㅡㅡㅡ,ㅡㅡㅡ
시니,O
인스타그램,O
ㅡㅡㅡ,ㅡㅡㅡ
시니언즈,O
멤,O
버십,O
가입하기,O
ㅡㅡㅡ,ㅡㅡㅡ
시니,O
나홀로여행,O
대구,B_LOC
먹방여행,O
ㅡㅡㅡ,ㅡㅡㅡ
오늘,O
시,O
니룩,O
소개,O
ㅡㅡㅡ,ㅡㅡㅡ
목,O
걸이,O
비비안웨스트우드,O
ㅡㅡㅡ,ㅡㅡㅡ
반지,O
크롬하츠,O
화피,O
ㅡㅡㅡ,ㅡㅡㅡ
옷,O
셋업,O
위캔더스,O
ㅡㅡㅡ,ㅡㅡㅡ
신발,O
네이키드울프워커,O
ㅡㅡㅡ,ㅡㅡㅡ
제,O
영상,O
봐주셔서,O
감사합니다,O
ㅡㅡㅡ,ㅡㅡㅡ
일어,O
자막,O
번역,O
도와주신분,O
수미,O
님,O
ㅡㅡㅡ,ㅡㅡㅡ
영어,O
자막,O
번역,O
도와주신분,O
류,O
님,O
ㅡㅡㅡ,ㅡㅡㅡ
ㅡㅡㅡ,ㅡㅡㅡ
ㅡㅡㅡ,ㅡㅡㅡ
본,O
영상은,O
무단,O
공개,O
또는,O
배포를,O
엄격히,O
금지합니다,O
ㅡㅡㅡ,ㅡㅡㅡ
ㅡㅡㅡ,ㅡㅡㅡ
본,O
영상은,O
유료광고가,O
포함,O
되어,O
있지,O
않습니다,O
ㅡㅡㅡ,ㅡㅡㅡ
채널구독,O
16,O
ㅡㅡㅡ,ㅡㅡㅡ
시니,O
인스타그램,O
ㅡㅡㅡ,ㅡㅡㅡ
시,O
시,O
자매,O
유튜브,O
구독,O
9,O
ㅡㅡㅡ,ㅡㅡㅡ
시니,O
대구,B_LOC
먹방여행,O
자매여행,O
ㅡㅡㅡ,ㅡㅡㅡ
제가,O
이용한,O
숙소,O
ㅡㅡㅡ,ㅡㅡㅡ
1,O
복층,O
요기구요,O
ㅡㅡㅡ,ㅡㅡㅡ
에어비앤비,O
로,O
이용했어요,O
ㅡㅡㅡ,ㅡㅡㅡ
아래,O
눌러서,O
할인받고,O
이용해보세요,O
광고아님,O
ㅡㅡㅡ,ㅡㅡㅡ
611,O
ㅡㅡㅡ,ㅡㅡㅡ
제,O
영상,O
봐주셔서,O
감사합니다,O
ㅡㅡㅡ,ㅡㅡㅡ
일어,O
자막,O
번역,O
도와주신분,O
우진,O
님,O
ㅡㅡㅡ,ㅡㅡㅡ
영어,O
자막,O
번역,O
도와주신분,O
수민,O
님,O
ㅡㅡㅡ,ㅡㅡㅡ
자막,O
번역,O
도와주기,O
7621,O
2,O
ㅡㅡㅡ,ㅡㅡㅡ
ㅡㅡㅡ,ㅡㅡㅡ
ㅡㅡㅡ,ㅡㅡㅡ
본,O
영상은,O
무단,O
공개,O
또는,O
배포를,O
엄격히,O
금지합니다,O
ㅡㅡㅡ,ㅡㅡㅡ
ㅡㅡㅡ,ㅡㅡㅡ
본,O
영상은,O
유료광고가,O
포함,O
되어,O
있지,O
않습니다,O
ㅡㅡㅡ,ㅡㅡㅡ
외국인,O
을,O
위한,O
대구,B_LOC
자유여행,O
동영상,O
설명서,O
2편,O
ㅡㅡㅡ,ㅡㅡㅡ
대구,B_LOC
노포,O
맛집,O
국일따로국밥,B_RES
으로,O
아침,O
든든하게,O
먹고,O
스타벅스,O
돌체라떼,O
로,O
대구,B_LOC
여행,O
시작,O
ㅡㅡㅡ,ㅡㅡㅡ
오마낫,O
여러분들은,O
돌체라떼,O
가,O
한국,O
포함,O
몇,O
개의,O
나라에서만,O
파는,O
음료라는,O
거,O
다들,O
아셨어요,O
ㅡㅡㅡ,ㅡㅡㅡ
대구자유여행,O
1일차,O
코스,O
ㅡㅡㅡ,ㅡㅡㅡ
대구국제공항,O
도심시내로이동,O
국일따로국밥,B_RES
경상감영공원,B_TOR
대구시티투어,O
탑승,O
근대문화골목,O
서문시장,B_TOR
앞산전망대,B_TOR
수성못,B_TOR
김광석거리,B_TOR
노보텔,O
체크인,O
부림왕소금구이,O
명랑핫도그,O
숙소,O
복귀,O
ㅡㅡㅡ,ㅡㅡㅡ
ㅡㅡㅡ,ㅡㅡㅡ
2,O
ㅡㅡㅡ,ㅡㅡㅡ
1,O
ㅡㅡㅡ,ㅡㅡㅡ
ㅡㅡㅡ,ㅡㅡㅡ
ㅡㅡㅡ,ㅡㅡㅡ
ㅡㅡㅡ,ㅡㅡㅡ
1967,O
ㅡㅡㅡ,ㅡㅡㅡ
ㅡㅡㅡ,ㅡㅡㅡ
7,O
ㅡㅡㅡ,ㅡㅡㅡ
ㅡㅡㅡ,ㅡㅡㅡ
6,O
ㅡㅡㅡ,ㅡㅡㅡ
ㅡㅡㅡ,ㅡㅡㅡ
248,O
ㅡㅡㅡ,ㅡㅡㅡ
ㅡㅡㅡ,ㅡㅡㅡ
촬영,O
장비,O
8,O
50,O
스노파,O
짐벌,O
ㅡㅡㅡ,ㅡㅡㅡ
제휴문의,O
01,O
ㅡㅡㅡ,ㅡㅡㅡ
초보자유여행러,O
라면,O
지금,O
바로,O
여행능력자,O
들,O
구독하기,O
ㅡㅡㅡ,ㅡㅡㅡ
여행능력자들,O
ㅡㅡㅡ,ㅡㅡㅡ
본,O
사이트,O
상의,O
영상,O
및,O
데이터베이스,O
를,O
포함한,O
모든,O
콘텐츠에,O
대한,O
법적,O
권리는,O
회사,O
능,O
력자들에,O
있으며,O
해당,O
콘텐츠를,O
무단으로,O
복제,O
도용하거나,O
전송,O
영상을,O
통한,O
상업적,O
이득을,O
취하는,O
행위는,O
관련,O
법률에,O
의거하여,O
처벌될,O
수,O
있음을,O
알려드립니다,O
ㅡㅡㅡ,ㅡㅡㅡ
본,O
창작물은,O
2019년,O
대구영상미디어센터운영사업,O
1인미디어콘텐츠창작자발굴및육성지원프로그램,O
지원작,O
입니다,O
ㅡㅡㅡ,ㅡㅡㅡ
여행능력자,O
들,O
대구,B_LOC
여행,O
대구,B_LOC
맛집,O
ㅡㅡㅡ,ㅡㅡㅡ
안녕하세요,O
레이짱,O
입니다,O
ㅡㅡㅡ,ㅡㅡㅡ
이번에는,O
수성구청,O
에서,O
의뢰를,O
받아,O
ㅡㅡㅡ,ㅡㅡㅡ
수성구,O
투어에,O
참여하고,O
왔어요,O
ㅡㅡㅡ,ㅡㅡㅡ
아직까지,O
일본,O
사람한테는,O
ㅡㅡㅡ,ㅡㅡㅡ
대구,B_LOC
가,O
많이,O
알려지지,O
않은,O
곳이라,O
ㅡㅡㅡ,ㅡㅡㅡ
이번,O
영상은,O
일본,O
분이,O
많이,O
봐주셨으면해서,O
ㅡㅡㅡ,ㅡㅡㅡ
일본어,O
로,O
촬영을,O
했어요,O
이해해주세요,O
ㅡㅡㅡ,ㅡㅡㅡ
이번,O
투어는,O
1박2일,O
이었는데,O
ㅡㅡㅡ,ㅡㅡㅡ
첫번째날,O
일정은,O
ㅡㅡㅡ,ㅡㅡㅡ
대구미술관,B_TOR
ㅡㅡㅡ,ㅡㅡㅡ
읍천리,O
시지점,O
카페,O
ㅡㅡㅡ,ㅡㅡㅡ
관광정보체험센터,B_TOR
ㅡㅡㅡ,ㅡㅡㅡ
스킨케어,O
ㅡㅡㅡ,ㅡㅡㅡ
열무,O
밭에돈,O
삼겹살,O
ㅡㅡㅡ,ㅡㅡㅡ
수성호텔,O
ㅡㅡㅡ,ㅡㅡㅡ
이었어요,O
호텔은,O
다음영상에서,O
소개할게요,O
ㅡㅡㅡ,ㅡㅡㅡ
혹시,O
마음에,O
들어주셨던,O
곳이,O
있으시면,O
ㅡㅡㅡ,ㅡㅡㅡ
이걸,O
참고로,O
꼭,O
가보세요,O
ㅡㅡㅡ,ㅡㅡㅡ
코로나,O
는,O
조심하시구요,O
ㅡㅡㅡ,ㅡㅡㅡ
수성구,O
만,O
해도,O
많은,O
곳을,O
다닐,O
수,O
있다는,O
것을,O
ㅡㅡㅡ,ㅡㅡㅡ
알게,O
된,O
좋은,O
기회였어요,O
ㅡㅡㅡ,ㅡㅡㅡ
그럼,O
다음,O
영상을,O
기다려주세요,O
ㅡㅡㅡ,ㅡㅡㅡ
이,O
영상은,O
수성구청,O
협조,O
하에,O
촬영,O
하였습니다,O
ㅡㅡㅡ,ㅡㅡㅡ
아프리카,O
방송국,O
ㅡㅡㅡ,ㅡㅡㅡ
9,O
ㅡㅡㅡ,ㅡㅡㅡ
인스타그램,O
ㅡㅡㅡ,ㅡㅡㅡ
97,O
ㅡㅡㅡ,ㅡㅡㅡ
대구,B_LOC
여행,O
수성구,O
대구,B_LOC
여행추천,O
ㅡㅡㅡ,ㅡㅡㅡ
외국인,O
을,O
위한,O
대구,B_LOC
자유여행,O
동영상,O
설명서,O
3편,O
ㅡㅡㅡ,ㅡㅡㅡ
대구,B_LOC
유명,O
명소를,O
하루만,O
에,O
투어할,O
수,O
있는,O
방법은,O
바로,O
대구시티투어버스,O
ㅡㅡㅡ,ㅡㅡㅡ
먼저,O
들른,O
곳은,O
영화,O
드라마,O
촬영지로,O
유명한,O
근대문화골목,O
ㅡㅡㅡ,ㅡㅡㅡ
이어서,O
걸어서,O
이동할,O
수,O
있는,O
서문시장,B_TOR
에서,O
맛있는,O
간식도,O
욤뇸뇸,O
ㅡㅡㅡ,ㅡㅡㅡ
대구자유여행,O
1일차,O
코스,O
ㅡㅡㅡ,ㅡㅡㅡ
대구국제공항,O
도심시내로이동,O
국일따로국밥,B_RES
경상감영공원,B_TOR
대구시티투어,O
탑승,O
근대문화골목,O
서문시장,B_TOR
앞산전망대,B_TOR
수성못,B_TOR
김광석거리,B_TOR
노보텔,O
체크인,O
부림왕소금구이,O
명랑핫도그,O
숙소,O
복귀,O
ㅡㅡㅡ,ㅡㅡㅡ
대구시티투어,O
사이트,O
ㅡㅡㅡ,ㅡㅡㅡ
ㅡㅡㅡ,ㅡㅡㅡ
ㅡㅡㅡ,ㅡㅡㅡ
3,O
ㅡㅡㅡ,ㅡㅡㅡ
ㅡㅡㅡ,ㅡㅡㅡ
1,O
ㅡㅡㅡ,ㅡㅡㅡ
ㅡㅡㅡ,ㅡㅡㅡ
ㅡㅡㅡ,ㅡㅡㅡ
ㅡㅡㅡ,ㅡㅡㅡ
ㅡㅡㅡ,ㅡㅡㅡ
ㅡㅡㅡ,ㅡㅡㅡ
6679428,O
ㅡㅡㅡ,ㅡㅡㅡ
ㅡㅡㅡ,ㅡㅡㅡ
3779496,O
ㅡㅡㅡ,ㅡㅡㅡ
ㅡㅡㅡ,ㅡㅡㅡ
248,O
ㅡㅡㅡ,ㅡㅡㅡ
ㅡㅡㅡ,ㅡㅡㅡ
촬영,O
장비,O
8,O
50,O
스노파,O
짐벌,O
ㅡㅡㅡ,ㅡㅡㅡ
제휴문의,O
01,O
ㅡㅡㅡ,ㅡㅡㅡ
초보자유여행러,O
라면,O
지금,O
바로,O
여행능력자,O
들,O
구독하기,O
ㅡㅡㅡ,ㅡㅡㅡ
여행능력자들,O
ㅡㅡㅡ,ㅡㅡㅡ
본,O
사이트,O
상의,O
영상,O
및,O
데이터베이스,O
를,O
포함한,O
모든,O
콘텐츠에,O
대한,O
법적,O
권리는,O
회사,O
능,O
력자들에,O
있으며,O
해당,O
콘텐츠를,O
무단으로,O
복제,O
도용하거나,O
전송,O
영상을,O
통한,O
상업적,O
이득을,O
취하는,O
행위는,O
관련,O
법률에,O
의거하여,O
처벌될,O
수,O
있음을,O
알려드립니다,O
ㅡㅡㅡ,ㅡㅡㅡ
본,O
창작물은,O
2019년,O
대구영상미디어센터운영사업,O
1인미디어콘텐츠창작자발굴및육성지원프로그램,O
지원작,O
입니다,O
ㅡㅡㅡ,ㅡㅡㅡ
여행능력자,O
들,O
대구,B_LOC
여행,O
대구,B_LOC
가볼만한곳,O
ㅡㅡㅡ,ㅡㅡㅡ
대구,B_LOC
자전거,O
여행,O
헐팔코스,O
헐티재,B_TOR
팔조령,O
라이딩,O
ㅡㅡㅡ,ㅡㅡㅡ
매주,O
주말마다,O
들리는,O
비소식에,O
봄,O
을,O
뺏앗길까,O
싶어,O
발,O
만,O
동동,O
구르다,O
오랜만에,O
조금,O
멀리,O
라이딩을,O
계획했습니다,O
비가,O
오지,O
않음에,O
감사하며,O
도착한곳은,O
바로,O
대구,B_LOC
입니다,O
ㅡㅡㅡ,ㅡㅡㅡ
구독은사랑입니다,O
자덕부부유튜브구,O
독하기2,O
ㅡㅡㅡ,ㅡㅡㅡ
대구,B_LOC
라이딩,O
헐팔코스,O
ㅡㅡㅡ,ㅡㅡㅡ
0,O
용계천둔치,O
2,O
공영주차장,O
ㅡㅡㅡ,ㅡㅡㅡ
13,O
헐티재,B_TOR
거리,O
1293,O
평균경사도,O
310,O
ㅡㅡㅡ,ㅡㅡㅡ
25,O
각북벚꽃길,O
ㅡㅡㅡ,ㅡㅡㅡ
46,O
청도소싸움경기장,O
ㅡㅡㅡ,ㅡㅡㅡ
47,O
프로방스업힐,O
거리,O
065,O
평균경사도,O
800,O
ㅡㅡㅡ,ㅡㅡㅡ
57,O
팔조령,O
거리,O
393,O
평균경사,O
570,O
ㅡㅡㅡ,ㅡㅡㅡ
본,O
영상의,O
모든,O
저작권,O
과,O
사용권은,O
자덕,O
부부,O
에게,O
있으며,O
무단사용상업적이용,O
저작물변경,O
불펌등을,O
금합니다,O
ㅡㅡㅡ,ㅡㅡㅡ
영상에,O
사용된,O
모든,O
음악은,O
저작사용료를,O
내고,O
사용하고,O
있습니다,O
ㅡㅡㅡ,ㅡㅡㅡ
코스안내,O
997,O
ㅡㅡㅡ,ㅡㅡㅡ
파일,O
다운로드,O
996,O
ㅡㅡㅡ,ㅡㅡㅡ
자덕스,O
자전거,O
와,O
여행을,O
사랑하는,O
덕후,O
들의,O
모임,O
ㅡㅡㅡ,ㅡㅡㅡ
ㅡㅡㅡ,ㅡㅡㅡ
ㅡㅡㅡ,ㅡㅡㅡ
ㅡㅡㅡ,ㅡㅡㅡ
ㅡㅡㅡ,ㅡㅡㅡ
속도계,O
520,O
1000,O
ㅡㅡㅡ,ㅡㅡㅡ
후미등,O
라요,O
클릭,O
ㅡㅡㅡ,ㅡㅡㅡ
의류,O
ㅡㅡㅡ,ㅡㅡㅡ
헬멧,O
카스크프로톤,O
ㅡㅡㅡ,ㅡㅡㅡ
클,O
릿슈즈,O
피직아리아3,O
ㅡㅡㅡ,ㅡㅡㅡ
ㅡㅡㅡ,ㅡㅡㅡ
네이버,O
인플루언서,O
ㅡㅡㅡ,ㅡㅡㅡ
인스타그램,O
ㅡㅡㅡ,ㅡㅡㅡ
페이스북,O
ㅡㅡㅡ,ㅡㅡㅡ
문의,O
이메일,O
0930,O
ㅡㅡㅡ,ㅡㅡㅡ
ㅡㅡㅡ,ㅡㅡㅡ
일상,O
대구,B_LOC
중고명품,O
고이비토대구동성로본점,O
방문기,O
ㅡㅡㅡ,ㅡㅡㅡ
안녕하세요,O
ㅡㅡㅡ,ㅡㅡㅡ
오늘,O
은,O
대구,B_LOC
중고명품,O
매장,O
고이비토대구동성로본점,O
방문기,O
랍니다,O
ㅡㅡㅡ,ㅡㅡㅡ
상품의,O
퀄리티도,O
좋았고,O
층별로,O
다양한,O
제품이,O
있어,O
ㅡㅡㅡ,ㅡㅡㅡ
구경하는,O
재미가,O
있어서,O
좋았답니다,O
ㅡㅡㅡ,ㅡㅡㅡ
대구동성로본점,O
은,O
동아아울렛,O
맞은편,O
유료주차장을,O
이용할,O
수,O
있답니다,O
ㅡㅡㅡ,ㅡㅡㅡ
대구,B_LOC
중고명품,O
ㅡㅡㅡ,ㅡㅡㅡ
중고명품매입,O
ㅡㅡㅡ,ㅡㅡㅡ
명품매입,O
ㅡㅡㅡ,ㅡㅡㅡ
고이비토대구동성로본점,O
ㅡㅡㅡ,ㅡㅡㅡ
3,O
9910,O
ㅡㅡㅡ,ㅡㅡㅡ
ㅡㅡㅡ,ㅡㅡㅡ
외국인,O
을,O
위한,O
대구,B_LOC
자유여행,O
동영상,O
설명서,O
1편,O
ㅡㅡㅡ,ㅡㅡㅡ
저희에게,O
익숙한,O
교통카드,O
사고,O
버스,O
타는,O
방법도,O
상세하게,O
설명되어,O
있으니,O
보시면서,O
당황하지,O
마세요,O
두근두근,O
한국,O
에,O
처음,O
온,O
외국인,O
분들에게는,O
얼마나,O
소즁한,O
내용인데요,O
다들,O
아시죠,O
ㅡㅡㅡ,ㅡㅡㅡ
대구자유여행,O
1일차,O
코스,O
ㅡㅡㅡ,ㅡㅡㅡ
대구국제공항,O
도심시내로이동,O
국일따로국밥,B_RES
경상감영공원,B_TOR
대구시티투어,O
탑승,O
근대문화골목,O
서문시장,B_TOR
앞산전망대,B_TOR
수성못,B_TOR
김광석거리,B_TOR
노보텔,O
체크인,O
부림왕소금구이,O
명랑핫도그,O
숙소,O
복귀,O
ㅡㅡㅡ,ㅡㅡㅡ
대구,B_LOC
캐리어버스,O
운행,O
조회,O
ㅡㅡㅡ,ㅡㅡㅡ
ㅡㅡㅡ,ㅡㅡㅡ
버,O
스운행정보,O
캐리어,O
버스,O
운행정보에,O
들어가면,O
운행시간표,O
조회할,O
수,O
있어요,O
ㅡㅡㅡ,ㅡㅡㅡ
ㅡㅡㅡ,ㅡㅡㅡ
1,O
ㅡㅡㅡ,ㅡㅡㅡ
1,O
ㅡㅡㅡ,ㅡㅡㅡ
ㅡㅡㅡ,ㅡㅡㅡ
ㅡㅡㅡ,ㅡㅡㅡ
ㅡㅡㅡ,ㅡㅡㅡ
ㅡㅡㅡ,ㅡㅡㅡ
ㅡㅡㅡ,ㅡㅡㅡ
ㅡㅡㅡ,ㅡㅡㅡ
ㅡㅡㅡ,ㅡㅡㅡ
촬영,O
장비,O
8,O
50,O
스노파,O
짐벌,O
ㅡㅡㅡ,ㅡㅡㅡ
제휴문의,O
01,O
ㅡㅡㅡ,ㅡㅡㅡ
초보자유여행러,O
라면,O
지금,O
바로,O
여행능력자,O
들,O
구독하기,O
ㅡㅡㅡ,ㅡㅡㅡ
여행능력자들,O
ㅡㅡㅡ,ㅡㅡㅡ
본,O
사이트,O
상의,O
영상,O
및,O
데이터베이스,O
를,O
포함한,O
모든,O
콘텐츠에,O
대한,O
법적,O
권리는,O
회사,O
능,O
력자들에,O
있으며,O
해당,O
콘텐츠를,O
무단으로,O
복제,O
도용하거나,O
전송,O
영상을,O
통한,O
상업적,O
이득을,O
취하는,O
행위는,O
관련,O
법률에,O
의거하여,O
처벌될,O
수,O
있음을,O
알려드립니다,O
ㅡㅡㅡ,ㅡㅡㅡ
본,O
창작물은,O
2019년,O
대구영상미디어센터운영사업,O
1인미디어콘텐츠창작자발굴및육성지원프로그램,O
지원작,O
입니다,O
ㅡㅡㅡ,ㅡㅡㅡ
여행,O
능력자,O
들,O
대구,B_LOC
여행,O
대구공항,O
ㅡㅡㅡ,ㅡㅡㅡ
혼자,O
하는,O
대구,B_LOC
여행,O
11,O
ㅡㅡㅡ,ㅡㅡㅡ
요즘,O
여행의,O
대세는,O
혼자,O
하는,O
여행,O
ㅡㅡㅡ,ㅡㅡㅡ
1박2일동안,O
대구,B_LOC
에서,O
혼자,O
여행해도,O
어색하지,O
않고,O
혼밥,O
혼커,O
혼잠까지,O
책임집니다,O
ㅡㅡㅡ,ㅡㅡㅡ
첫번째,O
여행지는,O
근대문화골목,O
청라언덕,B_TOR
ㅡㅡㅡ,ㅡㅡㅡ
정보,O
ㅡㅡㅡ,ㅡㅡㅡ
6,O
ㅡㅡㅡ,ㅡㅡㅡ
구독하기,O
좋아요,O
알람설정,O
잊지마세요,O
ㅡㅡㅡ,ㅡㅡㅡ
매주,O
수요일,O
밤9시,O
베트남,O
방송,O
10,O
방송,O
ㅡㅡㅡ,ㅡㅡㅡ
방송,O
직후,O
여행능력자들,O
유튜브,O
에,O
업로드,O
ㅡㅡㅡ,ㅡㅡㅡ
ㅡㅡㅡ,ㅡㅡㅡ
ㅡㅡㅡ,ㅡㅡㅡ
11,O
ㅡㅡㅡ,ㅡㅡㅡ
20,O
ㅡㅡㅡ,ㅡㅡㅡ
ㅡㅡㅡ,ㅡㅡㅡ
ㅡㅡㅡ,ㅡㅡㅡ
227,O
ㅡㅡㅡ,ㅡㅡㅡ
1,O
ㅡㅡㅡ,ㅡㅡㅡ
ㅡㅡㅡ,ㅡㅡㅡ
ㅡㅡㅡ,ㅡㅡㅡ
ㅡㅡㅡ,ㅡㅡㅡ
ㅡㅡㅡ,ㅡㅡㅡ
ㅡㅡㅡ,ㅡㅡㅡ
ㅡㅡㅡ,ㅡㅡㅡ
41592176,O
ㅡㅡㅡ,ㅡㅡㅡ
ㅡㅡㅡ,ㅡㅡㅡ
ㅡㅡㅡ,ㅡㅡㅡ
ㅡㅡㅡ,ㅡㅡㅡ
주여행능력자,O
들의,O
모든,O
콘텐츠는,O
콘텐츠산업진흥법,O
에,O
따라,O
제작일,O
또는,O
그,O
갱신일로부터,O
5년간,O
보호되며,O
동의없는,O
무단,O
복제시,O
민형사상,O
처벌을,O
받게,O
됩니다,O
ㅡㅡㅡ,ㅡㅡㅡ
국내여행,O
대구,B_LOC
여행,O
대구,B_LOC
가볼만한곳,O
ㅡㅡㅡ,ㅡㅡㅡ
외국인,O
을,O
위한,O
대구,B_LOC
자유여행,O
동영상,O
설명서,O
4편,O
ㅡㅡㅡ,ㅡㅡㅡ
서문시장,B_TOR
에서,O
길거리,O
간식으로,O
배채우고,O
힐링하러,O
앞산,O
전망대,O
수성못,B_TOR
으로,O
갑니다,O
ㅡㅡㅡ,ㅡㅡㅡ
수성못,B_TOR
오리배,O
타면,O
딴딴해진,O
허벅지,O
발견,O
운동할,O
필요가,O
읍네,O
ㅋㅋ,O
ㅡㅡㅡ,ㅡㅡㅡ
대구자유여행,O
1일차,O
코스,O
ㅡㅡㅡ,ㅡㅡㅡ
대구국제공항,O
도심시내로이동,O
국일따로국밥,B_RES
경상감영공원,B_TOR
대구시티투어,O
탑승,O
근대문화골목,O
서문시장,B_TOR
앞산전망대,B_TOR
수성못,B_TOR
김광석거리,B_TOR
노보텔,O
체크인,O
부림왕소금구이,O
명랑핫도그,O
숙소,O
복귀,O
ㅡㅡㅡ,ㅡㅡㅡ
대구시티투어,O
사이트,O
ㅡㅡㅡ,ㅡㅡㅡ
ㅡㅡㅡ,ㅡㅡㅡ
ㅡㅡㅡ,ㅡㅡㅡ
4,O
ㅡㅡㅡ,ㅡㅡㅡ
ㅡㅡㅡ,ㅡㅡㅡ
1,O
ㅡㅡㅡ,ㅡㅡㅡ
ㅡㅡㅡ,ㅡㅡㅡ
ㅡㅡㅡ,ㅡㅡㅡ
ㅡㅡㅡ,ㅡㅡㅡ
ㅡㅡㅡ,ㅡㅡㅡ
ㅡㅡㅡ,ㅡㅡㅡ
9636,O
ㅡㅡㅡ,ㅡㅡㅡ
ㅡㅡㅡ,ㅡㅡㅡ
7869,O
ㅡㅡㅡ,ㅡㅡㅡ
ㅡㅡㅡ,ㅡㅡㅡ
96,O
ㅡㅡㅡ,ㅡㅡㅡ
ㅡㅡㅡ,ㅡㅡㅡ
촬영,O
장비,O
8,O
50,O
스노파,O
짐벌,O
ㅡㅡㅡ,ㅡㅡㅡ
제휴문의,O
01,O
ㅡㅡㅡ,ㅡㅡㅡ
초보자유여행러,O
라면,O
지금,O
바로,O
여행능력자,O
들,O
구독하기,O
ㅡㅡㅡ,ㅡㅡㅡ
여행능력자들,O
ㅡㅡㅡ,ㅡㅡㅡ
본,O
사이트,O
상의,O
영상,O
및,O
데이터베이스,O
를,O
포함한,O
모든,O
콘텐츠에,O
대한,O
법적,O
권리는,O
회사,O
능,O
력자들에,O
있으며,O
해당,O
콘텐츠를,O
무단으로,O
복제,O
도용하거나,O
전송,O
영상을,O
통한,O
상업적,O
이득을,O
취하는,O
행위는,O
관련,O
법률에,O
의거하여,O
처벌될,O
수,O
있음을,O
알려드립니다,O
ㅡㅡㅡ,ㅡㅡㅡ
본,O
창작물은,O
2019년,O
대구영상미디어센터운영사업,O
1인미디어콘텐츠창작자발굴및육성지원프로그램,O
지원작,O
입니다,O
ㅡㅡㅡ,ㅡㅡㅡ
여행능력자,O
들,O
대구,B_LOC
여행,O
대구,B_LOC
가볼만한곳,O
ㅡㅡㅡ,ㅡㅡㅡ
대구메리어트호텔,O
대구,B_LOC
여행,O
메리어트호텔,O
뷔페,O
ㅡㅡㅡ,ㅡㅡㅡ
대구,B_LOC
여행때,O
추천하는,O
대구메리어트호텔,O
뷔페,O
등,O
전체,O
둘러보기,O
ㅡㅡㅡ,ㅡㅡㅡ
오픈한지,O
얼마안된,O
대구,B_LOC
최초의,O
인터내셔널,O
5성급,O
호텔,O
ㅡㅡㅡ,ㅡㅡㅡ
사람없는,O
시간대에,O
방문,O
마스크,O
방역수칙준수,O
ㅡㅡㅡ,ㅡㅡㅡ
캡처이미지출처,O
유튜브,O
ㅡㅡㅡ,ㅡㅡㅡ
호텔,O
팁,O
ㅡㅡㅡ,ㅡㅡㅡ
1,O
가습기,O
공기청정기,O
는,O
미리,O
요청해야,O
사용가능,O
ㅡㅡㅡ,ㅡㅡㅡ
2,O
수영장은,O
수영,O
모,O
필수,O
데스크에서,O
무료대여가능,O
ㅡㅡㅡ,ㅡㅡㅡ
3,O
수영장피트니스사우나는,O
기본,O
유료,O
ㅡㅡㅡ,ㅡㅡㅡ
4,O
그래서,O
홈페이지에서,O
자체,O
행사있는지,O
꼭,O
확인,O
프로모션패키지,O
ㅡㅡㅡ,ㅡㅡㅡ
5,O
여자사우나에는,O
다이슨,O
에어랩이,O
여러개,O
구비되어있음,O
ㅡㅡㅡ,ㅡㅡㅡ
내레이션,O
윤여정,O
님의,O
대구메리어트,O
광고,O
보기,O
링크,O
ㅡㅡㅡ,ㅡㅡㅡ
ㅡㅡㅡ,ㅡㅡㅡ
30,O
ㅡㅡㅡ,ㅡㅡㅡ
호텔명,O
대구,B_LOC
메리어트호텔,O
ㅡㅡㅡ,ㅡㅡㅡ
주소,O
대구광역시,O
동구,O
동부로,O
26길,O
6,O
ㅡㅡㅡ,ㅡㅡㅡ
전화번호,O
0533277000,O
ㅡㅡㅡ,ㅡㅡㅡ
홈페이지,O
ㅡㅡㅡ,ㅡㅡㅡ
인스타,O
그램,O
ㅡㅡㅡ,ㅡㅡㅡ
ㅡㅡㅡ,ㅡㅡㅡ
ㅡㅡㅡ,ㅡㅡㅡ
6,O
26,O
ㅡㅡㅡ,ㅡㅡㅡ
0533277000,O
ㅡㅡㅡ,ㅡㅡㅡ
ㅡㅡㅡ,ㅡㅡㅡ
ㅡㅡㅡ,ㅡㅡㅡ
서울여자,O
ㅡㅡㅡ,ㅡㅡㅡ
추가,O
컨텐츠는,O
인스타,O
로,O
놀러오세요,O
ㅡㅡㅡ,ㅡㅡㅡ
ㅡㅡㅡ,ㅡㅡㅡ
ㅡㅡㅡ,ㅡㅡㅡ
010,O
ㅡㅡㅡ,ㅡㅡㅡ
9,O
ㅡㅡㅡ,ㅡㅡㅡ
이,O
영상은,O
트립플,O
협조,O
하에,O
촬영,O
하였습니다,O
ㅡㅡㅡ,ㅡㅡㅡ
아프리카,O
방송국,O
ㅡㅡㅡ,ㅡㅡㅡ
9,O
ㅡㅡㅡ,ㅡㅡㅡ
인스타그램,O
ㅡㅡㅡ,ㅡㅡㅡ
97,O
ㅡㅡㅡ,ㅡㅡㅡ
대구,B_LOC
여행,O
수성구,O
대구,B_LOC
여행추천,O
ㅡㅡㅡ,ㅡㅡㅡ
메타세콰이어,O
인생샷,O
셀카,O
ㅡㅡㅡ,ㅡㅡㅡ
안녕하세요,O
레이짱,O
입니다,O
ㅡㅡㅡ,ㅡㅡㅡ
작년,O
1112,O
에,O
대구,B_LOC
에서,O
촬영한,O
영상입니다,O
ㅡㅡㅡ,ㅡㅡㅡ
재미있게,O
봐주세요,O
ㅡㅡㅡ,ㅡㅡㅡ
구독과,O
좋아요,O
알림설정까지,O
예쁜,O
댓글,O
항상,O
감사합니다,O
ㅡㅡㅡ,ㅡㅡㅡ
보고,O
싶은,O
콘텐츠가,O
있으면,O
댓글로,O
남겨주세요,O
ㅡㅡㅡ,ㅡㅡㅡ
아프리카,O
방송국,O
ㅡㅡㅡ,ㅡㅡㅡ
9,O
ㅡㅡㅡ,ㅡㅡㅡ
인스타그램,O
ㅡㅡㅡ,ㅡㅡㅡ
97,O
ㅡㅡㅡ,ㅡㅡㅡ
브금,O
대통령,O
ㅡㅡㅡ,ㅡㅡㅡ
1,O
ㅡㅡㅡ,ㅡㅡㅡ
38,O
ㅡㅡㅡ,ㅡㅡㅡ
79,O
ㅡㅡㅡ,ㅡㅡㅡ
쫓는자쫓기는자쫓아가는자,O
3,O
ㅡㅡㅡ,ㅡㅡㅡ
외국인,O
을,O
위한,O
대구,B_LOC
자유여행,O
동영상,O
설명서,O
5편,O
ㅡㅡㅡ,ㅡㅡㅡ
김광석거리,B_TOR
를,O
끝으로,O
1일차,O
가볼만한,O
곳,O
투어는,O
끝,O
ㅡㅡㅡ,ㅡㅡㅡ
들었으니,O
우리,O
삼겹살,O
로,O
배,O
든든하게,O
채우자구욥,O
핫도그,O
까지,O
먹은,O
건,O
안비밀ㅋㅋㅋㅋ,O
ㅡㅡㅡ,ㅡㅡㅡ
대구자유여행,O
1일차,O
코스,O
ㅡㅡㅡ,ㅡㅡㅡ
대구국제공항,O
도심시내로이동,O
국일따로국밥,B_RES
경상감영공원,B_TOR
대구시티투어,O
탑승,O
근대문화골목,O
서문시장,B_TOR
앞산전망대,B_TOR
수성못,B_TOR
김광석거리,B_TOR
노보텔,O
체크인,O
부림왕소금구이,O
명랑핫도그,O
숙소,O
복귀,O
ㅡㅡㅡ,ㅡㅡㅡ
ㅡㅡㅡ,ㅡㅡㅡ
5,O
ㅡㅡㅡ,ㅡㅡㅡ
1,O
ㅡㅡㅡ,ㅡㅡㅡ
ㅡㅡㅡ,ㅡㅡㅡ
ㅡㅡㅡ,ㅡㅡㅡ
ㅡㅡㅡ,ㅡㅡㅡ
139248,O
ㅡㅡㅡ,ㅡㅡㅡ
ㅡㅡㅡ,ㅡㅡㅡ
93667,O
ㅡㅡㅡ,ㅡㅡㅡ
ㅡㅡㅡ,ㅡㅡㅡ
899797,O
ㅡㅡㅡ,ㅡㅡㅡ
ㅡㅡㅡ,ㅡㅡㅡ
촬영,O
장비,O
8,O
50,O
스노파,O
짐벌,O
ㅡㅡㅡ,ㅡㅡㅡ
제휴문의,O
01,O
ㅡㅡㅡ,ㅡㅡㅡ
초보자유여행러,O
라면,O
지금,O
바로,O
여행능력자,O
들,O
구독하기,O
ㅡㅡㅡ,ㅡㅡㅡ
여행능력자들,O
ㅡㅡㅡ,ㅡㅡㅡ
본,O
사이트,O
상의,O
영상,O
및,O
데이터베이스,O
를,O
포함한,O
모든,O
콘텐츠에,O
대한,O
법적,O
권리는,O
회사,O
능,O
력자들에,O
있으며,O
해당,O
콘텐츠를,O
무단으로,O
복제,O
도용하거나,O
전송,O
영상을,O
통한,O
상업적,O
이득을,O
취하는,O
행위는,O
관련,O
법률에,O
의거하여,O
처벌될,O
수,O
있음을,O
알려드립니다,O
ㅡㅡㅡ,ㅡㅡㅡ
본,O
창작물은,O
2019년,O
대구영상미디어센터운영사업,O
1인미디어콘텐츠창작자발굴및육성지원프로그램,O
지원작,O
입니다,O
ㅡㅡㅡ,ㅡㅡㅡ
여행능력자,O
들,O
대구,B_LOC
여행,O
대구,B_LOC
가볼만한곳,O
ㅡㅡㅡ,ㅡㅡㅡ
유료광고포함,O
먹방브이로그,O
대구,B_LOC
브이로그,O
ㅡㅡㅡ,ㅡㅡㅡ
대구,B_LOC
에만,O
있다는,O
그것,O
닭곱새,O
ㅡㅡㅡ,ㅡㅡㅡ
국,O
대,O
닭곱새,O
먹으러,O
대구,B_LOC
갔다왔어요ㅋㅋㅋㅋ,O
ㅡㅡㅡ,ㅡㅡㅡ
이,O
영상은,O
국대닭곱새,B_RES
의,O
유료광고를,O
포함하고있습니다,O
ㅡㅡㅡ,ㅡㅡㅡ
감사합니다,O
ㅡㅡㅡ,ㅡㅡㅡ
인스타그램,O
ㅡㅡㅡ,ㅡㅡㅡ
9,O
ㅡㅡㅡ,ㅡㅡㅡ
ㅡㅡㅡ,ㅡㅡㅡ
ㅡㅡㅡ,ㅡㅡㅡ
大家好迎到효비的道,O
我的道也多点,O
ㅡㅡㅡ,ㅡㅡㅡ
字幕助者,O
ㅡㅡㅡ,ㅡㅡㅡ
효비,O
ㅡㅡㅡ,ㅡㅡㅡ
登願,O
ㅡㅡㅡ,ㅡㅡㅡ
願,O
ㅡㅡㅡ,ㅡㅡㅡ
자막,O
도와주기,O
ㅡㅡㅡ,ㅡㅡㅡ
6012600,O
2,O
ㅡㅡㅡ,ㅡㅡㅡ
편집자,O
황찬국,O
님,O
ㅡㅡㅡ,ㅡㅡㅡ
ㅡㅡㅡ,ㅡㅡㅡ
ㅡㅡㅡ,ㅡㅡㅡ
7,O
ㅡㅡㅡ,ㅡㅡㅡ
ㅡㅡㅡ,ㅡㅡㅡ
아티스트,O
연락처,O
ㅡㅡㅡ,ㅡㅡㅡ
ㅡㅡㅡ,ㅡㅡㅡ
ㅡㅡㅡ,ㅡㅡㅡ
0,O
ㅡㅡㅡ,ㅡㅡㅡ
ㅡㅡㅡ,ㅡㅡㅡ
ㅡㅡㅡ,ㅡㅡㅡ
ㅡㅡㅡ,ㅡㅡㅡ
ㅡㅡㅡ,ㅡㅡㅡ
질문과,O
답변,O
ㅡㅡㅡ,ㅡㅡㅡ
ㅡㅡㅡ,ㅡㅡㅡ
ㅡㅡㅡ,ㅡㅡㅡ
ㅡㅡㅡ,ㅡㅡㅡ
메인,O
재생목록,O
ㅡㅡㅡ,ㅡㅡㅡ
아티스트,O
8,O
ㅡㅡㅡ,ㅡㅡㅡ
장르,O
8,O
ㅡㅡㅡ,ㅡㅡㅡ
분위기,O
8,O
ㅡㅡㅡ,ㅡㅡㅡ
ㅡㅡㅡ,ㅡㅡㅡ
팔로우,O
해주세요,O
ㅡㅡㅡ,ㅡㅡㅡ
페이스북,O
ㅡㅡㅡ,ㅡㅡㅡ
ㅡㅡㅡ,ㅡㅡㅡ
트위터,O
ㅡㅡㅡ,ㅡㅡㅡ
ㅡㅡㅡ,ㅡㅡㅡ
인스타그램,O
ㅡㅡㅡ,ㅡㅡㅡ
5,O
ㅡㅡㅡ,ㅡㅡㅡ
ㅡㅡㅡ,ㅡㅡㅡ
ㅡㅡㅡ,ㅡㅡㅡ
구글,O
ㅡㅡㅡ,ㅡㅡㅡ
ㅡㅡㅡ,ㅡㅡㅡ
외국인,O
을,O
위한,O
대구,B_LOC
자유여행,O
동영상,O
설명서,O
6편,O
ㅡㅡㅡ,ㅡㅡㅡ
대구,B_LOC
여행,O
2일차,O
아침,O
이,O
밝았어요,O
오늘,O
은,O
대구,B_LOC
근교,O
경주,O
로,O
떠납니다,O
부릉부릉,O
ㅡㅡㅡ,ㅡㅡㅡ
외국인,O
을,O
위해,O
시외버스,O
타는,O
법이,O
상세히,O
소개된,O
영상입니다,O
ㅡㅡㅡ,ㅡㅡㅡ
대구자유여행,O
2일차,O
코스,O
ㅡㅡㅡ,ㅡㅡㅡ
동대구복합환승센터,O
시외버스타기,O
대릉원,O
천마총,O
점심,O
황남맷돌순두부,O
황리단길,O
카페,O
가봉반과,O
첨성대,O
동궁과월지,O
경주국립박물관,O
경주교촌마을,O
교리김밥,O
대구,B_LOC
복귀,O
저녁,O
대구닭똥집골목,B_TOR
쇼핑,O
롯데마트,O
ㅡㅡㅡ,ㅡㅡㅡ
ㅡㅡㅡ,ㅡㅡㅡ
6,O
ㅡㅡㅡ,ㅡㅡㅡ
2,O
ㅡㅡㅡ,ㅡㅡㅡ
ㅡㅡㅡ,ㅡㅡㅡ
ㅡㅡㅡ,ㅡㅡㅡ
ㅡㅡㅡ,ㅡㅡㅡ
ㅡㅡㅡ,ㅡㅡㅡ
ㅡㅡㅡ,ㅡㅡㅡ
ㅡㅡㅡ,ㅡㅡㅡ
ㅡㅡㅡ,ㅡㅡㅡ
519,O
ㅡㅡㅡ,ㅡㅡㅡ
ㅡㅡㅡ,ㅡㅡㅡ
8,O
ㅡㅡㅡ,ㅡㅡㅡ
ㅡㅡㅡ,ㅡㅡㅡ
5,O
ㅡㅡㅡ,ㅡㅡㅡ
ㅡㅡㅡ,ㅡㅡㅡ
촬영,O
장비,O
8,O
50,O
스노파,O
짐벌,O
ㅡㅡㅡ,ㅡㅡㅡ
제휴문의,O
01,O
ㅡㅡㅡ,ㅡㅡㅡ
초보자유여행러,O
라면,O
지금,O
바로,O
여행능력자,O
들,O
구독하기,O
ㅡㅡㅡ,ㅡㅡㅡ
여행능력자들,O
ㅡㅡㅡ,ㅡㅡㅡ
본,O
사이트,O
상의,O
영상,O
및,O
데이터베이스,O
를,O
포함한,O
모든,O
콘텐츠에,O
대한,O
법적,O
권리는,O
회사,O
능,O
력자들에,O
있으며,O
해당,O
콘텐츠를,O
무단으로,O
복제,O
도용하거나,O
전송,O
영상을,O
통한,O
상업적,O
이득을,O
취하는,O
행위는,O
관련,O
법률에,O
의거하여,O
처벌될,O
수,O
있음을,O
알려드립니다,O
ㅡㅡㅡ,ㅡㅡㅡ
본,O
창작물은,O
2019년,O
대구영상미디어센터운영사업,O
1인미디어콘텐츠창작자발굴및육성지원프로그램,O
지원작,O
입니다,O
ㅡㅡㅡ,ㅡㅡㅡ
여행능력자,O
들,O
경주,O
여행,O
경주,O
가볼만한곳,O
ㅡㅡㅡ,ㅡㅡㅡ
고민고민하다,O
오늘,O
라이딩은,O
포기하는걸로,O
결정,O
ㅡㅡㅡ,ㅡㅡㅡ
구독은사랑입니다,O
자덕부부유튜브구,O
독하기2,O
ㅡㅡㅡ,ㅡㅡㅡ
본,O
영상의,O
모든,O
저작권,O
과,O
사용권은,O
자덕,O
부부,O
에게,O
있으며,O
무단사용상업적이용,O
저작물변경,O
불펌등을,O
금합니다,O
ㅡㅡㅡ,ㅡㅡㅡ
영상에,O
사용된,O
모든,O
음악은,O
저작사용료를,O
내고,O
사용하고,O
있습니다,O
ㅡㅡㅡ,ㅡㅡㅡ
숙소안내,O
1001,O
ㅡㅡㅡ,ㅡㅡㅡ
자덕스,O
자전거,O
와,O
여행을,O
사랑하는,O
덕후,O
들의,O
모임,O
ㅡㅡㅡ,ㅡㅡㅡ
ㅡㅡㅡ,ㅡㅡㅡ
문의,O
이메일,O
0930,O
ㅡㅡㅡ,ㅡㅡㅡ
네이버,O
인플루언서,O
ㅡㅡㅡ,ㅡㅡㅡ
인스타그램,O
ㅡㅡㅡ,ㅡㅡㅡ
페이스북,O
ㅡㅡㅡ,ㅡㅡㅡ
혼자,O
하는,O
대구,B_LOC
여행,O
14,O
ㅡㅡㅡ,ㅡㅡㅡ
요즘,O
대구,B_LOC
에서,O
뜨고,O
있는,O
삼덕동,O
ㅡㅡㅡ,ㅡㅡㅡ
수많은,O
카페,O
편집샵들이,O
들어선,O
골목이에요,O
ㅡㅡㅡ,ㅡㅡㅡ
이곳에서,O
여행능력자,O
들이,O
소개할,O
대구,B_LOC
핫플,O
카페는,O
ㅡㅡㅡ,ㅡㅡㅡ
업체정보,O
ㅡㅡㅡ,ㅡㅡㅡ
6,O
ㅡㅡㅡ,ㅡㅡㅡ
매일,O
12002100,O
ㅡㅡㅡ,ㅡㅡㅡ
ㅡㅡㅡ,ㅡㅡㅡ
구독하기,O
좋아요,O
알람설정,O
잊지마세요,O
ㅡㅡㅡ,ㅡㅡㅡ
매주,O
수요일,O
밤9시,O
베트남,O
방송,O
10,O
방송,O
ㅡㅡㅡ,ㅡㅡㅡ
방송,O
직후,O
여행능력자들,O
유튜브,O
에,O
업로드,O
ㅡㅡㅡ,ㅡㅡㅡ
ㅡㅡㅡ,ㅡㅡㅡ
ㅡㅡㅡ,ㅡㅡㅡ
14,O
ㅡㅡㅡ,ㅡㅡㅡ
ㅡㅡㅡ,ㅡㅡㅡ
ㅡㅡㅡ,ㅡㅡㅡ
ㅡㅡㅡ,ㅡㅡㅡ
ㅡㅡㅡ,ㅡㅡㅡ
ㅡㅡㅡ,ㅡㅡㅡ
ㅡㅡㅡ,ㅡㅡㅡ
12002100,O
ㅡㅡㅡ,ㅡㅡㅡ
ㅡㅡㅡ,ㅡㅡㅡ
1,O
ㅡㅡㅡ,ㅡㅡㅡ
ㅡㅡㅡ,ㅡㅡㅡ
ㅡㅡㅡ,ㅡㅡㅡ
ㅡㅡㅡ,ㅡㅡㅡ
ㅡㅡㅡ,ㅡㅡㅡ
ㅡㅡㅡ,ㅡㅡㅡ
ㅡㅡㅡ,ㅡㅡㅡ
41592176,O
ㅡㅡㅡ,ㅡㅡㅡ
ㅡㅡㅡ,ㅡㅡㅡ
ㅡㅡㅡ,ㅡㅡㅡ
ㅡㅡㅡ,ㅡㅡㅡ
주여행능력자,O
들의,O
모든,O
콘텐츠는,O
콘텐츠산업진흥법,O
에,O
따라,O
제작일,O
또는,O
그,O
갱신일로부터,O
5년간,O
보호되며,O
동의없는,O
무단,O
복제시,O
민형사상,O
처벌을,O
받게,O
됩니다,O
ㅡㅡㅡ,ㅡㅡㅡ
국내여행,O
대구,B_LOC
여행,O
대구,B_LOC
가볼만한곳,O
ㅡㅡㅡ,ㅡㅡㅡ
사귀고,O
나서,O
처음,O
떠난,O
타지여행의,O
첫,O
목적지는,O
대구,B_LOC
ㅡㅡㅡ,ㅡㅡㅡ
ㅡㅡㅡ,ㅡㅡㅡ
ㅡㅡㅡ,ㅡㅡㅡ
게이,O
게이커플,O
브로맨스,O
ㅡㅡㅡ,ㅡㅡㅡ
대구,B_LOC
여자도,O
드디어,O
타봤네요,O
전세낸것,O
처럼,O
텅텅비었던,O
하지만,O
그래서,O
더,O
좋았던,O
대구시티투어버스,O
탑승기,O
입니다,O
ㅡㅡㅡ,ㅡㅡㅡ
ㅡㅡㅡ,ㅡㅡㅡ
승객,O
이,O
아무도,O
안계셔서,O
2층,O
오픈탑좌석에서,O
마스크,O
를,O
쓰지,O
않았습니다,O
그,O
외에는,O
버스,O
내,O
이동을,O
포함해서,O
방역수칙,O
꼭꼭,O
지켰습니다,O
ㅡㅡㅡ,ㅡㅡㅡ
ㅡㅡㅡ,ㅡㅡㅡ
ㅡㅡㅡ,ㅡㅡㅡ
시티투어버스연휴에뭐하지,O
대구,B_LOC
여행,O
ㅡㅡㅡ,ㅡㅡㅡ
엄마,O
와,O
대구,B_LOC
힐링,O
여행,O
51,O
ㅡㅡㅡ,ㅡㅡㅡ
3가지,O
컨셉의,O
대구,B_LOC
여행,O
편의,O
마지막,O
ㅡㅡㅡ,ㅡㅡㅡ
엄마,O
와,O
함께,O
대구,B_LOC
힐링,O
여행이,O
시작되었습니다,O
ㅡㅡㅡ,ㅡㅡㅡ
첫번째,O
장소로,O
드라마를,O
정말,O
좋아하는,O
엄마,O
를,O
위해,O
ㅡㅡㅡ,ㅡㅡㅡ
김비서,O
가,O
왜그럴까,O
촬영지,O
앞산,O
전망대로,O
고고,O
ㅡㅡㅡ,ㅡㅡㅡ
정보,O
ㅡㅡㅡ,ㅡㅡㅡ
ㅡㅡㅡ,ㅡㅡㅡ
케이블카,O
운영시간,O
꼭,O
확인하고,O
가세요,O
ㅡㅡㅡ,ㅡㅡㅡ
구독하기,O
좋아요,O
알람설정,O
잊지마세요,O
ㅡㅡㅡ,ㅡㅡㅡ
매주,O
수요일,O
밤9시,O
베트남,O
방송,O
10,O
방송,O
ㅡㅡㅡ,ㅡㅡㅡ
방송,O
직후,O
여행능력자들,O
유튜브,O
에,O
업로드,O
ㅡㅡㅡ,ㅡㅡㅡ
ㅡㅡㅡ,ㅡㅡㅡ
ㅡㅡㅡ,ㅡㅡㅡ
51,O
ㅡㅡㅡ,ㅡㅡㅡ
1653㎡,O
ㅡㅡㅡ,ㅡㅡㅡ
ㅡㅡㅡ,ㅡㅡㅡ
ㅡㅡㅡ,ㅡㅡㅡ
ㅡㅡㅡ,ㅡㅡㅡ
9986,O
ㅡㅡㅡ,ㅡㅡㅡ
1,O
ㅡㅡㅡ,ㅡㅡㅡ
91,O
ㅡㅡㅡ,ㅡㅡㅡ
ㅡㅡㅡ,ㅡㅡㅡ
ㅡㅡㅡ,ㅡㅡㅡ
ㅡㅡㅡ,ㅡㅡㅡ
ㅡㅡㅡ,ㅡㅡㅡ
41592176,O
ㅡㅡㅡ,ㅡㅡㅡ
ㅡㅡㅡ,ㅡㅡㅡ
ㅡㅡㅡ,ㅡㅡㅡ
ㅡㅡㅡ,ㅡㅡㅡ
주여행능력자,O
들의,O
모든,O
콘텐츠는,O
콘텐츠산업진흥법,O
에,O
따라,O
제작일,O
또는,O
그,O
갱신일로부터,O
5년간,O
보호되며,O
동의없는,O
무단,O
복제시,O
민형사상,O
처벌을,O
받게,O
됩니다,O
ㅡㅡㅡ,ㅡㅡㅡ
국내여행,O
대구,B_LOC
여행,O
대구,B_LOC
가볼만한곳,O
ㅡㅡㅡ,ㅡㅡㅡ
핫플,O
대구,B_LOC
여행,O
44,O
ㅡㅡㅡ,ㅡㅡㅡ
대구,B_LOC
우정여행의,O
마지막,O
코스,O
ㅡㅡㅡ,ㅡㅡㅡ
강정보디아크,O
에서,O
달려보실까요,O
ㅡㅡㅡ,ㅡㅡㅡ
정보,O
ㅡㅡㅡ,ㅡㅡㅡ
1,O
강정보,O
ㅡㅡㅡ,ㅡㅡㅡ
ㅡㅡㅡ,ㅡㅡㅡ
2,O
바이크,O
대여점,O
아지트,O
ㅡㅡㅡ,ㅡㅡㅡ
5547,O
ㅡㅡㅡ,ㅡㅡㅡ
구독하기,O
좋아요,O
알람설정,O
잊지마세요,O
ㅡㅡㅡ,ㅡㅡㅡ
매주,O
수요일,O
밤9시,O
베트남,O
방송,O
10,O
방송,O
ㅡㅡㅡ,ㅡㅡㅡ
방송,O
직후,O
여행능력자들,O
유튜브,O
에,O
업로드,O
ㅡㅡㅡ,ㅡㅡㅡ
ㅡㅡㅡ,ㅡㅡㅡ
ㅡㅡㅡ,ㅡㅡㅡ
44,O
ㅡㅡㅡ,ㅡㅡㅡ
ㅡㅡㅡ,ㅡㅡㅡ
ㅡㅡㅡ,ㅡㅡㅡ
ㅡㅡㅡ,ㅡㅡㅡ
ㅡㅡㅡ,ㅡㅡㅡ
1,O
ㅡㅡㅡ,ㅡㅡㅡ
48,O
ㅡㅡㅡ,ㅡㅡㅡ
2,O
ㅡㅡㅡ,ㅡㅡㅡ
6825296,O
ㅡㅡㅡ,ㅡㅡㅡ
2,O
ㅡㅡㅡ,ㅡㅡㅡ
ㅡㅡㅡ,ㅡㅡㅡ
ㅡㅡㅡ,ㅡㅡㅡ
ㅡㅡㅡ,ㅡㅡㅡ
ㅡㅡㅡ,ㅡㅡㅡ
ㅡㅡㅡ,ㅡㅡㅡ
41592176,O
ㅡㅡㅡ,ㅡㅡㅡ
ㅡㅡㅡ,ㅡㅡㅡ
ㅡㅡㅡ,ㅡㅡㅡ
ㅡㅡㅡ,ㅡㅡㅡ
주여행능력자,O
들의,O
모든,O
콘텐츠는,O
콘텐츠산업진흥법,O
에,O
따라,O
제작일,O
또는,O
그,O
갱신일로부터,O
5년간,O
보호되며,O
동의없는,O
무단,O
복제시,O
민형사상,O
처벌을,O
받게,O
됩니다,O
ㅡㅡㅡ,ㅡㅡㅡ
국내여행,O
대구,B_LOC
여행,O
대구,B_LOC
가볼만한곳,O
ㅡㅡㅡ,ㅡㅡㅡ
이,O
영상은,O
트립플,O
협조,O
하에,O
촬영,O
하였습니다,O
ㅡㅡㅡ,ㅡㅡㅡ
아프리카,O
방송국,O
ㅡㅡㅡ,ㅡㅡㅡ
9,O
ㅡㅡㅡ,ㅡㅡㅡ
인스타그램,O
ㅡㅡㅡ,ㅡㅡㅡ
97,O
ㅡㅡㅡ,ㅡㅡㅡ
대구,B_LOC
여행,O
수성구,O
외국인,O
반응,O
ㅡㅡㅡ,ㅡㅡㅡ
외국인,O
을,O
위한,O
대구,B_LOC
자유여행,O
동영상,O
설명서,O
8편,O
ㅡㅡㅡ,ㅡㅡㅡ
경주,O
여행,O
필수코스,O
첨성대,O
핑크뮬리,O
에서,O
사진,O
찍고,O
동궁,O
과,O
월지,O
경주국립박물관,O
투어하면,O
당일치기,O
여행,O
끝,O
ㅡㅡㅡ,ㅡㅡㅡ
대구자유여행,O
2일차,O
코스,O
ㅡㅡㅡ,ㅡㅡㅡ
동대구복합환승센터,O
시외버스타기,O
대릉원,O
천마총,O
점심,O
황남맷돌순두부,O
황리단길,O
카페,O
가봉반과,O
첨성대,O
동궁과월지,O
경주국립박물관,O
경주교촌마을,O
교리김밥,O
대구,B_LOC
복귀,O
저녁,O
대구닭똥집골목,B_TOR
쇼핑,O
롯데마트,O
ㅡㅡㅡ,ㅡㅡㅡ
대릉원,O
천마총,O
동궁과월지,O
안압지,O
이용,O
안내,O
ㅡㅡㅡ,ㅡㅡㅡ
10000005,O
ㅡㅡㅡ,ㅡㅡㅡ
경주국립박물관,O
사이트,O
ㅡㅡㅡ,ㅡㅡㅡ
ㅡㅡㅡ,ㅡㅡㅡ
ㅡㅡㅡ,ㅡㅡㅡ
8,O
ㅡㅡㅡ,ㅡㅡㅡ
2,O
ㅡㅡㅡ,ㅡㅡㅡ
ㅡㅡㅡ,ㅡㅡㅡ
ㅡㅡㅡ,ㅡㅡㅡ
ㅡㅡㅡ,ㅡㅡㅡ
ㅡㅡㅡ,ㅡㅡㅡ
ㅡㅡㅡ,ㅡㅡㅡ
9,O
ㅡㅡㅡ,ㅡㅡㅡ
ㅡㅡㅡ,ㅡㅡㅡ
537,O
ㅡㅡㅡ,ㅡㅡㅡ
ㅡㅡㅡ,ㅡㅡㅡ
81,O
ㅡㅡㅡ,ㅡㅡㅡ
ㅡㅡㅡ,ㅡㅡㅡ
촬영,O
장비,O
8,O
50,O
스노파,O
짐벌,O
ㅡㅡㅡ,ㅡㅡㅡ
제휴문의,O
01,O
ㅡㅡㅡ,ㅡㅡㅡ
초보자유여행러,O
라면,O
지금,O
바로,O
여행능력자,O
들,O
구독하기,O
ㅡㅡㅡ,ㅡㅡㅡ
여행능력자들,O
ㅡㅡㅡ,ㅡㅡㅡ
본,O
사이트,O
상의,O
영상,O
및,O
데이터베이스,O
를,O
포함한,O
모든,O
콘텐츠에,O
대한,O
법적,O
권리는,O
회사,O
능,O
력자들에,O
있으며,O
해당,O
콘텐츠를,O
무단으로,O
복제,O
도용하거나,O
전송,O
영상을,O
통한,O
상업적,O
이득을,O
취하는,O
행위는,O
관련,O
법률에,O
의거하여,O
처벌될,O
수,O
있음을,O
알려드립니다,O
ㅡㅡㅡ,ㅡㅡㅡ
본,O
창작물은,O
2019년,O
대구영상미디어센터운영사업,O
1인미디어콘텐츠창작자발굴및육성지원프로그램,O
지원작,O
입니다,O
ㅡㅡㅡ,ㅡㅡㅡ
여행능력자,O
들,O
경주,O
여행,O
경주,O
가볼만한곳,O
ㅡㅡㅡ,ㅡㅡㅡ
핫플,O
대구,B_LOC
여행,O
31,O
ㅡㅡㅡ,ㅡㅡㅡ
2번째,O
컨셉의,O
대구,B_LOC
여행이,O
시작되었습니다,O
ㅡㅡㅡ,ㅡㅡㅡ
찰떡케미를,O
자랑하는,O
유진,O
우영,O
이,O
처음으로,O
찾은,O
곳은,O
어디,O
ㅡㅡㅡ,ㅡㅡㅡ
아기자기한,O
디자인으로,O
대구,B_LOC
핫플레이스로,O
떠오른,O
대구,B_LOC
굿즈,O
ㅡㅡㅡ,ㅡㅡㅡ
쇼핑하러,O
가볼까요,O
ㅡㅡㅡ,ㅡㅡㅡ
업체정보,O
ㅡㅡㅡ,ㅡㅡㅡ
56,O
ㅡㅡㅡ,ㅡㅡㅡ
월금09001700,O
주말,O
12001700,O
ㅡㅡㅡ,ㅡㅡㅡ
ㅡㅡㅡ,ㅡㅡㅡ
구독하기,O
좋아요,O
알람설정,O
잊지마세요,O
ㅡㅡㅡ,ㅡㅡㅡ
매주,O
수요일,O
밤9시,O
베트남,O
방송,O
10,O
방송,O
ㅡㅡㅡ,ㅡㅡㅡ
방송,O
직후,O
여행능력자들,O
유튜브,O
에,O
업로드,O
ㅡㅡㅡ,ㅡㅡㅡ
ㅡㅡㅡ,ㅡㅡㅡ
ㅡㅡㅡ,ㅡㅡㅡ
31,O
ㅡㅡㅡ,ㅡㅡㅡ
ㅡㅡㅡ,ㅡㅡㅡ
ㅡㅡㅡ,ㅡㅡㅡ
ㅡㅡㅡ,ㅡㅡㅡ
ㅡㅡㅡ,ㅡㅡㅡ
56,O
ㅡㅡㅡ,ㅡㅡㅡ
09001700,O
12001700,O
ㅡㅡㅡ,ㅡㅡㅡ
ㅡㅡㅡ,ㅡㅡㅡ
1,O
ㅡㅡㅡ,ㅡㅡㅡ
4,O
ㅡㅡㅡ,ㅡㅡㅡ
ㅡㅡㅡ,ㅡㅡㅡ
ㅡㅡㅡ,ㅡㅡㅡ
ㅡㅡㅡ,ㅡㅡㅡ
ㅡㅡㅡ,ㅡㅡㅡ
ㅡㅡㅡ,ㅡㅡㅡ
41592176,O
ㅡㅡㅡ,ㅡㅡㅡ
ㅡㅡㅡ,ㅡㅡㅡ
ㅡㅡㅡ,ㅡㅡㅡ
ㅡㅡㅡ,ㅡㅡㅡ
주여행능력자,O
들의,O
모든,O
콘텐츠는,O
콘텐츠산업진흥법,O
에,O
따라,O
제작일,O
또는,O
그,O
갱신일로부터,O
5년간,O
보호되며,O
동의없는,O
무단,O
복제시,O
민형사상,O
처벌을,O
받게,O
됩니다,O
ㅡㅡㅡ,ㅡㅡㅡ
국내여행,O
대구,B_LOC
여행,O
대구,B_LOC
가볼만한곳,O
ㅡㅡㅡ,ㅡㅡㅡ
핫플,O
대구,B_LOC
여행,O
32,O
ㅡㅡㅡ,ㅡㅡㅡ
요즘,O
대구,B_LOC
핫플로,O
떠오르는,O
북성로,O
ㅡㅡㅡ,ㅡㅡㅡ
그중에서는,O
핫,O
뜨거뜨거,O
ㅡㅡㅡ,ㅡㅡㅡ
인생샷으로,O
유명한,O
대화의장,O
카페에,O
다녀왔습니다,O
ㅡㅡㅡ,ㅡㅡㅡ
업체정보,O
ㅡㅡㅡ,ㅡㅡㅡ
14,O
ㅡㅡㅡ,ㅡㅡㅡ
12000100,O
월요일,O
휴무,O
ㅡㅡㅡ,ㅡㅡㅡ
ㅡㅡㅡ,ㅡㅡㅡ
구독하기,O
좋아요,O
알람설정,O
잊지마세요,O
ㅡㅡㅡ,ㅡㅡㅡ
매주,O
수요일,O
밤9시,O
베트남,O
방송,O
10,O
방송,O
ㅡㅡㅡ,ㅡㅡㅡ
방송,O
직후,O
여행능력자들,O
유튜브,O
에,O
업로드,O
ㅡㅡㅡ,ㅡㅡㅡ
ㅡㅡㅡ,ㅡㅡㅡ
ㅡㅡㅡ,ㅡㅡㅡ
32,O
ㅡㅡㅡ,ㅡㅡㅡ
ㅡㅡㅡ,ㅡㅡㅡ
1920,O
ㅡㅡㅡ,ㅡㅡㅡ
ㅡㅡㅡ,ㅡㅡㅡ
ㅡㅡㅡ,ㅡㅡㅡ
ㅡㅡㅡ,ㅡㅡㅡ
9868,O
ㅡㅡㅡ,ㅡㅡㅡ
12000100,O
ㅡㅡㅡ,ㅡㅡㅡ
ㅡㅡㅡ,ㅡㅡㅡ
1,O
ㅡㅡㅡ,ㅡㅡㅡ
4,O
ㅡㅡㅡ,ㅡㅡㅡ
ㅡㅡㅡ,ㅡㅡㅡ
ㅡㅡㅡ,ㅡㅡㅡ
ㅡㅡㅡ,ㅡㅡㅡ
ㅡㅡㅡ,ㅡㅡㅡ
ㅡㅡㅡ,ㅡㅡㅡ
41592176,O
ㅡㅡㅡ,ㅡㅡㅡ
ㅡㅡㅡ,ㅡㅡㅡ
ㅡㅡㅡ,ㅡㅡㅡ
ㅡㅡㅡ,ㅡㅡㅡ
주여행능력자,O
들의,O
모든,O
콘텐츠는,O
콘텐츠산업진흥법,O
에,O
따라,O
제작일,O
또는,O
그,O
갱신일로부터,O
5년간,O
보호되며,O
동의없는,O
무단,O
복제시,O
민형사상,O
처벌을,O
받게,O
됩니다,O
ㅡㅡㅡ,ㅡㅡㅡ
국내여행,O
대구,B_LOC
여행,O
대구,B_LOC
가볼만한곳,O
ㅡㅡㅡ,ㅡㅡㅡ
복희,O
ㅡㅡㅡ,ㅡㅡㅡ
ㅡㅡㅡ,ㅡㅡㅡ
복희,O
의,O
ㅡㅡㅡ,ㅡㅡㅡ
나혼자,O
ㅡㅡㅡ,ㅡㅡㅡ
산다라박,O
ㅡㅡㅡ,ㅡㅡㅡ
ㅡㅡㅡ,ㅡㅡㅡ
먹방,O
ㅡㅡㅡ,ㅡㅡㅡ
ㅡㅡㅡ,ㅡㅡㅡ
각국어,O
번역,O
자막,O
제작,O
ㅡㅡㅡ,ㅡㅡㅡ
컨텐츠,O
제작의,O
마무리는,O
컨텐츠플라이,O
글로벌,O
진출을,O
위한,O
최고의,O
파트너,O
ㅡㅡㅡ,ㅡㅡㅡ
에서,O
제작되었습니다,O
ㅡㅡㅡ,ㅡㅡㅡ
ㅡㅡㅡ,ㅡㅡㅡ
일상브이로그,O
ㅡㅡㅡ,ㅡㅡㅡ
안녕하세요,O
션,O
입니다,O
ㅡㅡㅡ,ㅡㅡㅡ
가족,O
들을,O
만날,O
일이,O
생겨,O
당일치기로,O
대구,B_LOC
에,O
다녀왔어요,O
ㅡㅡㅡ,ㅡㅡㅡ
비행기,O
타고,O
왕복,O
했는데,O
진짜,O
편하게,O
이동한,O
것,O
같아요,O
ㅡㅡㅡ,ㅡㅡㅡ
데일리룩,O
정보,O
ㅡㅡㅡ,ㅡㅡㅡ
니트,O
슬랙스,O
ㅡㅡㅡ,ㅡㅡㅡ
코트,O
ㅡㅡㅡ,ㅡㅡㅡ
슈즈,O
22,O
42,O
1,O
ㅡㅡㅡ,ㅡㅡㅡ
가방,O
21,O
7,O
ㅡㅡㅡ,ㅡㅡㅡ
ㅡㅡㅡ,ㅡㅡㅡ
88,O
ㅡㅡㅡ,ㅡㅡㅡ
ㅡㅡㅡ,ㅡㅡㅡ
핫플,O
대구,B_LOC
여행,O
41,O
ㅡㅡㅡ,ㅡㅡㅡ
대구,B_LOC
피크닉,O
성지,O
두류공원,B_TOR
야외음악당,O
ㅡㅡㅡ,ㅡㅡㅡ
여기서,O
먹는,O
양념치킨,O
은,O
을마나,O
맛있게요,O
ㅡㅡㅡ,ㅡㅡㅡ
정보,O
ㅡㅡㅡ,ㅡㅡㅡ
4,O
ㅡㅡㅡ,ㅡㅡㅡ
치킨,O
은,O
처갓집양념치킨,O
에서,O
주문했어요,O
내돈대산,O
ㅡㅡㅡ,ㅡㅡㅡ
구독하기,O
좋아요,O
알람설정,O
잊지마세요,O
ㅡㅡㅡ,ㅡㅡㅡ
매주,O
수요일,O
밤9시,O
베트남,O
방송,O
10,O
방송,O
ㅡㅡㅡ,ㅡㅡㅡ
방송,O
직후,O
여행능력자들,O
유튜브,O
에,O
업로드,O
ㅡㅡㅡ,ㅡㅡㅡ
ㅡㅡㅡ,ㅡㅡㅡ
ㅡㅡㅡ,ㅡㅡㅡ
41,O
ㅡㅡㅡ,ㅡㅡㅡ
ㅡㅡㅡ,ㅡㅡㅡ
ㅡㅡㅡ,ㅡㅡㅡ
ㅡㅡㅡ,ㅡㅡㅡ
ㅡㅡㅡ,ㅡㅡㅡ
ㅡㅡㅡ,ㅡㅡㅡ
ㅡㅡㅡ,ㅡㅡㅡ
21696,O
ㅡㅡㅡ,ㅡㅡㅡ
ㅡㅡㅡ,ㅡㅡㅡ
1,O
ㅡㅡㅡ,ㅡㅡㅡ
4,O
ㅡㅡㅡ,ㅡㅡㅡ
ㅡㅡㅡ,ㅡㅡㅡ
ㅡㅡㅡ,ㅡㅡㅡ
ㅡㅡㅡ,ㅡㅡㅡ
ㅡㅡㅡ,ㅡㅡㅡ
ㅡㅡㅡ,ㅡㅡㅡ
41592176,O
ㅡㅡㅡ,ㅡㅡㅡ
ㅡㅡㅡ,ㅡㅡㅡ
ㅡㅡㅡ,ㅡㅡㅡ
ㅡㅡㅡ,ㅡㅡㅡ
주여행능력자,O
들의,O
모든,O
콘텐츠는,O
콘텐츠산업진흥법,O
에,O
따라,O
제작일,O
또는,O
그,O
갱신일로부터,O
5년간,O
보호되며,O
동의없는,O
무단,O
복제시,O
민형사상,O
처벌을,O
받게,O
됩니다,O
ㅡㅡㅡ,ㅡㅡㅡ
국내여행,O
대구,B_LOC
여행,O
대구,B_LOC
가볼만한곳,O
ㅡㅡㅡ,ㅡㅡㅡ
엄마,O
와,O
대구,B_LOC
힐링,O
여행,O
61,O
ㅡㅡㅡ,ㅡㅡㅡ
수성못,B_TOR
에서,O
가까운,O
곳에,O
대구,B_LOC
먹거리,O
타운,O
들안길,O
이,O
있어요,O
ㅡㅡㅡ,ㅡㅡㅡ
이곳엔,O
한식대첩,O
우승자,O
가,O
운영하는,O
한정식집이,O
있어요,O
ㅡㅡㅡ,ㅡㅡㅡ
부모,O
님,O
모시고,O
가면,O
정말,O
대만족,O
하실,O
거예요,O
ㅡㅡㅡ,ㅡㅡㅡ
업체,O
정보,O
ㅡㅡㅡ,ㅡㅡㅡ
577,O
ㅡㅡㅡ,ㅡㅡㅡ
11302200,O
명절,O
휴무,O
ㅡㅡㅡ,ㅡㅡㅡ
구독하기,O
좋아요,O
알람설정,O
잊지마세요,O
ㅡㅡㅡ,ㅡㅡㅡ
매주,O
수요일,O
밤9시,O
베트남,O
방송,O
10,O
방송,O
ㅡㅡㅡ,ㅡㅡㅡ
방송,O
직후,O
여행능력자들,O
유튜브,O
에,O
업로드,O
ㅡㅡㅡ,ㅡㅡㅡ
ㅡㅡㅡ,ㅡㅡㅡ
ㅡㅡㅡ,ㅡㅡㅡ
61,O
ㅡㅡㅡ,ㅡㅡㅡ
ㅡㅡㅡ,ㅡㅡㅡ
ㅡㅡㅡ,ㅡㅡㅡ
ㅡㅡㅡ,ㅡㅡㅡ
ㅡㅡㅡ,ㅡㅡㅡ
56137,O
ㅡㅡㅡ,ㅡㅡㅡ
11302200,O
ㅡㅡㅡ,ㅡㅡㅡ
1,O
ㅡㅡㅡ,ㅡㅡㅡ
91,O
ㅡㅡㅡ,ㅡㅡㅡ
ㅡㅡㅡ,ㅡㅡㅡ
ㅡㅡㅡ,ㅡㅡㅡ
ㅡㅡㅡ,ㅡㅡㅡ
ㅡㅡㅡ,ㅡㅡㅡ
41592176,O
ㅡㅡㅡ,ㅡㅡㅡ
ㅡㅡㅡ,ㅡㅡㅡ
ㅡㅡㅡ,ㅡㅡㅡ
ㅡㅡㅡ,ㅡㅡㅡ
주여행능력자,O
들의,O
모든,O
콘텐츠는,O
콘텐츠산업진흥법,O
에,O
따라,O
제작일,O
또는,O
그,O
갱신일로부터,O
5년간,O
보호되며,O
동의없는,O
무단,O
복제시,O
민형사상,O
처벌을,O
받게,O
됩니다,O
ㅡㅡㅡ,ㅡㅡㅡ
국내여행,O
대구,B_LOC
여행,O
대구,B_LOC
가볼만한곳,O
ㅡㅡㅡ,ㅡㅡㅡ
떠오르는,O
국내여행지,O
대구,B_LOC
ㅡㅡㅡ,ㅡㅡㅡ
집콕,O
중인,O
여러분들과,O
함께,O
떠나는,O
여행능력자,O
들,O
랜선,O
여행,O
ㅡㅡㅡ,ㅡㅡㅡ
이번엔,O
총,O
3팀,O
이,O
서로,O
다른,O
컨셉으로,O
대구,B_LOC
여행을,O
시작합니다,O
ㅡㅡㅡ,ㅡㅡㅡ
저희,O
영상에,O
출연하고,O
싶은,O
분들,O
언제나,O
문은,O
활짝,O
열려있습니다,O
ㅡㅡㅡ,ㅡㅡㅡ
언제든지,O
ㅡㅡㅡ,ㅡㅡㅡ
현재,O
여행작가,O
파트너,O
모집,O
중,O
ㅡㅡㅡ,ㅡㅡㅡ
찍은,O
여행,O
영상만,O
제공해서,O
쏠쏠한,O
용돈벌이가,O
될,O
수,O
있습니다,O
ㅡㅡㅡ,ㅡㅡㅡ
자세한,O
정보,O
ㅡㅡㅡ,ㅡㅡㅡ
구독하기,O
좋아요,O
알람설정,O
잊지마세요,O
ㅡㅡㅡ,ㅡㅡㅡ
매주,O
수요일,O
밤9시,O
베트남,O
방송,O
10,O
방송,O
ㅡㅡㅡ,ㅡㅡㅡ
방송,O
직후,O
여행능력자들,O
유튜브,O
에,O
업로드,O
ㅡㅡㅡ,ㅡㅡㅡ
ㅡㅡㅡ,ㅡㅡㅡ
ㅡㅡㅡ,ㅡㅡㅡ
ㅡㅡㅡ,ㅡㅡㅡ
ㅡㅡㅡ,ㅡㅡㅡ
ㅡㅡㅡ,ㅡㅡㅡ
ㅡㅡㅡ,ㅡㅡㅡ
ㅡㅡㅡ,ㅡㅡㅡ
ㅡㅡㅡ,ㅡㅡㅡ
ㅡㅡㅡ,ㅡㅡㅡ
ㅡㅡㅡ,ㅡㅡㅡ
ㅡㅡㅡ,ㅡㅡㅡ
ㅡㅡㅡ,ㅡㅡㅡ
ㅡㅡㅡ,ㅡㅡㅡ
41592176,O
ㅡㅡㅡ,ㅡㅡㅡ
ㅡㅡㅡ,ㅡㅡㅡ
ㅡㅡㅡ,ㅡㅡㅡ
ㅡㅡㅡ,ㅡㅡㅡ
주여행능력자,O
들의,O
모든,O
콘텐츠는,O
콘텐츠산업진흥법,O
에,O
따라,O
제작일,O
또는,O
그,O
갱신일로부터,O
5년간,O
보호되며,O
동의없는,O
무단,O
복제시,O
민형사상,O
처벌을,O
받게,O
됩니다,O
ㅡㅡㅡ,ㅡㅡㅡ
국내여행,O
대구,B_LOC
여행,O
대구,B_LOC
가볼만한곳,O
ㅡㅡㅡ,ㅡㅡㅡ
안녕하세요,O
레이짱,O
입니다,O
ㅡㅡㅡ,ㅡㅡㅡ
이번에는,O
수성구청,O
에서,O
의뢰를,O
받아서,O
ㅡㅡㅡ,ㅡㅡㅡ
수성구,O
투어에,O
참여하고,O
왔어요,O
ㅡㅡㅡ,ㅡㅡㅡ
22영상,O
이니까,O
12영상,O
도,O
봐주세요,O
ㅡㅡㅡ,ㅡㅡㅡ
아직까지,O
일본,O
사람한테는,O
ㅡㅡㅡ,ㅡㅡㅡ
대구,B_LOC
가,O
많이,O
알려지지,O
않은,O
곳이라,O
ㅡㅡㅡ,ㅡㅡㅡ
이번,O
영상은,O
일본,O
분이,O
많이,O
봐주셨으면해서,O
ㅡㅡㅡ,ㅡㅡㅡ
일본어,O
로,O
촬영을,O
했어요,O
이해해주세요,O
ㅡㅡㅡ,ㅡㅡㅡ
이번,O
투어는,O
1박2일,O
이었는데,O
ㅡㅡㅡ,ㅡㅡㅡ
2번째날,O
일정은,O
ㅡㅡㅡ,ㅡㅡㅡ
청계사,B_TOR
ㅡㅡㅡ,ㅡㅡㅡ
청아람,O
ㅡㅡㅡ,ㅡㅡㅡ
범어대성당,B_TOR
영상에서는,O
밤,O
아라고,O
써버렸어요,O
ㅠㅠ,O
ㅡㅡㅡ,ㅡㅡㅡ
도쿄팡야,B_CAF
ㅡㅡㅡ,ㅡㅡㅡ
꽃차랑,B_CAF
ㅡㅡㅡ,ㅡㅡㅡ
수성못,O
ㅡㅡㅡ,ㅡㅡㅡ
카페,O
편,O
ㅡㅡㅡ,ㅡㅡㅡ
이었어요,O
ㅡㅡㅡ,ㅡㅡㅡ
혹시,O
마음에,O
들어주셨던,O
곳이,O
있으시면,O
ㅡㅡㅡ,ㅡㅡㅡ
이걸,O
참고로,O
꼭,O
가보세요,O
ㅡㅡㅡ,ㅡㅡㅡ
코로나,O
는,O
조심하시구요,O
ㅡㅡㅡ,ㅡㅡㅡ
수성구,O
만,O
해도,O
많은,O
곳을,O
다닐,O
수,O
있다는,O
것을,O
ㅡㅡㅡ,ㅡㅡㅡ
알게,O
된,O
좋은,O
기회였어요,O
ㅡㅡㅡ,ㅡㅡㅡ
이,O
영상은,O
수성구청,O
협조,O
하에,O
촬영,O
하였습니다,O
ㅡㅡㅡ,ㅡㅡㅡ
아프리카,O
방송국,O
ㅡㅡㅡ,ㅡㅡㅡ
9,O
ㅡㅡㅡ,ㅡㅡㅡ
인스타그램,O
ㅡㅡㅡ,ㅡㅡㅡ
97,O
ㅡㅡㅡ,ㅡㅡㅡ
대구,B_LOC
여행,O
수성구,O
대구,B_LOC
여행추천,O
ㅡㅡㅡ,ㅡㅡㅡ
혼자,O
하는,O
대구,B_LOC
여행,O
25,O
ㅡㅡㅡ,ㅡㅡㅡ
마스킹,O
테이프로,O
다꾸만,O
한다고,O
ㅡㅡㅡ,ㅡㅡㅡ
여기,O
가보면,O
생각이,O
확,O
달라지실,O
거예요,O
ㅡㅡㅡ,ㅡㅡㅡ
업체정보,O
ㅡㅡㅡ,ㅡㅡㅡ
4,O
ㅡㅡㅡ,ㅡㅡㅡ
13001900,O
월,O
화,O
휴무,O
ㅡㅡㅡ,ㅡㅡㅡ
ㅡㅡㅡ,ㅡㅡㅡ
구독하기,O
좋아요,O
알람설정,O
잊지마세요,O
ㅡㅡㅡ,ㅡㅡㅡ
매주,O
수요일,O
밤9시,O
베트남,O
방송,O
10,O
방송,O
ㅡㅡㅡ,ㅡㅡㅡ
방송,O
직후,O
여행능력자들,O
유튜브,O
에,O
업로드,O
ㅡㅡㅡ,ㅡㅡㅡ
ㅡㅡㅡ,ㅡㅡㅡ
ㅡㅡㅡ,ㅡㅡㅡ
25,O
ㅡㅡㅡ,ㅡㅡㅡ
ㅡㅡㅡ,ㅡㅡㅡ
ㅡㅡㅡ,ㅡㅡㅡ
57,O
ㅡㅡㅡ,ㅡㅡㅡ
13001900,O
ㅡㅡㅡ,ㅡㅡㅡ
ㅡㅡㅡ,ㅡㅡㅡ
2,O
ㅡㅡㅡ,ㅡㅡㅡ
ㅡㅡㅡ,ㅡㅡㅡ
ㅡㅡㅡ,ㅡㅡㅡ
ㅡㅡㅡ,ㅡㅡㅡ
ㅡㅡㅡ,ㅡㅡㅡ
ㅡㅡㅡ,ㅡㅡㅡ
41592176,O
ㅡㅡㅡ,ㅡㅡㅡ
ㅡㅡㅡ,ㅡㅡㅡ
ㅡㅡㅡ,ㅡㅡㅡ
ㅡㅡㅡ,ㅡㅡㅡ
주여행능력자,O
들의,O
모든,O
콘텐츠는,O
콘텐츠산업진흥법,O
에,O
따라,O
제작일,O
또는,O
그,O
갱신일로부터,O
5년간,O
보호되며,O
동의없는,O
무단,O
복제시,O
민형사상,O
처벌을,O
받게,O
됩니다,O
ㅡㅡㅡ,ㅡㅡㅡ
국내여행,O
대구,B_LOC
여행,O
대구,B_LOC
가볼만한곳,O
ㅡㅡㅡ,ㅡㅡㅡ
혼자,O
하는,O
대구,B_LOC
여행,O
12,O
ㅡㅡㅡ,ㅡㅡㅡ
여행,O
중이라면,O
인생샷,O
하나정도,O
는,O
건져야죠,O
ㅡㅡㅡ,ㅡㅡㅡ
전시회,O
관람도,O
하고,O
사진도,O
엄청,O
많이,O
찍을,O
수,O
있다는,O
여기는,O
어디,O
ㅡㅡㅡ,ㅡㅡㅡ
대구예술발전소,B_TOR
수창청춘맨숀,O
ㅡㅡㅡ,ㅡㅡㅡ
업체정보,O
ㅡㅡㅡ,ㅡㅡㅡ
5,O
ㅡㅡㅡ,ㅡㅡㅡ
ㅡㅡㅡ,ㅡㅡㅡ
구독하기,O
좋아요,O
알람설정,O
잊지마세요,O
ㅡㅡㅡ,ㅡㅡㅡ
매주,O
수요일,O
밤9시,O
베트남,O
방송,O
10,O
방송,O
ㅡㅡㅡ,ㅡㅡㅡ
방송,O
직후,O
여행능력자들,O
유튜브,O
에,O
업로드,O
ㅡㅡㅡ,ㅡㅡㅡ
ㅡㅡㅡ,ㅡㅡㅡ
ㅡㅡㅡ,ㅡㅡㅡ
12,O
ㅡㅡㅡ,ㅡㅡㅡ
ㅡㅡㅡ,ㅡㅡㅡ
ㅡㅡㅡ,ㅡㅡㅡ
ㅡㅡㅡ,ㅡㅡㅡ
ㅡㅡㅡ,ㅡㅡㅡ
ㅡㅡㅡ,ㅡㅡㅡ
817,O
ㅡㅡㅡ,ㅡㅡㅡ
5,O
ㅡㅡㅡ,ㅡㅡㅡ
1,O
ㅡㅡㅡ,ㅡㅡㅡ
ㅡㅡㅡ,ㅡㅡㅡ
ㅡㅡㅡ,ㅡㅡㅡ
ㅡㅡㅡ,ㅡㅡㅡ
ㅡㅡㅡ,ㅡㅡㅡ
ㅡㅡㅡ,ㅡㅡㅡ
ㅡㅡㅡ,ㅡㅡㅡ
41592176,O
ㅡㅡㅡ,ㅡㅡㅡ
ㅡㅡㅡ,ㅡㅡㅡ
ㅡㅡㅡ,ㅡㅡㅡ
ㅡㅡㅡ,ㅡㅡㅡ
주여행능력자,O
들의,O
모든,O
콘텐츠는,O
콘텐츠산업진흥법,O
에,O
따라,O
제작일,O
또는,O
그,O
갱신일로부터,O
5년간,O
보호되며,O
동의없는,O
무단,O
복제시,O
민형사상,O
처벌을,O
받게,O
됩니다,O
ㅡㅡㅡ,ㅡㅡㅡ
국내여행,O
대구,B_LOC
여행,O
대구,B_LOC
가볼만한곳,O
ㅡㅡㅡ,ㅡㅡㅡ
핫플,O
대구,B_LOC
여행,O
33,O
ㅡㅡㅡ,ㅡㅡㅡ
환상의,O
케미를,O
자랑하는,O
유진,O
우영,O
이,O
보여드리는,O
ㅡㅡㅡ,ㅡㅡㅡ
인생네컷,O
잘,O
찍는법,O
난리났네,O
난리났어,O
ㅋㅋㅋ,O
ㅡㅡㅡ,ㅡㅡㅡ
업체정보,O
ㅡㅡㅡ,ㅡㅡㅡ
ㅡㅡㅡ,ㅡㅡㅡ
4,O
ㅡㅡㅡ,ㅡㅡㅡ
구독하기,O
좋아요,O
알람설정,O
잊지마세요,O
ㅡㅡㅡ,ㅡㅡㅡ
매주,O
수요일,O
밤9시,O
베트남,O
방송,O
10,O
방송,O
ㅡㅡㅡ,ㅡㅡㅡ
방송,O
직후,O
여행능력자들,O
유튜브,O
에,O
업로드,O
ㅡㅡㅡ,ㅡㅡㅡ
ㅡㅡㅡ,ㅡㅡㅡ
ㅡㅡㅡ,ㅡㅡㅡ
33,O
ㅡㅡㅡ,ㅡㅡㅡ
ㅡㅡㅡ,ㅡㅡㅡ
ㅡㅡㅡ,ㅡㅡㅡ
ㅡㅡㅡ,ㅡㅡㅡ
4,O
ㅡㅡㅡ,ㅡㅡㅡ
ㅡㅡㅡ,ㅡㅡㅡ
8279,O
ㅡㅡㅡ,ㅡㅡㅡ
4,O
ㅡㅡㅡ,ㅡㅡㅡ
1,O
ㅡㅡㅡ,ㅡㅡㅡ
4,O
ㅡㅡㅡ,ㅡㅡㅡ
ㅡㅡㅡ,ㅡㅡㅡ
ㅡㅡㅡ,ㅡㅡㅡ
ㅡㅡㅡ,ㅡㅡㅡ
ㅡㅡㅡ,ㅡㅡㅡ
ㅡㅡㅡ,ㅡㅡㅡ
41592176,O
ㅡㅡㅡ,ㅡㅡㅡ
ㅡㅡㅡ,ㅡㅡㅡ
ㅡㅡㅡ,ㅡㅡㅡ
ㅡㅡㅡ,ㅡㅡㅡ
주여행능력자,O
들의,O
모든,O
콘텐츠는,O
콘텐츠산업진흥법,O
에,O
따라,O
제작일,O
또는,O
그,O
갱신일로부터,O
5년간,O
보호되며,O
동의없는,O
무단,O
복제시,O
민형사상,O
처벌을,O
받게,O
됩니다,O
ㅡㅡㅡ,ㅡㅡㅡ
국내여행,O
대구,B_LOC
여행,O
대구,B_LOC
가볼만한곳,O
ㅡㅡㅡ,ㅡㅡㅡ
채널구독,O
16,O
ㅡㅡㅡ,ㅡㅡㅡ
시니,O
인스타그램,O
ㅡㅡㅡ,ㅡㅡㅡ
시니언즈,O
멤,O
버십,O
가입하기,O
ㅡㅡㅡ,ㅡㅡㅡ
시니,O
나홀로여행,O
대구,B_LOC
먹방여행,O
ㅡㅡㅡ,ㅡㅡㅡ
오늘,O
시,O
니룩,O
소개,O
ㅡㅡㅡ,ㅡㅡㅡ
목걸이,O
비비안웨스트우드,O
ㅡㅡㅡ,ㅡㅡㅡ
반지,O
크롬하츠,O
화피,O
ㅡㅡㅡ,ㅡㅡㅡ
옷,O
셋업,O
위캔더스,O
ㅡㅡㅡ,ㅡㅡㅡ
신발,O
네이키드울프워커,O
ㅡㅡㅡ,ㅡㅡㅡ
제,O
영상,O
봐주셔서,O
감사합니다,O
ㅡㅡㅡ,ㅡㅡㅡ
일어,O
자막,O
번역,O
도와주신분,O
수미,O
님,O
ㅡㅡㅡ,ㅡㅡㅡ
영어,O
자막,O
번역,O
도와주신분,O
류,O
님,O
ㅡㅡㅡ,ㅡㅡㅡ
ㅡㅡㅡ,ㅡㅡㅡ
ㅡㅡㅡ,ㅡㅡㅡ
본,O
영상은,O
무단,O
공개,O
또는,O
배포를,O
엄격히,O
금지합니다,O
ㅡㅡㅡ,ㅡㅡㅡ
ㅡㅡㅡ,ㅡㅡㅡ
본,O
영상은,O
유료광고가,O
포함,O
되어,O
있지,O
않습니다,O
ㅡㅡㅡ,ㅡㅡㅡ
이,O
영상은,O
넘버즈인,O
광고를,O
포함하고,O
있습니다,O
ㅡㅡㅡ,ㅡㅡㅡ
과거,O
브랜드로부터,O
제공받은,O
제품을,O
포함하고,O
있으나,O
업체와의,O
업로드,O
약속없이,O
제,O
자발적인,O
의사로,O
제작된,O
영상입니다,O
투쿨포스쿨,O
던스트,O
비비드온,O
ㅡㅡㅡ,ㅡㅡㅡ
이,O
외,O
제품은,O
광고,O
및,O
협찬제품이,O
아님을,O
알려드립니다,O
ㅡㅡㅡ,ㅡㅡㅡ
브이로그,O
디자이너,O
일상,O
ㅡㅡㅡ,ㅡㅡㅡ
안녕하세요,O
여러분,O
ㅡㅡㅡ,ㅡㅡㅡ
이제,O
날씨가,O
점점,O
더워져요,O
진짜,O
여름,O
이,O
오려나봐요,O
ㅡㅡㅡ,ㅡㅡㅡ
전,O
퇴사후,O
단,O
하루,O
도,O
쉬지않고,O
일을,O
했던것,O
같아요,O
ㅡㅡㅡ,ㅡㅡㅡ
들다는,O
생각없이,O
달리기,O
바빴는데,O
지난주,O
대구,B_LOC
에,O
가서,O
하루정도,O
는,O
아무,O
생각도,O
고민도,O
없이,O
푹,O
쉬어보니,O
ㅡㅡㅡ,ㅡㅡㅡ
그동안,O
내가,O
정말,O
정신없이,O
달려왔구나,O
라는,O
생각이,O
들더라구요,O
ㅡㅡㅡ,ㅡㅡㅡ
열심히,O
사는,O
것도,O
중요하지만,O
열심히,O
쉬어주고,O
놀면서,O
릴렉스,O
해주는,O
것,O
또한,O
중요하다는,O
걸,O
또,O
한번,O
느꼈어요,O
ㅡㅡㅡ,ㅡㅡㅡ
이번,O
한주,O
도,O
정말,O
고생많으셨습니다,O
ㅡㅡㅡ,ㅡㅡㅡ
영상,O
재밌게,O
봐주세요,O
ㅡㅡㅡ,ㅡㅡㅡ
ㅡㅡㅡ,ㅡㅡㅡ
이번주,O
ㅡㅡㅡ,ㅡㅡㅡ
진주귀걸이,O
지하상가에서,O
1000원,O
주고,O
삼,O
ㅡㅡㅡ,ㅡㅡㅡ
네번째,O
새끼손가락,O
반지,O
오펜딩,O
ㅡㅡㅡ,ㅡㅡㅡ
목,O
걸이,O
더오브,O
ㅡㅡㅡ,ㅡㅡㅡ
월요일,O
ㅡㅡㅡ,ㅡㅡㅡ
탑,O
303,O
네이비,O
ㅡㅡㅡ,ㅡㅡㅡ
치마,O
볼륨,O
맥시스커트,O
ㅡㅡㅡ,ㅡㅡㅡ
신발,O
미닛마켓,O
ㅡㅡㅡ,ㅡㅡㅡ
가방,O
던스트,O
던스트,O
에서,O
제공받은,O
제품입니다,O
ㅡㅡㅡ,ㅡㅡㅡ
잠옷,O
오잇,O
ㅡㅡㅡ,ㅡㅡㅡ
화요일,O
ㅡㅡㅡ,ㅡㅡㅡ
탑,O
303,O
솜사탕,O
ㅡㅡㅡ,ㅡㅡㅡ
바지,O
던스트,O
턴업진,O
던스트,O
에서,O
제공받은,O
제품입니다,O
ㅡㅡㅡ,ㅡㅡㅡ
신발,O
컨버스,O
슬리퍼,O
ㅡㅡㅡ,ㅡㅡㅡ
가방,O
월요일,O
과,O
동일,O
ㅡㅡㅡ,ㅡㅡㅡ
이,O
영상은,O
유료광고를,O
포함하고,O
있습니다,O
넘버즈인,O
ㅡㅡㅡ,ㅡㅡㅡ
지금까지도,O
매일,O
사용하고,O
있는,O
토너와,O
크림,O
ㅡㅡㅡ,ㅡㅡㅡ
현재는,O
사용한지,O
34주차,O
자신있게,O
추천드릴수,O
있어요,O
ㅡㅡㅡ,ㅡㅡㅡ
ㅡㅡㅡ,ㅡㅡㅡ
수요일,O
ㅡㅡㅡ,ㅡㅡㅡ
잠옷,O
핑크우드,O
ㅡㅡㅡ,ㅡㅡㅡ
원피스,O
품명,O
몰라용,O
ㅡㅡㅡ,ㅡㅡㅡ
신발,O
ㅡㅡㅡ,ㅡㅡㅡ
가방,O
멀버리,B_TOR
ㅡㅡㅡ,ㅡㅡㅡ
목요일,O
ㅡㅡㅡ,ㅡㅡㅡ
탑,O
던스트,O
ㅡㅡㅡ,ㅡㅡㅡ
하의,O
알렌스커트,O
ㅡㅡㅡ,ㅡㅡㅡ
신발,O
화요일,O
과,O
동일,O
ㅡㅡㅡ,ㅡㅡㅡ
가방,O
월화,O
와,O
동일,O
ㅡㅡㅡ,ㅡㅡㅡ
금요일,O
ㅡㅡㅡ,ㅡㅡㅡ
잠깐,O
외출룩,O
위,O
아래,O
전부,O
던스트,O
요즘,O
던스트,O
에,O
푹,O
빠짐,O
ㅡㅡㅡ,ㅡㅡㅡ
대구,B_LOC
갈때,O
룩,O
ㅡㅡㅡ,ㅡㅡㅡ
탑,O
나이키,O
53698957,O
ㅡㅡㅡ,ㅡㅡㅡ
나이키,O
는,O
서울스토어,O
에서,O
사는게,O
훨씬,O
저렴해서,O
이곳에서,O
구매하고,O
있어요,O
ㅡㅡㅡ,ㅡㅡㅡ
5,O
친구,O
할인,O
코드를,O
받을,O
수,O
있어서,O
항상,O
이곳에,O
주문해요,O
ㅡㅡㅡ,ㅡㅡㅡ
슬랙스,O
뉴먼데이,O
미스티슬랙스,O
ㅡㅡㅡ,ㅡㅡㅡ
신발,O
월요일,O
과,O
동일,O
ㅡㅡㅡ,ㅡㅡㅡ
토요일,O
ㅡㅡㅡ,ㅡㅡㅡ
블라우스,O
뉴먼데이,O
피죤,O
블라우스,O
ㅡㅡㅡ,ㅡㅡㅡ
바지,O
뉴먼데이,O
니즈팬츠,O
ㅡㅡㅡ,ㅡㅡㅡ
일요일,O
ㅡㅡㅡ,ㅡㅡㅡ
ㅡㅡㅡ,ㅡㅡㅡ
오늘,O
도,O
영상,O
보러와주셔서,O
감사합니다,O
ㅡㅡㅡ,ㅡㅡㅡ
좋은,O
하,O
루,O
되세요,O
ㅡㅡㅡ,ㅡㅡㅡ
더보기를,O
누르시고,O
확인하시면,O
저희가,O
소개해,O
드린,O
장소의,O
주소와,O
홈페이지,O
및,O
여러분의,O
여행을,O
위한,O
다양한,O
정보를,O
올려,O
드렸으니,O
여행,O
계획을,O
만드시는데,O
도움이,O
되었으면,O
합니다,O
ㅡㅡㅡ,ㅡㅡㅡ
유가사,O
ㅡㅡㅡ,ㅡㅡㅡ
대구광역시,O
달성군,O
유가읍,O
유가사,B_TOR
길,O
161,O
ㅡㅡㅡ,ㅡㅡㅡ
161,O
ㅡㅡㅡ,ㅡㅡㅡ
ㅡㅡㅡ,ㅡㅡㅡ
비슬산자연휴양림,B_TOR
ㅡㅡㅡ,ㅡㅡㅡ
ㅡㅡㅡ,ㅡㅡㅡ
대구광역시,O
달성군,O
화원읍,O
성천로,O
5,O
ㅡㅡㅡ,ㅡㅡㅡ
5,O
ㅡㅡㅡ,ㅡㅡㅡ
1029,O
ㅡㅡㅡ,ㅡㅡㅡ
차량운행정보,O
ㅡㅡㅡ,ㅡㅡㅡ
ㅡㅡㅡ,ㅡㅡㅡ
대구광역시,O
달성군,O
화원읍,O
성천로,O
5,O
ㅡㅡㅡ,ㅡㅡㅡ
5,O
ㅡㅡㅡ,ㅡㅡㅡ
1039,O
ㅡㅡㅡ,ㅡㅡㅡ
대구시,O
ㅡㅡㅡ,ㅡㅡㅡ
ㅡㅡㅡ,ㅡㅡㅡ
경상북도,O
ㅡㅡㅡ,ㅡㅡㅡ
100,O
16,O
ㅡㅡㅡ,ㅡㅡㅡ
奇,O
享受大自然而不是去城市的,O
100,O
旅游景点,O
第16集,O
城市簧,O
ㅡㅡㅡ,ㅡㅡㅡ
16,O
ㅡㅡㅡ,ㅡㅡㅡ
100,O
16,O
ㅡㅡㅡ,ㅡㅡㅡ
100,O
16,O
ㅡㅡㅡ,ㅡㅡㅡ
100,O
16,O
ㅡㅡㅡ,ㅡㅡㅡ
100,O
16,O
ㅡㅡㅡ,ㅡㅡㅡ
16,O
ㅡㅡㅡ,ㅡㅡㅡ
16,O
ㅡㅡㅡ,ㅡㅡㅡ
100,O
16,O
ㅡㅡㅡ,ㅡㅡㅡ
100,O
16,O
ㅡㅡㅡ,ㅡㅡㅡ
100,O
16,O
ㅡㅡㅡ,ㅡㅡㅡ
韓,O
驚異,O
韓,O
都市自然一,O
韓,O
光名所,O
100選,O
16,O
韓,O
都市,O
春,O
ㅡㅡㅡ,ㅡㅡㅡ
대구,B_LOC
여행,O
비슬산,B_TOR
대견사,B_TOR
유가사,B_TOR
조화봉,B_TOR
천왕봉,O
참꽃,O
진달래,O
대구,B_LOC
의봄,O
철가방,O
여행배달,O
을,O
영상으로,O
만나,O
보시고,O
안전하고,O
즐거운,O
여행,O
계획,O
만들어,O
보세요,O
ㅡㅡㅡ,ㅡㅡㅡ
2,O
2,O
ㅡㅡㅡ,ㅡㅡㅡ
2,O
ㅡㅡㅡ,ㅡㅡㅡ
2,O
ㅡㅡㅡ,ㅡㅡㅡ
2,O
ㅡㅡㅡ,ㅡㅡㅡ
21,O
ㅡㅡㅡ,ㅡㅡㅡ
ㅡㅡㅡ,ㅡㅡㅡ
2,O
ㅡㅡㅡ,ㅡㅡㅡ
ㅡㅡㅡ,ㅡㅡㅡ
2020,O
2,O
ㅡㅡㅡ,ㅡㅡㅡ
외국인,O
을,O
위한,O
대구,B_LOC
자유여행,O
동영상,O
설명서,O
편,O
ㅡㅡㅡ,ㅡㅡㅡ
저희에게,O
익숙한,O
내용도,O
상세하게,O
설명되어,O
있으니,O
당황하지,O
마세요,O
ㅡㅡㅡ,ㅡㅡㅡ
2,O
ㅡㅡㅡ,ㅡㅡㅡ
대구,B_LOC
자유여행,O
2일차,O
2,O
ㅡㅡㅡ,ㅡㅡㅡ
시외버스,O
타러가기,O
ㅡㅡㅡ,ㅡㅡㅡ
동대구복합환승센터,O
ㅡㅡㅡ,ㅡㅡㅡ
경주시외버스터미널,O
ㅡㅡㅡ,ㅡㅡㅡ
대릉원,O
천마총,O
ㅡㅡㅡ,ㅡㅡㅡ
점심,O
식사,O
ㅡㅡㅡ,ㅡㅡㅡ
황리단길,O
ㅡㅡㅡ,ㅡㅡㅡ
첨성대,O
ㅡㅡㅡ,ㅡㅡㅡ
동궁과월지,O
ㅡㅡㅡ,ㅡㅡㅡ
경주국립박물관,O
ㅡㅡㅡ,ㅡㅡㅡ
교촌마을,O
ㅡㅡㅡ,ㅡㅡㅡ
대구,B_LOC
로,O
복귀,O
ㅡㅡㅡ,ㅡㅡㅡ
저녁,O
식사,O
ㅡㅡㅡ,ㅡㅡㅡ
쇼핑,O
ㅡㅡㅡ,ㅡㅡㅡ
여행,O
정보,O
ㅡㅡㅡ,ㅡㅡㅡ
경주국립박물관,O
교촌마을,O
도보,O
15분,O
소요,O
ㅡㅡㅡ,ㅡㅡㅡ
457,O
ㅡㅡㅡ,ㅡㅡㅡ
경주교리김밥,O
ㅡㅡㅡ,ㅡㅡㅡ
ㅡㅡㅡ,ㅡㅡㅡ
경주시외버스터미널,O
ㅡㅡㅡ,ㅡㅡㅡ
1185,O
ㅡㅡㅡ,ㅡㅡㅡ
촬영,O
장비,O
8,O
50,O
스노파,O
짐벌,O
ㅡㅡㅡ,ㅡㅡㅡ
제휴문의,O
01,O
ㅡㅡㅡ,ㅡㅡㅡ
초보자유여행러,O
라면,O
지금,O
바로,O
여행능력자,O
들,O
구독하기,O
ㅡㅡㅡ,ㅡㅡㅡ
여행능력자들,O
ㅡㅡㅡ,ㅡㅡㅡ
능력자,O
들의,O
모든,O
콘텐츠는,O
콘텐츠산업진흥법,O
에,O
따라,O
제작일,O
또는,O
그,O
갱신일로부터,O
5년간,O
보호되며,O
동의없는,O
무단,O
복제시,O
민형사상,O
처벌을,O
받게,O
됩니다,O
ㅡㅡㅡ,ㅡㅡㅡ
본,O
창작물은,O
2019년,O
대구영상미디어센터운영사업,O
1인미디어콘텐츠창작자발굴및육성지원프로그램,O
지원작,O
입니다,O
ㅡㅡㅡ,ㅡㅡㅡ
여행능력자,O
들,O
경주,O
여행,O
경주,O
가볼만한곳,O
ㅡㅡㅡ,ㅡㅡㅡ
핫플,O
대구,B_LOC
여행,O
43,O
ㅡㅡㅡ,ㅡㅡㅡ
대구,B_LOC
현지인,O
이,O
추천하는,O
대구,B_LOC
돼지갈비,O
맛집,O
ㅡㅡㅡ,ㅡㅡㅡ
그리고,O
근대역사관,B_TOR
건물을,O
배경으로,O
사진,O
찍는,O
곳으로,O
유명한,O
ㅡㅡㅡ,ㅡㅡㅡ
대구종로,O
카페,O
넌테이블,O
에서,O
식후,O
커피,O
한잔,O
크으,O
ㅡㅡㅡ,ㅡㅡㅡ
업체,O
정보,O
ㅡㅡㅡ,ㅡㅡㅡ
1,O
갈비은행,B_RES
ㅡㅡㅡ,ㅡㅡㅡ
4,O
ㅡㅡㅡ,ㅡㅡㅡ
점심시간,O
부터,O
고기,O
메뉴,O
판매,O
ㅡㅡㅡ,ㅡㅡㅡ
2,O
카페,O
넌테이블,O
ㅡㅡㅡ,ㅡㅡㅡ
7,O
ㅡㅡㅡ,ㅡㅡㅡ
평일,O
08002000,O
주말,O
11002000,O
ㅡㅡㅡ,ㅡㅡㅡ
ㅡㅡㅡ,ㅡㅡㅡ
구독하기,O
좋아요,O
알람설정,O
잊지마세요,O
ㅡㅡㅡ,ㅡㅡㅡ
매주,O
수요일,O
밤9시,O
베트남,O
방송,O
10,O
방송,O
ㅡㅡㅡ,ㅡㅡㅡ
방송,O
직후,O
여행능력자들,O
유튜브,O
에,O
업로드,O
ㅡㅡㅡ,ㅡㅡㅡ
ㅡㅡㅡ,ㅡㅡㅡ
ㅡㅡㅡ,ㅡㅡㅡ
43,O
ㅡㅡㅡ,ㅡㅡㅡ
ㅡㅡㅡ,ㅡㅡㅡ
ㅡㅡㅡ,ㅡㅡㅡ
ㅡㅡㅡ,ㅡㅡㅡ
ㅡㅡㅡ,ㅡㅡㅡ
ㅡㅡㅡ,ㅡㅡㅡ
1,O
ㅡㅡㅡ,ㅡㅡㅡ
5,O
ㅡㅡㅡ,ㅡㅡㅡ
2,O
ㅡㅡㅡ,ㅡㅡㅡ
367,O
ㅡㅡㅡ,ㅡㅡㅡ
08002000,O
11002000,O
ㅡㅡㅡ,ㅡㅡㅡ
ㅡㅡㅡ,ㅡㅡㅡ
2,O
ㅡㅡㅡ,ㅡㅡㅡ
ㅡㅡㅡ,ㅡㅡㅡ
ㅡㅡㅡ,ㅡㅡㅡ
ㅡㅡㅡ,ㅡㅡㅡ
ㅡㅡㅡ,ㅡㅡㅡ
ㅡㅡㅡ,ㅡㅡㅡ
41592176,O
ㅡㅡㅡ,ㅡㅡㅡ
ㅡㅡㅡ,ㅡㅡㅡ
ㅡㅡㅡ,ㅡㅡㅡ
ㅡㅡㅡ,ㅡㅡㅡ
주여행능력자,O
들의,O
모든,O
콘텐츠는,O
콘텐츠산업진흥법,O
에,O
따라,O
제작일,O
또는,O
그,O
갱신일로부터,O
5년간,O
보호되며,O
동의없는,O
무단,O
복제시,O
민형사상,O
처벌을,O
받게,O
됩니다,O
ㅡㅡㅡ,ㅡㅡㅡ
국내여행,O
대구,B_LOC
여행,O
대구,B_LOC
가볼만한곳,O
ㅡㅡㅡ,ㅡㅡㅡ
엄마,O
와,O
대구,B_LOC
힐링,O
여행,O
63,O
ㅡㅡㅡ,ㅡㅡㅡ
대구,B_LOC
여행,O
2일차,O
가,O
밝았어요,O
ㅡㅡㅡ,ㅡㅡㅡ
오늘,O
은,O
대구,B_LOC
도심에서,O
벗어나,O
근교인,O
팔공산,B_TOR
으로,O
갑니다,O
ㅡㅡㅡ,ㅡㅡㅡ
지금,O
갈,O
곳은,O
대구,B_LOC
옻골마을,B_TOR
가보실까요,O
ㅡㅡㅡ,ㅡㅡㅡ
정보,O
ㅡㅡㅡ,ㅡㅡㅡ
1,O
옻골마을,B_TOR
ㅡㅡㅡ,ㅡㅡㅡ
72,O
ㅡㅡㅡ,ㅡㅡㅡ
2,O
돌담집,O
옻골마을,B_TOR
안,O
식당,O
ㅡㅡㅡ,ㅡㅡㅡ
1,O
ㅡㅡㅡ,ㅡㅡㅡ
구독하기,O
좋아요,O
알람설정,O
잊지마세요,O
ㅡㅡㅡ,ㅡㅡㅡ
매주,O
수요일,O
밤9시,O
베트남,O
방송,O
10,O
방송,O
ㅡㅡㅡ,ㅡㅡㅡ
방송,O
직후,O
여행능력자들,O
유튜브,O
에,O
업로드,O
ㅡㅡㅡ,ㅡㅡㅡ
ㅡㅡㅡ,ㅡㅡㅡ
ㅡㅡㅡ,ㅡㅡㅡ
63,O
ㅡㅡㅡ,ㅡㅡㅡ
ㅡㅡㅡ,ㅡㅡㅡ
20,O
ㅡㅡㅡ,ㅡㅡㅡ
ㅡㅡㅡ,ㅡㅡㅡ
ㅡㅡㅡ,ㅡㅡㅡ
1,O
ㅡㅡㅡ,ㅡㅡㅡ
48,O
ㅡㅡㅡ,ㅡㅡㅡ
2,O
ㅡㅡㅡ,ㅡㅡㅡ
3765,O
ㅡㅡㅡ,ㅡㅡㅡ
2,O
ㅡㅡㅡ,ㅡㅡㅡ
ㅡㅡㅡ,ㅡㅡㅡ
ㅡㅡㅡ,ㅡㅡㅡ
ㅡㅡㅡ,ㅡㅡㅡ
ㅡㅡㅡ,ㅡㅡㅡ
ㅡㅡㅡ,ㅡㅡㅡ
41592176,O
ㅡㅡㅡ,ㅡㅡㅡ
ㅡㅡㅡ,ㅡㅡㅡ
ㅡㅡㅡ,ㅡㅡㅡ
ㅡㅡㅡ,ㅡㅡㅡ
주여행능력자,O
들의,O
모든,O
콘텐츠는,O
콘텐츠산업진흥법,O
에,O
따라,O
제작일,O
또는,O
그,O
갱신일로부터,O
5년간,O
보호되며,O
동의없는,O
무단,O
복제시,O
민형사상,O
처벌을,O
받게,O
됩니다,O
ㅡㅡㅡ,ㅡㅡㅡ
국내여행,O
대구,B_LOC
여행,O
대구,B_LOC
가볼만한곳,O
ㅡㅡㅡ,ㅡㅡㅡ
엄마,O
와,O
대구,B_LOC
힐링,O
여행,O
0503,O
ㅡㅡㅡ,ㅡㅡㅡ
한적한,O
수성못,B_TOR
을,O
따라,O
산책할,O
시간,O
ㅡㅡㅡ,ㅡㅡㅡ
여기,O
대구,B_LOC
데이트,O
장소로,O
유명해요,O
속닥속닥,O
ㅡㅡㅡ,ㅡㅡㅡ
정보,O
ㅡㅡㅡ,ㅡㅡㅡ
58,O
ㅡㅡㅡ,ㅡㅡㅡ
구독하기,O
좋아요,O
알람설정,O
잊지마세요,O
ㅡㅡㅡ,ㅡㅡㅡ
매주,O
수요일,O
밤9시,O
베트남,O
방송,O
10,O
방송,O
ㅡㅡㅡ,ㅡㅡㅡ
방송,O
직후,O
여행능력자들,O
유튜브,O
에,O
업로드,O
ㅡㅡㅡ,ㅡㅡㅡ
ㅡㅡㅡ,ㅡㅡㅡ
ㅡㅡㅡ,ㅡㅡㅡ
53,O
ㅡㅡㅡ,ㅡㅡㅡ
700,O
218000㎡,O
ㅡㅡㅡ,ㅡㅡㅡ
2020,O
ㅡㅡㅡ,ㅡㅡㅡ
ㅡㅡㅡ,ㅡㅡㅡ
ㅡㅡㅡ,ㅡㅡㅡ
ㅡㅡㅡ,ㅡㅡㅡ
ㅡㅡㅡ,ㅡㅡㅡ
69,O
ㅡㅡㅡ,ㅡㅡㅡ
1,O
ㅡㅡㅡ,ㅡㅡㅡ
91,O
ㅡㅡㅡ,ㅡㅡㅡ
ㅡㅡㅡ,ㅡㅡㅡ
ㅡㅡㅡ,ㅡㅡㅡ
ㅡㅡㅡ,ㅡㅡㅡ
ㅡㅡㅡ,ㅡㅡㅡ
41592176,O
ㅡㅡㅡ,ㅡㅡㅡ
ㅡㅡㅡ,ㅡㅡㅡ
ㅡㅡㅡ,ㅡㅡㅡ
ㅡㅡㅡ,ㅡㅡㅡ
주여행능력자,O
들의,O
모든,O
콘텐츠는,O
콘텐츠산업진흥법,O
에,O
따라,O
제작일,O
또는,O
그,O
갱신일로부터,O
5년간,O
보호되며,O
동의없는,O
무단,O
복제시,O
민형사상,O
처벌을,O
받게,O
됩니다,O
ㅡㅡㅡ,ㅡㅡㅡ
국내여행,O
대구,B_LOC
여행,O
대구,B_LOC
가볼만한곳,O
ㅡㅡㅡ,ㅡㅡㅡ
미국,O
에서,O
코로나19,O
로,O
인한,O
첫,O
사망자,O
가,O
나온,O
가운데,O
미,O
당국이,O
대구,B_LOC
지역에,O
대한,O
여행,O
경보를,O
최고,O
단계인,O
금지로,O
격상했습니다,O
입국,O
금지,O
대상,O
국가에,O
이란,O
을,O
추가했지만,O
한국,O
발,O
입국,O
금지,O
조치는,O
내려지지,O
않았습니다,O
ㅡㅡㅡ,ㅡㅡㅡ
워싱턴,O
에서,O
손석민,O
특파원,O
입니다,O
ㅡㅡㅡ,ㅡㅡㅡ
원문,O
기사,O
더보기,O
ㅡㅡㅡ,ㅡㅡㅡ
1005674597,O
ㅡㅡㅡ,ㅡㅡㅡ
코로나19,O
비상,O
기사,O
더보기,O
ㅡㅡㅡ,ㅡㅡㅡ
10000050973,O
ㅡㅡㅡ,ㅡㅡㅡ
뉴스,O
에스비에스뉴스,O
코로나19,O
비상,O
ㅡㅡㅡ,ㅡㅡㅡ
뉴스,O
채널,O
구독하기,O
ㅡㅡㅡ,ㅡㅡㅡ
뉴스,O
라이브,O
ㅡㅡㅡ,ㅡㅡㅡ
뉴스,O
제보하기,O
ㅡㅡㅡ,ㅡㅡㅡ
홈페이지,O
ㅡㅡㅡ,ㅡㅡㅡ
애플리케이션,O
뉴스,O
앱,O
설치하고,O
제보,O
ㅡㅡㅡ,ㅡㅡㅡ
카카오톡,O
뉴스,O
와,O
친구,O
맺고,O
채팅,O
ㅡㅡㅡ,ㅡㅡㅡ
페이스북,O
뉴스,O
메시지,O
전송,O
8,O
ㅡㅡㅡ,ㅡㅡㅡ
이메일,O
8,O
ㅡㅡㅡ,ㅡㅡㅡ
문자,O
6000,O
ㅡㅡㅡ,ㅡㅡㅡ
전화,O
0221136000,O
ㅡㅡㅡ,ㅡㅡㅡ
홈페이지,O
ㅡㅡㅡ,ㅡㅡㅡ
페이스북,O
8,O
ㅡㅡㅡ,ㅡㅡㅡ
트위터,O
8,O
ㅡㅡㅡ,ㅡㅡㅡ
카카오톡,O
ㅡㅡㅡ,ㅡㅡㅡ
인스타그램,O
ㅡㅡㅡ,ㅡㅡㅡ
오늘,O
도,O
봐주셔서,O
감사합니다,O
ㅡㅡㅡ,ㅡㅡㅡ
ㅡㅡㅡ,ㅡㅡㅡ
ㅡㅡㅡ,ㅡㅡㅡ
ㅡㅡㅡ,ㅡㅡㅡ
ㅡㅡㅡ,ㅡㅡㅡ
ㅡㅡㅡ,ㅡㅡㅡ
ㅡㅡㅡ,ㅡㅡㅡ
ㅡㅡㅡ,ㅡㅡㅡ
ㅡㅡㅡ,ㅡㅡㅡ
ㅡㅡㅡ,ㅡㅡㅡ
보실때,O
자막이,O
불편하신,O
분들은,O
ㅡㅡㅡ,ㅡㅡㅡ
영상,O
설정에서,O
자막사용안함,O
설정해주세요,O
ㅡㅡㅡ,ㅡㅡㅡ
ㅡㅡㅡ,ㅡㅡㅡ
ㅡㅡㅡ,ㅡㅡㅡ
1992313,O
ㅡㅡㅡ,ㅡㅡㅡ
ㅡㅡㅡ,ㅡㅡㅡ
ㅡㅡㅡ,ㅡㅡㅡ
1992313,O
ㅡㅡㅡ,ㅡㅡㅡ
채널구독,O
16,O
ㅡㅡㅡ,ㅡㅡㅡ
시니,O
인스타그램,O
ㅡㅡㅡ,ㅡㅡㅡ
시니,O
카카오,O
2684701,O
ㅡㅡㅡ,ㅡㅡㅡ
여러분,O
안녕하세요,O
ㅡㅡㅡ,ㅡㅡㅡ
포항,O
먹방,O
여행,O
1편,O
입니다,O
스쿱,O
언니,O
네,O
놀러갈겸,O
놀러갔는데,O
ㅡㅡㅡ,ㅡㅡㅡ
정말,O
재미있게,O
잘,O
놀다왔었어요,O
ㅡㅡㅡ,ㅡㅡㅡ
바로,O
확인해보세요,O
ㅡㅡㅡ,ㅡㅡㅡ
제,O
영상,O
봐주셔서,O
감사합니다,O
ㅡㅡㅡ,ㅡㅡㅡ
시니,O
에게,O
선물,O
보내는,O
주소,O
ㅡㅡㅡ,ㅡㅡㅡ
서울시,O
마포구,O
서교동,O
39591,O
우신빌딩,O
4층,O
ㅡㅡㅡ,ㅡㅡㅡ
우,O
121840,O
다이아티비스튜디오,O
ㅡㅡㅡ,ㅡㅡㅡ
시니,O
의,O
또,O
다른,O
재미있는,O
컨텐츠,O
ㅡㅡㅡ,ㅡㅡㅡ
각,O
나라별,O
제품,O
구매,O
후기,O
ㅡㅡㅡ,ㅡㅡㅡ
노오븐,O
베이킹부터,O
디저트,O
까지,O
18,O
ㅡㅡㅡ,ㅡㅡㅡ
시니,O
의,O
먹방,O
리뷰,O
5,O
ㅡㅡㅡ,ㅡㅡㅡ
너,O
이거,O
사봤니,O
시니,O
의,O
구매후기,O
ㅡㅡㅡ,ㅡㅡㅡ
ㅡㅡㅡ,ㅡㅡㅡ
ㅡㅡㅡ,ㅡㅡㅡ
본,O
영상은,O
무단,O
공개,O
또는,O
배포를,O
엄격히,O
금지합니다,O
ㅡㅡㅡ,ㅡㅡㅡ
ㅡㅡㅡ,ㅡㅡㅡ
본,O
영상은,O
유료광고가,O
포함,O
되어,O
있지,O
않습니다,O
ㅡㅡㅡ,ㅡㅡㅡ
혼자,O
하는,O
대구,B_LOC
여행,O
24,O
ㅡㅡㅡ,ㅡㅡㅡ
를,O
평정한,O
대구,B_LOC
핫플레이스,O
트룰리베이커,O
ㅡㅡㅡ,ㅡㅡㅡ
취향에,O
따라,O
베이글,O
과,O
크림치즈,O
를,O
원하는,O
조합으로,O
먹을,O
수,O
있어요,O
ㅡㅡㅡ,ㅡㅡㅡ
인생샷,O
찍으시려면,O
꼭,O
레인보우베이글,O
로,O
드이소,O
ㅋㅋ,O
ㅡㅡㅡ,ㅡㅡㅡ
업체정보,O
ㅡㅡㅡ,ㅡㅡㅡ
2,O
ㅡㅡㅡ,ㅡㅡㅡ
11302000,O
매주,O
화요일,O
휴무,O
ㅡㅡㅡ,ㅡㅡㅡ
ㅡㅡㅡ,ㅡㅡㅡ
구독하기,O
좋아요,O
알람설정,O
잊지마세요,O
ㅡㅡㅡ,ㅡㅡㅡ
매주,O
수요일,O
밤9시,O
베트남,O
방송,O
10,O
방송,O
ㅡㅡㅡ,ㅡㅡㅡ
방송,O
직후,O
여행능력자들,O
유튜브,O
에,O
업로드,O
ㅡㅡㅡ,ㅡㅡㅡ
ㅡㅡㅡ,ㅡㅡㅡ
ㅡㅡㅡ,ㅡㅡㅡ
24,O
ㅡㅡㅡ,ㅡㅡㅡ
ㅡㅡㅡ,ㅡㅡㅡ
ㅡㅡㅡ,ㅡㅡㅡ
ㅡㅡㅡ,ㅡㅡㅡ
21,O
ㅡㅡㅡ,ㅡㅡㅡ
11302000,O
ㅡㅡㅡ,ㅡㅡㅡ
ㅡㅡㅡ,ㅡㅡㅡ
2,O
ㅡㅡㅡ,ㅡㅡㅡ
ㅡㅡㅡ,ㅡㅡㅡ
ㅡㅡㅡ,ㅡㅡㅡ
ㅡㅡㅡ,ㅡㅡㅡ
ㅡㅡㅡ,ㅡㅡㅡ
ㅡㅡㅡ,ㅡㅡㅡ
41592176,O
ㅡㅡㅡ,ㅡㅡㅡ
ㅡㅡㅡ,ㅡㅡㅡ
ㅡㅡㅡ,ㅡㅡㅡ
ㅡㅡㅡ,ㅡㅡㅡ
주여행능력자,O
들의,O
모든,O
콘텐츠는,O
콘텐츠산업진흥법,O
에,O
따라,O
제작일,O
또는,O
그,O
갱신일로부터,O
5년간,O
보호되며,O
동의없는,O
무단,O
복제시,O
민형사상,O
처벌을,O
받게,O
됩니다,O
ㅡㅡㅡ,ㅡㅡㅡ
국내여행,O
대구,B_LOC
여행,O
대구,B_LOC
가볼만한곳,O
ㅡㅡㅡ,ㅡㅡㅡ
대구배롱나무,O
하목정,B_TOR
8월,O
대구,B_LOC
여행,O
경북,O
여행,O
ㅡㅡㅡ,ㅡㅡㅡ
대한민국,O
대구시,O
에,O
있는,O
하목정,B_TOR
의,O
배롱나무,O
와,O
육신사가로수길,O
의,O
배롱나무,O
를,O
담은,O
영상입니다,O
ㅡㅡㅡ,ㅡㅡㅡ
성주,O
맥문동,O
에서,O
20분,O
거리에,O
있어,O
성주,O
맥문동,O
과,O
연계하여,O
여행을,O
하시면,O
정말로,O
좋은,O
곳입니다,O
ㅡㅡㅡ,ㅡㅡㅡ
촬영장비,O
6,O
24704,O
14304,O
ㅡㅡㅡ,ㅡㅡㅡ
편집,O
2020,O
ㅡㅡㅡ,ㅡㅡㅡ
음악,O
ㅡㅡㅡ,ㅡㅡㅡ
잠깐,O
일이,O
있어서,O
대구,B_LOC
에,O
3박,O
하고,O
왔어요,O
ㅡㅡㅡ,ㅡㅡㅡ
대구,B_LOC
에,O
엄청,O
맛있는,O
가게,O
많더라구요,O
ㅡㅡㅡ,ㅡㅡㅡ
좋은,O
카페도,O
많고요,O
다음에,O
한번,O
더,O
여행으로,O
가고,O
싶어요,O
ㅡㅡㅡ,ㅡㅡㅡ
이번,O
영상은,O
뭔가,O
먹는,O
영상만,O
올리는,O
것,O
같네요,O
ㅡㅡㅡ,ㅡㅡㅡ
다음엔,O
더,O
열심히,O
찍어올릴게요,O
ㅡㅡㅡ,ㅡㅡㅡ
ㅡㅡㅡ,ㅡㅡㅡ
ㅡㅡㅡ,ㅡㅡㅡ
ㅡㅡㅡ,ㅡㅡㅡ
ㅡㅡㅡ,ㅡㅡㅡ
122,O
ㅡㅡㅡ,ㅡㅡㅡ
ㅡㅡㅡ,ㅡㅡㅡ
대구,B_LOC
먹방여행,O
1탄,O
양반후반,O
옛날치킨,O
과,O
우동불고기,O
냠냠,O
ㅡㅡㅡ,ㅡㅡㅡ
노리에요,O
ㅡㅡㅡ,ㅡㅡㅡ
오늘,O
은,O
대구,B_LOC
먹방여행,O
1탄,O
영상으로,O
인사드려요,O
ㅡㅡㅡ,ㅡㅡㅡ
대구,B_LOC
하면,O
역시,O
치킨,O
이죠,O
대구,B_LOC
에,O
많은,O
치킨집통닭집이,O
있는데,O
그,O
중,O
원주통닭,O
을,O
다녀왔어요,O
그,O
밖에도,O
북성로,O
우동불고기,O
와,O
글로브박스,B_RES
까지,O
오늘,O
영상도,O
맛있게,O
시청해주세요,O
ㅡㅡㅡ,ㅡㅡㅡ
안농,O
ㅡㅡㅡ,ㅡㅡㅡ
먹방,O
대구,B_LOC
여행,O
ㅡㅡㅡ,ㅡㅡㅡ
구독자,O
여러분,O
안녕하세요,O
ㅡㅡㅡ,ㅡㅡㅡ
영상,O
자주,O
올리려고,O
노력하고,O
있어요,O
지난주,O
에,O
대구,B_LOC
와,O
구미,O
여행갔는데,O
오랜만에,O
만난,O
친구,O
들과,O
좋은,O
시간,O
보내서,O
그런지,O
새로운,O
곳에서,O
모험을,O
해서,O
그런지,O
편집하는것도,O
더,O
재밌었어요,O
ㅎㅎㅎ,O
ㅡㅡㅡ,ㅡㅡㅡ
친구,O
들이랑,O
맛집이랑,O
카페도,O
많이,O
가봤고,O
구미,O
에서,O
금오산,O
올라가서,O
동굴까지,O
가봤어요,O
ㅡㅡㅡ,ㅡㅡㅡ
잘,O
봐주시길,O
바랍니다,O
ㅡㅡㅡ,ㅡㅡㅡ
ㅡㅡㅡ,ㅡㅡㅡ
ㅡㅡㅡ,ㅡㅡㅡ
ㅡㅡㅡ,ㅡㅡㅡ
88,O
ㅡㅡㅡ,ㅡㅡㅡ
ㅡㅡㅡ,ㅡㅡㅡ
ㅡㅡㅡ,ㅡㅡㅡ
ㅡㅡㅡ,ㅡㅡㅡ
ㅡㅡㅡ,ㅡㅡㅡ
ㅡㅡㅡ,ㅡㅡㅡ
5,O
ㅡㅡㅡ,ㅡㅡㅡ
ㅡㅡㅡ,ㅡㅡㅡ
한국,O
여자,O
에이미,O
와,O
프랑스,O
남자,O
로만,O
의,O
대구,B_LOC
여행기,O
1탄,O
ㅡㅡㅡ,ㅡㅡㅡ
앞산,O
전망대,O
ㅡㅡㅡ,ㅡㅡㅡ
제가,O
대구,B_LOC
에,O
온지,O
5달정도,O
되어가는데요,O
ㅡㅡㅡ,ㅡㅡㅡ
앞산전망대,B_TOR
를,O
그,O
동안,O
세번째,O
와요,O
로만,O
을,O
꼭,O
데려오고,O
싶었던,O
곳,O
중,O
하나,O
인데,O
ㅡㅡㅡ,ㅡㅡㅡ
격리,O
끝나고,O
올라서,O
그런지,O
이날,O
따라,O
체력이,O
저질이었어요,O
ㅜㅜ,O
ㅡㅡㅡ,ㅡㅡㅡ
출발지점,O
안지랑골사무소,O
고령돼지촌식당,O
ㅡㅡㅡ,ㅡㅡㅡ
출발지점부터,O
앞산전망대까지,O
3040분정도,O
걸립니당,O
ㅡㅡㅡ,ㅡㅡㅡ
국립대구박물관,B_TOR
은,O
대구광역시,O
수성구,O
청호로,O
321,O
에,O
위치하고,O
있다,O
ㅡㅡㅡ,ㅡㅡㅡ
국립대구박물관,B_TOR
은,O
대구,B_LOC
와,O
경상북도,O
의,O
문화유산을,O
보존,O
연구,O
전시,O
교육하는,O
문화시설로,O
ㅡㅡㅡ,ㅡㅡㅡ
1994년,O
문을,O
열었다,O
ㅡㅡㅡ,ㅡㅡㅡ
2006년,O
에는,O
본관의,O
남북,O
쪽,O
에,O
각각,O
수장고와,O
박물관,O
교육,O
시설인,O
해솔관,O
을,O
증축하였다,O
ㅡㅡㅡ,ㅡㅡㅡ
2010년,O
에는,O
상설전시실을,O
고대문화실,O
중세문화실로,O
개편하고,O
복식문화실을,O
신설하였다,O
ㅡㅡㅡ,ㅡㅡㅡ
202073202082일까지,O
는,O
기획전시실에서,O
조선역병에맞,O
서다라는,O
전시를,O
한다,O
ㅡㅡㅡ,ㅡㅡㅡ
조선시대,O
사람들은,O
전염병,O
의,O
공포에,O
어떻게,O
대응해,O
나갔는지를,O
조명해,O
코로나19,O
로,O
혼란을,O
겪고,O
있는,O
ㅡㅡㅡ,ㅡㅡㅡ
현재,O
작은,O
희망의,O
메시지를,O
전달하기,O
위해,O
마련했다고,O
한다,O
ㅡㅡㅡ,ㅡㅡㅡ
우리나라에는,O
모두,O
14개,O
의,O
국립박물관,O
있다,O
ㅡㅡㅡ,ㅡㅡㅡ
국립중앙박물관,O
65,O
ㅡㅡㅡ,ㅡㅡㅡ
국립경주박물관,O
0,O
ㅡㅡㅡ,ㅡㅡㅡ
국립전주박물관,O
25,O
ㅡㅡㅡ,ㅡㅡㅡ
국립부여박물관,O
ㅡㅡㅡ,ㅡㅡㅡ
국립진주박물관,O
90,O
ㅡㅡㅡ,ㅡㅡㅡ
국립춘천박물관,O
2,O
ㅡㅡㅡ,ㅡㅡㅡ
국립익산박물관,O
ㅡㅡㅡ,ㅡㅡㅡ
국립대구박물관,B_TOR
0,O
ㅡㅡㅡ,ㅡㅡㅡ
국립공주박물관,O
5,O
ㅡㅡㅡ,ㅡㅡㅡ
국립청주박물관,O
5,O
ㅡㅡㅡ,ㅡㅡㅡ
국립나주박물관,O
799,O
ㅡㅡㅡ,ㅡㅡㅡ
국립중앙박물관,O
국립춘천박물관,O
국립공주박물관,O
국립청주박물관,O
국립부여박물관,O
국립익산박물관,O
ㅡㅡㅡ,ㅡㅡㅡ
국립나주박물관,O
국립대구박물관,B_TOR
국립경주박물관,O
국립전주박물관,O
국립광주박물관,O
국립진주박물관,O
국립김해박물관,O
국립제주박물관,O
ㅡㅡㅡ,ㅡㅡㅡ
안녕하세요,O
무니,O
입니다,O
ㅡㅡㅡ,ㅡㅡㅡ
영상이,O
많이,O
늦어졌네요,O
흑흑,O
ㅡㅡㅡ,ㅡㅡㅡ
꿀같던,O
한국,O
여행이,O
끝나고,O
다시,O
도쿄,O
로,O
돌아왔어요,O
ㅡㅡㅡ,ㅡㅡㅡ
오랜만에,O
만난,O
가족,O
들과,O
한국,O
친구,O
들과,O
함께,O
재밌는,O
시간을,O
보낸,O
대구,B_LOC
일상,O
영상입니다,O
ㅡㅡㅡ,ㅡㅡㅡ
재밌게,O
시청해주세요,O
ㅎㅎ,O
ㅡㅡㅡ,ㅡㅡㅡ
음악정보,O
918,O
ㅡㅡㅡ,ㅡㅡㅡ
오른쪽,O
상단,O
점,O
3개,O
를,O
눌러,O
화질을,O
1080,O
으로,O
설정해,O
주세요,O
ㅡㅡㅡ,ㅡㅡㅡ
이,O
영상은,O
스웨덴,O
뷰티브랜드,O
포레오,O
와,O
함께,O
합니다,O
ㅡㅡㅡ,ㅡㅡㅡ
포레오,O
사이트,O
구경가기,O
ㅡㅡㅡ,ㅡㅡㅡ
ㅡㅡㅡ,ㅡㅡㅡ
성수동,O
에,O
위치한,O
호텔포코,O
의,O
인스타그램,O
서포터즈,O
가,O
되었어요,O
태어나서,O
처음으로,O
성수동,O
가봤는데,O
왜,O
다들,O
감성,O
찾으러,O
여기,O
오는지,O
알겠어요,O
갬성,O
없는,O
거리가,O
없더군뇽,O
난포,O
에서,O
먹은,O
묵은지말이,O
는,O
아직도,O
생각나구용ㅊ에서,O
먹은,O
달고나,O
는,O
사오길,O
잘했다고,O
백만번,O
칭찬,O
중이에요ㅎㅎㅎ,O
ㅡㅡㅡ,ㅡㅡㅡ
역시,O
서울,O
은,O
즐거운,O
도시,O
ㅡㅡㅡ,ㅡㅡㅡ
다들,O
중간고사,O
팟탱하시고,O
항상,O
건강건강건강,O
ㅡㅡㅡ,ㅡㅡㅡ
그럼,O
다음,O
영상에서,O
만나요,O
ㅡㅡㅡ,ㅡㅡㅡ
ㅡㅡㅡ,ㅡㅡㅡ
00,O
요,O
짝대기,O
2개,O
ㅡㅡㅡ,ㅡㅡㅡ
ㅡㅡㅡ,ㅡㅡㅡ
ㅡㅡㅡ,ㅡㅡㅡ
20300868,O
ㅡㅡㅡ,ㅡㅡㅡ
ㅡㅡㅡ,ㅡㅡㅡ
ㅡㅡㅡ,ㅡㅡㅡ
7,O
ㅡㅡㅡ,ㅡㅡㅡ
ㅡㅡㅡ,ㅡㅡㅡ
ㅡㅡㅡ,ㅡㅡㅡ
7,O
ㅡㅡㅡ,ㅡㅡㅡ
ㅡㅡㅡ,ㅡㅡㅡ
2020,O
ㅡㅡㅡ,ㅡㅡㅡ
대학생,O
일상브이로그,O
중간고사,O
포레오,O
사과,O
떡볶이,O
성수동,O
서울,O
오브젝트,O
포레오,O
홈케어,O
홈스파,O
마스크팩,O
뷰티디바이스,O
스킨케어,O
중간고사,O
일상브이로그,O
잔잔한브이로그,O
ㅡㅡㅡ,ㅡㅡㅡ
화질은,O
제일,O
높게,O
설정해주세요,O
ㅡㅡㅡ,ㅡㅡㅡ
비러뷰,O
ㅡㅡㅡ,ㅡㅡㅡ
ㅡㅡㅡ,ㅡㅡㅡ
안녕하세요,O
여러분,O
비러뷰,O
입니다,O
ㅡㅡㅡ,ㅡㅡㅡ
올림픽,O
으로,O
전,O
국민,O
이,O
즐거웠던,O
8월,O
이,O
지나고,O
있네요,O
ㅡㅡㅡ,ㅡㅡㅡ
오늘,O
여자,O
배구,O
의,O
길고긴,O
여정이,O
끝났는데요,O
ㅡㅡㅡ,ㅡㅡㅡ
올림픽,O
기간이라,O
그런가,O
ㅡㅡㅡ,ㅡㅡㅡ
저희도,O
일상에서,O
뭔가,O
승부욕이,O
들끌었던것,O
같아요,O
ㅡㅡㅡ,ㅡㅡㅡ
오늘,O
브이로그는,O
오빠,O
랑,O
일상적인,O
데이트한걸,O
보여드렸는데요,O
ㅡㅡㅡ,ㅡㅡㅡ
어떠셨나요,O
다른,O
커플,O
들과,O
다름없이,O
똑같죠,O
ㅎㅎ,O
ㅡㅡㅡ,ㅡㅡㅡ
함께,O
살아도,O
나가는걸,O
좋아하는,O
우리랍니다,O
ㅡㅡㅡ,ㅡㅡㅡ
앞으로도,O
이렇게,O
조금씩,O
자주,O
올려보려고,O
합니다,O
ㅡㅡㅡ,ㅡㅡㅡ
부담없이,O
편하게,O
시청해주세요,O
ㅡㅡㅡ,ㅡㅡㅡ
구독과,O
좋아요,O
한번씩,O
부탁드릴게요,O
ㅡㅡㅡ,ㅡㅡㅡ
감사합니다,O
ㅡㅡㅡ,ㅡㅡㅡ
궁금하신점이,O
있거나,O
오타,O
난,O
부분은,O
댓글,O
부탁드려요,O
ㅡㅡㅡ,ㅡㅡㅡ
그리고,O
소통,O
많이,O
해요,O
우리,O
ㅡㅡㅡ,ㅡㅡㅡ
ㅡㅡㅡ,ㅡㅡㅡ
ㅡㅡㅡ,ㅡㅡㅡ
ㅡㅡㅡ,ㅡㅡㅡ
ㅡㅡㅡ,ㅡㅡㅡ
ㅡㅡㅡ,ㅡㅡㅡ
ㅡㅡㅡ,ㅡㅡㅡ
ㅡㅡㅡ,ㅡㅡㅡ
ㅡㅡㅡ,ㅡㅡㅡ
ㅡㅡㅡ,ㅡㅡㅡ
ㅡㅡㅡ,ㅡㅡㅡ
ㅡㅡㅡ,ㅡㅡㅡ
ㅡㅡㅡ,ㅡㅡㅡ
ㅡㅡㅡ,ㅡㅡㅡ
ㅡㅡㅡ,ㅡㅡㅡ
ㅡㅡㅡ,ㅡㅡㅡ
오타부분,O
330,O
지앞판,O
지압판,O
ㅡㅡㅡ,ㅡㅡㅡ
커플브이로그,O
포항,O
데이트,O
바,O
다드라이브,O
제주,O
오겹살,O
카페투어,O
빵맛집,O
포항,O
송도,O
영일대,O
동해안,O
ㅡㅡㅡ,ㅡㅡㅡ
