﻿word,ner
안녕하세요,O
오늘,O
은,O
대구,B_LOC
중고명품,O
동성로,O
본점,O
고이비토,O
방문했어요,O
ㅡㅡㅡ,ㅡㅡㅡ
안녕하세요,O
오늘,O
은,O
대구,B_LOC
중고명품,O
동성로,O
본점,O
고이비토,O
방문했어요,O
ㅡㅡㅡ,ㅡㅡㅡ
고이비토,O
는,O
중고,O
명품의류를,O
현금으로,O
판매할,O
수,O
있는,O
곳이랍니다,O
ㅡㅡㅡ,ㅡㅡㅡ
고이비토강남본점,O
부산센텀,O
본점,O
동대문,O
점,O
대구동성로,O
본점,O
ㅡㅡㅡ,ㅡㅡㅡ
인천,O
점,O
대전,O
본점,O
모두,O
1개,O
층이,O
중고,O
명품,O
의류로,O
전시가,O
되어,O
있어요,O
ㅡㅡㅡ,ㅡㅡㅡ
대구,B_LOC
에는,O
동성로,O
본점신세,O
계점황금점,O
이렇게,O
있어요,O
ㅡㅡㅡ,ㅡㅡㅡ
대구,B_LOC
에는,O
동성로,O
본점신세,O
계점황금점,O
이렇게,O
있어요,O
ㅡㅡㅡ,ㅡㅡㅡ
대구,B_LOC
에는,O
동성로,O
본점신세,O
계점황금점,O
이렇게,O
있어요,O
ㅡㅡㅡ,ㅡㅡㅡ
동성로,O
본점,O
이용시,O
동아아울렛,O
맞은,O
편,O
유료주차장을,O
이용할,O
수,O
있어요,O
ㅡㅡㅡ,ㅡㅡㅡ
전국,O
27개,O
의,O
매장,O
직영매장,O
13개,O
랍니다,O
ㅡㅡㅡ,ㅡㅡㅡ
밖에서도,O
고이비토,O
제품과,O
가격을,O
볼,O
수,O
있답니다,O
ㅡㅡㅡ,ㅡㅡㅡ
밖에서,O
구경하는,O
재미도,O
있는,O
고이비토대구동성로본점,O
이랍니다,O
ㅡㅡㅡ,ㅡㅡㅡ
영업시간은,O
월토,O
오전11시부터오후8시까지,O
에요,O
ㅡㅡㅡ,ㅡㅡㅡ
공휴일과,O
일요일,O
은,O
오후1시부터오후8시까지,O
연중무휴,O
ㅡㅡㅡ,ㅡㅡㅡ
많은,O
방송에서도,O
소개가,O
되어진,O
대구,B_LOC
중고명품,O
매장이랍니다,O
ㅡㅡㅡ,ㅡㅡㅡ
1층,O
에서는,O
명품시계가방지갑을,O
볼,O
수,O
있어요,O
ㅡㅡㅡ,ㅡㅡㅡ
실제로,O
시계도,O
직접,O
착용도,O
가능하답니다,O
ㅡㅡㅡ,ㅡㅡㅡ
1층,O
에서부터,O
명품시계가방지갑,O
모두,O
구경했어요,O
ㅡㅡㅡ,ㅡㅡㅡ
반지도,O
예쁜게,O
많이,O
있더라고요,O
ㅡㅡㅡ,ㅡㅡㅡ
마음에,O
드는,O
시계를,O
착용도,O
직접,O
해보았어요,O
ㅡㅡㅡ,ㅡㅡㅡ
상품,O
퀄리티가,O
정말,O
좋더라고요,O
ㅡㅡㅡ,ㅡㅡㅡ
지갑도,O
다양한,O
제품이,O
많이,O
있었어요,O
ㅡㅡㅡ,ㅡㅡㅡ
중고,O
명품매입,O
고이비토대구동성로본점,O
다양한,O
제품이,O
한가득,O
ㅡㅡㅡ,ㅡㅡㅡ
1층,O
을,O
모두,O
구경한,O
뒤에,O
2층,O
으로,O
올라가봤어요,O
ㅡㅡㅡ,ㅡㅡㅡ
2층,O
에는,O
보시다시피,O
명품가방과,O
잡화,O
제품이,O
있답니다,O
ㅡㅡㅡ,ㅡㅡㅡ
마음에,O
드는,O
가방도,O
직접,O
착샷,O
가능하답니다,O
ㅡㅡㅡ,ㅡㅡㅡ
백화점,O
가격이랑,O
고이비토,O
에서,O
구매하는,O
가격을,O
한눈에,O
비교가능해요,O
ㅡㅡㅡ,ㅡㅡㅡ
마음에,O
드는,O
가방을,O
직접,O
다,O
들어볼,O
수,O
있어서,O
좋았어요,O
ㅡㅡㅡ,ㅡㅡㅡ
유료광고포함,O
ㅡㅡㅡ,ㅡㅡㅡ
2층,O
에도,O
정말,O
다양한,O
명품가방을,O
만나,O
볼,O
수,O
있었답니다,O
ㅡㅡㅡ,ㅡㅡㅡ
직접,O
만져보고,O
들어볼,O
수,O
있어서,O
좋아요,O
ㅡㅡㅡ,ㅡㅡㅡ
중고명품매입,O
하는,O
곳이라,O
이렇게,O
감정도,O
해주신답니다,O
ㅡㅡㅡ,ㅡㅡㅡ
명품매입을,O
위해,O
상담도,O
직접,O
받아보았어요,O
ㅡㅡㅡ,ㅡㅡㅡ
가격비교를,O
하면서,O
감정을,O
받을,O
수,O
있답니다,O
ㅡㅡㅡ,ㅡㅡㅡ
다음은,O
3층,O
으로,O
이동을,O
해보았어요,O
ㅡㅡㅡ,ㅡㅡㅡ
3층,O
은,O
명품가방과,O
구두,O
제품이,O
있답니다,O
ㅡㅡㅡ,ㅡㅡㅡ
1층부터,O
다양한,O
브랜드의,O
다양한,O
제품을,O
만나볼,O
수,O
있어요,O
ㅡㅡㅡ,ㅡㅡㅡ
마지막,O
4층,O
으로,O
올라가는길,O
ㅡㅡㅡ,ㅡㅡㅡ
4층,O
에서는,O
명품의류와,O
구두,O
신발을,O
볼,O
수,O
있었어요,O
ㅡㅡㅡ,ㅡㅡㅡ
대구,B_LOC
중고명품,O
샵,O
답게,O
1층,O
부터,O
4층,O
까지,O
층별로,O
여러가지,O
제품이,O
있어요,O
ㅡㅡㅡ,ㅡㅡㅡ
명품의류도,O
예쁜게,O
정말,O
많았답니다,O
ㅡㅡㅡ,ㅡㅡㅡ
저는,O
특히,O
이,O
원피스,O
가,O
너무,O
마음에,O
들었네요,O
ㅎㅎ,O
ㅡㅡㅡ,ㅡㅡㅡ
상품의퀄리티가,O
좋았던,O
대구,B_LOC
중고명품매입,O
고이비토대구동성로본점,O
ㅡㅡㅡ,ㅡㅡㅡ
층별로,O
다양한,O
제품을,O
만나볼,O
수,O
있는,O
중고명품매입,O
매장이랍니다,O
ㅡㅡㅡ,ㅡㅡㅡ
유료광고포함,O
ㅡㅡㅡ,ㅡㅡㅡ
안녕하세요,O
한국,O
의,O
아름다움과,O
문화유산을,O
찾아,O
떠나고,O
있는,O
김영수,O
입니다,O
ㅡㅡㅡ,ㅡㅡㅡ
오늘,O
은,O
8월,O
대구,B_LOC
에,O
배롱나무,O
를,O
감상하기,O
위해서,O
하목정,B_TOR
과,O
육신사가로수길,O
을,O
찾았습니다,O
ㅡㅡㅡ,ㅡㅡㅡ
화목정,B_TOR
과,O
육신사가로수길,O
은,O
8월,O
맥문동,O
으로,O
너무도,O
유명한,O
성주,O
성밖숲,O
맥문동숲길,O
에서,O
ㅡㅡㅡ,ㅡㅡㅡ
자동차,O
로,O
20분,O
거리에,O
있기,O
때문에,O
성주,O
성밖숲,O
맥문동,O
을,O
감상,O
하시고,O
나서,O
ㅡㅡㅡ,ㅡㅡㅡ
이곳으로,O
이동,O
하셔서,O
배롱나무,O
를,O
감상하시면,O
너무도,O
좋은,O
곳입니다,O
ㅡㅡㅡ,ㅡㅡㅡ
하목정,B_TOR
은,O
나포이정문,O
이,O
1604년경,O
에,O
건립한,O
정자형,O
별당,O
건물입니다,O
ㅡㅡㅡ,ㅡㅡㅡ
건립,O
당시에는,O
여러,O
채의,O
건물이,O
있었지만,O
현재는,O
하목,O
정,O
안채,O
사당,O
이렇게,O
세채,O
의,O
건물이,O
남아,O
있습니다,O
ㅡㅡㅡ,ㅡㅡㅡ
여기는,O
다른,O
문화재,O
고택과는,O
틀리게,O
사당을,O
개방하기,O
때문에,O
ㅡㅡㅡ,ㅡㅡㅡ
여름,O
에,O
배롱나무,O
가,O
필때면,O
사당의,O
아름다운,O
배롱나무,O
를,O
감상하실,O
수가,O
있습니다,O
ㅡㅡㅡ,ㅡㅡㅡ
먼저,O
하목정,B_TOR
의,O
배롱나무,O
를,O
감상하신,O
다음,O
육신사가로수길,O
을,O
감상하도록,O
하겠습니다,O
ㅡㅡㅡ,ㅡㅡㅡ
ㅡㅡㅡ,ㅡㅡㅡ
ㅡㅡㅡ,ㅡㅡㅡ
ㅡㅡㅡ,ㅡㅡㅡ
ㅡㅡㅡ,ㅡㅡㅡ
ㅡㅡㅡ,ㅡㅡㅡ
ㅡㅡㅡ,ㅡㅡㅡ
ㅡㅡㅡ,ㅡㅡㅡ
ㅡㅡㅡ,ㅡㅡㅡ
ㅡㅡㅡ,ㅡㅡㅡ
ㅡㅡㅡ,ㅡㅡㅡ
ㅡㅡㅡ,ㅡㅡㅡ
ㅡㅡㅡ,ㅡㅡㅡ
ㅡㅡㅡ,ㅡㅡㅡ
ㅡㅡㅡ,ㅡㅡㅡ
ㅡㅡㅡ,ㅡㅡㅡ
ㅡㅡㅡ,ㅡㅡㅡ
ㅡㅡㅡ,ㅡㅡㅡ
ㅡㅡㅡ,ㅡㅡㅡ
ㅡㅡㅡ,ㅡㅡㅡ
하목정,B_TOR
의,O
아름다운,O
배롱나무꽃,O
을,O
잘,O
감상,O
하셨죠,O
ㅡㅡㅡ,ㅡㅡㅡ
그럼,O
지금부터는,O
하목정,B_TOR
에서,O
5분,O
거리에,O
있는,O
육신사가로수길,O
에,O
있는,O
배롱나무,O
를,O
감상해보도록하겠습니다,O
ㅡㅡㅡ,ㅡㅡㅡ
여기,O
육신사는,O
조선세조,O
때,O
단종,O
복위를,O
꾀하다가,O
죽은,O
사육신의,O
위패를,O
모셔놓은,O
곳입니다,O
ㅡㅡㅡ,ㅡㅡㅡ
육신사내에도,O
배롱나무,O
가,O
있지만,O
ㅡㅡㅡ,ㅡㅡㅡ
여기는,O
육신사,O
보다는,O
지금,O
보시는,O
거와,O
같이,O
육신사,O
들어가는,O
가로수길,O
의,O
배롱나무,O
가,O
너무도,O
아름다운,O
곳입니다,O
ㅡㅡㅡ,ㅡㅡㅡ
여기,O
길이는,O
300,O
에서,O
500정도,O
되고요,O
8월말,O
이면,O
빨간,O
꽃이,O
도로에,O
떨어지기때문에,O
멋진,O
장관을,O
연출해,O
내는,O
곳입니다,O
ㅡㅡㅡ,ㅡㅡㅡ
ㅡㅡㅡ,ㅡㅡㅡ
ㅡㅡㅡ,ㅡㅡㅡ
ㅡㅡㅡ,ㅡㅡㅡ
구독과,O
좋아요는,O
다음,O
여행에,O
큰,O
이,O
됩니다,O
ㅡㅡㅡ,ㅡㅡㅡ
오늘,O
조주기능사,O
시험,O
치러,O
집에,O
가야되서,O
공항에,O
차,O
를,O
세워두고,O
갈,O
겁니다,O
ㅡㅡㅡ,ㅡㅡㅡ
지금공항에서,O
아빠,O
선물을,O
사려고,O
면세점에,O
가려고요,O
ㅡㅡㅡ,ㅡㅡㅡ
흑,O
비행기,O
에서,O
조주기능사,O
실기,O
정리한,O
거,O
봤는데,O
넘나,O
어려운,O
것,O
ㅡㅡㅡ,ㅡㅡㅡ
아빠,O
담배,O
랑,O
양주,O
사왔어,O
ㅡㅡㅡ,ㅡㅡㅡ
동생,O
티셔츠,O
도,O
사왔어요,O
ㅡㅡㅡ,ㅡㅡㅡ
제가,O
엄마,O
가게,O
음식중,O
제일,O
좋아하는,O
불계치,O
ㅡㅡㅡ,ㅡㅡㅡ
친구,O
생일이라,O
스타벅스,O
기프트카드,O
를,O
샀어요,O
ㅡㅡㅡ,ㅡㅡㅡ
지금,O
엄마,O
랑,O
사전투표하러,O
와서,O
지금,O
하고나왔어요,O
ㅡㅡㅡ,ㅡㅡㅡ
시험,O
치러가는,O
길이라,O
너무,O
떨려서,O
제대로,O
못찍었네요ㅠㅠ,O
ㅡㅡㅡ,ㅡㅡㅡ
이제,O
시험이,O
다,O
끝났어요,O
ㅠㅠ,O
ㅡㅡㅡ,ㅡㅡㅡ
화장실에서,O
옷을,O
갈아입고,O
이제,O
나갈,O
겁니다,O
ㅡㅡㅡ,ㅡㅡㅡ
오늘,O
은,O
친구,O
생일,O
이기도,O
하고,O
수성호텔,O
에,O
놀러왔어요,O
ㅡㅡㅡ,ㅡㅡㅡ
이번에,O
인피니티,O
풀도,O
생겼다고,O
하길래,O
와봤어요,O
ㅡㅡㅡ,ㅡㅡㅡ
화장실도,O
진짜,O
깨끗해서,O
좋더라구요,O
ㅎㅎ,O
ㅡㅡㅡ,ㅡㅡㅡ
수성못,B_TOR
이,O
보여서,O
너무,O
좋더라구요,O
ㅠㅠ,O
ㅡㅡㅡ,ㅡㅡㅡ
이제,O
수영복,O
으로,O
갈아입고,O
수영,O
하러,O
가볼게요,O
ㅡㅡㅡ,ㅡㅡㅡ
여기가,O
다,O
온천수라서,O
진짜,O
따뜻해요,O
ㅡㅡㅡ,ㅡㅡㅡ
배고파서,O
맥주,O
랑,O
짬뽕,O
시켰어요,O
ㅡㅡㅡ,ㅡㅡㅡ
배고파서,O
호텔,O
뷔페에,O
갔어요,O
ㅡㅡㅡ,ㅡㅡㅡ
제가,O
좋아하는게,O
많아서,O
좋았어요,O
ㅡㅡㅡ,ㅡㅡㅡ
간장새우,O
최고야ㅠㅠ,O
ㅡㅡㅡ,ㅡㅡㅡ
풍경도,O
너무,O
예쁘고,O
맛도,O
최고였어요ㅠㅠ,O
ㅡㅡㅡ,ㅡㅡㅡ
잔짜,O
싱싱하고,O
맛있었어요,O
최고,O
ㅡㅡㅡ,ㅡㅡㅡ
자영,O
아,O
생일축하해,O
헤헤,O
ㅡㅡㅡ,ㅡㅡㅡ
제가,O
진짜,O
좋아하는,O
마카롱,O
도,O
있더라고요ㅠㅠ꺄아,O
ㅡㅡㅡ,ㅡㅡㅡ
밥,O
다,O
먹고,O
다시,O
인피니티,O
풀로,O
헤헤,O
ㅡㅡㅡ,ㅡㅡㅡ
야경이,O
진짜,O
너무,O
예뻤어요,O
ㅠㅠ,O
ㅡㅡㅡ,ㅡㅡㅡ
실제로,O
보면,O
정말,O
예쁜데ㅠㅠ,O
ㅡㅡㅡ,ㅡㅡㅡ
실내,O
수영장도,O
있어서,O
왔어요,O
너무,O
좋다,O
눈,O
ㅠㅠ,O
ㅡㅡㅡ,ㅡㅡㅡ
저녁,O
먹고,O
또,O
물놀이를,O
하러,O
갔어요,O
헤헤,O
ㅡㅡㅡ,ㅡㅡㅡ
친구,O
남자친구,O
가,O
군대를,O
가서,O
친구,O
한테,O
전화가,O
왔어요,O
ㅋㅋㅋ,O
ㅡㅡㅡ,ㅡㅡㅡ
친구,O
생일이라,O
몰래,O
생일파티를,O
해줬는데,O
친구,O
가,O
울었어요,O
킄ㅋㅋㅋ,O
ㅡㅡㅡ,ㅡㅡㅡ
이제,O
준비를,O
마치고,O
밥,O
을,O
먹으러,O
갈,O
겁니다,O
ㅡㅡㅡ,ㅡㅡㅡ
친구,O
한테,O
선물,O
주려고,O
했는데,O
끝까지,O
안봐서,O
그냥,O
줬어요,O
ㅡㅡㅡ,ㅡㅡㅡ
오랜만에,O
백화점에,O
아이쇼핑,O
하러,O
왔어요,O
ㅡㅡㅡ,ㅡㅡㅡ
제가,O
화장품,O
파우치를,O
이제,O
진짜,O
바꿀,O
때가,O
된,O
거,O
같아서,O
ㅡㅡㅡ,ㅡㅡㅡ
프라다,O
파우치를,O
샀습니다,O
ㅡㅡㅡ,ㅡㅡㅡ
간장,O
새우장,O
을,O
만들어봤어요,O
ㅡㅡㅡ,ㅡㅡㅡ
소금,O
식초,O
물에,O
넣으면,O
비린내를,O
확실하게,O
잡을,O
수,O
있어요,O
ㅡㅡㅡ,ㅡㅡㅡ
새우,O
내장,O
을,O
제거해줘요,O
ㅡㅡㅡ,ㅡㅡㅡ
간장양념장,O
을,O
만들어줄게요,O
ㅡㅡㅡ,ㅡㅡㅡ
간장새우덮밥,O
을,O
만들어,O
먹으려고요,O
ㅡㅡㅡ,ㅡㅡㅡ
진짜,O
너무,O
귀엽지,O
않나요,O
ㅠㅠ,O
ㅡㅡㅡ,ㅡㅡㅡ
오늘,O
도,O
봐주셔서,O
감사합니다,O
ㅡㅡㅡ,ㅡㅡㅡ
좋은,O
아침,O
입니다,O
수성구,O
투어,O
2일째,O
시작,O
ㅡㅡㅡ,ㅡㅡㅡ
사야짱,O
은,O
어제,O
는,O
잘잤어요,O
ㅡㅡㅡ,ㅡㅡㅡ
어제,O
는,O
진짜로,O
꿀잠,O
잤어요,O
ㅎㅎㅎ,O
ㅡㅡㅡ,ㅡㅡㅡ
다행이다,O
ㅡㅡㅡ,ㅡㅡㅡ
그럼,O
언니,O
오늘,O
도,O
잘,O
부탁드립니다,O
ㅡㅡㅡ,ㅡㅡㅡ
오늘,O
은,O
우선,O
산에,O
있는,O
절에,O
가려고,O
합니다,O
ㅡㅡㅡ,ㅡㅡㅡ
삼림욕도,O
같이,O
할,O
수,O
있어요,O
ㅡㅡㅡ,ㅡㅡㅡ
오늘,O
은,O
점프로,O
가볼까요,O
ㅡㅡㅡ,ㅡㅡㅡ
도착했습니다,O
ㅡㅡㅡ,ㅡㅡㅡ
지금,O
우리가,O
도착한,O
곳은,O
청계사,B_TOR
입구에,O
있는,O
대덕산,B_TOR
이라는,O
산이에요,O
ㅡㅡㅡ,ㅡㅡㅡ
뒤를,O
봐줘,O
ㅡㅡㅡ,ㅡㅡㅡ
여기는,O
내관지라는,O
곳이고,O
ㅡㅡㅡ,ㅡㅡㅡ
실은,O
여기,O
주변은,O
다,O
벚나무,O
입니다,O
ㅡㅡㅡ,ㅡㅡㅡ
여기서,O
청계사,B_TOR
까지는,O
30분정도,O
걸어서,O
갈,O
수,O
있어요,O
ㅡㅡㅡ,ㅡㅡㅡ
30분,O
ㅡㅡㅡ,ㅡㅡㅡ
가벼운,O
등산같은,O
느낌으로,O
갑시다,O
ㅡㅡㅡ,ㅡㅡㅡ
텐션이,O
낮은,O
예,O
ㅡㅡㅡ,ㅡㅡㅡ
아침,O
이라서,O
이,O
없어보일,O
수,O
도,O
있는데,O
ㅡㅡㅡ,ㅡㅡㅡ
호텔,O
뷔페를,O
배,O
부르게,O
먹고,O
온,O
우리는,O
ㅡㅡㅡ,ㅡㅡㅡ
이,O
아침,O
산책이,O
너무,O
좋고,O
고마웠어요,O
ㅡㅡㅡ,ㅡㅡㅡ
하아,O
공기가,O
맛있어요,O
ㅡㅡㅡ,ㅡㅡㅡ
아침,O
산책,O
좋다,O
ㅡㅡㅡ,ㅡㅡㅡ
앞에,O
계시는,O
언니,O
랑,O
눈,O
이,O
맞아서,O
부끄러움,O
ㅡㅡㅡ,ㅡㅡㅡ
바로,O
언니,O
가,O
한국,O
에서는,O
공기가,O
맛있다는,O
표현은,O
안,O
쓰는걸,O
알려줬어요,O
ㅡㅡㅡ,ㅡㅡㅡ
일본어,O
랑,O
한국어,O
는,O
비슷한,O
표현도,O
많는데,O
ㅡㅡㅡ,ㅡㅡㅡ
이런,O
부분은,O
다르니까,O
신기하네요,O
ㅎㅎㅎ,O
ㅡㅡㅡ,ㅡㅡㅡ
이제,O
곧,O
도착합니다,O
ㅡㅡㅡ,ㅡㅡㅡ
내요,O
ㅡㅡㅡ,ㅡㅡㅡ
네,O
ㅡㅡㅡ,ㅡㅡㅡ
벌써,O
이,O
없잖아,O
ㅋㅋㅋ,O
ㅡㅡㅡ,ㅡㅡㅡ
많이,O
올라왔네요,O
ㅡㅡㅡ,ㅡㅡㅡ
20분정도,O
인가요,O
ㅡㅡㅡ,ㅡㅡㅡ
근데,O
이제,O
도착해,O
보이지,O
ㅡㅡㅡ,ㅡㅡㅡ
절이,O
보이기,O
시작했어요,O
소리도,O
들리네요,O
ㅡㅡㅡ,ㅡㅡㅡ
조금만,O
더,O
내자,O
ㅡㅡㅡ,ㅡㅡㅡ
청계사,B_TOR
에,O
도착,O
ㅡㅡㅡ,ㅡㅡㅡ
하루,O
를,O
함께해서,O
사이가,O
깊어진,O
두사람,O
ㅡㅡㅡ,ㅡㅡㅡ
이,O
절은,O
실은,O
그렇게,O
역사가,O
길지,O
않아요,O
ㅡㅡㅡ,ㅡㅡㅡ
약90년전,O
에,O
만들었대요,O
ㅡㅡㅡ,ㅡㅡㅡ
찾아봐도,O
정보가,O
많이,O
안,O
나왔어요,O
ㅡㅡㅡ,ㅡㅡㅡ
대구,B_LOC
분들도,O
모르는,O
곳인거,O
같아요,O
ㅡㅡㅡ,ㅡㅡㅡ
지금은,O
코로나,O
때문에,O
안,O
하고,O
있었지만,O
ㅡㅡㅡ,ㅡㅡㅡ
이,O
절에서는,O
스님,O
이,O
만들어주시는,O
차,O
를,O
마실,O
수,O
있는,O
공간이,O
있어요,O
ㅡㅡㅡ,ㅡㅡㅡ
한국,O
에서는,O
이런,O
기계가,O
여기저기,O
있어요,O
ㅡㅡㅡ,ㅡㅡㅡ
우리는,O
지금,O
점심,O
을,O
먹으러,O
왔는데,O
ㅡㅡㅡ,ㅡㅡㅡ
여기는,O
어떤,O
가게예요,O
ㅡㅡㅡ,ㅡㅡㅡ
네,O
여기는,O
청아람,O
이라는,O
가게고,O
ㅡㅡㅡ,ㅡㅡㅡ
오너,O
분이,O
약선,O
을,O
공부하신,O
분이고,O
ㅡㅡㅡ,ㅡㅡㅡ
가정,O
요리,O
같이,O
나오는데,O
약선을,O
수렴해서,O
건강하게,O
먹을수,O
있어요,O
ㅡㅡㅡ,ㅡㅡㅡ
식재료에도,O
신경을,O
쓰고,O
있어요,O
ㅡㅡㅡ,ㅡㅡㅡ
너무,O
몸,O
에,O
좋아요,O
ㅡㅡㅡ,ㅡㅡㅡ
우와,O
기대,O
되네요,O
ㅡㅡㅡ,ㅡㅡㅡ
특히,O
오늘,O
은,O
전복밥,O
이,O
나와요,O
ㅡㅡㅡ,ㅡㅡㅡ
반짝이는,O
눈빛,O
ㅡㅡㅡ,ㅡㅡㅡ
사치예요,O
ㅡㅡㅡ,ㅡㅡㅡ
어떡해,O
ㅡㅡㅡ,ㅡㅡㅡ
전복,O
은,O
다이어트에도,O
좋고,O
몸,O
에도,O
좋으니까,O
ㅡㅡㅡ,ㅡㅡㅡ
많이,O
많이,O
먹어요,O
ㅡㅡㅡ,ㅡㅡㅡ
잘,O
먹겠습니다,O
ㅡㅡㅡ,ㅡㅡㅡ
사실은,O
대구,B_LOC
가,O
국내에서,O
연근,O
은,O
제일,O
많이,O
만드는,O
도시래요,O
ㅡㅡㅡ,ㅡㅡㅡ
맛있당,O
ㅡㅡㅡ,ㅡㅡㅡ
조금,O
맵네,O
ㅡㅡㅡ,ㅡㅡㅡ
매콤달콤해,O
ㅡㅡㅡ,ㅡㅡㅡ
진지하게,O
연근,O
을,O
먹는,O
사야짱,O
ㅡㅡㅡ,ㅡㅡㅡ
여기밖에,O
없는,O
가지,O
요리래요,O
ㅡㅡㅡ,ㅡㅡㅡ
이게,O
제일,O
마음에,O
들었던,O
반찬이었는데,O
ㅡㅡㅡ,ㅡㅡㅡ
둘,O
이,O
다,O
표정,O
표현이,O
진짜,O
못하네요,O
ㅡㅡㅡ,ㅡㅡㅡ
못,O
전했던거,O
같은데,O
진짜,O
맛있었어요,O
ㅡㅡㅡ,ㅡㅡㅡ
아직,O
식사중이지만,O
먼저,O
마지막,O
인사부터,O
촬영,O
편하게,O
먹고,O
싶어서,O
ㅡㅡㅡ,ㅡㅡㅡ
열심히,O
연기중,O
ㅡㅡㅡ,ㅡㅡㅡ
서로,O
연기가,O
너무,O
못해서,O
웃어버렸어요,O
ㅡㅡㅡ,ㅡㅡㅡ
식후에는,O
범어대성당,B_TOR
을,O
산책,O
ㅡㅡㅡ,ㅡㅡㅡ
새롭고,O
멋진,O
성당이었어요,O
ㅡㅡㅡ,ㅡㅡㅡ
1층,O
에는,O
카페가,O
ㅡㅡㅡ,ㅡㅡㅡ
우리는,O
일본,O
분이,O
하는,O
빵집에,O
ㅡㅡㅡ,ㅡㅡㅡ
일본식,O
메론빵,O
이랑,O
소금빵,O
을,O
샀어요,O
ㅡㅡㅡ,ㅡㅡㅡ
어때,O
맛있어,O
ㅡㅡㅡ,ㅡㅡㅡ
빵,O
이,O
너무쫄깃쫄깃해요,O
ㅡㅡㅡ,ㅡㅡㅡ
밖은,O
바삭바삭하고,O
안은,O
쫄깃쫄깃해요,O
ㅡㅡㅡ,ㅡㅡㅡ
그리운,O
맛이에요,O
ㅡㅡㅡ,ㅡㅡㅡ
한국,O
에서는,O
처음으로,O
소금빵,O
을,O
먹어요,O
ㅡㅡㅡ,ㅡㅡㅡ
일본,O
에서는,O
유행했는데,O
한국,O
에서는,O
소금빵,O
을,O
많이,O
못보네요,O
ㅡㅡㅡ,ㅡㅡㅡ
이걸,O
먹고,O
다음은,O
꽃차,O
를,O
마시러,O
갑니다,O
ㅡㅡㅡ,ㅡㅡㅡ
하아,O
배,O
불러,O
ㅡㅡㅡ,ㅡㅡㅡ
독특한,O
등장,O
방법,O
ㅡㅡㅡ,ㅡㅡㅡ
밥,O
도,O
먹고,O
빵,O
도,O
먹고,O
많이,O
먹었네요,O
ㅡㅡㅡ,ㅡㅡㅡ
순선,O
언니,O
여기는,O
뭐하는곳이에요,O
ㅡㅡㅡ,ㅡㅡㅡ
뒤에,O
조금,O
보이는데,O
ㅡㅡㅡ,ㅡㅡㅡ
라고,O
쓰고,O
있네요,O
ㅡㅡㅡ,ㅡㅡㅡ
꽃차랑이라는,O
곳인데,O
이게,O
보이나요,O
ㅡㅡㅡ,ㅡㅡㅡ
이게,O
꽃,O
의차,O
입니다,O
ㅡㅡㅡ,ㅡㅡㅡ
여기,O
선생님,O
이,O
산이나,O
자연이,O
깨끗한,O
곳에,O
가고,O
꽃을,O
뽑아오고,O
ㅡㅡㅡ,ㅡㅡㅡ
그걸,O
마르고,O
차,O
를,O
만들고,O
마셔요,O
ㅡㅡㅡ,ㅡㅡㅡ
그리고,O
차,O
를,O
만들어,O
볼,O
수,O
있어요,O
ㅡㅡㅡ,ㅡㅡㅡ
그런,O
곳이에요,O
ㅡㅡㅡ,ㅡㅡㅡ
오늘,O
은,O
꽃차,O
를,O
마셔보고,O
ㅡㅡㅡ,ㅡㅡㅡ
꽃,O
으로,O
만드는,O
티백을,O
만들어,O
보도록,O
하겠습니다,O
ㅡㅡㅡ,ㅡㅡㅡ
열심히,O
할게요,O
ㅡㅡㅡ,ㅡㅡㅡ
장난기,O
있고,O
귀여운,O
선생님,O
ㅡㅡㅡ,ㅡㅡㅡ
이번에는,O
국화차,O
를,O
마셔요,O
ㅡㅡㅡ,ㅡㅡㅡ
씨익,O
ㅡㅡㅡ,ㅡㅡㅡ
더,O
쓴,O
맛이라고,O
생각했는데,O
ㅡㅡㅡ,ㅡㅡㅡ
생각보다,O
쓰지,O
않고,O
먹기,O
쉽네여,O
ㅡㅡㅡ,ㅡㅡㅡ
저도,O
집에서,O
자주,O
마셔요,O
국화차,O
ㅡㅡㅡ,ㅡㅡㅡ
다음은,O
여러,O
꽃이,O
차,O
가,O
되는,O
과정을,O
봐요,O
ㅡㅡㅡ,ㅡㅡㅡ
꽃,O
색이,O
이렇게,O
선명하게,O
보이는지,O
생각을,O
못했어요,O
ㅡㅡㅡ,ㅡㅡㅡ
너무,O
예뻤어요,O
ㅡㅡㅡ,ㅡㅡㅡ
시음타임,O
ㅡㅡㅡ,ㅡㅡㅡ
에,O
달콤해,O
ㅡㅡㅡ,ㅡㅡㅡ
그것도,O
이것도,O
달콤해,O
ㅡㅡㅡ,ㅡㅡㅡ
또,O
이,O
꽃차,O
를,O
써서,O
에이드,O
를,O
만들어,O
주셨는데,O
ㅡㅡㅡ,ㅡㅡㅡ
그,O
과정,O
하나,O
하나,O
가,O
세심하고,O
예뻐서,O
힐링,O
됐어요,O
ㅡㅡㅡ,ㅡㅡㅡ
건베,O
ㅡㅡㅡ,ㅡㅡㅡ
키야,O
ㅡㅡㅡ,ㅡㅡㅡ
설명을,O
진지하게,O
드는,O
사야짱,O
ㅡㅡㅡ,ㅡㅡㅡ
꽃차에이도,O
에,O
눈,O
이,O
가는,O
레이짱,O
ㅡㅡㅡ,ㅡㅡㅡ
마시고,O
ㅡㅡㅡ,ㅡㅡㅡ
키야,O
ㅡㅡㅡ,ㅡㅡㅡ
마시고,O
ㅡㅡㅡ,ㅡㅡㅡ
또,O
마신다,O
ㅡㅡㅡ,ㅡㅡㅡ
키야,O
ㅡㅡㅡ,ㅡㅡㅡ
다음은,O
티백,O
만들기,O
ㅡㅡㅡ,ㅡㅡㅡ
티백,O
완성,O
됐습니다,O
ㅡㅡㅡ,ㅡㅡㅡ
포장도,O
너무,O
예뻐요,O
ㅡㅡㅡ,ㅡㅡㅡ
집에서,O
천천히,O
마시려고요,O
ㅎㅎ,O
ㅡㅡㅡ,ㅡㅡㅡ
우리는,O
지금,O
수성못,B_TOR
에,O
도착했습니다,O
ㅡㅡㅡ,ㅡㅡㅡ
지금부터,O
오리배,O
에,O
타러,O
가요,O
ㅡㅡㅡ,ㅡㅡㅡ
체력,O
자신이,O
있어요,O
ㅡㅡㅡ,ㅡㅡㅡ
체력,O
자신,O
있어요,O
ㅡㅡㅡ,ㅡㅡㅡ
사야짱,O
의,O
실력을,O
보고,O
오려고,O
합니다,O
ㅡㅡㅡ,ㅡㅡㅡ
다녀오세요,O
ㅡㅡㅡ,ㅡㅡㅡ
일단,O
노래를,O
시켜봤다,O
ㅡㅡㅡ,ㅡㅡㅡ
중간에,O
부끄러워지는,O
사야짱,O
ㅡㅡㅡ,ㅡㅡㅡ
사아,O
에,O
노래,O
있습니다,O
ㅡㅡㅡ,ㅡㅡㅡ
피곤해서,O
말이,O
없어진,O
두사람,O
ㅡㅡㅡ,ㅡㅡㅡ
근데,O
언니,O
는,O
ㅡㅡㅡ,ㅡㅡㅡ
재미있게,O
승바,O
광고를,O
보고,O
있었다고,O
헙나다,O
ㅡㅡㅡ,ㅡㅡㅡ
마지막은,O
역시,O
노래로,O
ㅡㅡㅡ,ㅡㅡㅡ
예전,O
영상에서도,O
소개한,O
카페,O
편에,O
왔어요,O
ㅡㅡㅡ,ㅡㅡㅡ
천국의,O
계단에서,O
인생샷을,O
찍을,O
수,O
있어요,O
ㅡㅡㅡ,ㅡㅡㅡ
자세한,O
내용은,O
이,O
영상으로,O
ㅡㅡㅡ,ㅡㅡㅡ
이걸로,O
이틀간,O
의,O
투어가,O
끝났는데,O
레이짱,O
어땠어요,O
ㅡㅡㅡ,ㅡㅡㅡ
너무,O
좋았어요,O
ㅡㅡㅡ,ㅡㅡㅡ
한국,O
이거저거,O
가봤는데,O
투어를,O
이용하는건,O
처음이었어요,O
ㅡㅡㅡ,ㅡㅡㅡ
역시,O
그,O
곳을,O
잘,O
아는,O
분이랑,O
같이,O
다니면,O
그,O
곳에,O
대한,O
이해가,O
깊어진다고,O
느꼈어요,O
ㅡㅡㅡ,ㅡㅡㅡ
언니,O
진짜로,O
감사합니다,O
ㅡㅡㅡ,ㅡㅡㅡ
사야짱,O
은,O
어땠어요,O
ㅡㅡㅡ,ㅡㅡㅡ
이번에,O
건강하고,O
맛있는,O
걸,O
많이,O
먹을,O
수,O
있었고,O
ㅡㅡㅡ,ㅡㅡㅡ
다양한,O
체험도,O
할,O
수,O
있어서,O
ㅡㅡㅡ,ㅡㅡㅡ
정말로,O
충실한,O
투어였어요,O
ㅡㅡㅡ,ㅡㅡㅡ
여러분,O
수성구,O
에는,O
매력이,O
많은,O
곳이,O
많이,O
있기,O
때문에,O
ㅡㅡㅡ,ㅡㅡㅡ
꼭,O
와보세요,O
ㅡㅡㅡ,ㅡㅡㅡ
저도,O
귀여운,O
둘,O
이랑,O
같이,O
있으면,O
나이가,O
많아,O
보일거,O
같아서,O
걱정을,O
했지만,O
ㅡㅡㅡ,ㅡㅡㅡ
같이,O
즐거운,O
이틀,O
을,O
보낼,O
수,O
있어서,O
ㅡㅡㅡ,ㅡㅡㅡ
진짜로,O
재미있었어요,O
ㅡㅡㅡ,ㅡㅡㅡ
그럼,O
마지막으로,O
레이짱,O
구독,O
좋아요,O
알람설정,O
ㅡㅡㅡ,ㅡㅡㅡ
잘,O
부탁드립니다,O
ㅡㅡㅡ,ㅡㅡㅡ
마지막까지,O
봐주셔서,O
감사합니다,O
ㅡㅡㅡ,ㅡㅡㅡ
맥콜,O
천원,O
식혜,O
도,O
천원,O
저,O
사이다,O
는,O
천오백원,O
ㅡㅡㅡ,ㅡㅡㅡ
아,O
잔돈교,O
환기,O
라도,O
있으면,O
만원짜리,O
도,O
있고,O
오만원짜리,O
도,O
있는데,O
너무한거,O
아니요,O
ㅡㅡㅡ,ㅡㅡㅡ
ㅡㅡㅡ,ㅡㅡㅡ
안녕하세요,O
자덕,O
부부,O
입니다,O
저희는,O
지금,O
대구,B_LOC
에,O
나와있습니다,O
ㅡㅡㅡ,ㅡㅡㅡ
새벽4시부터,O
정말,O
부랴부랴,O
준비를,O
했는데,O
서울,O
시내에서,O
나오는데,O
차,O
가,O
막혔고,O
ㅡㅡㅡ,ㅡㅡㅡ
대구,B_LOC
에,O
도착해서,O
들어오는데,O
또,O
차,O
가,O
막혀서,O
지금시간은,O
11시,O
가,O
넘었습니다,O
ㅡㅡㅡ,ㅡㅡㅡ
오늘,O
저희가,O
대구,B_LOC
에,O
온건,O
대구,B_LOC
가,O
워낙에,O
따뜻한,O
도시잖아요,O
ㅡㅡㅡ,ㅡㅡㅡ
그래서,O
봄,O
소식이,O
좀,O
먼저,O
들려오더라구요,O
서울,O
보다,O
ㅡㅡㅡ,ㅡㅡㅡ
벚꽃,O
도,O
피었다고,O
하고,O
해서,O
겸사겸,O
사,O
대구,B_LOC
에서,O
정말,O
유면한,O
ㅡㅡㅡ,ㅡㅡㅡ
대구,B_LOC
인근,O
라이더,O
분들이,O
너무너무,O
많이,O
찾으시는,O
헐팔코스,O
ㅡㅡㅡ,ㅡㅡㅡ
그럼,O
고고고,O
ㅡㅡㅡ,ㅡㅡㅡ
날씨가,O
험청,O
따뜻한데,O
달리니깐,O
초여름,O
날씨,O
같아요,O
ㅡㅡㅡ,ㅡㅡㅡ
여기,O
진짜,O
벚꽃,O
만개할때오면,O
어마어마하겠는데,O
우와,O
ㅡㅡㅡ,ㅡㅡㅡ
좀,O
아쉬운데,O
ㅡㅡㅡ,ㅡㅡㅡ
고도,O
535,O
의,O
헐티재,B_TOR
는,O
대구,B_LOC
와,O
청도,O
를,O
잇는,O
고개중,O
하나,O
인데요,O
ㅡㅡㅡ,ㅡㅡㅡ
인근,O
많은,O
라이더,O
분들의,O
라이딩,O
명소로,O
사랑받는,O
코스이기도,O
합니다,O
ㅡㅡㅡ,ㅡㅡㅡ
무엇보다,O
가창댐,B_TOR
부터,O
펼쳐지는,O
벚꽃시즌,O
의,O
경치는,O
가히,O
절경이라,O
불리우며,O
ㅡㅡㅡ,ㅡㅡㅡ
드라이브코스로,O
사랑받는,O
곳입니다,O
ㅡㅡㅡ,ㅡㅡㅡ
험준한,O
고갯마루를,O
오르면,O
숨이,O
헐떡거려져,O
헐티재,B_TOR
라는,O
이름이,O
붙여졌다는,O
ㅡㅡㅡ,ㅡㅡㅡ
이야기가,O
내려오고,O
있기도한데요,O
ㅡㅡㅡ,ㅡㅡㅡ
전체,O
거리가,O
약13,O
이기에,O
조금은,O
길게,O
느껴질수,O
있지만,O
ㅡㅡㅡ,ㅡㅡㅡ
멋진,O
경치보며,O
힐링할수,O
있는,O
코스가,O
아닌가,O
싶습니다,O
ㅡㅡㅡ,ㅡㅡㅡ
자,O
헐티재,B_TOR
에,O
도착했습니다,O
ㅡㅡㅡ,ㅡㅡㅡ
아,O
그리고,O
밀양,O
인근,O
많은,O
분들,O
라이더,O
분들이,O
즐겨찾으시는,O
바로,O
그,O
헐티재입니다,O
ㅡㅡㅡ,ㅡㅡㅡ
저희는,O
그,O
헐티재,B_TOR
오늘,O
처음,O
올라와봤는데요,O
ㅡㅡㅡ,ㅡㅡㅡ
헐티재,B_TOR
초입에는,O
벚꽃,O
이,O
좀,O
만개해,O
있었는데,O
지금,O
여기는,O
아직,O
안폈어요,O
ㅡㅡㅡ,ㅡㅡㅡ
아마,O
다음주정도,O
면,O
피지,O
않을까,O
싶은데요,O
ㅡㅡㅡ,ㅡㅡㅡ
헐티재,B_TOR
는,O
길이가,O
한13,O
근10정도,O
는,O
경사도가,O
쎄지않아서,O
ㅡㅡㅡ,ㅡㅡㅡ
무난하게,O
올라오실,O
수,O
있고요,O
다만,O
저희가,O
올라오는,O
동안에는,O
차량이,O
워낙,O
많아서,O
들었던거,O
같아요,O
ㅡㅡㅡ,ㅡㅡㅡ
차량때문에,O
ㅡㅡㅡ,ㅡㅡㅡ
아무래도,O
헤어핀구간이,O
조금,O
많아서,O
차량이,O
많을때에는,O
더,O
조심해야할거,O
같구요,O
ㅡㅡㅡ,ㅡㅡㅡ
헐티재,O
왔으니깐,O
사진한잔,O
남겨야죠,O
비석하고,O
비석인증샷,O
ㅡㅡㅡ,ㅡㅡㅡ
야,O
여기,O
사고나기,O
딱좋은데,O
ㅡㅡㅡ,ㅡㅡㅡ
그래도,O
분홍,O
분홍,O
한,O
벚꽃,O
이,O
피는걸,O
보니,O
봄,O
이,O
오긴,O
왔나봅니다,O
ㅡㅡㅡ,ㅡㅡㅡ
들판에도,O
조금씩,O
초록초록한,O
풀잎,O
들이,O
돋아나고,O
있고요,O
ㅡㅡㅡ,ㅡㅡㅡ
벚꽃나무,O
가,O
이렇게,O
터널을,O
이루고,O
쭈욱,O
줄지어,O
있는데요,O
ㅡㅡㅡ,ㅡㅡㅡ
정말,O
차,O
들이,O
그냥,O
지나가는,O
그런,O
길이긴한데,O
벚꽃,O
이,O
예쁘다고,O
해서,O
들렸습니다,O
ㅡㅡㅡ,ㅡㅡㅡ
헐티재,B_TOR
에서,O
내려와서,O
팔조령가,O
는,O
길목에,O
있고요,O
ㅡㅡㅡ,ㅡㅡㅡ
흔히,O
도시는,O
헐팔코스,O
중간이라고,O
하죠,O
ㅡㅡㅡ,ㅡㅡㅡ
헐티재,B_TOR
는,O
저희가,O
무난하게,O
올랐는데,O
내려올때,O
깜짝,O
놀랬습니다,O
ㅡㅡㅡ,ㅡㅡㅡ
처음,O
내려왔을때는,O
급경사에,O
헤어핀이,O
있어서,O
조심히,O
내려가야겠다,O
했는데,O
ㅡㅡㅡ,ㅡㅡㅡ
내려오다보니깐,O
도로에,O
홈이,O
많이,O
패어있더라구요,O
ㅡㅡㅡ,ㅡㅡㅡ
그래서,O
여기는,O
정말,O
사고,O
위험이,O
있겠다,O
조만간,O
공사를,O
하지않을까싶기도,O
한데,O
ㅡㅡㅡ,ㅡㅡㅡ
내려오시는,O
분들,O
정말,O
주의하셔야,O
되겠더라구요,O
깜짝,O
놀랬습니다,O
ㅡㅡㅡ,ㅡㅡㅡ
자,O
이제,O
청도,O
로,O
가겠습니다,O
ㅡㅡㅡ,ㅡㅡㅡ
만원짜리,O
를,O
왜,O
안받는거지,O
ㅡㅡㅡ,ㅡㅡㅡ
천원짜리,O
가,O
없어,O
천원짜리,O
가,O
아,O
짜증나,O
ㅡㅡㅡ,ㅡㅡㅡ
맥콜,O
천원,O
식혜,O
도,O
천원,O
저,O
사이다,O
는,O
천오백원,O
ㅡㅡㅡ,ㅡㅡㅡ
아,O
잔돈교,O
환기,O
라도,O
있으면,O
만원짜리,O
도,O
있고,O
오만원짜리,O
도,O
있는데,O
너무한거,O
아니요,O
ㅡㅡㅡ,ㅡㅡㅡ
청도,O
를,O
뒤로하고,O
이제,O
팔조령,O
을,O
향해,O
페달을,O
밟습니다,O
ㅡㅡㅡ,ㅡㅡㅡ
이곳은,O
조선시대,O
에,O
마적단이,O
출몰한,O
곳으로,O
최소,O
8명,O
이,O
모이지,O
않으면,O
ㅡㅡㅡ,ㅡㅡㅡ
넘어서는,O
안된다고,O
하여,O
팔조령이라는,O
명칭이,O
붙여지게,O
되었다는데요,O
ㅡㅡㅡ,ㅡㅡㅡ
그,O
만큼,O
험준했던,O
고갯길은,O
어느새,O
도로가,O
놓이고,O
ㅡㅡㅡ,ㅡㅡㅡ
이젠,O
인근,O
터널까지,O
개통되고나니,O
그,O
쓰임새가,O
많이,O
줄어든,O
형국입니다,O
ㅡㅡㅡ,ㅡㅡㅡ
하지만,O
드라이브를,O
즐기시는,O
분들과,O
많은,O
라이더,O
분들에게,O
사랑받는,O
명소가,O
되었으니,O
ㅡㅡㅡ,ㅡㅡㅡ
세월의,O
흐름에,O
이름이,O
바뀌어야하지,O
않을까,O
싶은,O
생각이,O
잠시,O
머리,O
를,O
스칩니다,O
ㅡㅡㅡ,ㅡㅡㅡ
벚꽃나무,O
아래,O
음료수,O
마시고,O
있습니다,O
ㅡㅡㅡ,ㅡㅡㅡ
부우우우웅,O
오토바이,O
소리,O
ㅡㅡㅡ,ㅡㅡㅡ
팔조령,O
은,O
여기,O
매점이,O
정상이,O
아닌가,O
보드라구요,O
ㅡㅡㅡ,ㅡㅡㅡ
여기서,O
조금더,O
올라갈,O
수,O
있더라구요,O
ㅡㅡㅡ,ㅡㅡㅡ
그래서,O
올라간,O
다음에,O
내리막으로,O
되어,O
있는거,O
같아서,O
ㅡㅡㅡ,ㅡㅡㅡ
저는,O
처음왔기때문에,O
약간,O
신기해하고,O
있습니다,O
ㅡㅡㅡ,ㅡㅡㅡ
여기,O
청도,O
쪽이라서,O
그런지,O
정말,O
감모양,O
으로,O
만든,O
조형물들이,O
많은거,O
같아요,O
ㅡㅡㅡ,ㅡㅡㅡ
아까,O
청도,O
지나오면서,O
정류장이,O
다,O
감모양,O
으로,O
되어,O
있더라구요,O
ㅡㅡㅡ,ㅡㅡㅡ
여기에도,O
단감,O
이,O
있네요,O
ㅡㅡㅡ,ㅡㅡㅡ
청도,O
건시,O
맛있는데,O
ㅡㅡㅡ,ㅡㅡㅡ
약간,O
대구,B_LOC
의,O
남북,O
같은,O
느낌인데,O
물론,O
남북,O
보다는,O
많이,O
긴코스고,O
ㅡㅡㅡ,ㅡㅡㅡ
교외로,O
도는,O
코스이기도,O
하지만,O
ㅡㅡㅡ,ㅡㅡㅡ
굉장히,O
매력적인,O
코스인거,O
같아요,O
대구,B_LOC
분들이,O
왜,O
헐팔헐팔하는지,O
알거,O
같아요,O
ㅡㅡㅡ,ㅡㅡㅡ
다른지역에서도,O
이쪽코스,O
탈려고,O
많이,O
오시는거,O
같던데,O
ㅡㅡㅡ,ㅡㅡㅡ
매력적인,O
코스라서,O
저희처럼,O
이쪽방향도,O
좋을거,O
같고,O
역방향으로,O
돌아도,O
좋을거,O
같고,O
ㅡㅡㅡ,ㅡㅡㅡ
저희가,O
오늘,O
돌진않았지만,O
몰래길까지,O
같이해서,O
ㅡㅡㅡ,ㅡㅡㅡ
헐물팔,O
이렇게,O
도시는것도,O
나쁘지않을거,O
같아요,O
ㅡㅡㅡ,ㅡㅡㅡ
원래는,O
제가,O
코스를,O
짤때,O
헐티재,B_TOR
에서,O
몰래길로,O
해서,O
그다음에,O
ㅡㅡㅡ,ㅡㅡㅡ
그,O
ㅡㅡㅡ,ㅡㅡㅡ
청도한재,O
ㅡㅡㅡ,ㅡㅡㅡ
제가,O
한재미나리,O
를,O
얼마전에,O
한관,O
을,O
샀거든요,O
ㅡㅡㅡ,ㅡㅡㅡ
아무튼,O
ㅡㅡㅡ,ㅡㅡㅡ
청도한재,O
쪽을,O
넘어서,O
그밑에까지,O
돌아서,O
팔조령을,O
넘어서,O
올려고했는데,O
ㅡㅡㅡ,ㅡㅡㅡ
파일을,O
세네개,O
를,O
만들어왔어요,O
어디를,O
갈까,O
고민을하다,O
왔는데,O
ㅡㅡㅡ,ㅡㅡㅡ
아까도,O
얘기했듯이,O
ㅡㅡㅡ,ㅡㅡㅡ
저희가,O
대구,B_LOC
에,O
너무,O
늦게도착했어요,O
ㅡㅡㅡ,ㅡㅡㅡ
출발시간이,O
거의,O
점심시간,O
이었기,O
때문에,O
ㅡㅡㅡ,ㅡㅡㅡ
상대적으로,O
촬영까지,O
하면,O
시간이,O
더,O
걸리더라구요,O
ㅡㅡㅡ,ㅡㅡㅡ
그래서,O
핑계지만,O
ㅡㅡㅡ,ㅡㅡㅡ
가볍게,O
헐팔을,O
돌았습니다,O
ㅡㅡㅡ,ㅡㅡㅡ
대구,B_LOC
는,O
뭐가,O
유명한가요,O
ㅡㅡㅡ,ㅡㅡㅡ
다음에,O
대구,B_LOC
올때,O
어디가면,O
좋을지,O
댓글로,O
알려주시면,O
ㅡㅡㅡ,ㅡㅡㅡ
다음에,O
대구,B_LOC
올때,O
그쪽으로,O
가보겠습니다,O
ㅡㅡㅡ,ㅡㅡㅡ
팔공산,B_TOR
쪽도,O
좋다고,O
하던데,O
ㅡㅡㅡ,ㅡㅡㅡ
워낙에,O
대구,B_LOC
는,O
갈곳이,O
많은거,O
같아요,O
분지라서,O
ㅡㅡㅡ,ㅡㅡㅡ
대구,B_LOC
분들,O
이쪽근처에,O
사시는,O
분들,O
추천해주세요,O
ㅡㅡㅡ,ㅡㅡㅡ
저희는,O
이제,O
ㅡㅡㅡ,ㅡㅡㅡ
하,O
들어가서,O
ㅡㅡㅡ,ㅡㅡㅡ
저녁,O
먹어야겠습니다,O
ㅡㅡㅡ,ㅡㅡㅡ
갑시다,O
ㅡㅡㅡ,ㅡㅡㅡ
주변이,O
산으로,O
둘러싸인,O
대구,B_LOC
는,O
멋진,O
산세와,O
더불어,O
낙동강,B_TOR
줄기가,O
흐르는,O
곳으로,O
ㅡㅡㅡ,ㅡㅡㅡ
라이더,O
분들이,O
사랑할수,O
밖에,O
없는,O
많은,O
조건을,O
가진,O
곳입니다,O
ㅡㅡㅡ,ㅡㅡㅡ
동서남북,O
으로,O
뻗은,O
길따라,O
하늘을,O
벗삼아,O
바람따라,O
달릴수,O
있는,O
장소들이,O
많겠지만,O
ㅡㅡㅡ,ㅡㅡㅡ
인근,O
많은,O
라이더,O
분들이,O
자주,O
찾는,O
헐티재,B_TOR
와,O
팔조령,O
을,O
잇는,O
코스는,O
직접,O
가보니,O
ㅡㅡㅡ,ㅡㅡㅡ
명성에,O
걸맞게,O
멋진,O
경치보며,O
힐링할수,O
있는,O
코스가,O
아닌가,O
생각되는데요,O
ㅡㅡㅡ,ㅡㅡㅡ
적당한,O
오르막과,O
즐기기,O
좋은,O
내리막길로,O
이루어진,O
코스가,O
매우,O
매력적으로,O
느껴졌습니다,O
ㅡㅡㅡ,ㅡㅡㅡ
다음,O
대구,B_LOC
라이딩에는,O
좀더,O
다양한,O
매력이,O
있는,O
코스로,O
가봐야겠습니다,O
ㅡㅡㅡ,ㅡㅡㅡ
파란하늘,O
머리,O
에,O
얹고,O
달리는,O
바람여행은,O
앞으로도,O
계속됩니다,O
ㅡㅡㅡ,ㅡㅡㅡ
대구,B_LOC
가는,O
길,O
새벽,O
에,O
출발해서,O
졸리더라고요,O
ㅡㅡㅡ,ㅡㅡㅡ
휴게소에서,O
간단히,O
밥,O
도,O
먹고요,O
ㅡㅡㅡ,ㅡㅡㅡ
김밥,O
과,O
어묵탕,O
ㅡㅡㅡ,ㅡㅡㅡ
휴게소,O
산책,O
ㅡㅡㅡ,ㅡㅡㅡ
첫끼는,O
중화비빔밥,O
과,O
짜장면,O
ㅡㅡㅡ,ㅡㅡㅡ
기대만큼,O
맛있었어요,O
ㅡㅡㅡ,ㅡㅡㅡ
후식은,O
아이스라떼,O
맛집,O
방문,O
ㅡㅡㅡ,ㅡㅡㅡ
라떼,O
도,O
맛있었어요,O
ㅡㅡㅡ,ㅡㅡㅡ
주차하고,O
피자,O
먹으러,O
갔는데,O
도우,O
문제로,O
못먹고,O
나오고요,O
ㅡㅡㅡ,ㅡㅡㅡ
다른,O
피자,O
가게,O
재도전,O
ㅡㅡㅡ,ㅡㅡㅡ
예쁜,O
컬러의,O
인테리어,O
ㅡㅡㅡ,ㅡㅡㅡ
너무,O
맛있었던,O
맥주,O
와,O
피자,O
ㅡㅡㅡ,ㅡㅡㅡ
맥주,O
를,O
더,O
많이,O
먹었어요,O
ㅡㅡㅡ,ㅡㅡㅡ
호텔,O
체크인,O
ㅡㅡㅡ,ㅡㅡㅡ
포장해온,O
치킨,O
한조각,O
먹고,O
다시,O
먹으러,O
나가려고요,O
ㅡㅡㅡ,ㅡㅡㅡ
가려던,O
카페에,O
자리가,O
없어서,O
바로,O
밥,O
먹으러,O
가요,O
ㅡㅡㅡ,ㅡㅡㅡ
곱창전골,O
전문점,O
ㅡㅡㅡ,ㅡㅡㅡ
지역,O
대표,O
소주,O
를,O
마십니다,O
ㅡㅡㅡ,ㅡㅡㅡ
물김치,O
와,O
한잔,O
ㅡㅡㅡ,ㅡㅡㅡ
곱창,O
과,O
고기,O
가,O
들어간,O
찌개,O
요리,O
ㅡㅡㅡ,ㅡㅡㅡ
소주,O
와,O
함께,O
먹기,O
ㅡㅡㅡ,ㅡㅡㅡ
대구,B_LOC
는,O
양념,O
을,O
따로,O
더,O
주는,O
곳이,O
많더라고요,O
ㅡㅡㅡ,ㅡㅡㅡ
쑥갓,O
가져가겠다고,O
와이프,O
눈,O
에,O
국물,O
튀기는,O
남편,O
ㅡㅡㅡ,ㅡㅡㅡ
생고기회,O
ㅡㅡㅡ,ㅡㅡㅡ
옆,O
에,O
놀이동산이,O
있어서,O
산책도,O
하고요,O
ㅡㅡㅡ,ㅡㅡㅡ
노상댄스,O
ㅡㅡㅡ,ㅡㅡㅡ
저녁,O
은,O
막창구이,O
ㅡㅡㅡ,ㅡㅡㅡ
추억의,O
간식,O
ㅡㅡㅡ,ㅡㅡㅡ
된장찌개,O
에,O
밥,O
을,O
말아,O
먹는,O
술,O
안주,O
ㅡㅡㅡ,ㅡㅡㅡ
고기구이,O
를,O
좋아해요,O
ㅡㅡㅡ,ㅡㅡㅡ
호텔,O
조식으로,O
해장하기,O
ㅡㅡㅡ,ㅡㅡㅡ
미팅,O
가기전,O
떡볶이,O
맛집,O
들렸다,O
가려고요,O
ㅡㅡㅡ,ㅡㅡㅡ
천원짜리,O
떡볶이,O
튀긴,O
어묵,O
과,O
같이,O
먹어요,O
ㅡㅡㅡ,ㅡㅡㅡ
머리카락,O
얼굴,O
에,O
붙이고,O
먹기,O
ㅡㅡㅡ,ㅡㅡㅡ
떡볶이,O
각1인분,O
먹고,O
싶었는데,O
아쉬웠어요,O
ㅡㅡㅡ,ㅡㅡㅡ
그래서,O
떡볶이,O
2차,O
를,O
갑니다,O
하하하,O
ㅡㅡㅡ,ㅡㅡㅡ
여기도,O
천,O
원,O
떡볶이,O
ㅡㅡㅡ,ㅡㅡㅡ
다들,O
양념,O
더,O
넣어,O
드시더라고요,O
ㅡㅡㅡ,ㅡㅡㅡ
미팅,O
장소로,O
이동,O
ㅡㅡㅡ,ㅡㅡㅡ
시간이,O
남아서,O
카페,O
갔어요,O
ㅡㅡㅡ,ㅡㅡㅡ
홍콩,O
식,O
디저트,O
카페,O
케이크,O
랑,O
빙수,O
먹어요,O
ㅡㅡㅡ,ㅡㅡㅡ
무서워요,O
ㅡㅡㅡ,ㅡㅡㅡ
미팅,O
끝내고,O
다시,O
서울,O
로,O
가요,O
ㅡㅡㅡ,ㅡㅡㅡ
휴게소에서,O
저녁,O
먹으며,O
마무리,O
ㅡㅡㅡ,ㅡㅡㅡ
국립대구박물관,B_TOR
ㅡㅡㅡ,ㅡㅡㅡ
국립대구박물관,B_TOR
은,O
대구광역시,O
수성구,O
청호로,O
321,O
에,O
위치,O
ㅡㅡㅡ,ㅡㅡㅡ
국립대구박물관,B_TOR
은,O
대구,B_LOC
와,O
경상북도,O
의,O
문화유산을,O
ㅡㅡㅡ,ㅡㅡㅡ
보존,O
연구,O
전시,O
교육하는,O
문화시설로,O
1994년,O
문을,O
열었다,O
ㅡㅡㅡ,ㅡㅡㅡ
2006년,O
에는,O
본관의,O
남북,O
쪽,O
에,O
각각,O
수장고와,O
박물관,O
교육,O
시설인,O
해솔관,O
을,O
증축하였다,O
ㅡㅡㅡ,ㅡㅡㅡ
2010년,O
에는,O
상설전시실을,O
고대문화실,O
중세문화실로,O
개편하고,O
복식문화실을,O
신설하였다,O
ㅡㅡㅡ,ㅡㅡㅡ
202073202082일까지,O
는,O
기획전시실에서,O
조선역병에맞서,O
다라는,O
전시를,O
했다,O
ㅡㅡㅡ,ㅡㅡㅡ
조선시대,O
사람들은,O
전염병,O
의,O
공포에,O
어떻게,O
대응해,O
나갔는지를,O
조명해,O
ㅡㅡㅡ,ㅡㅡㅡ
코로나19,O
로,O
혼란을,O
겪고,O
있는,O
현재,O
작은,O
희망의,O
메시지를,O
전달하기,O
위해,O
마련했다고,O
한다,O
ㅡㅡㅡ,ㅡㅡㅡ
주말마다,O
비예보가,O
있긴,O
했는데,O
혹시나,O
하고,O
투어로,O
왔지만,O
ㅡㅡㅡ,ㅡㅡㅡ
잔뜩,O
흐린,O
날씨가,O
금방이라도,O
비가,O
올,O
듯,O
합니다,O
ㅡㅡㅡ,ㅡㅡㅡ
핑계지만,O
예전에는,O
작은,O
비라면,O
상관없이,O
타고,O
했었는데요,O
ㅡㅡㅡ,ㅡㅡㅡ
카메라,O
부터,O
장비들을,O
줄줄이,O
매달고,O
다니면서,O
약간의,O
비예보만,O
있어도,O
ㅡㅡㅡ,ㅡㅡㅡ
조금,O
망설여지는,O
게,O
사실입니다,O
ㅡㅡㅡ,ㅡㅡㅡ
고민고민,O
고민만,O
5조5억번쯤,O
하다가,O
결국,O
오늘,O
의,O
라이딩은,O
아쉽지만,O
ㅡㅡㅡ,ㅡㅡㅡ
접자로,O
결정했습니다,O
ㅡㅡㅡ,ㅡㅡㅡ
아쉬움,O
가득,O
안고,O
차,O
를,O
타고,O
대구,B_LOC
를,O
떠나는,O
순간,O
저,O
멀리,O
ㅡㅡㅡ,ㅡㅡㅡ
정말,O
한줄기,O
빛처럼,O
반짝이는,O
연분홍,O
물결이,O
눈,O
에,O
들어왔습니다,O
ㅡㅡㅡ,ㅡㅡㅡ
무언가에,O
홀린듯,O
인근에,O
차,O
를,O
주차하고,O
무작정,O
달려가,O
봅니다,O
ㅡㅡㅡ,ㅡㅡㅡ
서울,O
로,O
올라,O
가려고,O
했는데,O
어머,O
온,O
보꽃,O
군락을,O
봤어요,O
ㅡㅡㅡ,ㅡㅡㅡ
짠,O
저멀리,O
보이시나요,O
지도로,O
보니까,O
달성습지,B_TOR
라고,O
나와있는데,O
ㅡㅡㅡ,ㅡㅡㅡ
대명입수지,O
생태탐방로입니다,O
ㅡㅡㅡ,ㅡㅡㅡ
아까,O
저기,O
초입에,O
있는,O
자전거길이,O
이쪽으로,O
연결되어,O
있는거,O
같아요,O
ㅡㅡㅡ,ㅡㅡㅡ
저,O
출발할때,O
봤던,O
자전거,O
타신,O
분들이,O
저기,O
지나가고,O
계시네,O
ㅡㅡㅡ,ㅡㅡㅡ
오,O
여기서보니,O
대구,B_LOC
시내도,O
보이고,O
ㅡㅡㅡ,ㅡㅡㅡ
내려갈,O
수가,O
없는길이구나,O
ㅡㅡㅡ,ㅡㅡㅡ
어,O
사람들이,O
내려갔네,O
아,O
저쪽끝에,O
내려가는길이,O
있네,O
어,O
여기,O
길있다,O
ㅡㅡㅡ,ㅡㅡㅡ
이곳은,O
벚꽃,O
에,O
하늘이,O
가렸어요,O
ㅡㅡㅡ,ㅡㅡㅡ
벚,O
꽃하늘,O
ㅡㅡㅡ,ㅡㅡㅡ
일기예보를,O
믿고있습니다,O
ㅡㅡㅡ,ㅡㅡㅡ
비가,O
온다는,O
소문에,O
라이딩을,O
접었습니다,O
ㅡㅡㅡ,ㅡㅡㅡ
그냥,O
빨리,O
서울,O
로,O
올라가자,O
그리고,O
대구,B_LOC
라이딩은,O
다음에,O
또,O
오면되지,O
ㅡㅡㅡ,ㅡㅡㅡ
아주,O
단순하게,O
생각하기로,O
했습니다,O
덕분에,O
이렇게,O
벚꽃,O
도,O
보고,O
좋잖아요,O
ㅡㅡㅡ,ㅡㅡㅡ
아,O
이쪽에서,O
보니까,O
달성습지,B_TOR
도,O
조금,O
저기가,O
달성습지,B_TOR
인가,O
ㅡㅡㅡ,ㅡㅡㅡ
좀,O
멋있어,O
보이는데,O
ㅡㅡㅡ,ㅡㅡㅡ
솔직히,O
제가,O
대구,B_LOC
에,O
대해서,O
아는게,O
별로,O
없어서,O
ㅡㅡㅡ,ㅡㅡㅡ
대구,B_LOC
에,O
계신,O
구독자,O
분들,O
자덕스,O
분들,O
이,O
댓글로,O
또,O
그리고,O
카페에,O
ㅡㅡㅡ,ㅡㅡㅡ
대구,B_LOC
에,O
좋은,O
투어장소,O
소개,O
해주시면,O
좋을것,O
같아요,O
다음에,O
적극,O
반영에서,O
투어,O
코스를,O
잡도록,O
하겠습니다,O
여기,O
너무,O
좋은거,O
같아요,O
ㅡㅡㅡ,ㅡㅡㅡ
아,O
하늘까지,O
파랬으면,O
정말,O
좋았겠죠,O
ㅡㅡㅡ,ㅡㅡㅡ
그렇지만,O
하늘이,O
파란하늘이,O
였으면,O
저희가,O
라이딩을,O
갔겠죠,O
ㅡㅡㅡ,ㅡㅡㅡ
여기서,O
이렇게,O
한가로이,O
꽃구경을,O
하지는,O
못했을,O
것,O
같아요,O
근데,O
너무,O
좋은데요,O
ㅡㅡㅡ,ㅡㅡㅡ
시작부터,O
신경,O
쓰이네요,O
ㅡㅡㅡ,ㅡㅡㅡ
이번에,O
수성구청,O
이,O
진행하는,O
투어에,O
참여하게,O
됐어요,O
ㅡㅡㅡ,ㅡㅡㅡ
감,O
성뷰티투어,O
수성구,O
ㅡㅡㅡ,ㅡㅡㅡ
일본,O
사람이나,O
한국,O
사람이나,O
모두,O
도움이,O
되겠지만,O
ㅡㅡㅡ,ㅡㅡㅡ
이번에는,O
일본,O
사람에게,O
홍보하고싶어서,O
일본어,O
로,O
촬영,O
할게요,O
ㅡㅡㅡ,ㅡㅡㅡ
한국,O
구독자,O
분들,O
이해해주세요,O
ㅡㅡㅡ,ㅡㅡㅡ
그럼,O
1박2일,O
투어인데,O
ㅡㅡㅡ,ㅡㅡㅡ
함께,O
촬영하는,O
ㅡㅡㅡ,ㅡㅡㅡ
겸,O
친구,O
ㅡㅡㅡ,ㅡㅡㅡ
겸아아니야,O
ㅡㅡㅡ,ㅡㅡㅡ
겸,O
친구,O
ㅡㅡㅡ,ㅡㅡㅡ
친구,O
겸,O
인,O
사야짱,O
의,O
등장입니다,O
ㅡㅡㅡ,ㅡㅡㅡ
여러분,O
안녕하세요,O
사야,O
의,O
사야,O
입니다,O
ㅡㅡㅡ,ㅡㅡㅡ
저는,O
지금,O
대구,B_LOC
에,O
있는,O
대학에서,O
유학중입니다,O
ㅡㅡㅡ,ㅡㅡㅡ
한국,O
유학,O
정보나,O
리얼한,O
한국,O
생활을,O
보여주고있어요,O
ㅡㅡㅡ,ㅡㅡㅡ
오늘하루,O
잘,O
부탁드려요,O
ㅡㅡㅡ,ㅡㅡㅡ
수성구,O
라고,O
하면,O
생각나는,O
사람,O
이번,O
투어의,O
가이드,O
순선언니,O
입니다,O
ㅡㅡㅡ,ㅡㅡㅡ
여러분,O
안녕하세요,O
ㅡㅡㅡ,ㅡㅡㅡ
수성구청,O
관광과,O
순짱,O
입니다,O
ㅡㅡㅡ,ㅡㅡㅡ
오늘,O
잘,O
부탁드립니다,O
ㅡㅡㅡ,ㅡㅡㅡ
우선,O
예술로,O
내면을,O
예쁘게,O
만들어봅시다,O
ㅡㅡㅡ,ㅡㅡㅡ
뒤에,O
대구미술관,B_TOR
입니다,O
ㅡㅡㅡ,ㅡㅡㅡ
그럼,O
같이,O
출발합시다,O
ㅡㅡㅡ,ㅡㅡㅡ
지금,O
대구미술관,B_TOR
은,O
입장규제때문에,O
사전예약이,O
필수,O
ㅡㅡㅡ,ㅡㅡㅡ
체온측정과,O
개인정보,O
확인을,O
한,O
후에,O
입장,O
할,O
수,O
있어요,O
ㅡㅡㅡ,ㅡㅡㅡ
메인홀,O
에서,O
뭔가를,O
발견,O
ㅡㅡㅡ,ㅡㅡㅡ
갑자기,O
예쁜척,O
ㅡㅡㅡ,ㅡㅡㅡ
최정화,O
님의,O
작품입니다,O
ㅡㅡㅡ,ㅡㅡㅡ
최정화,O
님은,O
집에,O
있는,O
평범한,O
물건들로,O
작품을,O
만든대요,O
ㅡㅡㅡ,ㅡㅡㅡ
예를,O
들면,O
빗자루나,O
소쿠리,O
등,O
ㅡㅡㅡ,ㅡㅡㅡ
별로,O
중요하지,O
않은,O
물건으로,O
특별한,O
작품을,O
만들어요,O
ㅡㅡㅡ,ㅡㅡㅡ
멀리서,O
보면,O
멋있는데,O
가까이서,O
보면,O
소쿠리네요,O
ㅡㅡㅡ,ㅡㅡㅡ
2층,O
에도,O
가봅시다,O
ㅡㅡㅡ,ㅡㅡㅡ
몇년전에,O
쿠사마야요이,O
전시회를,O
했는데,O
엄청,O
인기가,O
많았어요,O
ㅡㅡㅡ,ㅡㅡㅡ
작년,O
에는,O
유명한,O
수집가,O
전형필,O
씨라는,O
분이,O
감성미술전,O
이라는,O
전시회를,O
했는데,O
ㅡㅡㅡ,ㅡㅡㅡ
엄청,O
인기가,O
많았어요,O
ㅡㅡㅡ,ㅡㅡㅡ
여기,O
근처에,O
감성미술관,O
이,O
생길,O
예정이에요,O
ㅡㅡㅡ,ㅡㅡㅡ
그게,O
생기면,O
여기,O
주변은,O
예술의,O
거리가,O
될거같아요,O
ㅡㅡㅡ,ㅡㅡㅡ
지금,O
여기에는,O
현대미술,O
에,O
대한,O
새로운,O
해석을,O
제시했던,O
독일,O
의,O
팀아이텔,O
작가,O
의,O
작품이,O
전시되어,O
있었어요,O
ㅡㅡㅡ,ㅡㅡㅡ
지금까지,O
당연했던,O
일상이,O
그립다고,O
생각하는,O
요즘,O
ㅡㅡㅡ,ㅡㅡㅡ
팀아이텔,O
의,O
사람으로서사는법,O
과,O
사람을,O
테마로,O
하는,O
작품을,O
통해서,O
ㅡㅡㅡ,ㅡㅡㅡ
삶과,O
죽음의,O
문제에,O
대해서,O
느낄,O
수,O
있다고,O
합니다,O
ㅡㅡㅡ,ㅡㅡㅡ
지금부터,O
피크닉에서,O
먹을,O
샌드위치,O
를,O
사러,O
갑니다,O
ㅡㅡㅡ,ㅡㅡㅡ
레이언니,O
배고파요,O
ㅡㅡㅡ,ㅡㅡㅡ
배고파,O
아침,O
안먹었어,O
ㅠㅠ,O
ㅡㅡㅡ,ㅡㅡㅡ
빨리,O
먹고싶어,O
ㅡㅡㅡ,ㅡㅡㅡ
대구,B_LOC
수성구,O
시지로,O
14길,O
17,O
1층,O
읍천리,O
카페시지점,O
ㅡㅡㅡ,ㅡㅡㅡ
마스크,O
를,O
벗고,O
찍어야지,O
ㅡㅡㅡ,ㅡㅡㅡ
가게,O
내부도,O
너무,O
귀여운데,O
샌드위치,O
랑,O
음료수,O
는,O
더,O
귀여워요,O
ㅡㅡㅡ,ㅡㅡㅡ
피크닉,O
장면에서,O
소개해줄게요,O
잠시만,O
기다려주세요,O
ㅡㅡㅡ,ㅡㅡㅡ
폴더폰,O
장난감이,O
있어요,O
ㅡㅡㅡ,ㅡㅡㅡ
폴더폰,O
레트로,O
카페,O
인생샷,O
ㅡㅡㅡ,ㅡㅡㅡ
덮게,O
없이,O
다니는,O
사람이,O
많이,O
봤어요,O
ㅡㅡㅡ,ㅡㅡㅡ
촬영을,O
도와줬던,O
수형짱이에요,O
ㅡㅡㅡ,ㅡㅡㅡ
샌드위치,O
게,O
ㅡㅡㅡ,ㅡㅡㅡ
대구스타디움몰,O
에,O
있는건,O
ㅡㅡㅡ,ㅡㅡㅡ
관광정보체험센터,B_TOR
ㅡㅡㅡ,ㅡㅡㅡ
수성구,O
캐릭터,O
물망이,O
ㅡㅡㅡ,ㅡㅡㅡ
시설을,O
이용,O
할,O
때는,O
체온측정과,O
개인정보,O
확인이,O
필수에요,O
ㅡㅡㅡ,ㅡㅡㅡ
이렇게,O
피크닉,O
용품을,O
빌려줍니다,O
ㅡㅡㅡ,ㅡㅡㅡ
드디어,O
출발,O
ㅡㅡㅡ,ㅡㅡㅡ
야외,O
광장으로,O
이동,O
ㅡㅡㅡ,ㅡㅡㅡ
장소를,O
정하고,O
피크닉을,O
즐길,O
준비를,O
합니다,O
ㅡㅡㅡ,ㅡㅡㅡ
용품을,O
빌려서,O
피크닉을,O
왔습니다,O
ㅡㅡㅡ,ㅡㅡㅡ
이거,O
다,O
합쳐서,O
5000원,O
입니다,O
ㅡㅡㅡ,ㅡㅡㅡ
샌드위치,O
는,O
아까,O
카페에서,O
사왔어요,O
ㅡㅡㅡ,ㅡㅡㅡ
딸기라떼,O
ㅡㅡㅡ,ㅡㅡㅡ
불고기,O
가,O
많이,O
들어있어요,O
ㅡㅡㅡ,ㅡㅡㅡ
여성스럽네요,O
ㅡㅡㅡ,ㅡㅡㅡ
여성스럽지,O
않은,O
2명,O
ㅡㅡㅡ,ㅡㅡㅡ
누텔라샌드위치,O
ㅡㅡㅡ,ㅡㅡㅡ
뭔가,O
이거저거,O
들어있네,O
ㅡㅡㅡ,ㅡㅡㅡ
이거,O
맛있다,O
ㅡㅡㅡ,ㅡㅡㅡ
다시,O
관광정보체험센터,B_TOR
에,O
왔습니다,O
ㅡㅡㅡ,ㅡㅡㅡ
대박,O
여기서,O
자기가,O
그린,O
그림으로,O
머그컵을,O
만들어줘요,O
ㅡㅡㅡ,ㅡㅡㅡ
귀여운,O
제,O
캐릭터와,O
곰돌이,O
ㅡㅡㅡ,ㅡㅡㅡ
본가에,O
있는,O
강아지,O
를,O
그렸어요,O
두리,O
ㅡㅡㅡ,ㅡㅡㅡ
완성,O
ㅡㅡㅡ,ㅡㅡㅡ
잘,O
그렸죠,O
ㅡㅡㅡ,ㅡㅡㅡ
제대로,O
나왔네,O
ㅡㅡㅡ,ㅡㅡㅡ
피부과,O
에,O
가서,O
스킨케어를,O
받았습니다,O
ㅡㅡㅡ,ㅡㅡㅡ
피부가,O
많이,O
좋아졌어요,O
ㅡㅡㅡ,ㅡㅡㅡ
수성구,O
에는,O
유명한,O
피부과,O
가,O
많이,O
있어요,O
ㅡㅡㅡ,ㅡㅡㅡ
수성구,O
에서는,O
외국인,O
에게,O
정보를,O
제공하거나,O
ㅡㅡㅡ,ㅡㅡㅡ
통역을,O
해주거나,O
예약을,O
도와주는,O
일도,O
해요,O
ㅡㅡㅡ,ㅡㅡㅡ
그럼,O
우리,O
다음은,O
어디로,O
가요,O
ㅡㅡㅡ,ㅡㅡㅡ
다음은,O
삼겹살,O
먹으러,O
갑니다,O
ㅡㅡㅡ,ㅡㅡㅡ
저녁,O
은,O
삼겹살,O
먹으러,O
왔습니다,O
ㅡㅡㅡ,ㅡㅡㅡ
여기,O
삼겹살,O
은,O
보통,O
삼겹살,O
아니에요,O
ㅡㅡㅡ,ㅡㅡㅡ
삼겹살,O
도,O
숙성삼겹살,O
이고,O
샐러드,O
도,O
약선샐러드,O
에요,O
ㅡㅡㅡ,ㅡㅡㅡ
한방,O
약재,O
를,O
넣어서,O
소화도,O
잘되고,O
다이어트에도,O
좋대요,O
ㅡㅡㅡ,ㅡㅡㅡ
그런,O
특별한,O
샐러드,O
도,O
있는,O
가게에요,O
ㅡㅡㅡ,ㅡㅡㅡ
그러니까,O
아무리,O
많이,O
먹어도,O
살이,O
안찔수도,O
ㅡㅡㅡ,ㅡㅡㅡ
많이,O
먹자,O
ㅡㅡㅡ,ㅡㅡㅡ
잘,O
먹겠습니다,O
ㅡㅡㅡ,ㅡㅡㅡ
구청,O
분들이랑,O
같이,O
식사,O
ㅡㅡㅡ,ㅡㅡㅡ
소스가,O
맛있어요,O
ㅡㅡㅡ,ㅡㅡㅡ
아오랜만에,O
행복하네요,O
ㅡㅡㅡ,ㅡㅡㅡ
야채랑,O
같이,O
먹으면,O
더,O
맛있어요,O
ㅡㅡㅡ,ㅡㅡㅡ
순선언니,O
가,O
추천하는,O
국수,O
ㅡㅡㅡ,ㅡㅡㅡ
이,O
가게의,O
시그니처,O
메뉴래요,O
ㅡㅡㅡ,ㅡㅡㅡ
깔끔해서,O
맛있어요,O
ㅡㅡㅡ,ㅡㅡㅡ
삼겹살,O
너무,O
맛있었어요,O
ㅡㅡㅡ,ㅡㅡㅡ
맛있어서,O
다행이다,O
ㅡㅡㅡ,ㅡㅡㅡ
언니,O
고마워요,O
ㅡㅡㅡ,ㅡㅡㅡ
오늘,O
하루,O
정말,O
알찬,O
투어였고,O
내일,O
하루,O
가,O
남아있는데,O
기대되네요,O
ㅡㅡㅡ,ㅡㅡㅡ
그래요,O
오늘,O
투어는,O
여기까지입니다,O
ㅡㅡㅡ,ㅡㅡㅡ
내일,O
도,O
레이짱,O
과,O
사야짱,O
을,O
재밌는,O
곳에,O
데려가주고싶어요,O
ㅡㅡㅡ,ㅡㅡㅡ
그럼,O
여러분,O
잘자요,O
ㅡㅡㅡ,ㅡㅡㅡ
아,O
오늘,O
여기까지가,O
아닐수도,O
ㅡㅡㅡ,ㅡㅡㅡ
수영장이,O
남아있잖아,O
ㅡㅡㅡ,ㅡㅡㅡ
다음,O
회,O
예고,O
ㅡㅡㅡ,ㅡㅡㅡ
나이트,O
풀,O
ㅡㅡㅡ,ㅡㅡㅡ
꽃차,O
ㅡㅡㅡ,ㅡㅡㅡ
한식,O
ㅡㅡㅡ,ㅡㅡㅡ
절,O
ㅡㅡㅡ,ㅡㅡㅡ
오리배,O
ㅡㅡㅡ,ㅡㅡㅡ
구독하고,O
기다려주세요,O
ㅡㅡㅡ,ㅡㅡㅡ
여러분,O
안녕하세요,O
시니에요,O
ㅡㅡㅡ,ㅡㅡㅡ
오늘,O
은,O
오늘,O
은,O
오늘,O
은,O
ㅡㅡㅡ,ㅡㅡㅡ
오늘,O
은,O
제가,O
포항,O
에,O
가는데요,O
ㅡㅡㅡ,ㅡㅡㅡ
스쿱,O
언니,O
집에,O
놀러,O
갑니다,O
ㅡㅡㅡ,ㅡㅡㅡ
맨날,O
간다,O
해놓고,O
못,O
갔는데,O
ㅡㅡㅡ,ㅡㅡㅡ
시간이,O
돼서,O
포항,O
에,O
처음으로,O
갑니다,O
ㅡㅡㅡ,ㅡㅡㅡ
포항,O
은,O
어떨까요,O
ㅡㅡㅡ,ㅡㅡㅡ
원래는,O
케이티엑스,O
를,O
타고,O
가려,O
했는데,O
자리가,O
여의치,O
않아서,O
ㅡㅡㅡ,ㅡㅡㅡ
지금,O
고속버스를,O
타고,O
가거든요,O
ㅡㅡㅡ,ㅡㅡㅡ
근데,O
제가,O
살고,O
있는,O
일산,O
에서,O
포항,O
까지,O
ㅡㅡㅡ,ㅡㅡㅡ
290분,O
그니까,O
5시간,O
이,O
걸리거든요,O
ㅡㅡㅡ,ㅡㅡㅡ
가야죠,O
뭐,O
ㅡㅡㅡ,ㅡㅡㅡ
버스,O
타고,O
포항,O
으로,O
가보도록,O
하겠습니다,O
ㅡㅡㅡ,ㅡㅡㅡ
오늘,O
은,O
오늘,O
은,O
오늘,O
은,O
ㅡㅡㅡ,ㅡㅡㅡ
스쿱,O
언니,O
랑,O
신쿡,O
이,O
만났어요,O
ㅡㅡㅡ,ㅡㅡㅡ
아,O
진짜,O
애들,O
오느라,O
너무,O
고생,O
많았어,O
ㅡㅡㅡ,ㅡㅡㅡ
그래,O
고생했지,O
ㅡㅡㅡ,ㅡㅡㅡ
이번에,O
언니,O
가,O
제대로,O
된,O
포항,O
가이드,O
역할을,O
해준다,O
해서,O
ㅡㅡㅡ,ㅡㅡㅡ
기대가,O
됩니다,O
ㅡㅡㅡ,ㅡㅡㅡ
믿어,O
ㅡㅡㅡ,ㅡㅡㅡ
여기는,O
한스드림베이커리,O
라고,O
ㅡㅡㅡ,ㅡㅡㅡ
여기,O
엄청,O
유명한,O
집이래요,O
ㅡㅡㅡ,ㅡㅡㅡ
마늘빵,O
이,O
제일,O
유명하다던데,O
마늘빵,O
보다,O
맛있는,O
게,O
진짜,O
많아,O
ㅡㅡㅡ,ㅡㅡㅡ
이게,O
제일,O
유명한,O
거잖아,O
ㅡㅡㅡ,ㅡㅡㅡ
와,O
이것도,O
정말,O
맛있겠다,O
ㅡㅡㅡ,ㅡㅡㅡ
맛있다,O
ㅡㅡㅡ,ㅡㅡㅡ
이거,O
진짜,O
맛있다,O
ㅡㅡㅡ,ㅡㅡㅡ
이건,O
뭐야,O
초코,O
ㅡㅡㅡ,ㅡㅡㅡ
여기는,O
스쿱,O
언니,O
집입니다,O
ㅡㅡㅡ,ㅡㅡㅡ
아니,O
오프닝,O
끝났잖아,O
ㅡㅡㅡ,ㅡㅡㅡ
스쿱,O
언니,O
집,O
좋아요,O
ㅡㅡㅡ,ㅡㅡㅡ
왜냐면,O
ㅡㅡㅡ,ㅡㅡㅡ
마리,O
야,O
ㅡㅡㅡ,ㅡㅡㅡ
귀여워,O
어떡해,O
ㅡㅡㅡ,ㅡㅡㅡ
우리,O
뚱이는,O
정말,O
큰데,O
ㅡㅡㅡ,ㅡㅡㅡ
언니,O
촬영,O
장소가,O
어디야,O
여기야,O
ㅡㅡㅡ,ㅡㅡㅡ
헐,O
언니,O
촬영,O
장소다,O
ㅡㅡㅡ,ㅡㅡㅡ
이렇게,O
보니까,O
새삼,O
다르다,O
ㅡㅡㅡ,ㅡㅡㅡ
안녕하세요,O
스쿱이에요,O
ㅡㅡㅡ,ㅡㅡㅡ
마리,O
야,O
왜,O
울어,O
ㅡㅡㅡ,ㅡㅡㅡ
짜잔,O
ㅡㅡㅡ,ㅡㅡㅡ
맛있겠다,O
ㅡㅡㅡ,ㅡㅡㅡ
파티다,O
파티,O
ㅡㅡㅡ,ㅡㅡㅡ
저는,O
설명,O
안,O
할게요,O
옆,O
에,O
설명,O
들으세요,O
ㅡㅡㅡ,ㅡㅡㅡ
너무,O
맛있어,O
ㅡㅡㅡ,ㅡㅡㅡ
딱딱한,O
마늘바게트,O
라,O
생각하면,O
안,O
되고,O
부드러운,O
빵,O
ㅡㅡㅡ,ㅡㅡㅡ
속초,O
에서,O
먹은,O
마늘빵,O
이랑,O
비슷해,O
그,O
정도로,O
맛있어,O
ㅡㅡㅡ,ㅡㅡㅡ
그냥,O
버터,O
만,O
발라서는,O
이렇게,O
안될,O
텐데,O
ㅡㅡㅡ,ㅡㅡㅡ
내가,O
보기엔,O
연유,O
랑,O
마늘,O
이랑,O
버터,O
랑,O
들어간,O
거,O
같아,O
ㅡㅡㅡ,ㅡㅡㅡ
진짜,O
맛있다,O
ㅡㅡㅡ,ㅡㅡㅡ
크랜베리빵,O
안에,O
크림치즈,O
가,O
듬뿍,O
들어있어요,O
ㅡㅡㅡ,ㅡㅡㅡ
빵,O
안에,O
무염버터,O
가,O
들어가,O
있네,O
ㅡㅡㅡ,ㅡㅡㅡ
일반,O
프레첼,O
보다,O
좀,O
더,O
부드럽긴,O
한데,O
맛있다,O
ㅡㅡㅡ,ㅡㅡㅡ
마늘빵,O
도,O
맛있지만,O
이,O
빵,O
도,O
매력적이에요,O
ㅡㅡㅡ,ㅡㅡㅡ
견과류,O
랑,O
건포도,O
가,O
들어갔는데,O
정말,O
맛있어요,O
ㅡㅡㅡ,ㅡㅡㅡ
쫀득쫀득하다,O
ㅡㅡㅡ,ㅡㅡㅡ
계란,O
흰,O
자만,O
들어갔는데,O
이렇게,O
쫀득할,O
수,O
있어,O
ㅡㅡㅡ,ㅡㅡㅡ
밀가루,O
1,O
도,O
안,O
들어간,O
거,O
같아,O
ㅡㅡㅡ,ㅡㅡㅡ
그러면,O
흰자,O
설탕,O
코코넛,O
인가,O
ㅡㅡㅡ,ㅡㅡㅡ
엄청,O
매력적인,O
맛이에요,O
ㅡㅡㅡ,ㅡㅡㅡ
찰진,O
브라우니,O
처럼,O
식감이,O
쫀득해요,O
ㅡㅡㅡ,ㅡㅡㅡ
코코넛,O
이,O
씹힌다,O
ㅡㅡㅡ,ㅡㅡㅡ
살짝,O
떡,O
먹는,O
것,O
같아,O
식감이,O
ㅡㅡㅡ,ㅡㅡㅡ
제일,O
맛있는,O
건,O
마늘빵,O
같아,O
ㅡㅡㅡ,ㅡㅡㅡ
시니,O
너도,O
화장실,O
자주,O
가나,O
ㅡㅡㅡ,ㅡㅡㅡ
물,O
하루,O
에,O
3리터이상,O
마셔,O
ㅡㅡㅡ,ㅡㅡㅡ
안,O
먹으면,O
미쳐,O
ㅡㅡㅡ,ㅡㅡㅡ
밖에서,O
물,O
500미리,O
사잖아요,O
나는,O
1리터,O
를,O
들고,O
다녀,O
ㅡㅡㅡ,ㅡㅡㅡ
시니,O
가,O
진짜,O
피부가,O
좋아요,O
ㅡㅡㅡ,ㅡㅡㅡ
그렇지,O
않습니다,O
ㅡㅡㅡ,ㅡㅡㅡ
와,O
라페스타,O
다,O
일산,O
시내,O
ㅡㅡㅡ,ㅡㅡㅡ
와,O
핫하다,O
ㅡㅡㅡ,ㅡㅡㅡ
들어,O
봐야,O
될,O
것,O
같아요,O
ㅡㅡㅡ,ㅡㅡㅡ
가격이,O
합당하면,O
맘에,O
들고,O
합당하지,O
않으면,O
맘에,O
안,O
들고,O
ㅡㅡㅡ,ㅡㅡㅡ
만원,O
이네,O
싸다,O
ㅡㅡㅡ,ㅡㅡㅡ
하지만,O
좀,O
더,O
볼래,O
ㅡㅡㅡ,ㅡㅡㅡ
여기는,O
영일대해수욕장,O
이에요,O
ㅡㅡㅡ,ㅡㅡㅡ
핫스팟,O
아니,O
핫스팟이아니라,O
여길,O
뭐라,O
그러지,O
ㅡㅡㅡ,ㅡㅡㅡ
핫플레이스ㅋㅋㅋㅋ,O
핫스팟이라니ㅋㅋㅋ,O
ㅡㅡㅡ,ㅡㅡㅡ
마음에,O
들어,O
바다다,O
ㅡㅡㅡ,ㅡㅡㅡ
지금,O
딱,O
포항,O
에서,O
불꽃축제하는,O
기간이어서,O
맞춰왔는데,O
ㅡㅡㅡ,ㅡㅡㅡ
곧,O
불꽃축제,O
시작한다니까,O
기다렸다,O
맛있는,O
거,O
먹으러,O
가봅시다,O
ㅡㅡㅡ,ㅡㅡㅡ
나이,O
21살,O
김신도,O
ㅡㅡㅡ,ㅡㅡㅡ
혼자,O
놀기,O
고수,O
ㅡㅡㅡ,ㅡㅡㅡ
너무,O
웃기다,O
뭐하니,O
ㅡㅡㅡ,ㅡㅡㅡ
어머어머어머,O
왜,O
저래,O
ㅡㅡㅡ,ㅡㅡㅡ
저희,O
돗자리,O
깔고,O
치킨,O
을,O
샀어요,O
ㅡㅡㅡ,ㅡㅡㅡ
우와,O
뭐야,O
ㅡㅡㅡ,ㅡㅡㅡ
다시,O
올라가,O
신기해,O
ㅡㅡㅡ,ㅡㅡㅡ
진짜,O
멋있다,O
ㅡㅡㅡ,ㅡㅡㅡ
와,O
정말,O
예쁘다,O
ㅡㅡㅡ,ㅡㅡㅡ
나,O
해리포터,O
된,O
거,O
같아,O
어떡해,O
ㅡㅡㅡ,ㅡㅡㅡ
귀신같아,O
ㅡㅡㅡ,ㅡㅡㅡ
여러분,O
이거는,O
대구,B_LOC
통닭,O
ㅡㅡㅡ,ㅡㅡㅡ
한번,O
도,O
대구,B_LOC
통닭,O
을,O
먹어본,O
적이,O
없는데,O
ㅡㅡㅡ,ㅡㅡㅡ
포항,O
에서,O
유명한가,O
대구,B_LOC
에서,O
내려온,O
건데,O
포항,O
으로,O
내려온,O
거지,O
ㅡㅡㅡ,ㅡㅡㅡ
서울,O
에,O
없어요,O
없어요,O
ㅡㅡㅡ,ㅡㅡㅡ
전통,O
양념,O
맛이랑,O
후라이드,O
ㅡㅡㅡ,ㅡㅡㅡ
맛있다,O
ㅡㅡㅡ,ㅡㅡㅡ
교촌치킨,O
비슷하다,O
ㅡㅡㅡ,ㅡㅡㅡ
불꽃도,O
멋있고,O
닭,O
도,O
맛있고,O
ㅡㅡㅡ,ㅡㅡㅡ
빨간,O
양념,O
은,O
간장베이스,O
에,O
고춧가루,O
꿀,O
들어간,O
맛이에요,O
ㅡㅡㅡ,ㅡㅡㅡ
양념치킨,O
보다는,O
촉촉한,O
양념,O
같아요,O
ㅡㅡㅡ,ㅡㅡㅡ
교촌치킨,O
은,O
작은데,O
이건,O
큰,O
교촌치킨,O
먹는,O
거,O
같아요,O
ㅡㅡㅡ,ㅡㅡㅡ
어쨌든,O
바다를,O
바라보면,O
먹는,O
치킨,O
은,O
맛있다,O
ㅡㅡㅡ,ㅡㅡㅡ
불꽃놀이까지,O
더하면,O
더,O
좋다,O
ㅡㅡㅡ,ㅡㅡㅡ
우리,O
이거,O
먹자마자,O
바로,O
꿔바로우,O
먹으러,O
갈,O
거예요,O
탕수육,O
ㅡㅡㅡ,ㅡㅡㅡ
네,O
여기가,O
바로,O
꿔바로우,O
가,O
유명한,O
집인데요,O
ㅡㅡㅡ,ㅡㅡㅡ
여기,O
꿔바로우,O
가,O
정말,O
유명하다,O
네요,O
먹어봅시다,O
ㅡㅡㅡ,ㅡㅡㅡ
이게,O
소,O
인데,O
정말,O
많네요,O
ㅡㅡㅡ,ㅡㅡㅡ
근데,O
진짜,O
양,O
많다,O
ㅡㅡㅡ,ㅡㅡㅡ
이게,O
소자인게,O
난,O
너무,O
놀라워,O
ㅡㅡㅡ,ㅡㅡㅡ
와,O
맛있겠다,O
찹쌀,O
인가,O
봐,O
ㅡㅡㅡ,ㅡㅡㅡ
ㅡㅡㅡ,ㅡㅡㅡ
찹쌀,O
이,O
정말,O
많이,O
들어있다,O
ㅡㅡㅡ,ㅡㅡㅡ
쫀득쫀득,O
ㅡㅡㅡ,ㅡㅡㅡ
밀가루,O
가,O
1도,O
안,O
들어간,O
맛,O
ㅡㅡㅡ,ㅡㅡㅡ
밀가루,O
가,O
아니라,O
찹쌀,O
가득,O
ㅡㅡㅡ,ㅡㅡㅡ
바삭한,O
누룽지,O
에다가,O
고기,O
먹는,O
기분,O
ㅡㅡㅡ,ㅡㅡㅡ
이건,O
술,O
안주야,O
ㅡㅡㅡ,ㅡㅡㅡ
여자,O
3명,O
이서,O
꿔바로우,O
하나만,O
시켜,O
먹는,O
것도,O
웃겨,O
ㅡㅡㅡ,ㅡㅡㅡ
여자,O
3명,O
이서,O
난,O
남자야,O
ㅡㅡㅡ,ㅡㅡㅡ
순식간에,O
해치웠다,O
한다,O
잘,O
먹었습니다,O
ㅡㅡㅡ,ㅡㅡㅡ
이렇게,O
해서,O
오늘,O
1일차,O
는,O
끝났습니다,O
ㅡㅡㅡ,ㅡㅡㅡ
엄청,O
알차게,O
잘,O
놀다,O
언니,O
집에,O
들어왔는데,O
ㅡㅡㅡ,ㅡㅡㅡ
씻고,O
내일,O
재밌는,O
일정을,O
위해,O
오늘,O
은,O
여기까지,O
하겠습니다,O
ㅡㅡㅡ,ㅡㅡㅡ
재미있게,O
봐주신,O
분들은,O
좋아요,O
구독하기,O
눌러주시고,O
2일차,O
에서,O
만나요,O
안녕,O
ㅡㅡㅡ,ㅡㅡㅡ
여행을,O
온,O
듯한,O
느낌을,O
받을,O
수,O
있는,O
대구,B_LOC
카페을,O
다녀왔습니다,O
ㅡㅡㅡ,ㅡㅡㅡ
대구,B_LOC
근대역사관,B_TOR
맞은편,O
ㅡㅡㅡ,ㅡㅡㅡ
커피,O
가,O
맛있는,O
커피,O
전문점,O
ㅡㅡㅡ,ㅡㅡㅡ
넌테이블이라는,O
곳이에요,O
ㅡㅡㅡ,ㅡㅡㅡ
카페에,O
딱,O
뒤,O
로,O
돌게,O
되면,O
바로,O
대구근대역사관,B_TOR
보여요,O
ㅡㅡㅡ,ㅡㅡㅡ
야외도,O
있답니다,O
ㅡㅡㅡ,ㅡㅡㅡ
역사관보면서,O
커피,O
한잔,O
즐길,O
수,O
있는,O
곳이랍니다,O
ㅡㅡㅡ,ㅡㅡㅡ
들어가면,O
오픈형으로,O
되어,O
있더라구요,O
ㅡㅡㅡ,ㅡㅡㅡ
인테리어,O
깔끔하면서,O
너무,O
예뻤어요,O
ㅡㅡㅡ,ㅡㅡㅡ
매장이용,O
전에,O
손,O
소독제,O
사용했습니다,O
ㅡㅡㅡ,ㅡㅡㅡ
음악도,O
잔잔하게,O
틀려있어서,O
좋았어요,O
ㅡㅡㅡ,ㅡㅡㅡ
곳곳에,O
넌테이블만의,O
인테리어가,O
되어,O
있어요,O
ㅡㅡㅡ,ㅡㅡㅡ
커피,O
가,O
맛있는,O
대구,B_LOC
카페,O
랍니다,O
ㅡㅡㅡ,ㅡㅡㅡ
아늑한,O
대구,B_LOC
카페,O
ㅡㅡㅡ,ㅡㅡㅡ
대구,B_LOC
데이트,O
코스로도,O
되게,O
좋아요,O
ㅡㅡㅡ,ㅡㅡㅡ
커피,O
가,O
너무,O
맛있어서,O
좋았던,O
곳이고요,O
ㅡㅡㅡ,ㅡㅡㅡ
큰,O
전신,O
거울도,O
있었어요,O
ㅡㅡㅡ,ㅡㅡㅡ
안녕하세요,O
여러분,O
ㅡㅡㅡ,ㅡㅡㅡ
커피,O
는,O
두종류,O
원두,O
가,O
있었고요,O
ㅡㅡㅡ,ㅡㅡㅡ
핸드드립,O
한잔,O
이랑,O
바닐라라떼,O
이렇게,O
주문했어요,O
ㅡㅡㅡ,ㅡㅡㅡ
커피,O
와,O
함께,O
하여,O
쿠키,O
도,O
있어요,O
ㅡㅡㅡ,ㅡㅡㅡ
저는,O
초코쿠키,O
ㅡㅡㅡ,ㅡㅡㅡ
직접,O
커피,O
를,O
내리는,O
모습을,O
이렇게,O
볼,O
수,O
있어서,O
좋아요,O
ㅡㅡㅡ,ㅡㅡㅡ
커피,O
향이,O
솔솔,O
아니고,O
너무,O
좋았네요,O
ㅡㅡㅡ,ㅡㅡㅡ
핸드드립,O
바닐라라떼,O
초코쿠키,O
ㅡㅡㅡ,ㅡㅡㅡ
설명서도,O
준답니다,O
ㅡㅡㅡ,ㅡㅡㅡ
사람들이,O
많이,O
없던,O
시간이라,O
야외,O
자리하셨습니다,O
ㅡㅡㅡ,ㅡㅡㅡ
여기는,O
포토존이랍니다,O
ㅡㅡㅡ,ㅡㅡㅡ
커피,O
도,O
진짜,O
너무,O
맛있었어요,O
ㅡㅡㅡ,ㅡㅡㅡ
쿠키,O
도,O
둘,O
다,O
맛있는데,O
저는,O
초코쿠키,O
더,O
좋아한답니다,O
ㅡㅡㅡ,ㅡㅡㅡ
바닐라라떼,O
먼저,O
ㅡㅡㅡ,ㅡㅡㅡ
많이,O
달지,O
않고,O
진한,O
커피,O
를,O
즐길,O
수,O
있어서,O
저는,O
바닐라라떼,O
반했어요,O
ㅡㅡㅡ,ㅡㅡㅡ
맛있는,O
커피,O
먹고,O
홀릭,O
핸드드립,O
커피,O
도,O
맛있더라고요,O
ㅡㅡㅡ,ㅡㅡㅡ
역시,O
커피전문점에서,O
먹는,O
커피,O
가,O
진짜,O
맛있어요,O
초코쿠키,O
ㅡㅡㅡ,ㅡㅡㅡ
식감도,O
너무,O
좋잖아요,O
ㅡㅡㅡ,ㅡㅡㅡ
오독오독,O
씹히는,O
식감이,O
정말,O
좋더라구요,O
ㅡㅡㅡ,ㅡㅡㅡ
커피,O
랑,O
같이,O
하나씩,O
먹으면,O
진짜,O
좋을,O
것,O
같아요,O
ㅡㅡㅡ,ㅡㅡㅡ
대구,B_LOC
데이트,O
코스로도,O
좋습니다,O
ㅡㅡㅡ,ㅡㅡㅡ
사진도,O
진짜,O
많이,O
찍을,O
수,O
있었고요,O
ㅡㅡㅡ,ㅡㅡㅡ
스티커붙이기,O
ㅡㅡㅡ,ㅡㅡㅡ
커피,O
가,O
맛있어서,O
바닐라라떼,O
완전,O
반했어요,O
ㅡㅡㅡ,ㅡㅡㅡ
마지막으로,O
포토존에서,O
사진,O
찍고,O
왔습니다,O
ㅡㅡㅡ,ㅡㅡㅡ
대구,B_LOC
에,O
있는,O
예쁜,O
꽃,O
앞으로,O
많이,O
알려,O
드릴게요,O
ㅡㅡㅡ,ㅡㅡㅡ
구독,O
좋아요,O
부탁드려요,O
ㅡㅡㅡ,ㅡㅡㅡ
안녕하세요,O
여러분,O
ㅡㅡㅡ,ㅡㅡㅡ
오늘,O
저녁,O
에는,O
매운어묵탕,O
이랑,O
계란찜,O
을,O
해먹을거예요,O
ㅡㅡㅡ,ㅡㅡㅡ
먼저,O
물,O
두컵,O
넣고,O
ㅡㅡㅡ,ㅡㅡㅡ
육수팩,O
넣고,O
끓여줄게요,O
ㅡㅡㅡ,ㅡㅡㅡ
물이,O
적어보여서,O
한컵,O
추가,O
ㅡㅡㅡ,ㅡㅡㅡ
그,O
다음에는,O
무,O
를,O
숭덩숭덩,O
썰어줍니다,O
ㅡㅡㅡ,ㅡㅡㅡ
어묵탕,O
에는,O
무,O
를,O
같이,O
넣어줘야,O
깊은,O
맛이,O
나더라구요,O
ㅡㅡㅡ,ㅡㅡㅡ
든든하게,O
두부,O
도,O
반,O
모,O
ㅡㅡㅡ,ㅡㅡㅡ
도망,O
ㅡㅡㅡ,ㅡㅡㅡ
체포,O
ㅡㅡㅡ,ㅡㅡㅡ
육수가,O
끓기,O
시작하면,O
ㅡㅡㅡ,ㅡㅡㅡ
썰어,O
놓은,O
무,O
를,O
넣고,O
같이,O
끓여줍니다,O
ㅡㅡㅡ,ㅡㅡㅡ
다진마늘,O
ㅡㅡㅡ,ㅡㅡㅡ
고춧가루,O
두스푼,O
ㅡㅡㅡ,ㅡㅡㅡ
설탕,O
한스푼,O
ㅡㅡㅡ,ㅡㅡㅡ
간장,O
한스푼,O
ㅡㅡㅡ,ㅡㅡㅡ
마지막으로,O
고추장,O
한스푼,O
넣고,O
섞어줄게요,O
ㅡㅡㅡ,ㅡㅡㅡ
이제,O
육수팩은,O
뺴고,O
ㅡㅡㅡ,ㅡㅡㅡ
양념장,O
넣고,O
잘,O
섞어용,O
ㅡㅡㅡ,ㅡㅡㅡ
휘적휘적,O
ㅡㅡㅡ,ㅡㅡㅡ
이제,O
어묵탕,O
의,O
하이라이트,O
어묵꼬치,O
를,O
만들거예요,O
ㅡㅡㅡ,ㅡㅡㅡ
두번,O
접어서,O
꼬챙이에,O
끼워주면,O
됩니다,O
ㅡㅡㅡ,ㅡㅡㅡ
생각보다,O
이,O
많이,O
들어가는,O
작업이지만,O
ㅡㅡㅡ,ㅡㅡㅡ
한개씩,O
완성할때마다,O
뿌듯해요,O
ㅎㅎ,O
ㅡㅡㅡ,ㅡㅡㅡ
으로,O
구겨넣는,O
중,O
ㅡㅡㅡ,ㅡㅡㅡ
마지막,O
한개,O
까지,O
완성,O
ㅡㅡㅡ,ㅡㅡㅡ
귀여운,O
어묵꼬치,O
들,O
ㅡㅡㅡ,ㅡㅡㅡ
바로,O
냄비에,O
넣어버릴거예요,O
ㅡㅡㅡ,ㅡㅡㅡ
먼저,O
콩나물,O
듬뿍,O
ㅡㅡㅡ,ㅡㅡㅡ
만들어,O
놓은,O
어묵꼬치,O
도,O
전부,O
넣어줍니다,O
ㅡㅡㅡ,ㅡㅡㅡ
두부,O
ㅡㅡㅡ,ㅡㅡㅡ
만두,O
랑,O
유부,O
ㅡㅡㅡ,ㅡㅡㅡ
미니,O
어묵,O
ㅡㅡㅡ,ㅡㅡㅡ
떡,O
이랑,O
수제비,O
까지,O
넣어주면,O
준비,O
끝,O
ㅡㅡㅡ,ㅡㅡㅡ
어묵꼬치,O
는,O
끓이면서,O
한번씩,O
뒤집어서,O
ㅡㅡㅡ,ㅡㅡㅡ
양념,O
이,O
골고루,O
잘,O
묻을,O
수,O
있도록,O
해줄게요,O
ㅡㅡㅡ,ㅡㅡㅡ
다른,O
재료들에도,O
소스를,O
적셔주면서,O
끓이면,O
더,O
맛있어요,O
ㅡㅡㅡ,ㅡㅡㅡ
사이드로,O
먹을,O
계란찜,O
도,O
준비,O
ㅡㅡㅡ,ㅡㅡㅡ
계란,O
두개,O
넣고,O
잘,O
휘저어줍니다,O
ㅡㅡㅡ,ㅡㅡㅡ
소금,O
ㅡㅡㅡ,ㅡㅡㅡ
물,O
약간,O
넣고,O
전자렌지,O
3분,O
ㅡㅡㅡ,ㅡㅡㅡ
어묵탕,O
도,O
딱,O
알맞게,O
완성되었어요,O
ㅡㅡㅡ,ㅡㅡㅡ
전자렌지,O
넣어놨던,O
계란찜,O
도,O
완성,O
ㅡㅡㅡ,ㅡㅡㅡ
파슬리,O
톡톡,O
ㅡㅡㅡ,ㅡㅡㅡ
어묵,O
으로,O
쨘,O
ㅡㅡㅡ,ㅡㅡㅡ
음,O
ㅡㅡㅡ,ㅡㅡㅡ
매콤하고,O
칼칼해서,O
너무,O
맛있어요,O
ㅡㅡㅡ,ㅡㅡㅡ
술,O
마신,O
다음날,O
생각나는,O
맛,O
ㅡㅡㅡ,ㅡㅡㅡ
계란찜,O
도,O
맛있어,O
ㅡㅡㅡ,ㅡㅡㅡ
맛있어,O
ㅡㅡㅡ,ㅡㅡㅡ
보들보들,O
촉촉,O
ㅡㅡㅡ,ㅡㅡㅡ
오빠,O
김치만두,O
먹어,O
ㅡㅡㅡ,ㅡㅡㅡ
김치만두,O
야,O
ㅡㅡㅡ,ㅡㅡㅡ
응,O
아마,O
이게,O
김치만두,O
고,O
그게,O
고기만두,O
일걸,O
ㅡㅡㅡ,ㅡㅡㅡ
맛있네,O
ㅡㅡㅡ,ㅡㅡㅡ
고춧가루,O
때문에,O
기침,O
이,O
나와요,O
ㅡㅡㅡ,ㅡㅡㅡ
오늘,O
도,O
행복한,O
저녁식사시간,O
ㅡㅡㅡ,ㅡㅡㅡ
먹으면서,O
시작하는,O
아침,O
ㅡㅡㅡ,ㅡㅡㅡ
치과,O
갔다가,O
죽,O
사왔어요,O
ㅡㅡㅡ,ㅡㅡㅡ
제가,O
좋아하는,O
버섯,O
굴죽,O
ㅡㅡㅡ,ㅡㅡㅡ
본죽,O
은,O
사실,O
죽,O
도,O
맛있지만,O
ㅡㅡㅡ,ㅡㅡㅡ
같이,O
나오는,O
반찬들이,O
너무,O
맛있어요,O
ㅡㅡㅡ,ㅡㅡㅡ
특히,O
장조림,O
사랑해,O
ㅡㅡㅡ,ㅡㅡㅡ
정갈한,O
한상,O
ㅡㅡㅡ,ㅡㅡㅡ
잘먹겠습니다,O
ㅡㅡㅡ,ㅡㅡㅡ
죽,O
한입,O
먹고,O
장조림,O
한입,O
ㅡㅡㅡ,ㅡㅡㅡ
통통한,O
굴,O
이랑,O
버섯,O
이,O
너무,O
맛있어요,O
ㅡㅡㅡ,ㅡㅡㅡ
내사랑,O
장조림,O
ㅡㅡㅡ,ㅡㅡㅡ
가자미식해,O
는,O
그냥,O
반찬으로,O
먹어도,O
맛있지만,O
ㅡㅡㅡ,ㅡㅡㅡ
이렇게,O
죽이,O
랑,O
섞어먹어도,O
별미예요,O
ㅡㅡㅡ,ㅡㅡㅡ
버섯굴죽,O
은,O
탁월한,O
메뉴선정이었습니다,O
ㅡㅡㅡ,ㅡㅡㅡ
바닥까지,O
너무,O
깨끗하게,O
먹었네요,O
ㅡㅡㅡ,ㅡㅡㅡ
잘먹었습니다,O
ㅡㅡㅡ,ㅡㅡㅡ
밥,O
먹었지만,O
디저트,O
배,O
는,O
따로,O
있어서,O
ㅡㅡㅡ,ㅡㅡㅡ
일하면서,O
먹을,O
던킨도넛,O
가져왔어요,O
ㅎㅎ,O
ㅡㅡㅡ,ㅡㅡㅡ
먼저,O
카카오,O
맛,O
하나,O
랑,O
오리지널,O
하나,O
ㅡㅡㅡ,ㅡㅡㅡ
딸기잼,O
맛,O
ㅡㅡㅡ,ㅡㅡㅡ
한개,O
더먹을까,O
말까,O
고민중,O
ㅡㅡㅡ,ㅡㅡㅡ
유혹을,O
참지,O
못했습니다,O
ㅡㅡㅡ,ㅡㅡㅡ
간식,O
있으니까,O
일할,O
맛,O
나네요,O
ㅡㅡㅡ,ㅡㅡㅡ
20분마다,O
1개씩,O
아껴먹으려고,O
했는데,O
ㅡㅡㅡ,ㅡㅡㅡ
1분,O
일하고,O
5분째,O
먹는,O
중,O
ㅡㅡㅡ,ㅡㅡㅡ
이쯤,O
되면,O
일하면서,O
먹는,O
게,O
아니라,O
ㅡㅡㅡ,ㅡㅡㅡ
먹으면서,O
일하는,O
척,O
하는거네요,O
머쓱,O
ㅡㅡㅡ,ㅡㅡㅡ
오늘,O
의,O
브이로그는,O
여기까지입니다,O
ㅡㅡㅡ,ㅡㅡㅡ
지금,O
엄마,O
가게,O
알바,O
하려고,O
방금,O
막,O
도착했어요,O
ㅡㅡㅡ,ㅡㅡㅡ
앞치마,O
도,O
하고,O
ㅡㅡㅡ,ㅡㅡㅡ
이제,O
알바를,O
하러,O
가야돼요,O
ㅡㅡㅡ,ㅡㅡㅡ
하루종일,O
서서,O
일을,O
해야,O
되는,O
거라,O
항상,O
일을,O
하고,O
나면,O
다리,O
가,O
아프더라고요ㅠㅠ,O
ㅡㅡㅡ,ㅡㅡㅡ
김밥,O
도,O
싸고,O
ㅡㅡㅡ,ㅡㅡㅡ
엄마,O
가,O
커피,O
사줘서,O
먹으면서,O
일했어요,O
ㅎㅎ,O
ㅡㅡㅡ,ㅡㅡㅡ
피곤해서,O
들었는데,O
달달한,O
거,O
먹으면서,O
하니까,O
기분도,O
좋아지더라고요,O
ㅎㅎ,O
ㅡㅡㅡ,ㅡㅡㅡ
달달한,O
거,O
먹으면,O
기분이,O
좋아지더라고요,O
저만,O
그런가요,O
ㅎㅎ,O
ㅡㅡㅡ,ㅡㅡㅡ
구독자,O
분께서,O
주셨어요,O
ㅠㅠ,O
잘먹었어요,O
ㅎㅎ,O
ㅡㅡㅡ,ㅡㅡㅡ
이제부터,O
주말마다,O
엄마,O
가게에서,O
알바하기,O
때문에,O
일요일,O
에도,O
나왔어요,O
ㅎㅎ,O
ㅡㅡㅡ,ㅡㅡㅡ
오늘,O
은,O
라떼,O
를,O
먹었어요,O
ㅎㅎ,O
ㅡㅡㅡ,ㅡㅡㅡ
잘먹었어요,O
ㅎㅎ,O
진짜,O
고마워요,O
흑,O
ㅠㅠ,O
ㅡㅡㅡ,ㅡㅡㅡ
뭐든지,O
하기,O
전에는,O
엄청,O
피곤하고,O
든데,O
다,O
하고,O
나서의,O
뿌듯함은,O
잊을,O
수가,O
없어요,O
ㅎㅎ,O
ㅡㅡㅡ,ㅡㅡㅡ
이제,O
저는,O
알바를,O
마치고,O
집에,O
갈거예요,O
ㅡㅡㅡ,ㅡㅡㅡ
주말마다,O
엄마,O
가게에서,O
알바해용,O
놀러와서,O
먹고가세오,O
ㅎㅎ,O
ㅡㅡㅡ,ㅡㅡㅡ
