﻿word,ner
대학생,O
브이로그,O
대전,B_LOC
백신,O
접종,O
킨토토,B_RES
교보문고,O
디퓨저,O
수앙스튜디오,O
첫,O
유튜브,O
ㅡㅡㅡ,ㅡㅡㅡ
쳐먹는일기,O
5,O
대전,B_LOC
동생,O
네,O
가서,O
오지게,O
먹는,O
브이로그,O
1,O
성심당,B_CAF
당면튀김떡볶이,O
마라탕,O
파스타,O
마카롱,O
ㅡㅡㅡ,ㅡㅡㅡ
일상,O
브이로그,O
데이트,O
브이로그,O
쉬는날,O
갤러리아타임월드,O
언박싱,O
갈마동,B_LOC
주감,B_RES
레드프레임,B_CAF
대전,B_LOC
갈비,O
집,O
성심당,B_CAF
버거킹,O
먹로그,O
ㅡㅡㅡ,ㅡㅡㅡ
대전,B_LOC
브이로그,O
주말,O
일상,O
대전,B_LOC
카페,O
추천,O
대흥동,B_LOC
카페,O
대흥동,B_LOC
펍,O
몽펍,B_RES
폴리스백,B_CAF
ㅡㅡㅡ,ㅡㅡㅡ
대전,B_LOC
여행,O
브이로그,O
자매,O
의,O
힐링,O
1박2일,O
추억여행,O
포토이즘감성숙소엽떡로제,O
대전,B_LOC
카페,O
성심당,B_CAF
ㅡㅡㅡ,ㅡㅡㅡ
대전,B_LOC
브이로그,O
대전,B_LOC
가볼만한곳ㅣ,O
루즈커피,B_CAF
ㅣ,O
은행동,B_LOC
연ㅣ으느정이거리,O
ㅣ,O
킨토토,B_RES
ㅣ,O
성심당,B_CAF
ㅣ,O
친구,O
결혼식ㅣ,O
상주,O
가볼만한곳ㅣ,O
뉴발327그레이,O
ㅡㅡㅡ,ㅡㅡㅡ
1박2일,O
대전,B_LOC
먹부림,O
여행,O
먹방,O
브이로그,O
성심당,B_CAF
매운닭볶음탕,O
얼큰이칼국수,B_RES
떡반집,O
떡볶이,O
토스트,O
시장,O
길거리,O
음식,O
털기,O
ㅡㅡㅡ,ㅡㅡㅡ
술상로그,O
대전,B_LOC
당일치기,O
여행의,O
바이블,O
제한시간은,O
6시간,O
찐토박이가,O
친구,O
들,O
끌고,O
다니는,O
일상,O
브이로그,O
오씨칼국수,B_RES
와인,O
카페,O
태평소국밥,B_RES
낮술,O
성심당,B_CAF
ㅡㅡㅡ,ㅡㅡㅡ
대전,B_LOC
나들이,O
브이로그,O
노잼도시라뇨,O
대전,B_LOC
맛집,O
39,O
우츠,B_RES
39,O
대전,B_LOC
카페,O
39,O
하치,B_CAF
39,O
39,O
버터피,B_CAF
39,O
39,O
브루,B_CAF
39,O
이,O
코스로만,O
다니면,O
대잼유잼,O
ㅡㅡㅡ,ㅡㅡㅡ
쳐먹는일기6,O
가족,O
들이랑,O
대전,B_LOC
데이트하고,O
먹는,O
브이로그,O
오씨칼국수,B_RES
성심당,B_CAF
한밭수목원,B_TOR
대하구이,O
도다리회,O
오징어회,O
ㅡㅡㅡ,ㅡㅡㅡ
여행,O
브이로그,O
우정,O
여행,O
대전,B_LOC
여행,O
호캉스,O
주꾸미,O
칼국수,O
성심당,B_CAF
대전,B_LOC
라마다호텔,O
오락실,O
기차여행,O
여름,O
휴가,O
먹방,O
국내여행,O
ㅡㅡㅡ,ㅡㅡㅡ
대전,B_LOC
브이로그,O
대전,B_LOC
카페,O
투어,O
탄방동,B_LOC
리풀,B_CAF
임프레션커피컴퍼니,B_CAF
둔산동,B_LOC
리셉션,O
갈마동,B_LOC
하치카페,B_CAF
에맥앤볼리오스,B_CAF
ㅡㅡㅡ,ㅡㅡㅡ
여행브이로그,O
대전,B_LOC
2박3일,O
여행,O
3부,O
성심당,B_CAF
튀김소보로,O
부추빵,O
태평소국밥,B_RES
대전,B_LOC
맛집,O
대전,B_LOC
카페,O
대청호,B_TOR
카페,O
팡시온,B_CAF
ㅡㅡㅡ,ㅡㅡㅡ
미루고,O
미루다,O
올린,O
대전,B_LOC
여행,O
브이로그,O
첫탑승,O
대전,B_LOC
소품샵,O
대전카라멜,B_RES
도라네케이크박물관,O
폴리스백,B_CAF
성심당,B_CAF
포케153,B_RES
ㅡㅡㅡ,ㅡㅡㅡ
여행,O
당일치기,O
대전,B_LOC
브이로그,O
성심당,B_CAF
커피,B_CAF
인터뷰,I_CAF
오씨칼국수,B_RES
육탕,O
먹방여행,O
빵,O
7만원치,O
여행의,O
마무리는,O
과자폭식,O
ㅡㅡㅡ,ㅡㅡㅡ
코로나,O
시국의,O
오타쿠,O
대전,B_LOC
여행,O
브이로그,O
2탄,O
성심당,B_CAF
대전,B_LOC
맛집,O
대전,B_LOC
소품샵,O
대전,B_LOC
굿즈샵,O
마왕,O
ㅡㅡㅡ,ㅡㅡㅡ
평범한,O
대학생,O
의,O
대전,B_LOC
당일치기,O
여행,O
브이로그,O
먹으러,O
떠난,O
여행,O
성심당,B_CAF
빵,O
마카롱,O
인생연어초밥,O
잘,O
먹는,O
브이로그,O
다영,O
ㅡㅡㅡ,ㅡㅡㅡ
대전,B_LOC
여행,O
대전,B_LOC
당일치기,O
여행,O
브이로그,O
디저트,O
처순이,O
빵,O
지순례,O
맛집,O
탐방,O
먹부림,O
여행,O
성심당,B_CAF
ㅡㅡㅡ,ㅡㅡㅡ
먹기만하는,O
1박2일,O
대전여행,O
브이로그,O
서양국수,O
오씨칼국수,B_RES
도우모,B_RES
성심당,B_CAF
감성카페,O
ㅡㅡㅡ,ㅡㅡㅡ
11,O
대전,B_LOC
브이로그,O
고등학교,O
친구,O
와,O
은행동,B_LOC
상소동산,B_TOR
림욕장,I_TOR
한남대,O
뿌시기,O
성심당,B_CAF
튀김소보,O
로,O
ㅡㅡㅡ,ㅡㅡㅡ
대전브이로그,O
4월달,O
에,O
찍은,O
브이로그,O
친구,O
랑,O
노는,O
일상,O
대전,B_LOC
목수정,B_CAF
치즈한모,O
소품샵,O
소소로와,B_TOR
잡황호점,O
포토이즘,O
성심당,B_CAF
진양곱창,B_RES
먹방브이로그,O
먹방,O
ㅡㅡㅡ,ㅡㅡㅡ
일상브이로그,O
데이트,O
오월드,B_TOR
대전,B_LOC
데이트,O
놀이공원,O
오늘,O
의유나,O
ㅡㅡㅡ,ㅡㅡㅡ
대전,B_LOC
오월드,B_TOR
자유이용권,O
브이로그,O
주랜드,O
플라워랜드,O
조이랜드,O
버드랜드,O
ㅡㅡㅡ,ㅡㅡㅡ
가온,O
브이로그,O
당일치기,O
대전,B_LOC
여행,O
카라멜,B_RES
사무실,O
미술관,O
도장깨기,O
교집합,O
성심당,B_CAF
에서,O
빵,O
쇼핑,O
ㅡㅡㅡ,ㅡㅡㅡ
칼국수,O
에,O
진심인,O
대전,B_LOC
여행,O
브이로그,O
오씨칼국수,B_RES
동원칼국수,B_RES
공주칼국수,B_RES
현복도넛,B_CAF
교원파닭,B_RES
프렐류드스튜디오,O
성심당,B_CAF
ㅡㅡㅡ,ㅡㅡㅡ
예비고,O
3,O
의,O
대전,B_LOC
은행동,B_LOC
브이로그,O
두끼,O
먹으러,O
대전,B_LOC
행,O
성심당,B_CAF
정직한,O
후보,O
인생,O
4컷,O
튀김,O
소보로,O
스티커,O
사진,O
서브웨이,O
쿠키,O
아마스빈,O
버블티,O
메가박스,O
할머니,O
룩,O
ㅡㅡㅡ,ㅡㅡㅡ
대전,B_LOC
오월드,B_TOR
브이로그,O
윤아이,O
주,O
중학생,O
소풍현체,O
놀이공원,O
메이크업,O
일상,O
ㅡㅡㅡ,ㅡㅡㅡ
충남대,O
약대생,O
브이로그,O
약국실습,O
대전역,O
성심당,B_CAF
ㅡㅡㅡ,ㅡㅡㅡ
대전,B_LOC
여행,O
비,O
오는,O
날,O
혼자하는,O
감성여행,O
브이로그,O
대전,B_LOC
핫플,O
킨토토,B_RES
하치카페,B_CAF
관사촌커피,B_CAF
성심당,B_CAF
ㅡㅡㅡ,ㅡㅡㅡ
대전,B_LOC
뉴트로여행,O
브이로그,O
소제동카페,O
대동벽화마을,O
김화칼국수,B_RES
성심당,B_CAF
근현대사전시관,B_TOR
철도중앙시장,B_TOR
스모프치킨,B_RES
ㅡㅡㅡ,ㅡㅡㅡ
먹빵,O
브이로그,O
대전,B_LOC
에는,O
성심당,B_CAF
만,O
있다구요,O
대전,B_LOC
빵지순례,O
1탄,O
빵집투어,O
제로페이,O
연선흠과자점,B_CAF
하레하레,B_CAF
르뺑991,B_CAF
몽심,B_CAF
보보로베이커리,B_CAF
파이룸,B_CAF
ㅡㅡㅡ,ㅡㅡㅡ
대전,B_LOC
여행,O
소제동,B_LOC
브이로그,O
치앙마이방콕,B_RES
층층층,B_CAF
오씨칼국수,B_RES
대동벽화마을,O
탐방기,O
ㅡㅡㅡ,ㅡㅡㅡ
먹방,O
브이로그저,O
빵순이,O
아닌데요,O
2,O
서울페이스트리,O
도넛,O
대전,B_LOC
당일치기,O
흥따,O
낙타,O
성심당,B_CAF
빵,O
콩국수,O
떡반집ㅣ,O
ㅣ폭식,O
브이로그,O
ㅡㅡㅡ,ㅡㅡㅡ
치팅데이,O
브이로그,O
대전,B_LOC
토박이의,O
성심당,B_CAF
빵,O
먹방,O
얼큰한,O
라면,O
으로,O
빵,O
해장까지,O
숨겨진,O
성심당,B_CAF
존맛,O
빵,O
추천까지,O
행복은가까이에,O
있다,O
ㅡㅡㅡ,ㅡㅡㅡ
일상브이로그,O
대전브이로그,O
소제동,B_LOC
온천집,O
소제동,B_LOC
오아시스,B_CAF
디까르네,B_RES
카페오스트리아빈,B_CAF
규히바치,B_RES
ㅡㅡㅡ,ㅡㅡㅡ
2,O
대전,B_LOC
숩투어,O
빅톤,O
공식,O
팬클럽,O
앨리스,O
2기,O
키트,O
언박싱,O
쥬씨,O
칼국수,O
성심당,B_CAF
빅키봉,O
덕질,O
브이로그,O
ㅡㅡㅡ,ㅡㅡㅡ
당일치기,O
대전,B_LOC
먹방여행,O
성심당,B_CAF
뿌셔,O
맛집투어,O
디저,O
트카페,O
막걸리,O
맛집,O
ㅡㅡㅡ,ㅡㅡㅡ
베어스팬이글스파크,O
에,O
가다야구장,O
직관,O
대전,B_LOC
여행,O
브이로그프리미엄버스,O
대선,B_RES
칼국수,I_RES
성심당,B_CAF
두산베어스,O
한화이글스,O
ㅡㅡㅡ,ㅡㅡㅡ
나홀로,O
아날로그,O
갬성,O
찾기,O
ㅣ,O
성심당,B_CAF
빵집,O
후기,O
ㅣ,O
대전,B_LOC
에서,O
혼자노는,O
브이로그,O
ㅡㅡㅡ,ㅡㅡㅡ
2박3일,O
대전,B_LOC
여행,O
브이로그,O
택시,O
투어,O
상소동산림욕장,B_TOR
왕관식당,B_RES
성심당,B_CAF
카페소신,B_CAF
조인공작소,O
라탄체험,O
ㅡㅡㅡ,ㅡㅡㅡ
대학생,O
브이로그,O
별거,O
없는,O
일상,O
브이로그,O
대전,B_LOC
오씨칼국수,B_RES
카페,B_CAF
모먼트,I_CAF
크렘드마롱크루아상,O
크림빵,O
ㅡㅡㅡ,ㅡㅡㅡ
대전,B_LOC
맛집,O
여행,O
브이로그,O
성심당,B_CAF
한밭수목원,B_TOR
순대국밥,O
스카이로드,O
커플,O
데이트,O
드라이브,O
당일치기,O
국내,O
여행,O
ㅡㅡㅡ,ㅡㅡㅡ
롯데월드,O
에버랜드,O
아니,O
대전,B_LOC
오월드,B_TOR
뒤죽박죽,O
브이로그,O
오월드,B_TOR
주말,O
공연팀,O
01,O
ㅡㅡㅡ,ㅡㅡㅡ
쭌,O
유,O
커플,O
브이로그,O
4년차,O
커플,O
들이,O
노는,O
방법,O
대전,B_LOC
오월드,B_TOR
데이트,O
ㅡㅡㅡ,ㅡㅡㅡ
대전,B_LOC
사랑해,O
일상,O
현지인,O
추천,O
대전,B_LOC
맛집,O
투어,O
대흥동,B_LOC
은행동,B_LOC
중앙시장,B_TOR
성심당,B_CAF
빵,O
구경,O
먹방,O
브이로그,O
ㅡㅡㅡ,ㅡㅡㅡ
대전,B_LOC
여행,O
맛집,O
브이로그,O
2,O
중앙시장,B_TOR
만두,O
떡볶이,O
닭볶음탕,O
꿔바로우,O
성심당,B_CAF
빵케이크,O
두부두루치기수육,O
대전,B_LOC
맛집추천,O
아오님,O
ㅡㅡㅡ,ㅡㅡㅡ
등산,O
브이로그,O
일상,O
브이로그,O
대전,B_LOC
현대아울렛,O
수플레,O
만들기,O
카페,O
인터뷰,O
언박싱,O
낫띵리튼호보백,O
ㅡㅡㅡ,ㅡㅡㅡ
유잼도시,O
대전,B_LOC
여행,O
1박2일,O
브이로그,O
한밭수목원,B_TOR
시립미술관,O
오씨칼국수,B_RES
독립서점,O
다다르다,B_TOR
성심당,B_CAF
ㅡㅡㅡ,ㅡㅡㅡ
집순이,O
브이로그,O
친구,O
랑,O
대전,B_LOC
데이트,O
소품샵돌아다니기,O
대전,B_LOC
맛집,O
카라멜,B_RES
파스타,O
맛집,O
거의,O
먹방,O
ㅡㅡㅡ,ㅡㅡㅡ
5월,O
브이로그,O
1,O
대전,B_LOC
소제동,B_LOC
관사촌커피,B_CAF
온천집,B_RES
대동,B_TOR
하늘공원,I_TOR
ㅡㅡㅡ,ㅡㅡㅡ
무야홍,O
대전,B_LOC
여행,O
브이로그ㅣ,O
아롱,O
가이드,O
와,O
함께,O
하는,O
대전,B_LOC
탐방기,O
대전,B_LOC
여행,O
카라멜,B_RES
성심당,B_CAF
ㅡㅡㅡ,ㅡㅡㅡ
대전,B_LOC
에서,O
힐링하고,O
온,O
주말,O
일상,O
브이로그,O
성심당,B_CAF
ㅡㅡㅡ,ㅡㅡㅡ
여행,O
대전,B_LOC
여행,O
2,O
한밭수목원,B_TOR
미술관투어,O
오시우,B_CAF
카페,O
은행동,B_LOC
맛집,O
대전,B_LOC
의,O
마지막은,O
성심당,B_CAF
ㅡㅡㅡ,ㅡㅡㅡ
4월,O
커피,B_CAF
인터뷰,I_CAF
대전브이로그,O
성심당,B_CAF
동백카츠,B_RES
대전,B_LOC
맛집,O
ㅡㅡㅡ,ㅡㅡㅡ
대학생,O
브이로그,O
주말동안,O
대전,B_LOC
에서,O
연수듣고,O
맛집탐방하는,O
일상들,O
이벤트도,O
있다구,O
오씨칼국수,B_RES
오복식탁,B_RES
정관장굿베이스,O
성심당,B_CAF
찹싸루니,O
ㅡㅡㅡ,ㅡㅡㅡ
빵폭식,O
인천,O
빵,O
부터,O
대전,B_LOC
빵,O
까지,O
먹방브이로그,O
대전,B_LOC
성심당,B_CAF
청라,O
빵집,O
미들웨이,O
서브웨이,O
ㅡㅡㅡ,ㅡㅡㅡ
대전,B_LOC
브런치,O
카페,O
성심당,B_CAF
인생사진,O
군산,O
여자,O
대전,B_LOC
브이로그,O
마지막편,O
군산,O
여자,O
2,O
ㅡㅡㅡ,ㅡㅡㅡ
짧은,O
대전,B_LOC
브이로그,O
와요사무실카페,O
커피,O
카라멜,B_RES
ㅡㅡㅡ,ㅡㅡㅡ
1박2일,O
대전,B_LOC
여행,O
1편,O
첫,O
브이로그,O
두부두루치기,O
칼국수,O
맛집,O
성심당,B_CAF
예쁜,O
카페,O
오락실,O
숙소에서,O
노는,O
법,O
화채,O
ㅡㅡㅡ,ㅡㅡㅡ
대전,B_LOC
나들이,O
브이로그,O
포토이즘,O
셀프,O
사진관,O
성심당,B_CAF
ㅡㅡㅡ,ㅡㅡㅡ
대전,B_LOC
옥천,O
브이로그,O
옥천수생식물학습원,O
자연,O
힐링,O
성심당,B_CAF
빵,O
ㅡㅡㅡ,ㅡㅡㅡ
여행,O
브이로그,O
당일치기,O
대전,B_LOC
먹방여행,O
돼지런하게,O
삼시오끼,O
실천하고,O
왔다,O
성심당,B_CAF
바로그집,B_RES
한영식당,B_RES
디어딜라이트,O
머스탱,O
ㅡㅡㅡ,ㅡㅡㅡ
대전,B_LOC
일상,O
브이로그,O
50,O
대전,B_LOC
맛집,O
소개,O
킨토토,B_RES
도프차일드키친,B_RES
사나고카페,B_CAF
대전,B_LOC
소품샵잠시다락,O
ㅡㅡㅡ,ㅡㅡㅡ
10월,O
브이로그,O
실낙원,O
덕수궁,O
랜디스,O
도넛,O
생활수집,O
대전,B_LOC
신세계,O
르윈,B_CAF
성심당,B_CAF
터프팅공방창업,O
실바니안패밀리,O
ㅡㅡㅡ,ㅡㅡㅡ
오늘의,O
일상,O
03,O
육아,O
브이로그,O
대전,B_LOC
아쿠아리움,O
어린이날,O
첫,O
문화센터,O
오감발달,O
수업,O
8개월,O
아기,O
26살,O
엄마,O
ㅡㅡㅡ,ㅡㅡㅡ
호캉스,O
브이로그,O
라마다호텔,O
대전,B_LOC
여행,O
대한민국,O
숙박대전,O
진로집,O
성심당,B_CAF
케익부띠끄,B_CAF
ㅡㅡㅡ,ㅡㅡㅡ
일상,O
브이로그,O
직장인,O
쌀국수,O
뿌링클,O
성심당,B_CAF
대전,O
칼국수,O
로제파스타,O
스테이크,O
카페먹방,O
ㅡㅡㅡ,ㅡㅡㅡ
인천대,O
편입시험,O
브이로그,O
용우동,O
새우튀김,O
우동,O
대전,B_LOC
성심당,B_CAF
루챠,O
시험,O
브이로그,O
ㅡㅡㅡ,ㅡㅡㅡ
56,O
대전즈투어,O
대전,B_LOC
여행,O
대전,B_LOC
당일치기,O
대전,B_LOC
얼큰이칼국수,B_RES
성심당,B_CAF
덕질,O
브이로그에비뉴,O
브이로그일상,O
브이로그,O
6,O
전웅,O
김동현,O
ㅡㅡㅡ,ㅡㅡㅡ
브이로그,O
우당탕탕,O
대전,B_LOC
여행과,O
다꾸도,O
같이,O
해요,O
성심당,B_CAF
대전,B_LOC
기차여행,O
ㅡㅡㅡ,ㅡㅡㅡ
과제,O
지옥에,O
빠져버린,O
간호학과,O
브이로그ㅣ학원,O
아르바이트ㅣ,O
송리단길,O
맛집ㅣ,O
애플워치,O
스트랩ㅣ명절음식,O
만들기ㅣ,O
대전,B_LOC
성심당,B_CAF
ㅣ,O
코로나,O
검사,O
ㅣ케이스,O
스터디,O
ㅡㅡㅡ,ㅡㅡㅡ
