﻿word,ner
노잼,O
도시,O
유잼,O
도시,O
대전,B_LOC
1박2일,O
여행,O
브이로그,O
윤위즈덤,O
토영,O
ㅡㅡㅡ,ㅡㅡㅡ
브이로그,O
딘디브이로그,O
여행브이로그,O
대전,B_LOC
여행,O
대전,B_LOC
브이로그,O
대전1박2일,O
ㅡㅡㅡ,ㅡㅡㅡ
딘디로그,O
ㅡㅡㅡ,ㅡㅡㅡ
촬영,O
시에만,O
잠시,O
마스크,O
를,O
벗었습니다,O
ㅡㅡㅡ,ㅡㅡㅡ
안녕하세요,O
패션,O
유튜버,O
딘디,O
입니다,O
ㅡㅡㅡ,ㅡㅡㅡ
정말,O
오랜만에,O
브이로그로,O
찾아뵙네요,O
ㅡㅡㅡ,ㅡㅡㅡ
토영,O
이,O
결혼,O
기념,O
1박2일,O
알차게,O
다녀온,O
대전,B_LOC
브이로그예요,O
ㅡㅡㅡ,ㅡㅡㅡ
정말로,O
가보고,O
싶었던,O
카페,O
맛집,O
숙소,O
다,O
다녀왔습니다,O
ㅡㅡㅡ,ㅡㅡㅡ
그럼,O
즐겁게,O
봐주세요,O
ㅡㅡㅡ,ㅡㅡㅡ
ㅡㅡㅡ,ㅡㅡㅡ
대전,B_LOC
중구,B_LOC
은행동,B_LOC
134,O
ㅡㅡㅡ,ㅡㅡㅡ
100,O
ㅡㅡㅡ,ㅡㅡㅡ
대전,B_LOC
중구,B_LOC
대흥로,O
121번길,O
36,O
2층,O
ㅡㅡㅡ,ㅡㅡㅡ
교토,O
스탠다드,O
ㅡㅡㅡ,ㅡㅡㅡ
대전,B_LOC
여행에어비앤비,O
ㅡㅡㅡ,ㅡㅡㅡ
버터피베이크샵,B_CAF
ㅡㅡㅡ,ㅡㅡㅡ
대전시,B_LOC
서구,O
신갈마로,O
230번길,O
9,O
ㅡㅡㅡ,ㅡㅡㅡ
전통,O
손,O
칼국수,O
ㅡㅡㅡ,ㅡㅡㅡ
대전,B_LOC
서구,O
계룡로,O
628번길,O
9,O
ㅡㅡㅡ,ㅡㅡㅡ
커피,B_CAF
인터뷰,I_CAF
ㅡㅡㅡ,ㅡㅡㅡ
대전,B_LOC
유성구,O
한밭대로,O
371번길,O
03월25일,O
ㅡㅡㅡ,ㅡㅡㅡ
동북아,B_RES
ㅡㅡㅡ,ㅡㅡㅡ
대전,B_LOC
동구,O
철갑길,O
45,O
ㅡㅡㅡ,ㅡㅡㅡ
워커샵,O
ㅡㅡㅡ,ㅡㅡㅡ
대전,B_LOC
동구,O
새둑길,O
180,O
ㅡㅡㅡ,ㅡㅡㅡ
ㅡㅡㅡ,ㅡㅡㅡ
블로그,O
ㅡㅡㅡ,ㅡㅡㅡ
인스타그램,O
ㅡㅡㅡ,ㅡㅡㅡ
ㅡㅡㅡ,ㅡㅡㅡ
ㅡㅡㅡ,ㅡㅡㅡ
ㅡㅡㅡ,ㅡㅡㅡ
60,O
ㅡㅡㅡ,ㅡㅡㅡ
ㅡㅡㅡ,ㅡㅡㅡ
ㅡㅡㅡ,ㅡㅡㅡ
64,O
ㅡㅡㅡ,ㅡㅡㅡ
대전,B_LOC
여행,O
성심당,B_CAF
다다르다,O
대전,B_LOC
여행브이로그,O
여행,O
오씨칼국수,B_RES
ㅡㅡㅡ,ㅡㅡㅡ
대전,B_LOC
너무,O
재밌다,O
ㅡㅡㅡ,ㅡㅡㅡ
동기,O
가,O
고향으로,O
내려가서,O
동기,O
만나러,O
대전,B_LOC
다녀왔습니다,O
ㅡㅡㅡ,ㅡㅡㅡ
제,O
웃음,O
지뢰,O
들과,O
함께한,O
대전,B_LOC
여행,O
한번,O
감상하시지요,O
ㅡㅡㅡ,ㅡㅡㅡ
음악정보,O
ㅡㅡㅡ,ㅡㅡㅡ
브금,O
대통령,O
ㅡㅡㅡ,ㅡㅡㅡ
뽀짝뽀짝,O
ㅡㅡㅡ,ㅡㅡㅡ
ㅡㅡㅡ,ㅡㅡㅡ
프리뮤직,O
ㅡㅡㅡ,ㅡㅡㅡ
60,O
ㅡㅡㅡ,ㅡㅡㅡ
샛별,O
솜뭉치,O
0,O
ㅡㅡㅡ,ㅡㅡㅡ
쳐먹는일기,O
5,O
대전,B_LOC
동생,O
네,O
가서,O
오지게,O
먹는,O
브이로그,O
1,O
성심당,B_CAF
당면튀김떡볶이,O
마라탕,O
파스타,O
마카롱,O
ㅡㅡㅡ,ㅡㅡㅡ
1박2일,O
로,O
대전,B_LOC
에,O
동생,O
네집에,O
갔다왔다,O
벌써,O
몇주전이냐,O
ㅡㅡㅡ,ㅡㅡㅡ
증말,O
오지게,O
먹고왔다,O
엄빠,O
도,O
오라해서,O
오랜만에,O
가족,O
들이,O
모였당,O
ㅡㅡㅡ,ㅡㅡㅡ
성심당,B_CAF
도,O
털고,O
개,O
맛있눈,O
떡볶이,O
도,O
먹고,O
마카롱,O
도,O
먹었당,O
사실,O
성호,O
가,O
파스타,O
해준다고,O
오라고,O
꼬셔서,O
갔쯤ㅎ,O
그래서,O
파스타,O
도,O
얻어먹고,O
마라탕,O
도,O
먹규,O
헥헥,O
배불러,O
김성호,O
가,O
입맛,O
없다고,O
같이,O
많이,O
못먹어줘서,O
좀,O
아쉽,O
2편,O
다음날,O
도,O
또,O
겁나먹움ㅋㅋㅋㅋ,O
ㅡㅡㅡ,ㅡㅡㅡ
먹방,O
먹방브이로그,O
대전,B_LOC
ㅡㅡㅡ,ㅡㅡㅡ
152,O
해피치스마일,B_RES
중국당면튀김,O
떡볶이,O
허니버터감자칩,O
통모짜튀김,O
ㅡㅡㅡ,ㅡㅡㅡ
457,O
성심당,B_CAF
치즈퐁듀,O
프레첼빵,O
치즈케이크피자,O
순수롤,O
명란바게트,O
마카롱,O
크림브륄레,O
바닐라,O
초코나무숲,O
황치즈,O
후르트링,O
ㅡㅡㅡ,ㅡㅡㅡ
1023,O
식빵,O
에,O
토마토,O
쨈,O
ㅡㅡㅡ,ㅡㅡㅡ
1117,O
순대들깨파스타,O
ㅡㅡㅡ,ㅡㅡㅡ
1218,O
바질페스토,O
파스타,O
ㅡㅡㅡ,ㅡㅡㅡ
1337,O
마라탕꿔바로우,O
ㅡㅡㅡ,ㅡㅡㅡ
1625,O
성심당튀김소보로,B_CAF
우유고로케,O
미니초코메아리,O
ㅡㅡㅡ,ㅡㅡㅡ
대전광역시,B_LOC
은행동,B_LOC
대흥동,B_LOC
ㅡㅡㅡ,ㅡㅡㅡ
폴리스백,B_CAF
대전광역시,B_LOC
중구,O
중앙로112번길,O
23,O
ㅡㅡㅡ,ㅡㅡㅡ
도프차일드키친,B_RES
대전광역시,B_LOC
중구,O
대흥로,O
121번길,O
03월30일,O
ㅡㅡㅡ,ㅡㅡㅡ
포토이즘,O
대전,B_LOC
중구,O
중앙로170번길,O
29,O
2층,O
ㅡㅡㅡ,ㅡㅡㅡ
몽펍,O
대전,B_LOC
중구,O
보문로,O
260번길,O
17,O
2층,O
ㅡㅡㅡ,ㅡㅡㅡ
ㅡㅡㅡ,ㅡㅡㅡ
추억을,O
공유합니다,O
ㅡㅡㅡ,ㅡㅡㅡ
ㅡㅡㅡ,ㅡㅡㅡ
1박2일,O
대전,B_LOC
먹부림,O
여행,O
먹방,O
브이로그,O
성심당,B_CAF
매운닭볶음탕,O
얼큰이칼국수,B_RES
떡반집,O
떡볶이,O
토스트,O
ㅡㅡㅡ,ㅡㅡㅡ
감자매,O
구독하기,O
ㅡㅡㅡ,ㅡㅡㅡ
8,O
ㅡㅡㅡ,ㅡㅡㅡ
감,O
자매,O
ㅡㅡㅡ,ㅡㅡㅡ
알감자,O
ㅡㅡㅡ,ㅡㅡㅡ
감자매,O
가,O
궁금하시다면,O
답변영상,O
ㅡㅡㅡ,ㅡㅡㅡ
19,O
ㅡㅡㅡ,ㅡㅡㅡ
333,O
ㅡㅡㅡ,ㅡㅡㅡ
9,O
ㅡㅡㅡ,ㅡㅡㅡ
대전,B_LOC
신도꼼지락시장,B_TOR
ㅡㅡㅡ,ㅡㅡㅡ
닭볶음탕,O
한영식당,B_RES
ㅡㅡㅡ,ㅡㅡㅡ
얼큰이칼국수,B_RES
복수분식,B_RES
ㅡㅡㅡ,ㅡㅡㅡ
떡볶이,O
떡반집,B_RES
ㅡㅡㅡ,ㅡㅡㅡ
성심당,B_CAF
ㅡㅡㅡ,ㅡㅡㅡ
대전,B_LOC
여행,O
대전,B_LOC
맛집,O
노잼도시아니고맛집도시라구요,O
ㅡㅡㅡ,ㅡㅡㅡ
4,O
구독과,O
좋아요는,O
큰,O
이,O
됩니다,O
ㅡㅡㅡ,ㅡㅡㅡ
안녕하세요,O
찐찐입니다,O
내내,O
비가,O
쏟아지는,O
날들이네요,O
캠핑가기도,O
든,O
날씨에,O
지난,O
공휴일에,O
제,O
친한,O
언니동생,O
들이,O
대전,B_LOC
에,O
놀러와주었어요,O
대전,B_LOC
에,O
처음,O
오는,O
동생,O
도,O
있는지라,O
고심,O
끝에,O
오씨칼국수,B_RES
에,O
갔답니다,O
여긴,O
찐맛집이니까요,O
ㅡㅡㅡ,ㅡㅡㅡ
칼국수,O
와,O
물총,O
을,O
조지고,O
교오양,O
있게,O
와인,O
도,O
한잔,O
하고,O
태평소국밥,B_RES
에,O
가서,O
한국인,O
의,O
얼을,O
채우고,O
왔답니다,O
기차,O
시간때문에,O
촉박하다고,O
생각했는데,O
야무지게,O
성심당,B_CAF
까지,O
갔지,O
뭡니까,O
쫓기던,O
만큼,O
영상도,O
정신이,O
없지만,O
귀엽게,O
봐주세요,O
ㅡㅡㅡ,ㅡㅡㅡ
ㅡㅡㅡ,ㅡㅡㅡ
날아라슈퍼코기,O
나는야,O
장난꾸러기,O
ㅡㅡㅡ,ㅡㅡㅡ
브금,O
대통령,O
ㅡㅡㅡ,ㅡㅡㅡ
브금,O
대통령,O
ㅡㅡㅡ,ㅡㅡㅡ
90,O
ㅡㅡㅡ,ㅡㅡㅡ
샛별,O
해,O
가,O
지는게,O
섭섭해,O
4,O
ㅡㅡㅡ,ㅡㅡㅡ
ㅡㅡㅡ,ㅡㅡㅡ
대전,B_LOC
에서,O
둘쨋날,O
브이로그,O
가족,O
들이랑,O
데이트,O
했다,O
대전,B_LOC
노잼,O
도시라고,O
들었는데,O
노노,O
재밌었다,O
한밭수목원,B_TOR
도,O
진짜,O
너무,O
좋았다,O
ㅡㅡㅡ,ㅡㅡㅡ
맛있는거,O
먹는게,O
제일,O
재밌었지만ㅋㅋㅋ,O
오씨칼국수,B_RES
유명하던데,O
먹을땐,O
막상,O
음,O
그냥,O
쪼끔,O
더,O
맛있는,O
칼국수,O
정도였는데,O
편집하다보니까,O
겁나,O
먹고싶네ㅠ,O
해물파전,O
도,O
맛있었다,O
흐흐,O
ㅡㅡㅡ,ㅡㅡㅡ
그리고,O
성심당,B_CAF
또감ㅋㅋㅋㅋ,O
ㅡㅡㅡ,ㅡㅡㅡ
도다리두마리,O
오징어,O
새우,O
1키로,O
정도,O
먹었는데,O
겁나,O
맛있었다,O
근데,O
양이,O
많아서,O
너무,O
배불렀다,O
헥헥,O
ㅡㅡㅡ,ㅡㅡㅡ
마카롱,O
전날,O
넘,O
맛있어서,O
또,O
먹구,O
순수롤,O
도,O
또먹고ㅎㅎ,O
ㅡㅡㅡ,ㅡㅡㅡ
가족,O
들끼리,O
오랭만에,O
데이트라,O
너무,O
재밌고,O
행복했즘,O
ㅡㅡㅡ,ㅡㅡㅡ
먹방,O
먹방브이로그,O
대전,B_LOC
맛집,O
ㅡㅡㅡ,ㅡㅡㅡ
034,O
오씨칼국수,B_RES
해물파전,O
ㅡㅡㅡ,ㅡㅡㅡ
245,O
못생기게,O
우유,O
께끼,O
ㅡㅡㅡ,ㅡㅡㅡ
505,O
횟집,O
도다리회,O
오징어회,O
대하구이,O
전어구이,O
ㅡㅡㅡ,ㅡㅡㅡ
900,O
마카롱,O
애플,O
딸기요거트,O
로투스,O
ㅡㅡㅡ,ㅡㅡㅡ
948,O
수박,O
옥수수,O
브라우니마카롱,O
순수롤,O
카라멜우유푸딩,O
ㅡㅡㅡ,ㅡㅡㅡ
진짜,O
그,O
동안,O
할일이,O
넘넘,O
많아서,O
간신히,O
올립니다,O
ㅡㅡㅡ,ㅡㅡㅡ
성심당,B_RES
빵,O
정말,O
맛있어요,O
다음에,O
가면,O
더,O
살거예요,O
ㅡㅡㅡ,ㅡㅡㅡ
동방커피크림,B_RES
친구,O
랑,O
저랑,O
몰래,O
살짝,O
혀,O
로,O
핥았어요,O
ㅡㅡㅡ,ㅡㅡㅡ
1박2일,O
너무,O
짧아요,O
대표,O
님,O
윤대리,O
휴가,O
부탁드려요,O
ㅡㅡㅡ,ㅡㅡㅡ
안녕하세요,O
ㅡㅡㅡ,ㅡㅡㅡ
이번,O
영상은,O
당일치기로,O
대전,B_LOC
을,O
다녀온,O
영상이에요,O
ㅡㅡㅡ,ㅡㅡㅡ
심화실습이,O
끝나고,O
이제,O
본격적으로,O
국가고시준비를,O
시작,O
해야하는데,O
그전에,O
기분전환,O
겸,O
여행을,O
다녀오고,O
싶은거에요,O
그런데,O
너무,O
멀면,O
체력적,O
시간적으로,O
부담이,O
되기도,O
하고,O
ㅡㅡㅡ,ㅡㅡㅡ
또,O
이렇게,O
좋은,O
기회가,O
생겨서,O
대전,B_LOC
에,O
다녀오기로,O
했답니다,O
ㅡㅡㅡ,ㅡㅡㅡ
대전,B_LOC
은,O
어릴,O
때,O
가족,O
들이랑,O
갔던,O
엑스포,O
이후에,O
처음,O
가는,O
거라,O
설레기도,O
하고,O
또,O
예전부터,O
가보고,O
싶었던,O
곳도,O
많아서,O
무계획,O
여행을,O
좋아하는,O
저지만,O
이번에는,O
계획을,O
제법,O
꼼꼼히,O
짜서,O
갔어요,O
ㅡㅡㅡ,ㅡㅡㅡ
추천을,O
받거나,O
인스타,O
에서,O
가보고싶은,O
곳을,O
찾게되면,O
네이버지도,O
에,O
즐겨찾기로,O
저장해두는데,O
대전,B_LOC
에도,O
꽤,O
많이,O
표시해놨더라구요,O
다,O
갈수는,O
없고,O
신중에,O
신중을,O
기하옄ㅋㅋㅋㅋ몇군데,O
골라서,O
다녀왔어요,O
ㅡㅡㅡ,ㅡㅡㅡ
아직도,O
가야할,O
곳들이,O
많아요,O
ㅡㅡㅡ,ㅡㅡㅡ
9시,O
에,O
서울역,O
에서,O
를,O
타고,O
출발했구요,O
오후630분,O
에,O
대전역,O
에서,O
를타고,O
올라왔어요,O
ㅡㅡㅡ,ㅡㅡㅡ
이렇게,O
가까운,O
곳인지,O
몰랐는데,O
딱,O
50분,O
걸리더라고요,O
그래서,O
더,O
부담없이,O
다녀올,O
수,O
있었답니다ㅎㅎㅎㅎ,O
ㅡㅡㅡ,ㅡㅡㅡ
점점,O
더,O
추워질,O
것,O
같은데,O
모두모두,O
건강조심하시고,O
ㅡㅡㅡ,ㅡㅡㅡ
지금,O
시험기간인,O
모든,O
대학생,O
들을,O
응원할게요,O
ㅡㅡㅡ,ㅡㅡㅡ
ㅡㅡㅡ,ㅡㅡㅡ
영상과,O
관련이,O
없거나,O
예의없는,O
댓글은,O
삭제합니다,O
ㅡㅡㅡ,ㅡㅡㅡ
브이로그,O
여행브이로그,O
일상브이로그,O
ㅡㅡㅡ,ㅡㅡㅡ
대전,B_LOC
대전,B_LOC
맛집,O
대전,B_LOC
여행,O
대전,B_LOC
이좋다,O
2019,O
대전,B_LOC
방문의해,O
ㅡㅡㅡ,ㅡㅡㅡ
ㅡㅡㅡ,ㅡㅡㅡ
이,O
모든,O
곳은,O
제가,O
신중히,O
선택한,O
곳들,O
입니다,O
ㅡㅡㅡ,ㅡㅡㅡ
바닐라치즈타르트,O
큐브라떼,O
카페,O
하치카페,B_CAF
ㅡㅡㅡ,ㅡㅡㅡ
레몬케이크,O
카페,O
카페브루,B_CAF
ㅡㅡㅡ,ㅡㅡㅡ
연어샌드위치,O
카페,O
구모카페,B_CAF
ㅡㅡㅡ,ㅡㅡㅡ
매운김치,O
선화동,B_LOC
실비식당,B_RES
ㅡㅡㅡ,ㅡㅡㅡ
조각케익,O
빵집,O
성심당케익부띠끄,B_CAF
ㅡㅡㅡ,ㅡㅡㅡ
ㅡㅡㅡ,ㅡㅡㅡ
대전,B_LOC
관광,O
홈페이지,O
ㅡㅡㅡ,ㅡㅡㅡ
나,O
와유,O
오감만족,O
이야기,O
ㅡㅡㅡ,ㅡㅡㅡ
대전시,O
공식,O
페이스북,O
ㅡㅡㅡ,ㅡㅡㅡ
ㅡㅡㅡ,ㅡㅡㅡ
1003,O
8,O
ㅡㅡㅡ,ㅡㅡㅡ
ㅡㅡㅡ,ㅡㅡㅡ
ㅡㅡㅡ,ㅡㅡㅡ
ㅡㅡㅡ,ㅡㅡㅡ
ㅡㅡㅡ,ㅡㅡㅡ
ㅡㅡㅡ,ㅡㅡㅡ
ㅡㅡㅡ,ㅡㅡㅡ
600,O
ㅡㅡㅡ,ㅡㅡㅡ
6,O
ㅡㅡㅡ,ㅡㅡㅡ
ㅡㅡㅡ,ㅡㅡㅡ
ㅡㅡㅡ,ㅡㅡㅡ
13,O
ㅡㅡㅡ,ㅡㅡㅡ
ㅡㅡㅡ,ㅡㅡㅡ
0613,O
ㅡㅡㅡ,ㅡㅡㅡ
이,O
영상은,O
2019,O
대전방,O
문의,O
해로부터,O
제작비,O
지원을,O
받아,O
제작된,O
영상입니다,O
ㅡㅡㅡ,ㅡㅡㅡ
ㅡㅡㅡ,ㅡㅡㅡ
3359,O
ㅡㅡㅡ,ㅡㅡㅡ
3359,O
ㅡㅡㅡ,ㅡㅡㅡ
영상,O
속,O
모든,O
은,O
유튜브오디오라이브러리,O
출처입니다,O
ㅡㅡㅡ,ㅡㅡㅡ
대전,B_LOC
방문의해,O
동춘당,B_TOR
이사동,B_LOC
성심당,B_CAF
오씨,B_RES
칼국수,I_RES
갑천,B_TOR
ㅡㅡㅡ,ㅡㅡㅡ
성심당,B_CAF
먹방을,O
보고,O
가기로,O
결정한,O
대전,B_LOC
당일치기,O
ㅡㅡㅡ,ㅡㅡㅡ
맛있는,O
거,O
많이,O
먹고,O
당일치기지만,O
알찼어요,O
ㅡㅡㅡ,ㅡㅡㅡ
알찼던,O
하루,O
를,O
브이로그,O
영상으로,O
만들어봤어요,O
ㅡㅡㅡ,ㅡㅡㅡ
끝까지,O
봐주세요,O
ㅡㅡㅡ,ㅡㅡㅡ
화질,O
높여서,O
봐주세요,O
ㅎㅎ,O
ㅡㅡㅡ,ㅡㅡㅡ
봐주셔서,O
감사합니다,O
ㅡㅡㅡ,ㅡㅡㅡ
중간에,O
싱크,O
이상한,O
부분이,O
있어요,O
ㅡㅡㅡ,ㅡㅡㅡ
죄송합니다,O
ㅠㅠ,O
ㅡㅡㅡ,ㅡㅡㅡ
구독알람,O
조아요,O
댓글,O
감사해용,O
ㅡㅡㅡ,ㅡㅡㅡ
밑에,O
먹은,O
음식,O
정보,O
적어놀게요,O
ㅡㅡㅡ,ㅡㅡㅡ
음식,O
후기들은,O
영상에,O
자세히,O
있어요,O
ㅡㅡㅡ,ㅡㅡㅡ
성심당,B_CAF
ㅡㅡㅡ,ㅡㅡㅡ
작은메아리,O
2500,O
ㅡㅡㅡ,ㅡㅡㅡ
성심당,B_CAF
앙버터,O
3500,O
ㅡㅡㅡ,ㅡㅡㅡ
카카오순정,O
2500,O
ㅡㅡㅡ,ㅡㅡㅡ
먹물방망이,O
2800,O
ㅡㅡㅡ,ㅡㅡㅡ
튀김소보로,O
1500,O
ㅡㅡㅡ,ㅡㅡㅡ
튀김소보,O
로,O
12개,O
세트,O
19000,O
ㅡㅡㅡ,ㅡㅡㅡ
연이자카야,B_RES
ㅡㅡㅡ,ㅡㅡㅡ
생연어초밥,O
19000,O
ㅡㅡㅡ,ㅡㅡㅡ
치즈모듬카츠,O
15000,O
ㅡㅡㅡ,ㅡㅡㅡ
미쓰리마카롱,B_CAF
ㅡㅡㅡ,ㅡㅡㅡ
크림치즈,O
2500,O
ㅡㅡㅡ,ㅡㅡㅡ
쿠앤크,O
2500,O
ㅡㅡㅡ,ㅡㅡㅡ
ㅡㅡㅡ,ㅡㅡㅡ
복숭아요거트,O
2800,O
ㅡㅡㅡ,ㅡㅡㅡ
화이트모카,O
2800,O
ㅡㅡㅡ,ㅡㅡㅡ
구모카,B_CAF
페,I_CAF
ㅡㅡㅡ,ㅡㅡㅡ
화로당고,O
6000,O
ㅡㅡㅡ,ㅡㅡㅡ
사랑의묘약,O
5500,O
ㅡㅡㅡ,ㅡㅡㅡ
이번에,O
종강하고,O
친구,O
랑,O
대전,B_LOC
으로,O
당일치기,O
여행을,O
다녀,O
왔어요,O
ㅡㅡㅡ,ㅡㅡㅡ
당일치기로,O
다녀왔지만,O
정말,O
재밌게,O
놀다,O
왔어요,O
ㅡㅡㅡ,ㅡㅡㅡ
카모메식탁,O
ㅡㅡㅡ,ㅡㅡㅡ
본미당,B_RES
ㅡㅡㅡ,ㅡㅡㅡ
성심당,B_CAF
본점,O
ㅡㅡㅡ,ㅡㅡㅡ
드링크리스트,O
ㅡㅡㅡ,ㅡㅡㅡ
하레하레,B_CAF
ㅡㅡㅡ,ㅡㅡㅡ
어도비하우스,B_CAF
ㅡㅡㅡ,ㅡㅡㅡ
펼치다,O
ㅡㅡㅡ,ㅡㅡㅡ
ㅡㅡㅡ,ㅡㅡㅡ
ㅡㅡㅡ,ㅡㅡㅡ
안녕하세요,O
주버로그,O
입니다,O
ㅡㅡㅡ,ㅡㅡㅡ
이번,O
영상은,O
대전,B_LOC
으로,O
빵지순례,O
하러,O
간,O
영상입니다,O
ㅡㅡㅡ,ㅡㅡㅡ
코로나,O
로,O
업로드가,O
늦어지게,O
되었습니다,O
ㅡㅡㅡ,ㅡㅡㅡ
마지막,O
부분에,O
영상,O
찍는,O
것을,O
망각하고,O
분량이,O
없어,O
똥,O
덜,O
닦은,O
마무리도,O
이해,O
부탁,O
드립니다ㅎㅎ,O
ㅡㅡㅡ,ㅡㅡㅡ
다음에는,O
더,O
재미있는,O
영상,O
들고,O
오겠습니다,O
ㅡㅡㅡ,ㅡㅡㅡ
오늘,O
도,O
제,O
영상,O
시청해주시는,O
모든,O
분들께,O
감사드립니다,O
ㅡㅡㅡ,ㅡㅡㅡ
맛집,O
ㅡㅡㅡ,ㅡㅡㅡ
ㅡㅡㅡ,ㅡㅡㅡ
ㅡㅡㅡ,ㅡㅡㅡ
카페,O
ㅡㅡㅡ,ㅡㅡㅡ
오시우,B_CAF
ㅡㅡㅡ,ㅡㅡㅡ
성심당,B_CAF
부띠끄,O
ㅡㅡㅡ,ㅡㅡㅡ
빵집,O
ㅡㅡㅡ,ㅡㅡㅡ
성심당,B_CAF
본점,O
ㅡㅡㅡ,ㅡㅡㅡ
볼거리,O
ㅡㅡㅡ,ㅡㅡㅡ
대구근현대사전시관,B_TOR
ㅡㅡㅡ,ㅡㅡㅡ
대전,B_LOC
여행,O
당일치기,O
빵지순례,O
ㅡㅡㅡ,ㅡㅡㅡ
대전,B_LOC
여행,O
대전,B_LOC
맛집,O
ㅡㅡㅡ,ㅡㅡㅡ
안녕하세요,O
여러분,O
하니얌,O
입니다,O
ㅡㅡㅡ,ㅡㅡㅡ
촬영한,O
영상이,O
많아서,O
무슨영상부터,O
올릴까,O
하다가,O
인스타그램,O
으로,O
투표했는데,O
역시,O
여행브이로그,O
가,O
인기가,O
많아서,O
대전,B_LOC
여행,O
영상부터,O
업로드를,O
했습니다,O
다음영상은,O
패션하울,O
영상입니다,O
ㅡㅡㅡ,ㅡㅡㅡ
당일치기,O
1박2일,O
로,O
딱좋은,O
여행이였어요,O
ㅡㅡㅡ,ㅡㅡㅡ
대전,B_LOC
가시면,O
칼국수,O
성심당,B_CAF
은,O
꼭,O
가세요,O
짱이에요,O
ㅡㅡㅡ,ㅡㅡㅡ
오늘,O
도,O
봐주신,O
모든,O
분들,O
진심으로,O
감사합니다,O
좋은,O
하,O
루,O
되세요,O
얌,O
ㅡㅡㅡ,ㅡㅡㅡ
하니,O
얌,O
인스타그램,O
오시면,O
저랑,O
더,O
가까이,O
소통할수,O
있어요,O
아이디,O
ㅡㅡㅡ,ㅡㅡㅡ
즉흥으로,O
간,O
대전,B_LOC
오월드,B_TOR
데이투,O
ㅡㅡㅡ,ㅡㅡㅡ
간만에,O
가니,O
신나게,O
놀았답니당,O
날씨만,O
덥지,O
ㅡㅡㅡ,ㅡㅡㅡ
않았다면,O
좋았겠지만,O
ㅜㅜ,O
그래도,O
꿀잼,O
ㅡㅡㅡ,ㅡㅡㅡ
조금,O
재미없는,O
영상인거,O
같지만,O
재밌게,O
봐주세용,O
ㅡㅡㅡ,ㅡㅡㅡ
다음엔,O
꿀잼영상,O
들고,O
올게용,O
안농,O
ㅡㅡㅡ,ㅡㅡㅡ
오월드,B_TOR
대전,B_LOC
데이트,O
대전,B_LOC
브이로그,O
데이트,O
브이로그,O
ㅡㅡㅡ,ㅡㅡㅡ
대전,B_LOC
오월드,B_TOR
자유이용권으로,O
ㅡㅡㅡ,ㅡㅡㅡ
조이랜드,O
에서,O
회전목,O
마,O
슈퍼바이,O
킹,O
와일드스톰,O
ㅡㅡㅡ,ㅡㅡㅡ
꼬마비행기,O
우주전투기,O
범퍼카,O
등,O
타고,O
ㅡㅡㅡ,ㅡㅡㅡ
쥬랜드,O
에서,O
사파리여행과,O
기타전시동물사도,O
구경하고,O
ㅡㅡㅡ,ㅡㅡㅡ
플라워랜드,O
에서,O
꽃도,O
구경하고,O
마지막으로,O
ㅡㅡㅡ,ㅡㅡㅡ
버드랜드,O
에서,O
다양한,O
희귀새,O
들,O
구경과,O
먹이주기,O
체험,O
알차게,O
하고,O
왔어요,O
ㅡㅡㅡ,ㅡㅡㅡ
대전,B_LOC
오월드,B_TOR
대전오월드,B_TOR
놀이기구,O
대전오월드,B_TOR
브이로그,O
대전,B_LOC
오월드,B_TOR
자유이용권,O
대전오월드동물원,B_TOR
대전오월드버드랜드,B_TOR
아이들과가기좋은곳,O
아이들놀기좋은곳,O
주말여행지,O
대전,B_LOC
여행지,O
대전,B_LOC
여행추천,O
오월드,B_TOR
동물원추천,O
놀이동산,O
먹이주기체험,O
ㅡㅡㅡ,ㅡㅡㅡ
대전,B_LOC
여행,O
대전,B_LOC
맛집,O
탄수화물,O
파티,O
ㅡㅡㅡ,ㅡㅡㅡ
여러분,O
대전,B_LOC
하면,O
성심당,B_CAF
이라고요,O
ㅡㅡㅡ,ㅡㅡㅡ
아닌데요,O
대전하면,O
칼국수,O
입니다만,O
ㅡㅡㅡ,ㅡㅡㅡ
대전,B_LOC
사람으로서,O
대전,B_LOC
여행,O
코스를,O
알려드립니다,O
궁서체,O
ㅡㅡㅡ,ㅡㅡㅡ
오씨칼국수,B_RES
가서,O
물총,O
이랑,O
칼국수,O
딱,O
먹고,O
ㅡㅡㅡ,ㅡㅡㅡ
저녁,O
에,O
맥주,O
마시면서,O
교원파닭,B_RES
함,O
시켜먹고,O
ㅡㅡㅡ,ㅡㅡㅡ
다음날,O
일어나서,O
동원칼국수,B_RES
에,O
두부두루,O
치기,O
호로록,O
먹어주고,O
ㅡㅡㅡ,ㅡㅡㅡ
카페가서,O
소화,O
좀,O
시킨,O
다음에,O
ㅡㅡㅡ,ㅡㅡㅡ
공주칼국수,B_RES
가서,O
얼큰,O
이,O
칼국수,O
랑,O
쭈꾸미,O
먹고,O
ㅡㅡㅡ,ㅡㅡㅡ
성심당,B_CAF
들렸다가,O
집에,O
가면,O
됩니다,O
ㅡㅡㅡ,ㅡㅡㅡ
참,O
현복도넛,B_CAF
에서,O
꼭,O
도넛,O
사서,O
잡솨보세여예약필수,O
ㅡㅡㅡ,ㅡㅡㅡ
고맙습니다,O
ㅡㅡㅡ,ㅡㅡㅡ
2020,O
ㅡㅡㅡ,ㅡㅡㅡ
ㅡㅡㅡ,ㅡㅡㅡ
대전,B_LOC
바로그집,O
성심당,B_CAF
서울,O
여자,O
ㅡㅡㅡ,ㅡㅡㅡ
후원방법,O
ㅡㅡㅡ,ㅡㅡㅡ
636848433406149029,O
투,O
네이션,O
ㅡㅡㅡ,ㅡㅡㅡ
3333069255249,O
김하이,O
카카오뱅크,O
ㅡㅡㅡ,ㅡㅡㅡ
1004,O
카카오페이,O
ㅡㅡㅡ,ㅡㅡㅡ
모든,O
동영상,O
및,O
사진의,O
저작권,O
은,O
에있으며,O
무단으로,O
사용시,O
처벌대상이,O
될,O
수,O
있습니다,O
ㅡㅡㅡ,ㅡㅡㅡ
출처를,O
밝힌,O
영상공유는,O
언제나,O
환영이에요,O
ㅡㅡㅡ,ㅡㅡㅡ
ㅡㅡㅡ,ㅡㅡㅡ
ㅡㅡㅡ,ㅡㅡㅡ
캐나다,O
출국,O
전,O
저와,O
가장,O
긴,O
세월을,O
함께,O
했던,O
친구,O
와의,O
우정여행으로,O
대전,B_LOC
을,O
다녀왔습니다,O
ㅡㅡㅡ,ㅡㅡㅡ
서로,O
그동안,O
일하느라,O
바빠서,O
자주,O
얼굴,O
을,O
보지,O
못하였는데,O
이번,O
기회로,O
얼굴,O
을,O
볼,O
수,O
있어서,O
너무,O
기뻤어요,O
ㅡㅡㅡ,ㅡㅡㅡ
에어비앤비,O
는,O
처음으로,O
이용해보는데,O
숙소,O
내부가,O
너무,O
예뻐서,O
사진도,O
많이,O
찍고,O
시간가는줄,O
모르고,O
친구,O
와,O
즐겁게,O
놀았네요,O
ㅋㅋㅋ,O
ㅡㅡㅡ,ㅡㅡㅡ
다음에,O
돌아오면,O
또,O
보자,O
ㅡㅡㅡ,ㅡㅡㅡ
아직,O
편집할게,O
쌓여있지만,O
차차,O
다시,O
해보는걸로,O
하고,O
오늘,O
은,O
이만,O
ㅡㅡㅡ,ㅡㅡㅡ
대전,B_LOC
여행,O
성심당,B_CAF
치앙마이방콕,B_RES
소제동,B_LOC
맛집,O
여행브이로그,O
ㅡㅡㅡ,ㅡㅡㅡ
비오는날,O
혼자한,O
대전,B_LOC
여행,O
ㅡㅡㅡ,ㅡㅡㅡ
소소한,O
감성여행,O
기록,O
ㅡㅡㅡ,ㅡㅡㅡ
대전,B_LOC
가볼만한,O
곳,O
ㅡㅡㅡ,ㅡㅡㅡ
갈마동,B_LOC
맛집,O
킨토토,B_RES
ㅡㅡㅡ,ㅡㅡㅡ
감성카페,O
추천,O
하치카페,B_CAF
ㅡㅡㅡ,ㅡㅡㅡ
대전,B_LOC
카페거리,O
관사촌커피,B_CAF
ㅡㅡㅡ,ㅡㅡㅡ
빵,O
지순례,O
성심당,B_CAF
ㅡㅡㅡ,ㅡㅡㅡ
선명한,O
화질을,O
위해,O
1080,O
설정,O
해주세요,O
ㅡㅡㅡ,ㅡㅡㅡ
코로나,O
격상,O
이전에,O
다녀온,O
여행이며,O
마스크,O
를,O
항상,O
착용하였습니다,O
ㅡㅡㅡ,ㅡㅡㅡ
2020,O
대전방문의해,O
대전,B_LOC
우행시시즌2,O
뉴트로,O
대전,B_LOC
여행,O
대전,B_LOC
관광,O
대전,B_LOC
여행코스추천,O
공,O
대패밀리,O
대전,B_LOC
대전,B_LOC
맛집,O
대전,B_LOC
카페,O
김화칼국수,B_RES
베리도넛,B_CAF
대전중앙시장,B_TOR
스모프치킨,B_RES
성심당,B_CAF
대전근현대사전시관,B_TOR
대동벽화마을,O
대동하늘공원,B_TOR
엑스포,B_TOR
ㅡㅡㅡ,ㅡㅡㅡ
ㅡㅡㅡ,ㅡㅡㅡ
ㅡㅡㅡ,ㅡㅡㅡ
ㅡㅡㅡ,ㅡㅡㅡ
ㅡㅡㅡ,ㅡㅡㅡ
브금,O
대통령,O
ㅡㅡㅡ,ㅡㅡㅡ
내,O
꿈은,O
말이지,O
841,O
ㅡㅡㅡ,ㅡㅡㅡ
661,O
ㅡㅡㅡ,ㅡㅡㅡ
418,O
ㅡㅡㅡ,ㅡㅡㅡ
38,O
ㅡㅡㅡ,ㅡㅡㅡ
여름밤,O
의,O
꿈,O
29960,O
ㅡㅡㅡ,ㅡㅡㅡ
일상브이로그,O
브이로그,O
대전,B_LOC
여행,O
대전,B_LOC
맛집,O
공주,B_RES
칼국수,I_RES
성심당,B_CAF
대전,B_LOC
카페,O
대전,B_LOC
카페추천,O
마카롱,O
마카롱,O
만들기,O
ㅡㅡㅡ,ㅡㅡㅡ
먹방,O
먹방브이로그,O
폭식브이로그,O
ㅡㅡㅡ,ㅡㅡㅡ
먹방,O
브이로그저,O
빵순이,O
아닌데요,O
2,O
서울페이스트리,O
도넛,O
대전,B_LOC
당일치기,O
흥따,O
낙타,O
성심당,B_CAF
빵,O
콩국수,O
떡반집,B_RES
ㅣ폭식,O
브이로그,O
ㅡㅡㅡ,ㅡㅡㅡ
ㅡㅡㅡ,ㅡㅡㅡ
000,O
인트로,O
ㅡㅡㅡ,ㅡㅡㅡ
049,O
서울페이스트리,O
크로넛,O
8종,O
ㅡㅡㅡ,ㅡㅡㅡ
1555,O
빵,O
해장,O
ㅡㅡㅡ,ㅡㅡㅡ
1826,O
콩국수,O
비빔만두,O
ㅡㅡㅡ,ㅡㅡㅡ
265200,O
당일치기,O
대전,B_LOC
여행,O
흥따,O
낙타,O
ㅡㅡㅡ,ㅡㅡㅡ
325100,O
성심당,B_CAF
빵,O
들,O
ㅡㅡㅡ,ㅡㅡㅡ
더,O
빠른,O
일상소식은,O
인스타,O
로,O
놀러오세유,O
ㅡㅡㅡ,ㅡㅡㅡ
가형,O
ㅡㅡㅡ,ㅡㅡㅡ
보형,O
ㅡㅡㅡ,ㅡㅡㅡ
오늘,O
도,O
저희,O
채널,O
찾아주셔서,O
감사해요,O
ㅡㅡㅡ,ㅡㅡㅡ
행복한,O
밤,O
보내세요,O
ㅡㅡㅡ,ㅡㅡㅡ
ㅡㅡㅡ,ㅡㅡㅡ
먹방일상,O
브이로그,O
정주행하러,O
가기,O
ㅡㅡㅡ,ㅡㅡㅡ
14,O
405267053,O
ㅡㅡㅡ,ㅡㅡㅡ
브금,O
대통령,O
그림일기,O
댕청댕청,O
ㅡㅡㅡ,ㅡㅡㅡ
ㅡㅡㅡ,ㅡㅡㅡ
ㅡㅡㅡ,ㅡㅡㅡ
ㅡㅡㅡ,ㅡㅡㅡ
ㅡㅡㅡ,ㅡㅡㅡ
가형,O
ㅡㅡㅡ,ㅡㅡㅡ
보형,O
ㅡㅡㅡ,ㅡㅡㅡ
ㅡㅡㅡ,ㅡㅡㅡ
안녕하세요,O
콩빈,O
입니다,O
ㅡㅡㅡ,ㅡㅡㅡ
이번에,O
1004칭구민주,O
의,O
선물로,O
성심당,B_CAF
빵,O
을,O
배터지게,O
먹어봤어요,O
ㅡㅡㅡ,ㅡㅡㅡ
끼얏,O
ㅡㅡㅡ,ㅡㅡㅡ
항상,O
깜짝,O
선물로,O
감동을,O
주는천사같은,O
너란,O
ㅡㅡㅡ,ㅡㅡㅡ
사실,O
성심당,B_CAF
기프티콘이,O
있는걸,O
민주,O
덕에,O
알게되었습니다,O
ㅎ,O
ㅎ,O
ㅡㅡㅡ,ㅡㅡㅡ
성심당,B_CAF
의,O
모든,O
빵,O
을,O
맛보는,O
그날까지,O
화이팅,O
ㅡㅡㅡ,ㅡㅡㅡ
아흑,O
담에는,O
케이크,O
까지,O
지대로,O
뿌셔보겠습니다,O
햐햐햐,O
ㅡㅡㅡ,ㅡㅡㅡ
점점,O
얼굴,O
이,O
동그랗게,O
변하는것,O
같은건기분탓이겠죠ㅎ,O
ㅡㅡㅡ,ㅡㅡㅡ
몸무게,O
확인하기가,O
더욱더,O
두려워지는,O
요즈음,O
ㅡㅡㅡ,ㅡㅡㅡ
세상의,O
모든,O
다이어터화이팅,O
ㅡㅡㅡ,ㅡㅡㅡ
다이어트,O
할,O
땐,O
랭킹닭컴,O
ㅡㅡㅡ,ㅡㅡㅡ
랭킹닭컴,O
엠버서더,O
콩빈,O
ㅡㅡㅡ,ㅡㅡㅡ
37,O
ㅡㅡㅡ,ㅡㅡㅡ
위,O
링크로,O
회원가입시,O
랭킹닭컴,O
포인트와,O
아래,O
쿠폰,O
5장,O
이,O
자동,O
지급,O
됩니다,O
ㅡㅡㅡ,ㅡㅡㅡ
전,O
상품,O
3,O
할인쿠폰,O
ㅡㅡㅡ,ㅡㅡㅡ
맛있닭,O
5,O
할인쿠폰,O
ㅡㅡㅡ,ㅡㅡㅡ
잇메이트,O
5,O
할인쿠폰,O
ㅡㅡㅡ,ㅡㅡㅡ
신선애,O
5,O
할인쿠폰,O
ㅡㅡㅡ,ㅡㅡㅡ
특급배송,O
무료,O
쿠폰,O
ㅡㅡㅡ,ㅡㅡㅡ
콩빈,O
인스타,O
ㅡㅡㅡ,ㅡㅡㅡ
ㅡㅡㅡ,ㅡㅡㅡ
콩빈,O
블로그,O
ㅡㅡㅡ,ㅡㅡㅡ
ㅡㅡㅡ,ㅡㅡㅡ
치팅데이브이로그,O
ㅡㅡㅡ,ㅡㅡㅡ
아웃트,O
로,O
음악,O
ㅡㅡㅡ,ㅡㅡㅡ
작사작곡,O
한정훈,O
ㅡㅡㅡ,ㅡㅡㅡ
노래,O
ㅡㅡㅡ,ㅡㅡㅡ
일상,O
브이로,O
그,O
소제동,B_LOC
대전,B_LOC
맛집,O
ㅡㅡㅡ,ㅡㅡㅡ
안녕하세요,O
알린,O
입니다,O
ㅡㅡㅡ,ㅡㅡㅡ
친구,O
들,O
만났떤,O
한주,O
를,O
기록한,O
브이로그입니다,O
ㅡㅡㅡ,ㅡㅡㅡ
역시나,O
또,O
먹기만,O
한,O
영상뿐이네요,O
머쓱,O
ㅡㅡㅡ,ㅡㅡㅡ
이제,O
저를,O
다,O
간파하셨겠죠,O
저는,O
먹기위해,O
살고있답니다,O
껄껄,O
ㅡㅡㅡ,ㅡㅡㅡ
대전,B_LOC
곳곳을,O
누비며,O
맛집을,O
찾아다녔는데,O
ㅡㅡㅡ,ㅡㅡㅡ
대전,B_LOC
에,O
살고,O
계신분들,O
대전,B_LOC
여행을,O
계획하는,O
분들께,O
ㅡㅡㅡ,ㅡㅡㅡ
대전,B_LOC
맛집,O
참고가,O
되었으면,O
좋겠어요,O
ㅡㅡㅡ,ㅡㅡㅡ
장소,O
및,O
기타,O
정보,O
ㅡㅡㅡ,ㅡㅡㅡ
소제동,B_LOC
온천집,O
0102,O
ㅡㅡㅡ,ㅡㅡㅡ
소제동,B_LOC
카페오아시스,B_CAF
0407,O
ㅡㅡㅡ,ㅡㅡㅡ
대흥동,B_LOC
폴리스백,B_CAF
0632,O
ㅡㅡㅡ,ㅡㅡㅡ
대흥동,B_LOC
정든밤,B_RES
0640,O
ㅡㅡㅡ,ㅡㅡㅡ
탄방동,B_LOC
디까르네,B_RES
0659,O
ㅡㅡㅡ,ㅡㅡㅡ
갑동,O
카페,O
오스트리아빈,B_CAF
0923,O
ㅡㅡㅡ,ㅡㅡㅡ
봉명동,B_LOC
규히바치,B_RES
1024,O
ㅡㅡㅡ,ㅡㅡㅡ
더,O
자세한,O
정보는,O
에서,O
확인해주세요,O
ㅡㅡㅡ,ㅡㅡㅡ
ㅡㅡㅡ,ㅡㅡㅡ
카페24,O
고운밤,O
가비아솔미체,O
ㅡㅡㅡ,ㅡㅡㅡ
음악과,O
폰트는,O
어플,O
내에,O
있는것으로,O
사용했습니다,O
ㅡㅡㅡ,ㅡㅡㅡ
대전,B_LOC
여행,O
대전,B_LOC
여행,O
ㅡㅡㅡ,ㅡㅡㅡ
안녕하세요,O
콩다,O
입니다,O
ㅡㅡㅡ,ㅡㅡㅡ
친구,O
의,O
대전,B_LOC
초대로,O
대전,B_LOC
에서,O
일주일,O
을,O
보냈어요,O
ㅡㅡㅡ,ㅡㅡㅡ
영상이,O
너무,O
많고,O
긴거같아서ㅠㅠ,O
ㅡㅡㅡ,ㅡㅡㅡ
그,O
중,O
3일차까지,O
의,O
대전,B_LOC
일상을,O
영상으로,O
만들어봤습니다,O
ㅡㅡㅡ,ㅡㅡㅡ
나머지,O
4일치,O
에,O
대해선,O
담주,O
중으로,O
업로드,O
예정,O
ㅡㅡㅡ,ㅡㅡㅡ
오늘,O
도,O
시청해주셔서,O
감사합니다,O
ㅡㅡㅡ,ㅡㅡㅡ
여행일정,O
ㅡㅡㅡ,ㅡㅡㅡ
1,O
왕관식당,B_RES
라운지,O
처비칙스,O
청양칼국수,B_RES
ㅡㅡㅡ,ㅡㅡㅡ
2,O
행복유부초밥,B_RES
이응노미술관,B_TOR
대전시립미술관,B_TOR
ㅡㅡㅡ,ㅡㅡㅡ
한밭수목원,B_TOR
버기즈,B_RES
성심당,B_CAF
본점,O
ㅡㅡㅡ,ㅡㅡㅡ
3,O
진로집,B_RES
모모제인,B_CAF
루헨센트,O
라탄공방,O
ㅡㅡㅡ,ㅡㅡㅡ
음악,O
ㅡㅡㅡ,ㅡㅡㅡ
브금,O
대통령,O
ㅡㅡㅡ,ㅡㅡㅡ
32,O
ㅡㅡㅡ,ㅡㅡㅡ
샛별,O
이런계란후라이,O
2,O
ㅡㅡㅡ,ㅡㅡㅡ
빅톤,O
정수빈,O
브이로그,O
덕질브이로그,O
앨리스,O
ㅡㅡㅡ,ㅡㅡㅡ
수빈,O
이의,O
고향,O
대전,B_LOC
에,O
다녀왔어요,O
ㅡㅡㅡ,ㅡㅡㅡ
수빈,O
이가,O
말해줬던,O
쥬,O
씨와,O
성심당,B_CAF
에도,O
다녀왔답니당,O
ㅡㅡㅡ,ㅡㅡㅡ
수빈투어,O
최고,O
영상에,O
수빈,O
픽,O
쥬씨도,O
써놓았어요,O
ㅎ,O
ㅎ,O
ㅡㅡㅡ,ㅡㅡㅡ
마지막엔,O
간단하게,O
앨리스키,O
트,O
언박싱도,O
해보았습니당,O
ㅡㅡㅡ,ㅡㅡㅡ
이번에도,O
재밌게,O
봐주세여,O
ㅡㅡㅡ,ㅡㅡㅡ
그리고,O
모두,O
건강,O
조심하세요,O
ㅡㅡㅡ,ㅡㅡㅡ
ㅡㅡㅡ,ㅡㅡㅡ
1,O
ㅡㅡㅡ,ㅡㅡㅡ
ㅡㅡㅡ,ㅡㅡㅡ
2,O
승우,O
자작곡,O
ㅡㅡㅡ,ㅡㅡㅡ
161109,O
ㅡㅡㅡ,ㅡㅡㅡ
3,O
찬,O
ㅡㅡㅡ,ㅡㅡㅡ
161109,O
ㅡㅡㅡ,ㅡㅡㅡ
안녕하세요,O
마쟈,O
입니다,O
ㅡㅡㅡ,ㅡㅡㅡ
지난5월1일,O
대전,B_LOC
한화이글스파크,O
로,O
직관을,O
다녀왔는데요,O
ㅡㅡㅡ,ㅡㅡㅡ
아쉽게,O
경기는,O
졌지만저는,O
베어스,O
팬,O
한화,O
선수,O
들,O
응원가도,O
배우고,O
ㅡㅡㅡ,ㅡㅡㅡ
대전,B_LOC
에서,O
맛있는,O
음식도,O
먹고,O
성심당,B_CAF
도,O
다녀왔습니다,O
ㅡㅡㅡ,ㅡㅡㅡ
이번,O
영상도,O
재미있게,O
봐주세요,O
ㅡㅡㅡ,ㅡㅡㅡ
야구장이글스파크,O
브이로그,O
ㅡㅡㅡ,ㅡㅡㅡ
안녕하세요,O
ㅡㅡㅡ,ㅡㅡㅡ
개강,O
잘,O
하셨나요,O
ㅡㅡㅡ,ㅡㅡㅡ
전,O
이번에,O
휴학생,O
이,O
되었답니다,O
ㅎ,O
ㅎ,O
ㅡㅡㅡ,ㅡㅡㅡ
이번,O
영상은,O
병원,O
다니는,O
다소,O
지루할,O
수,O
있는,O
영상이에요,O
ㅡㅡㅡ,ㅡㅡㅡ
그래도,O
열심히,O
담아,O
보았으니,O
재밌게,O
봐주세요,O
ㅡㅡㅡ,ㅡㅡㅡ
그리고,O
저는,O
치료,O
받은,O
다음날,O
허리,O
를,O
삐끗해서,O
ㅡㅡㅡ,ㅡㅡㅡ
다시,O
열심히,O
관리해주고,O
있어요,O
ㅡㅡㅡ,ㅡㅡㅡ
이제,O
한동안,O
쉬었었던,O
운동도,O
다시,O
시작해보고,O
ㅡㅡㅡ,ㅡㅡㅡ
필요한,O
공부들도,O
하고,O
또,O
평범한,O
일상으로,O
찾아올게요,O
ㅡㅡㅡ,ㅡㅡㅡ
재밌게,O
보셨다면,O
구독,O
좋아요,O
부탁드려요,O
ㅡㅡㅡ,ㅡㅡㅡ
다음에,O
또,O
만나요,O
ㅡㅡㅡ,ㅡㅡㅡ
화질설정은,O
1080,O
로,O
해주시면,O
보실,O
때,O
더,O
좋아요,O
ㅡㅡㅡ,ㅡㅡㅡ
ㅡㅡㅡ,ㅡㅡㅡ
영상의,O
다운로드,O
및,O
2차,O
편집을,O
금지합니다,O
ㅡㅡㅡ,ㅡㅡㅡ
영상을,O
공유하실,O
땐,O
유튜브,O
링크를,O
활용해주세요,O
ㅡㅡㅡ,ㅡㅡㅡ
대학생,O
브이로그,O
일상브이로그,O
ㅡㅡㅡ,ㅡㅡㅡ
대전,B_LOC
오씨칼국수,B_RES
크렘드마롱,O
크루아상,O
ㅡㅡㅡ,ㅡㅡㅡ
대전,B_LOC
맛집,O
대전,B_LOC
여행,O
국내여행,O
대전,B_LOC
여행지,O
국내여행지,O
커플,O
브이로그,O
커,O
플,O
대학생,O
데이트,O
대학생,O
여행,O
대학생,O
커플데이트,O
장거리,O
커플,O
장수,O
커플,O
휴학생,O
브이로그,O
휴학생,O
버킷리스트,O
당일치기국내여행,O
ㅡㅡㅡ,ㅡㅡㅡ
정보한줄평,O
ㅡㅡㅡ,ㅡㅡㅡ
오문창순대국밥,B_RES
넘어,O
전통이,O
있는,O
맛집,O
ㅡㅡㅡ,ㅡㅡㅡ
성심당,B_CAF
유명한,O
빵,O
3개,O
부추빵,O
튀소구마,O
튀소보로,O
다,O
맛있었고,O
개인적으로,O
뒤에,O
두개,O
가,O
취향,O
개인,O
취향,O
따라,O
갈릴듯,O
ㅡㅡㅡ,ㅡㅡㅡ
한밭수목원,B_TOR
너무,O
예쁘고,O
거닐면서,O
힐링할,O
수,O
있는,O
곳사진도,O
많이,O
찍을,O
수,O
있는,O
좋은,O
스팟,O
ㅡㅡㅡ,ㅡㅡㅡ
안녕하세요,O
저희,O
커플,O
이,O
대전,B_LOC
으로,O
당일치기,O
여행을,O
다녀왔어요,O
ㅡㅡㅡ,ㅡㅡㅡ
노잼도시,O
대전,B_LOC
으로,O
유명하지만,O
2019,O
대전방문의해,O
라고,O
해서,O
한번,O
가봤죠ㅎㅎ,O
ㅡㅡㅡ,ㅡㅡㅡ
노잼도시도,O
유잼으로,O
만든,O
커플,O
의,O
티키타카,O
영상으로,O
확인해주세요,O
ㅡㅡㅡ,ㅡㅡㅡ
구독과,O
좋아요는,O
제게,O
큰,O
이,O
됩니다,O
ㅡㅡㅡ,ㅡㅡㅡ
ㅡㅡㅡ,ㅡㅡㅡ
브금,O
대통령,O
ㅡㅡㅡ,ㅡㅡㅡ
브금,O
대통령,O
ㅡㅡㅡ,ㅡㅡㅡ
8,O
ㅡㅡㅡ,ㅡㅡㅡ
오월드,B_TOR
브이로그,O
대전,B_LOC
오월드,B_TOR
오월드,B_TOR
공연,O
ㅡㅡㅡ,ㅡㅡㅡ
ㅡㅡㅡ,ㅡㅡㅡ
ㅡㅡㅡ,ㅡㅡㅡ
ㅡㅡㅡ,ㅡㅡㅡ
ㅡㅡㅡ,ㅡㅡㅡ
199222,O
ㅡㅡㅡ,ㅡㅡㅡ
독립서점,O
브이로그,O
대전,B_LOC
독립서점,O
머물다가게,B_TOR
편,O
ㅡㅡㅡ,ㅡㅡㅡ
대전,B_LOC
대동,O
의,O
하늘공원,B_TOR
과,O
벽화마을,O
아래,O
골목에는,O
독립서점,O
머물다가게,B_TOR
가,O
있다,O
ㅡㅡㅡ,ㅡㅡㅡ
머물다가게는,B_TOR
지난해6월,O
에,O
문을,O
연,O
신생서점이지만,O
대동하늘공원,B_TOR
과,O
벽화마을,O
이,O
대전,B_LOC
여행지로,O
부각되면서,O
서점에,O
방문하는,O
손님,O
도,O
늘어나고,O
있다,O
ㅡㅡㅡ,ㅡㅡㅡ
머물다가게,B_TOR
한켠에는,O
대전,B_LOC
지역에서,O
활동중인,O
청년,O
작가,O
들의,O
책과,O
작품들이,O
즐비돼,O
있다,O
유통이,O
어려운,O
작가,O
들을,O
위해,O
그들의,O
작품들이,O
판매되고,O
홍보될,O
수,O
있도록,O
전시와,O
판매를,O
동시에,O
진행하고,O
있다,O
ㅡㅡㅡ,ㅡㅡㅡ
이곳은,O
독립출판물,O
외에,O
대전,B_LOC
대표,O
기념품,O
굿즈도,O
판매하고,O
있다,O
ㅡㅡㅡ,ㅡㅡㅡ
대전굿,O
즈는,O
대전,B_LOC
의,O
도시,O
상징물을,O
활용해,O
제작됐으며,O
주민,O
참여사업,O
아이디어,O
공모전의,O
우수,O
아이디어로,O
선정돼,O
대전,B_LOC
지역의,O
청년,O
작가,O
들이,O
기획해,O
만든,O
로컬,O
상품이다,O
굿즈는,O
한빛탑,O
엑스포,B_TOR
대동하늘공원,B_TOR
등,O
대전,B_LOC
을,O
대표하는,O
장소들을,O
담고,O
있으며,O
상품으로는,O
엽서,O
손거울,O
마스킹테이프,O
조명,O
등,O
종류가,O
다양하다,O
ㅡㅡㅡ,ㅡㅡㅡ
코로나19사태,O
가,O
터지기,O
전에는,O
나만의,O
노트,O
만들기,O
원데이,O
클래스와,O
지역,O
청년,O
작가,O
들이,O
모여,O
네트워킹을,O
할,O
수,O
있는,O
공간을,O
마련했지만,O
현재는,O
서점,O
문을,O
여는,O
것,O
조차,O
쉽지가,O
않은,O
상황이다,O
ㅡㅡㅡ,ㅡㅡㅡ
머물다가게,B_TOR
임다은,O
대표,O
는,O
서점이,O
지역작가,O
들과,O
주민,O
들이,O
함께할,O
수,O
있는,O
커뮤니티,O
공간인,O
동시에,O
여행자,O
들을,O
위한,O
쉼터가,O
되길,O
바랬다,O
대전,B_LOC
은,O
화려한,O
도시이면서,O
삶의,O
여유가,O
매력인,O
아날로그,O
문화도,O
살아있다,O
ㅡㅡㅡ,ㅡㅡㅡ
관광도시,O
대전,B_LOC
을,O
꿈꾸는,O
임,O
대표,O
는,O
대전,B_LOC
에,O
여행온,O
여행자,O
들이,O
작은,O
소품과,O
지역,O
작가,O
의,O
책을,O
감상하면서,O
대전,B_LOC
의,O
아름다움을,O
담아갔으면,O
좋겠다고,O
수줍게,O
말했다,O
ㅡㅡㅡ,ㅡㅡㅡ
뉴스앤북,O
ㅡㅡㅡ,ㅡㅡㅡ
안녕하세요,O
유테이,O
입니다,O
ㅡㅡㅡ,ㅡㅡㅡ
요즘,O
너무,O
바쁘고,O
정신,O
없어서,O
영상이,O
늦어졌습니댱,O
ㅠㅠ흡흡,O
ㅡㅡㅡ,ㅡㅡㅡ
쭌,O
유,O
커플,O
데이트로,O
대전,B_LOC
오월드,B_TOR
에,O
다녀왔습니다,O
ㅡㅡㅡ,ㅡㅡㅡ
비수기라,O
그런지,O
자유이용권도,O
저렴해서,O
좋더라구용,O
ㅡㅡㅡ,ㅡㅡㅡ
사람도,O
별로,O
없어서,O
실컷,O
놀다,O
왔답니당,O
ㅡㅡㅡ,ㅡㅡㅡ
쭌,O
유,O
커플,O
브이로그,O
함께,O
보시죠,O
ㅡㅡㅡ,ㅡㅡㅡ
커플브이로그,O
커플데이트,O
데이트브이로그,O
쭌,O
유,O
커플,O
ㅡㅡㅡ,ㅡㅡㅡ
둥하,O
ㅡㅡㅡ,ㅡㅡㅡ
여러분,O
이번엔,O
영상이,O
늦었네요,O
ㅠㅠ,O
ㅡㅡㅡ,ㅡㅡㅡ
이사,O
때문에,O
많이,O
바빴답니다,O
흑흑ㅠㅠ,O
ㅡㅡㅡ,ㅡㅡㅡ
이번,O
영상은,O
저랑,O
정말,O
친한,O
카이스트,O
대학원,O
후배,O
와의,O
기분좋은,O
점심,O
브이로그입니다,O
ㅡㅡㅡ,ㅡㅡㅡ
대학원,O
다니면서,O
브이로그,O
채널도,O
운영하고,O
있는,O
동생,O
이에요,O
ㅋㅋㅋ,O
ㅡㅡㅡ,ㅡㅡㅡ
조만간,O
박사,O
과정에,O
진학할건데,O
학위,O
과정,O
잘,O
해내길,O
바라며,O
ㅡㅡㅡ,ㅡㅡㅡ
재미있게,O
봐주세요,O
그리고,O
새로운,O
한주,O
화이팅,O
ㅡㅡㅡ,ㅡㅡㅡ
장소,O
대전,B_LOC
브런치카페,O
데이,O
트,O
충남대,O
근처,O
커피,B_CAF
인터뷰,I_CAF
ㅡㅡㅡ,ㅡㅡㅡ
인스타그램,O
ㅡㅡㅡ,ㅡㅡㅡ
브이로그,O
대전,B_LOC
브이로그,O
대학원생,O
브이로그,O
커피인터뷰,B_CAF
충남대,O
카페,O
대전,B_LOC
카페,O
카페브이로그,O
카페데이트,O
점심브이로그,O
ㅡㅡㅡ,ㅡㅡㅡ
안녕하세요,O
종나무,O
입니다,O
ㅡㅡㅡ,ㅡㅡㅡ
오늘,O
은,O
대전사,O
는,O
친구,O
네,O
집에,O
놀러갔는데요,O
ㅡㅡㅡ,ㅡㅡㅡ
1박2일,O
대전,B_LOC
에서,O
노는,O
시간을,O
영상으로,O
담아봤어요,O
ㅡㅡㅡ,ㅡㅡㅡ
누가,O
대전,B_LOC
을,O
노잼도시라고,O
했나요,O
ㅡㅡㅡ,ㅡㅡㅡ
너무,O
알차게,O
재밌었던,O
대유잼대전,O
브이로그를,O
영상에서,O
만나보세요,O
ㅡㅡㅡ,ㅡㅡㅡ
대전,B_LOC
여행,O
여행브이로그,O
브이로그,O
한밭수목원,B_TOR
시립미술관,B_TOR
ㅡㅡㅡ,ㅡㅡㅡ
오씨칼국수,B_RES
독립서점다다르다,B_TOR
성심당,B_RES
두오모,O
ㅡㅡㅡ,ㅡㅡㅡ
원래,O
조용한,O
도시,O
대전,B_LOC
이,O
ㅡㅡㅡ,ㅡㅡㅡ
조금,O
더,O
조용해졌습니다,O
ㅡㅡㅡ,ㅡㅡㅡ
물론,O
성심당,B_CAF
은,O
여전히,O
사람이,O
많습니다,O
ㅡㅡㅡ,ㅡㅡㅡ
모두,O
건강관리,O
잘하세요,O
ㅡㅡㅡ,ㅡㅡㅡ
감사합니다,O
ㅡㅡㅡ,ㅡㅡㅡ
안녕하세요,O
ㅡㅡㅡ,ㅡㅡㅡ
처음으로,O
찍어본,O
대전,B_LOC
일상브이로그입니다,O
ㅡㅡㅡ,ㅡㅡㅡ
즐겁게,O
시청해주길,O
바라요,O
ㅡㅡㅡ,ㅡㅡㅡ
대전,B_LOC
소제동,B_LOC
대동,O
하늘공원,B_TOR
ㅡㅡㅡ,ㅡㅡㅡ
여행브이로그,O
대전,B_LOC
여행,O
성심당,B_CAF
ㅡㅡㅡ,ㅡㅡㅡ
대전,B_LOC
에서,O
힐링하고,O
돌아왔었던,O
지난주말,O
일상,O
영상입니다,O
ㅡㅡㅡ,ㅡㅡㅡ
오랜만에,O
대전,B_LOC
의,O
명물,O
성심당,B_CAF
에서,O
튀김,O
소보로도,O
사고,O
ㅡㅡㅡ,ㅡㅡㅡ
부산,O
으로,O
내려오는,O
길에는,O
특실칸에서,O
편하게,O
왔어요,O
ㅡㅡㅡ,ㅡㅡㅡ
그럼,O
다들,O
주말,O
잘,O
마무리하세요,O
ㅡㅡㅡ,ㅡㅡㅡ
영상품질을,O
1080,O
로,O
맞춰서,O
보시면,O
편해요,O
ㅡㅡㅡ,ㅡㅡㅡ
피드백과,O
좋아요,O
댓글,O
구독하기는,O
언제나,O
대환영입니다,O
ㅡㅡㅡ,ㅡㅡㅡ
빵폭식,O
인천,O
빵,O
부터,O
대전,B_LOC
빵,O
까지,O
먹방브이로그,O
대전,B_LOC
성심당,B_CAF
청라,O
빵집,O
미들웨이,O
서브웨이,O
ㅡㅡㅡ,ㅡㅡㅡ
먹방,O
먹방브이로그,O
ㅡㅡㅡ,ㅡㅡㅡ
57,O
ㅡㅡㅡ,ㅡㅡㅡ
20201031,O
ㅡㅡㅡ,ㅡㅡㅡ
로충칭마라탕,O
궁동,B_LOC
에서,O
마라탕,O
먹으러,O
갈때마다,O
가는곳,O
ㅡㅡㅡ,ㅡㅡㅡ
커피,B_CAF
인터뷰,I_CAF
사람,O
진짜,O
많음,O
ㅡㅡㅡ,ㅡㅡㅡ
충대,O
단풍구경,O
ㅡㅡㅡ,ㅡㅡㅡ
별리달리,B_RES
돈까스,O
맛집,O
ㅡㅡㅡ,ㅡㅡㅡ
20201105,O
ㅡㅡㅡ,ㅡㅡㅡ
고마워,O
레터링케이크,O
주문제작,O
가능한,O
아기자기한,O
카페,O
ㅡㅡㅡ,ㅡㅡㅡ
씨멘트,B_RES
해물리조또,O
봉봉맥주,O
진짜,O
꿀조합,O
ㅡㅡㅡ,ㅡㅡㅡ
럭키스트라이크,O
바텐더,O
님이,O
칵테일,O
추천도,O
해주시고,O
분위기도,O
진짜,O
좋음,O
ㅡㅡㅡ,ㅡㅡㅡ
안녕하세요,O
지난8월초,O
익형,O
의,O
대전,B_LOC
출장,O
세미나가,O
있었는데요,O
ㅡㅡㅡ,ㅡㅡㅡ
대전,B_LOC
세미나에서,O
시연한,O
제품은,O
우도,O
땅콩타르트,O
와,O
토마토무스케익,O
입니다,O
ㅡㅡㅡ,ㅡㅡㅡ
자세한,O
과정은,O
다음에,O
업로드,O
될,O
익형세미나,O
영상을,O
참고해주시고,O
ㅡㅡㅡ,ㅡㅡㅡ
이번,O
영상은,O
세미나,O
출장,O
중,O
생긴,O
에피소드들을,O
짧게,O
담아봤습니다,O
ㅡㅡㅡ,ㅡㅡㅡ
구독과,O
좋아요,O
많이,O
눌러주세요,O
ㅡㅡㅡ,ㅡㅡㅡ
익형브이로그익형세미나,O
대전엑스포,B_TOR
성심당,B_CAF
전참시,O
ㅡㅡㅡ,ㅡㅡㅡ
ㅡㅡㅡ,ㅡㅡㅡ
올리커세미나,O
와,O
이벤트,O
소식을,O
받아보세요,O
ㅡㅡㅡ,ㅡㅡㅡ
인스타그램,O
ㅡㅡㅡ,ㅡㅡㅡ
카카오,O
채널,O
올리커,O
검색,O
ㅡㅡㅡ,ㅡㅡㅡ
ㅡㅡㅡ,ㅡㅡㅡ
ㅡㅡㅡ,ㅡㅡㅡ
2019년7월,O
어느,O
날,O
맛있는,O
거,O
먹고,O
예쁜,O
거,O
보려고,O
무작정,O
떠난,O
당일치기,O
대전,B_LOC
여행,O
ㅡㅡㅡ,ㅡㅡㅡ
솔트,O
ㅡㅡㅡ,ㅡㅡㅡ
오아시스,O
ㅡㅡㅡ,ㅡㅡㅡ
그레이구락부,O
ㅡㅡㅡ,ㅡㅡㅡ
브루,O
ㅡㅡㅡ,ㅡㅡㅡ
토스트,O
ㅡㅡㅡ,ㅡㅡㅡ
성심당,B_CAF
ㅡㅡㅡ,ㅡㅡㅡ
ㅡㅡㅡ,ㅡㅡㅡ
ㅡㅡㅡ,ㅡㅡㅡ
ㅡㅡㅡ,ㅡㅡㅡ
ㅡㅡㅡ,ㅡㅡㅡ
ㅡㅡㅡ,ㅡㅡㅡ
ㅡㅡㅡ,ㅡㅡㅡ
ㅡㅡㅡ,ㅡㅡㅡ
ㅡㅡㅡ,ㅡㅡㅡ
ㅡㅡㅡ,ㅡㅡㅡ
ㅡㅡㅡ,ㅡㅡㅡ
ㅡㅡㅡ,ㅡㅡㅡ
ㅡㅡㅡ,ㅡㅡㅡ
짧은,O
대전,B_LOC
브이로그,O
ㅡㅡㅡ,ㅡㅡㅡ
대전사,O
는,O
친구,O
만나서,O
놀고왔어요,O
ㅡㅡㅡ,ㅡㅡㅡ
와요사무실카페,O
커피,B_CAF
카라멜,B_RES
ㅡㅡㅡ,ㅡㅡㅡ
안녕하세요,O
한달전,O
에,O
갔다,O
온,O
대전,B_LOC
브이로그,O
영상,O
이제야,O
올리네요,O
ㅡㅡㅡ,ㅡㅡㅡ
갑자기,O
과제랑,O
촬영,O
준비로,O
바빠져서,O
편집,O
할,O
시간이,O
없었어요,O
ㅜㅜ,O
ㅡㅡㅡ,ㅡㅡㅡ
기다려주는,O
사람들이,O
많더라구요,O
ㅋㅋㅋ,O
감사합니당,O
ㅡㅡㅡ,ㅡㅡㅡ
버스,O
타고,O
대전,B_LOC
가는데,O
1시간,O
조금,O
넘게,O
걸려요,O
주로,O
대전,B_LOC
중구,B_LOC
은행동,B_LOC
에서,O
놀고,O
먹고,O
했습니다,O
ㅡㅡㅡ,ㅡㅡㅡ
처음으로,O
친구,O
들과,O
셀프,O
사진관에,O
들러서,O
촬영,O
해봤는데,O
생각보다,O
쉽지,O
않더라구요,O
ㅋㅋㅋㅎㅎ,O
난리,O
그,O
자체였습니당,O
ㅡㅡㅡ,ㅡㅡㅡ
그리고,O
성심당,B_CAF
이,O
대전,B_LOC
을,O
거의,O
씹어,O
먹더라구요,O
근데,O
진짜,O
맛있어요,O
나중에,O
한번,O
더,O
가서,O
제대로,O
먹방,O
찍어,O
보겠습니다,O
ㅡㅡㅡ,ㅡㅡㅡ
좋은,O
추억,O
만들어준,O
하경,O
아영,O
이,O
고맙구,O
나중에,O
또,O
놀러,O
갈,O
일이,O
빨리,O
왔으면,O
좋겠어요,O
ㅡㅡㅡ,ㅡㅡㅡ
이번,O
영상도,O
재밌게,O
봐주세효,O
ㅡㅡㅡ,ㅡㅡㅡ
온천집,B_RES
ㅡㅡㅡ,ㅡㅡㅡ
대전,B_LOC
동구,B_LOC
수향길,O
17,O
ㅡㅡㅡ,ㅡㅡㅡ
매일,O
11302100,O
브레이크,O
타임,O
15001700,O
ㅡㅡㅡ,ㅡㅡㅡ
ㅡㅡㅡ,ㅡㅡㅡ
베리도넛,B_CAF
ㅡㅡㅡ,ㅡㅡㅡ
대전,B_LOC
동구,B_LOC
수향길,O
97,O
ㅡㅡㅡ,ㅡㅡㅡ
매일,O
1100,O
2100,O
ㅡㅡㅡ,ㅡㅡㅡ
ㅡㅡㅡ,ㅡㅡㅡ
숙소,O
에어비앤비,O
ㅡㅡㅡ,ㅡㅡㅡ
교토,O
스탠다드,O
ㅡㅡㅡ,ㅡㅡㅡ
할인코드,O
061,O
ㅡㅡㅡ,ㅡㅡㅡ
풍뉴가,B_CAF
ㅡㅡㅡ,ㅡㅡㅡ
대전,B_LOC
동구,O
수향길,O
31,O
ㅡㅡㅡ,ㅡㅡㅡ
매일,O
1100,O
2100,O
ㅡㅡㅡ,ㅡㅡㅡ
ㅡㅡㅡ,ㅡㅡㅡ
잘못되었거나,O
변경된,O
정보는,O
알려주시면,O
수정하겠습니다,O
ㅡㅡㅡ,ㅡㅡㅡ
ㅡㅡㅡ,ㅡㅡㅡ
ㅡㅡㅡ,ㅡㅡㅡ
ㅡㅡㅡ,ㅡㅡㅡ
60,O
ㅡㅡㅡ,ㅡㅡㅡ
샛별,O
계란꽃,O
609,O
ㅡㅡㅡ,ㅡㅡㅡ
샛별,O
화요일,O
오후,O
5,O
ㅡㅡㅡ,ㅡㅡㅡ
모든,O
취준생,O
공시생,O
올해,O
내년,O
취뽀합시다,O
ㅡㅡㅡ,ㅡㅡㅡ
058,O
오씨칼국수,B_RES
ㅡㅡㅡ,ㅡㅡㅡ
218,O
성심당,B_CAF
본점,O
ㅡㅡㅡ,ㅡㅡㅡ
416,O
롯데시티호텔,O
대전,B_LOC
ㅡㅡㅡ,ㅡㅡㅡ
738,O
롯데시티호텔,O
조식,O
ㅡㅡㅡ,ㅡㅡㅡ
938,O
태평소국밥,B_RES
ㅡㅡㅡ,ㅡㅡㅡ
타미크롭티셔츠,O
현재,O
판매,O
중이,O
아니라고,O
합니다,O
ㅡㅡㅡ,ㅡㅡㅡ
잠옷,O
폴로와플티코스트코,O
구매,O
사이즈,O
ㅡㅡㅡ,ㅡㅡㅡ
후리스,O
후아유유니집업,O
사이즈,O
41,O
ㅡㅡㅡ,ㅡㅡㅡ
파트너스,O
활동을,O
통해,O
일정액의,O
수수료를,O
제공받을,O
수,O
있습니다,O
ㅡㅡㅡ,ㅡㅡㅡ
브금,O
대통령,O
ㅡㅡㅡ,ㅡㅡㅡ
62,O
ㅡㅡㅡ,ㅡㅡㅡ
취준생,O
브이로그,O
공시생,O
브이로그,O
ㅡㅡㅡ,ㅡㅡㅡ
대전,B_LOC
여행,O
ㅡㅡㅡ,ㅡㅡㅡ
안녕하세요,O
뮤즈리,O
예요,O
ㅡㅡㅡ,ㅡㅡㅡ
여러분,O
제가,O
드디어,O
대전,B_LOC
먹방여행,O
영상,O
편집을,O
다,O
끝냈습니닷,O
ㅡㅡㅡ,ㅡㅡㅡ
짝짝짝,O
자축,O
ㅡㅡㅡ,ㅡㅡㅡ
제가,O
먹어도,O
너무너무,O
먹었던지라,O
ㅡㅡㅡ,ㅡㅡㅡ
영상이,O
어마어마하게,O
길어지더라구요,O
ㅎㅎㅎㅎㅎ,O
ㅡㅡㅡ,ㅡㅡㅡ
대전,B_LOC
에,O
가기전부터,O
진짜,O
미친듯이,O
한번,O
먹어보자,O
란,O
ㅡㅡㅡ,ㅡㅡㅡ
생각으로,O
계획을,O
하고,O
갔었는데,O
ㅡㅡㅡ,ㅡㅡㅡ
계획,O
이상으로,O
더,O
많이,O
먹고,O
왔다는,O
ㅋㅋㅋㅋ,O
ㅡㅡㅡ,ㅡㅡㅡ
대전,B_LOC
을,O
시작으로,O
조금씩,O
더,O
많이,O
국내여행을,O
다녀볼,O
생각이에요,O
ㅡㅡㅡ,ㅡㅡㅡ
이제,O
날씨도,O
조금씩,O
풀리니까,O
딱,O
여행가기,O
좋잖아요,O
ㅡㅡㅡ,ㅡㅡㅡ
저는,O
다른것보다,O
맛집을,O
풍성하게,O
다녀보면서,O
ㅡㅡㅡ,ㅡㅡㅡ
다양한,O
곳들,O
많이,O
알려드리도록,O
하겠슴닷,O
ㅎㅎ,O
ㅡㅡㅡ,ㅡㅡㅡ
이번,O
영상도,O
재밌고,O
맛있게,O
감상부탁해요,O
ㅡㅡㅡ,ㅡㅡㅡ
항상,O
잊지,O
않고,O
제,O
영상,O
보러와주셔서,O
감사합니다,O
ㅡㅡㅡ,ㅡㅡㅡ
다음,O
영상에서,O
만나요,O
ㅡㅡㅡ,ㅡㅡㅡ
영상에,O
쓰인,O
브금,O
ㅡㅡㅡ,ㅡㅡㅡ
ㅡㅡㅡ,ㅡㅡㅡ
ㅡㅡㅡ,ㅡㅡㅡ
98,O
ㅡㅡㅡ,ㅡㅡㅡ
ㅡㅡㅡ,ㅡㅡㅡ
ㅡㅡㅡ,ㅡㅡㅡ
ㅡㅡㅡ,ㅡㅡㅡ
ㅡㅡㅡ,ㅡㅡㅡ
ㅡㅡㅡ,ㅡㅡㅡ
1,O
ㅡㅡㅡ,ㅡㅡㅡ
ㅡㅡㅡ,ㅡㅡㅡ
ㅡㅡㅡ,ㅡㅡㅡ
334,O
ㅡㅡㅡ,ㅡㅡㅡ
ㅡㅡㅡ,ㅡㅡㅡ
ㅡㅡㅡ,ㅡㅡㅡ
0,O
ㅡㅡㅡ,ㅡㅡㅡ
영상에,O
쓰인,O
서체,O
ㅡㅡㅡ,ㅡㅡㅡ
㈜위드이노베이션,O
이,O
제공한,O
여기어때,O
잘난서체를,O
사용했습니다,O
ㅡㅡㅡ,ㅡㅡㅡ
대전,B_LOC
여행,O
대전,B_LOC
먹방여행,O
성심당,B_CAF
바로그집,B_RES
한영식당,B_RES
ㅡㅡㅡ,ㅡㅡㅡ
디어딜라이트,B_CAF
머스탱,O
배터져부러,O
돼지런하게,O
먹방브이로그,O
ㅡㅡㅡ,ㅡㅡㅡ
여행브이로그,O
맛집투어,O
ㅡㅡㅡ,ㅡㅡㅡ
190713,O
190714,O
ㅡㅡㅡ,ㅡㅡㅡ
집들이가,O
꼭,O
새집이어야,O
하나요,O
ㅡㅡㅡ,ㅡㅡㅡ
차은지,O
의,O
투룸,O
자취방,O
이사전,O
마지막,O
집들이,O
ㅡㅡㅡ,ㅡㅡㅡ
성모여고,O
시절,O
유달리,O
공부,O
안,O
했던,O
그들,O
ㅡㅡㅡ,ㅡㅡㅡ
그때,O
다진,O
우정의,O
정모,O
3년만,O
에,O
이뤄내다,O
ㅡㅡㅡ,ㅡㅡㅡ
정말,O
대전,B_LOC
은,O
성심당,B_CAF
의,O
도시며,O
노잼의,O
도시일까,O
ㅡㅡㅡ,ㅡㅡㅡ
요즘은,O
감성카페의,O
도시라고,O
불리기,O
시작했다는데,O
과연,O
ㅡㅡㅡ,ㅡㅡㅡ
그들의,O
여행은,O
성,B_CAF
심당,I_CAF
먹고,O
끝날,O
것인가,O
ㅡㅡㅡ,ㅡㅡㅡ
본편은,O
추후에,O
업데이트,O
됩니다,O
ㅡㅡㅡ,ㅡㅡㅡ
날짜,O
미정,O
나도,O
몰라,O
ㅡㅡㅡ,ㅡㅡㅡ
여튼,O
올라오겠지,O
재촉하던가,O
ㅡㅡㅡ,ㅡㅡㅡ
ㅡㅡㅡ,ㅡㅡㅡ
52411,O
ㅡㅡㅡ,ㅡㅡㅡ
ㅡㅡㅡ,ㅡㅡㅡ
ㅡㅡㅡ,ㅡㅡㅡ
163,O
ㅡㅡㅡ,ㅡㅡㅡ
55,O
ㅡㅡㅡ,ㅡㅡㅡ
26,O
ㅡㅡㅡ,ㅡㅡㅡ
240,O
ㅡㅡㅡ,ㅡㅡㅡ
효효마켓,O
ㅡㅡㅡ,ㅡㅡㅡ
ㅡㅡㅡ,ㅡㅡㅡ
유오니아,O
ㅡㅡㅡ,ㅡㅡㅡ
002,O
스튜디오루아흐,O
ㅡㅡㅡ,ㅡㅡㅡ
서울,O
송파구,O
양재대로71길,O
2030,O
4층,O
ㅡㅡㅡ,ㅡㅡㅡ
034,O
별미곱창,O
ㅡㅡㅡ,ㅡㅡㅡ
서울,O
송파구,O
오금로,O
11길,O
14,O
별미곱창본점,O
ㅡㅡㅡ,ㅡㅡㅡ
049,O
모타운커피,O
ㅡㅡㅡ,ㅡㅡㅡ
서울,O
송파구,O
백제고분로45길,O
34,O
1층,O
101호,O
ㅡㅡㅡ,ㅡㅡㅡ
113,O
월광박속낙지탕,B_RES
ㅡㅡㅡ,ㅡㅡㅡ
대전,B_LOC
서구,O
한밭대로,O
707번길,O
27,O
2층,O
ㅡㅡㅡ,ㅡㅡㅡ
141,O
슬리피타운,B_CAF
ㅡㅡㅡ,ㅡㅡㅡ
대전,B_LOC
서구,O
둔산남로9번길,O
53,O
2층,O
ㅡㅡㅡ,ㅡㅡㅡ
티셔츠,O
자켓,O
효효마켓,O
ㅡㅡㅡ,ㅡㅡㅡ
207,O
리셉션,B_CAF
ㅡㅡㅡ,ㅡㅡㅡ
대전,B_LOC
서구,O
둔산로,O
51번길,O
16,O
3층,O
리셉션커피,B_CAF
ㅡㅡㅡ,ㅡㅡㅡ
티셔츠,O
트위,O
드,O
효효마켓,O
업뎃예정,O
ㅡㅡㅡ,ㅡㅡㅡ
228,O
샐리너,B_RES
ㅡㅡㅡ,ㅡㅡㅡ
대전,B_LOC
유성구,O
온천북로,O
7,O
1층,O
샐리너,B_RES
ㅡㅡㅡ,ㅡㅡㅡ
스트,O
라이프집업,O
효효마켓업뎃예정,O
ㅡㅡㅡ,ㅡㅡㅡ
301,O
아케이드커피,B_CAF
ㅡㅡㅡ,ㅡㅡㅡ
대전,B_LOC
유성구,O
대학로,O
4817,O
1층,O
ㅡㅡㅡ,ㅡㅡㅡ
305,O
하프커피,B_CAF
ㅡㅡㅡ,ㅡㅡㅡ
대전,B_LOC
유성구,O
엑스포로,O
17,O
5층,O
ㅡㅡㅡ,ㅡㅡㅡ
349,O
버터피베이크샵,B_CAF
카페브루,B_CAF
ㅡㅡㅡ,ㅡㅡㅡ
대전,B_LOC
서구,O
신갈마로,O
230번길,O
9,O
ㅡㅡㅡ,ㅡㅡㅡ
가디건,O
효효마켓업뎃예정,O
ㅡㅡㅡ,ㅡㅡㅡ
팬츠,O
효효마켓품절,O
ㅡㅡㅡ,ㅡㅡㅡ
티셔츠,O
렉토,O
ㅡㅡㅡ,ㅡㅡㅡ
529,O
베이어스튜디오,O
ㅡㅡㅡ,ㅡㅡㅡ
대전,B_LOC
유성구,O
현충원로,O
510,O
12층,O
ㅡㅡㅡ,ㅡㅡㅡ
610,O
에이치에이치라운지,O
ㅡㅡㅡ,ㅡㅡㅡ
대전,B_LOC
서구,O
대덕대로,O
185번길,O
46,O
둔산코어타워,O
104호,O
ㅡㅡㅡ,ㅡㅡㅡ
ㅡㅡㅡ,ㅡㅡㅡ
5,O
ㅡㅡㅡ,ㅡㅡㅡ
데일리룩,O
직장인데일리룩,O
개강룩,O
대학생,O
데일리룩,O
ㅡㅡㅡ,ㅡㅡㅡ
안녕하세요,O
ㅡㅡㅡ,ㅡㅡㅡ
저번주,O
이번주,O
외출한,O
날,O
찍어둔,O
영상들,O
모아보았어요,O
ㅡㅡㅡ,ㅡㅡㅡ
중간에,O
에러나서,O
다시,O
올려요,O
ㅡㅡㅡ,ㅡㅡㅡ
한주,O
업로드,O
쉬었는데,O
감이,O
떨어진거같아요,O
ㅡㅡㅡ,ㅡㅡㅡ
다시,O
부지런히,O
데일리룩,O
영상도,O
찍어볼게요,O
ㅡㅡㅡ,ㅡㅡㅡ
제가,O
모라고,O
기다려주신,O
분들,O
감사해요,O
ㅡㅡㅡ,ㅡㅡㅡ
영상,O
봐주셔서,O
감사합니다,O
ㅡㅡㅡ,ㅡㅡㅡ
ㅡㅡㅡ,ㅡㅡㅡ
1018,O
ㅡㅡㅡ,ㅡㅡㅡ
ㅡㅡㅡ,ㅡㅡㅡ
8,O
ㅡㅡㅡ,ㅡㅡㅡ
어뮤즈드레스,O
비바블라우스,O
ㅡㅡㅡ,ㅡㅡㅡ
메리어라운드,O
앤트,O
핀턱,O
ㅡㅡㅡ,ㅡㅡㅡ
마르지엘라타비플랫,O
ㅡㅡㅡ,ㅡㅡㅡ
아르켓,O
ㅡㅡㅡ,ㅡㅡㅡ
세종시,O
금남면,O
비일상,O
144,O
ㅡㅡㅡ,ㅡㅡㅡ
9,O
ㅡㅡㅡ,ㅡㅡㅡ
메리어라운드,O
앤드,O
컬러,O
ㅡㅡㅡ,ㅡㅡㅡ
미뉴에트,O
ㅡㅡㅡ,ㅡㅡㅡ
아식스젤1090,O
ㅡㅡㅡ,ㅡㅡㅡ
대전,B_LOC
탄방동,B_LOC
바오바뮐러,B_RES
208,O
ㅡㅡㅡ,ㅡㅡㅡ
대전,B_LOC
관저동,B_LOC
관저당,B_CAF
224,O
ㅡㅡㅡ,ㅡㅡㅡ
대전,B_LOC
갈마동,B_LOC
워크룸커피,B_CAF
241,O
ㅡㅡㅡ,ㅡㅡㅡ
01,O
ㅡㅡㅡ,ㅡㅡㅡ
슬로우앤드,O
여리핏,O
스프링,O
골지니트,O
ㅡㅡㅡ,ㅡㅡㅡ
어뮤즈드레스,O
뮤즈슬렉스,O
ㅡㅡㅡ,ㅡㅡㅡ
아식스젤1090,O
ㅡㅡㅡ,ㅡㅡㅡ
위드윤,O
소가죽,O
버킷,O
ㅡㅡㅡ,ㅡㅡㅡ
대전,B_LOC
월평동,B_LOC
피자보코니,B_RES
321,O
ㅡㅡㅡ,ㅡㅡㅡ
대전,B_LOC
갈마동,B_LOC
이븐타이드,O
327,O
ㅡㅡㅡ,ㅡㅡㅡ
ㅡㅡㅡ,ㅡㅡㅡ
세종시,O
도담동,O
앤리오,O
403,O
ㅡㅡㅡ,ㅡㅡㅡ
014,O
ㅡㅡㅡ,ㅡㅡㅡ
므앤,O
브런치블라우스,O
ㅡㅡㅡ,ㅡㅡㅡ
메리어라운드,O
앤트,O
핀턱,O
ㅡㅡㅡ,ㅡㅡㅡ
마르지엘라타비플랫,O
ㅡㅡㅡ,ㅡㅡㅡ
위드윤,O
소가죽,O
버킷,O
ㅡㅡㅡ,ㅡㅡㅡ
대전,B_LOC
대흥동,B_LOC
카페캠페인,B_CAF
508,O
ㅡㅡㅡ,ㅡㅡㅡ
대전,B_LOC
선화동,B_LOC
카라멜,B_RES
553,O
ㅡㅡㅡ,ㅡㅡㅡ
016,O
ㅡㅡㅡ,ㅡㅡㅡ
블루브릭,O
무스,O
오버핏자켓,O
품절,O
ㅡㅡㅡ,ㅡㅡㅡ
슬,O
로우앤드,O
여리핏,O
스프링티셔츠,O
ㅡㅡㅡ,ㅡㅡㅡ
오프라인,O
ㅡㅡㅡ,ㅡㅡㅡ
오펜딩,O
플랫스트레이트뮬,O
ㅡㅡㅡ,ㅡㅡㅡ
구찌,O
홀스빗,O
ㅡㅡㅡ,ㅡㅡㅡ
공주시,O
반포면,O
온천손칼국수,O
657,O
ㅡㅡㅡ,ㅡㅡㅡ
세종시,O
금남면,O
이도사유,O
714,O
ㅡㅡㅡ,ㅡㅡㅡ
017,O
ㅡㅡㅡ,ㅡㅡㅡ
모던티지,O
코스트,O
점퍼,O
ㅡㅡㅡ,ㅡㅡㅡ
나이키,O
아이콘,O
퓨추라,O
숏슬리브티,O
ㅡㅡㅡ,ㅡㅡㅡ
젝시믹스,O
ㅡㅡㅡ,ㅡㅡㅡ
나이키헤리티지86,O
퓨추라워시드캡,O
ㅡㅡㅡ,ㅡㅡㅡ
아식스젤1090,O
ㅡㅡㅡ,ㅡㅡㅡ
대전,B_LOC
월평동,B_LOC
브라운관,B_CAF
845,O
ㅡㅡㅡ,ㅡㅡㅡ
018,O
ㅡㅡㅡ,ㅡㅡㅡ
오펜딩,O
세인트,O
코튼셔츠,O
ㅡㅡㅡ,ㅡㅡㅡ
메리어라운드,O
차차,O
ㅡㅡㅡ,ㅡㅡㅡ
오펜딩,O
플랫스트레이트뮬,O
ㅡㅡㅡ,ㅡㅡㅡ
구찌,O
홀스빗,O
ㅡㅡㅡ,ㅡㅡㅡ
ㅡㅡㅡ,ㅡㅡㅡ
ㅡㅡㅡ,ㅡㅡㅡ
ㅡㅡㅡ,ㅡㅡㅡ
둥하,O
ㅡㅡㅡ,ㅡㅡㅡ
오늘,O
은,O
첨으로,O
10분,O
넘는,O
영상을,O
만들어봤습니다,O
ㅋㅋ,O
하하,O
ㅡㅡㅡ,ㅡㅡㅡ
그만큼,O
하루,O
를,O
알차게,O
보냈단,O
뜻이져,O
ㅡㅡㅡ,ㅡㅡㅡ
인스타,O
페이스북,O
등,O
로,O
대전,B_LOC
의,O
핫한,O
카페들,O
찾는거,O
좋아하는데요,O
ㅡㅡㅡ,ㅡㅡㅡ
그,O
중에서,O
제,O
눈,O
에,O
쏙,O
들어온,O
대동,O
파이브퍼센트,O
입니다,O
ㅡㅡㅡ,ㅡㅡㅡ
대전,B_LOC
시내가,O
한눈에,O
내려다보이는,O
뷰를,O
즐길,O
수,O
있는,O
카페인데요,O
ㅡㅡㅡ,ㅡㅡㅡ
카페뿐만,O
아니라,O
ㅡㅡㅡ,ㅡㅡㅡ
대전,B_LOC
대동,B_TOR
하늘공원,I_TOR
에서,O
감상한,O
노을야경이랑,O
ㅡㅡㅡ,ㅡㅡㅡ
벽화마을의,O
예쁜,O
벽화들도,O
영상에,O
담아봤으니,O
즐겨주세요ㅋㅋ,O
ㅡㅡㅡ,ㅡㅡㅡ
대전,B_LOC
브이로그,O
대동하늘공원,B_TOR
대전,B_LOC
핫플,O
대전,B_LOC
카페,O
카페브이로그,O
대동벽화마을,O
브이로그,O
대학원생,O
브이로그,O
ㅡㅡㅡ,ㅡㅡㅡ
안녕하세요,O
이번,O
영상은,O
한달전,O
에,O
대전,B_LOC
에,O
놀러,O
갔다,O
온,O
일상,O
영상입니다,O
대전,B_LOC
은,O
처음,O
간건데요,O
가보고,O
싶었던,O
맛집,O
카페를,O
다녀와서,O
너무,O
즐거웠어요,O
ㅡㅡㅡ,ㅡㅡㅡ
요즘,O
일상,O
영상을,O
많이,O
못,O
찍어서,O
큰일입니다ㅎㅎ,O
다음,O
영상은,O
여행,O
영상일,O
거,O
같아요,O
ㅡㅡㅡ,ㅡㅡㅡ
오늘,O
도,O
봐주셔서,O
감사합니다,O
ㅡㅡㅡ,ㅡㅡㅡ
킨토토소바,B_RES
집에서,O
자막,O
메기,O
네기,O
입니당,O
ㅠㅠ,O
ㅡㅡㅡ,ㅡㅡㅡ
제,O
발음을,O
못,O
알아,O
들었네여,O
ㅡㅡㅡ,ㅡㅡㅡ
장소,O
ㅡㅡㅡ,ㅡㅡㅡ
하치카페,B_CAF
ㅡㅡㅡ,ㅡㅡㅡ
킨토토,B_RES
ㅡㅡㅡ,ㅡㅡㅡ
팬텀팬스테이크,B_RES
ㅡㅡㅡ,ㅡㅡㅡ
백시트,B_CAF
ㅡㅡㅡ,ㅡㅡㅡ
처비칙스,O
ㅡㅡㅡ,ㅡㅡㅡ
ㅡㅡㅡ,ㅡㅡㅡ
일상일상브이로그,O
대전,B_LOC
카페,O
ㅡㅡㅡ,ㅡㅡㅡ
대전,B_LOC
여행,O
ㅡㅡㅡ,ㅡㅡㅡ
국내,O
여행,O
브이로그,O
1탄,O
의,O
주인공,O
은,O
바로,O
대전,B_LOC
ㅡㅡㅡ,ㅡㅡㅡ
노잼시티라고,O
알려진,O
대전,B_LOC
ㅡㅡㅡ,ㅡㅡㅡ
그러나,O
먹고,O
쉬고를,O
반복하기엔,O
ㅡㅡㅡ,ㅡㅡㅡ
괜찮은,O
장소가,O
꽤,O
있더라고요,O
ㅡㅡㅡ,ㅡㅡㅡ
지인,O
이,O
있어서,O
종종,O
대전,B_LOC
에,O
갔었는데,O
ㅡㅡㅡ,ㅡㅡㅡ
이번,O
대전,B_LOC
여행,O
때는,O
대전,B_LOC
러한테,O
추천받은,O
ㅡㅡㅡ,ㅡㅡㅡ
맛집,O
가볼만한곳,O
5군데,O
를,O
가져왔습니다,O
ㅡㅡㅡ,ㅡㅡㅡ
가볍게,O
국내,O
여행,O
떠나고,O
싶은,O
분들,O
참고,O
하시면,O
좋을,O
것,O
같아요,O
ㅡㅡㅡ,ㅡㅡㅡ
1,O
헤이마오샤이,O
ㅡㅡㅡ,ㅡㅡㅡ
한국인,O
입맛에,O
맞춘,O
마라탕,O
을,O
개발해서,O
파는,O
대전,B_LOC
맛집,O
ㅡㅡㅡ,ㅡㅡㅡ
2,O
카페팡시온,B_CAF
ㅡㅡㅡ,ㅡㅡㅡ
넓은,O
호수를,O
보며,O
여유를,O
부릴,O
수,O
있는,O
대전,B_LOC
카페,O
ㅡㅡㅡ,ㅡㅡㅡ
3,O
성심당,B_CAF
ㅡㅡㅡ,ㅡㅡㅡ
설명이,O
필요없는,O
대전,B_LOC
빵집,O
뭘,O
먹어도,O
맛있음,O
ㅡㅡㅡ,ㅡㅡㅡ
4,O
로충칭마라탕,O
ㅡㅡㅡ,ㅡㅡㅡ
우리가,O
아는,O
마라탕,O
이,O
먹고,O
싶을,O
땐,O
여기,O
체인점쓰,O
ㅡㅡㅡ,ㅡㅡㅡ
5,O
옛터민속박물관,B_TOR
ㅡㅡㅡ,ㅡㅡㅡ
야경과,O
모닥불이,O
야경을,O
만드는,O
대전,B_LOC
카페,O
ㅡㅡㅡ,ㅡㅡㅡ
그럼,O
이번,O
영상도,O
즐겁게,O
시청해,O
주세요,O
ㅡㅡㅡ,ㅡㅡㅡ
이앉의국내여행,O
대전,B_LOC
여행,O
대전,B_LOC
맛집,O
ㅡㅡㅡ,ㅡㅡㅡ
ㅡㅡㅡ,ㅡㅡㅡ
ㅡㅡㅡ,ㅡㅡㅡ
094,O
ㅡㅡㅡ,ㅡㅡㅡ
다꾸,O
씰스티커,O
브이로그,O
ㅡㅡㅡ,ㅡㅡㅡ
안녕하세요,O
여러분,O
희윰이에요,O
ㅡㅡㅡ,ㅡㅡㅡ
오늘,O
은,O
작은,O
여행,O
브이로그랑,O
다꾸하는,O
영상을,O
가지고,O
왔어요,O
ㅡㅡㅡ,ㅡㅡㅡ
선생님,O
을,O
봬러,O
대전,B_LOC
에,O
갔다,O
왔습니다,O
ㅡㅡㅡ,ㅡㅡㅡ
우당탕탕,O
브이로그지만ㅋㅋㅋㅋㅋ,O
ㅡㅡㅡ,ㅡㅡㅡ
재미있게,O
봐주시면,O
감사하겠습니도,O
ㅡㅡㅡ,ㅡㅡㅡ
다음,O
영상은,O
바인더,O
정리가,O
될,O
것,O
같아요,O
ㅡㅡㅡ,ㅡㅡㅡ
그럼,O
다음에,O
또,O
만나요,O
ㅡㅡㅡ,ㅡㅡㅡ
인스타,O
도,O
놀러오세요,O
ㅡㅡㅡ,ㅡㅡㅡ
ㅡㅡㅡ,ㅡㅡㅡ
브이로그,O
우당탕탕,O
대전,B_LOC
여행,O
브이로그와,O
다꾸도,O
같이,O
해요,O
성심당,O
대전,B_LOC
기차여행,O
ㅡㅡㅡ,ㅡㅡㅡ
