﻿word,ner
동해,B_LOC
추암해수욕장,B_TOR
ㅡㅡㅡ,ㅡㅡㅡ
강원도,O
동해시,O
북평동,O
에,O
있는,O
해수욕장,O
ㅡㅡㅡ,ㅡㅡㅡ
백사장길이,O
300,O
의,O
해수욕장으로,O
마을,O
앞,O
에,O
자리잡고,O
있다,O
ㅡㅡㅡ,ㅡㅡㅡ
해안절벽과동굴칼바위촛대바위,O
등,O
크고,O
작은,O
기암괴석의,O
경관이,O
빼어난,O
곳으로,O
ㅡㅡㅡ,ㅡㅡㅡ
이곳,O
앞바다의,O
해돋이는,O
매우,O
아름다워,O
해금강,O
이라고도,O
한다,O
ㅡㅡㅡ,ㅡㅡㅡ
추암해수욕장,B_TOR
은,O
미묘한,O
해안절벽과,O
함께,O
촛대바위,O
그리고,O
크고,O
작은,O
바위섬들이,O
장관을,O
이루고,O
있다,O
ㅡㅡㅡ,ㅡㅡㅡ
추암공원,B_TOR
안에,O
있는,O
해변으로,O
수심이,O
얕고,O
조용해,O
가족,O
단위,O
피서지로,O
적합하다,O
ㅡㅡㅡ,ㅡㅡㅡ
추암해변,B_TOR
에,O
위치한,O
추암오토캠핑장,B_TOR
은,O
자동차,O
캠핑장,O
일반캠핑장,O
모두,O
해변과,O
인접해,O
있어서,O
물놀이,O
하러,O
가기,O
가깝다,O
ㅡㅡㅡ,ㅡㅡㅡ
해돋이와,O
아름다운,O
해변의,O
자연절경을,O
캠핑장에서도,O
바라볼,O
수,O
있다는,O
장점이,O
있다,O
ㅡㅡㅡ,ㅡㅡㅡ
캠핑장,O
근처에,O
편의점,O
카페,O
음식점,O
등,O
다양한,O
상가가,O
인접해,O
있다,O
ㅡㅡㅡ,ㅡㅡㅡ
캠핑장,O
이용객,O
을,O
위한,O
편의시설이,O
제공되어,O
더욱,O
편하고,O
즐거운,O
캠핑을,O
즐길,O
수,O
있다,O
ㅡㅡㅡ,ㅡㅡㅡ
동해,B_LOC
망상해수욕장,B_TOR
ㅡㅡㅡ,ㅡㅡㅡ
망상해수욕장,B_TOR
은,O
강원도,O
동해시,O
북동부,O
에,O
위치한,O
해수욕장이다,O
ㅡㅡㅡ,ㅡㅡㅡ
묵호,O
북쪽,O
4,O
옥계,O
남동쪽,O
4,O
지점에,O
있으며,O
ㅡㅡㅡ,ㅡㅡㅡ
강원도,O
가,O
지정한,O
국민관광지이다,O
ㅡㅡㅡ,ㅡㅡㅡ
해안은,O
북쪽,O
용바위에서,O
남쪽,O
대진,O
암초까지,O
너비,O
500,O
ㅡㅡㅡ,ㅡㅡㅡ
길이,O
5,O
의,O
좁고,O
긴,O
백사장이,O
펼쳐져,O
있다,O
ㅡㅡㅡ,ㅡㅡㅡ
수심이,O
깊고,O
파도가,O
거세다,O
ㅡㅡㅡ,ㅡㅡㅡ
망상해수욕장,B_TOR
앞에는,O
바다열차,O
가,O
지나는,O
기차선로가,O
있다,O
ㅡㅡㅡ,ㅡㅡㅡ
국내,O
최초로,O
자동차,O
전용,O
오토캠핑장을,O
보유하고,O
있다,O
ㅡㅡㅡ,ㅡㅡㅡ
올해,O
는,O
장맛비가,O
이어지는데다가,O
코로나19,O
확산으로,O
인해,O
ㅡㅡㅡ,ㅡㅡㅡ
휴가철인데도,O
해수욕장이,O
한산하다,O
ㅡㅡㅡ,ㅡㅡㅡ
망상해수욕장,B_TOR
에서는,O
야간,O
에도,O
발열검사소를,O
운영하고,O
있다,O
ㅡㅡㅡ,ㅡㅡㅡ
또한,O
해수욕장,O
내,O
취식도,O
불가하다,O
ㅡㅡㅡ,ㅡㅡㅡ
묵호등대,B_TOR
ㅡㅡㅡ,ㅡㅡㅡ
아빠,O
는,O
옛날에,O
어렸을,O
때,O
등대지기,O
가,O
꿈이었다,O
ㅡㅡㅡ,ㅡㅡㅡ
우리,O
360도,O
로,O
동해시,O
를,O
구경해보자,O
ㅡㅡㅡ,ㅡㅡㅡ
논골담길,B_TOR
데이트,O
하기,O
좋겠네,O
ㅡㅡㅡ,ㅡㅡㅡ
오늘,O
이,O
나중에,O
커서,O
ㅡㅡㅡ,ㅡㅡㅡ
아니,O
그,O
말,O
좀,O
그만,O
해,O
ㅡㅡㅡ,ㅡㅡㅡ
아빠,O
가,O
여자친구,O
랑,O
오라고,O
그럴,O
줄,O
알았어,O
ㅡㅡㅡ,ㅡㅡㅡ
니가,O
무슨,O
여자친구,O
가,O
생기겠어,O
ㅡㅡㅡ,ㅡㅡㅡ
혼자,O
와,O
ㅡㅡㅡ,ㅡㅡㅡ
오늘,O
아,O
전국일주,O
가자,O
ㅡㅡㅡ,ㅡㅡㅡ
아빠,O
저기,O
사람,O
살아,O
ㅡㅡㅡ,ㅡㅡㅡ
사람,O
살지,O
ㅡㅡㅡ,ㅡㅡㅡ
이런데,O
살면,O
좋을까,O
ㅡㅡㅡ,ㅡㅡㅡ
이런덴,O
놀러,O
오는,O
거지,O
살기엔,O
조금,O
ㅡㅡㅡ,ㅡㅡㅡ
영화의고향,O
미워도,O
다시,O
한,O
번,O
ㅡㅡㅡ,ㅡㅡㅡ
이게,O
언제,O
적,O
영화야,O
ㅡㅡㅡ,ㅡㅡㅡ
아빠,O
도,O
태어나기,O
전이다,O
ㅡㅡㅡ,ㅡㅡㅡ
초등학교,O
때,O
유선방송으로,O
보고선,O
엄청,O
펑펑,O
울었는데,O
ㅡㅡㅡ,ㅡㅡㅡ
엄마,O
아빠,O
가,O
이혼해서,O
엄마,O
를,O
못,O
만나는,O
슬픈,O
얘기야,O
ㅡㅡㅡ,ㅡㅡㅡ
어두워지기,O
전에,O
등대를,O
한번,O
갔다가,O
오자,O
ㅡㅡㅡ,ㅡㅡㅡ
등대에,O
올라가,O
보자,O
ㅡㅡㅡ,ㅡㅡㅡ
지금,O
묵호등대,B_TOR
지,O
ㅡㅡㅡ,ㅡㅡㅡ
그렇지,O
묵호등대,B_TOR
지,O
ㅡㅡㅡ,ㅡㅡㅡ
여기가,O
유인등대야,O
ㅡㅡㅡ,ㅡㅡㅡ
그렇지,O
사람이,O
지키는,O
등대니까,O
ㅡㅡㅡ,ㅡㅡㅡ
아빠,O
는,O
옛날에,O
어렸을,O
때,O
등대지기,O
가,O
꿈이었다,O
ㅡㅡㅡ,ㅡㅡㅡ
등대지기,O
하면서,O
세월아,O
하면서,O
유유자적,O
보내는,O
게,O
꿈이었지,O
ㅡㅡㅡ,ㅡㅡㅡ
근데,O
등대지기는,O
어떻게,O
할,O
수,O
있는,O
거지,O
ㅡㅡㅡ,ㅡㅡㅡ
공무원,O
인가,O
ㅡㅡㅡ,ㅡㅡㅡ
아빠,O
저기,O
보면,O
엄청,O
무섭다,O
ㅡㅡㅡ,ㅡㅡㅡ
여기가,O
진짜,O
묵호등대,B_TOR
야,O
ㅡㅡㅡ,ㅡㅡㅡ
그렇지,O
묵호등대,B_TOR
지,O
ㅡㅡㅡ,ㅡㅡㅡ
바다에서,O
잘,O
보이잖아,O
ㅡㅡㅡ,ㅡㅡㅡ
오늘,O
아,O
여기는,O
동해,B_LOC
를,O
360도,O
다,O
볼,O
수,O
있다,O
ㅡㅡㅡ,ㅡㅡㅡ
우리,O
360도,O
로,O
동해시,O
를,O
구경해보자,O
ㅡㅡㅡ,ㅡㅡㅡ
한바퀴,O
를,O
돌면,O
동해,B_LOC
를,O
다,O
본,O
거네,O
ㅡㅡㅡ,ㅡㅡㅡ
그러면,O
다,O
봤으니까,O
밥,O
먹으러,O
가면,O
되겠다,O
ㅡㅡㅡ,ㅡㅡㅡ
아니,O
저,O
산,O
건너편에도,O
동해,B_LOC
있잖아,O
ㅡㅡㅡ,ㅡㅡㅡ
건너편은,O
동해,B_LOC
가,O
아니지,O
ㅡㅡㅡ,ㅡㅡㅡ
벌써,O
한바퀴,O
돌았네,O
ㅡㅡㅡ,ㅡㅡㅡ
동해시,O
구경,O
다,O
했어요,O
ㅡㅡㅡ,ㅡㅡㅡ
논골담길,B_TOR
ㅡㅡㅡ,ㅡㅡㅡ
와,O
카페도,O
예쁘고,O
전망도,O
좋고,O
ㅡㅡㅡ,ㅡㅡㅡ
여기,O
사는,O
사람들은,O
진짜,O
매일,O
아침,O
안구,O
정화가,O
되겠다,O
ㅡㅡㅡ,ㅡㅡㅡ
어떻게,O
여기에,O
마을이,O
조성됐을까,O
ㅡㅡㅡ,ㅡㅡㅡ
관광,O
안내하시는,O
분이,O
얘기하는,O
걸,O
옆,O
에서,O
살짝,O
들었는데,O
ㅡㅡㅡ,ㅡㅡㅡ
옛날에,O
여기는,O
부촌이었다고,O
하더라고,O
ㅡㅡㅡ,ㅡㅡㅡ
보통,O
이런,O
비탈길에,O
마을을,O
형성하고,O
살진,O
않잖아,O
ㅡㅡㅡ,ㅡㅡㅡ
근데,O
초창기에,O
몰려든,O
사람들이,O
부촌을,O
이루었다고,O
하더라고,O
ㅡㅡㅡ,ㅡㅡㅡ
왕관을,O
쓰려는,O
자,O
그,O
무게를,O
견뎌라,O
ㅡㅡㅡ,ㅡㅡㅡ
상속자들,O
드라마,O
촬영지네,O
ㅡㅡㅡ,ㅡㅡㅡ
여기,O
기억나네,O
ㅡㅡㅡ,ㅡㅡㅡ
이,O
동네는,O
한번,O
살면,O
이사,O
가기,O
들어서,O
ㅡㅡㅡ,ㅡㅡㅡ
계속,O
살아야,O
될,O
것,O
같네요,O
ㅡㅡㅡ,ㅡㅡㅡ
왜,O
이사,O
가기,O
들어,O
ㅡㅡㅡ,ㅡㅡㅡ
차,O
가,O
못,O
들어오잖아,O
ㅡㅡㅡ,ㅡㅡㅡ
이사를,O
어떻게,O
하지,O
ㅡㅡㅡ,ㅡㅡㅡ
봇짐,O
지고,O
이사를,O
해야,O
할,O
판국인데,O
여기,O
ㅡㅡㅡ,ㅡㅡㅡ
그럼,O
여기로,O
어떻게,O
들어와,O
ㅡㅡㅡ,ㅡㅡㅡ
하나씩,O
하나씩,O
다,O
나른,O
거지,O
ㅡㅡㅡ,ㅡㅡㅡ
이런,O
동네에,O
사는,O
게,O
좋을까,O
ㅡㅡㅡ,ㅡㅡㅡ
놀러,O
오는,O
게,O
좋을까,O
ㅡㅡㅡ,ㅡㅡㅡ
데이트,O
하기,O
좋겠네,O
ㅡㅡㅡ,ㅡㅡㅡ
오늘,O
이,O
나중에,O
커서,O
ㅡㅡㅡ,ㅡㅡㅡ
아니,O
그,O
말,O
좀,O
그만,O
해,O
ㅡㅡㅡ,ㅡㅡㅡ
커서,O
혼자,O
와,O
ㅡㅡㅡ,ㅡㅡㅡ
아빠,O
가,O
여자친구,O
랑,O
오라고,O
그럴,O
줄,O
알았어,O
ㅡㅡㅡ,ㅡㅡㅡ
어,O
ㅡㅡㅡ,ㅡㅡㅡ
니가,O
무슨,O
여자친구,O
가,O
생기겠어,O
혼자,O
와,O
ㅡㅡㅡ,ㅡㅡㅡ
오늘,O
이,O
여자친구,O
도,O
이,O
영상을,O
볼,O
날이,O
있겠죠,O
ㅡㅡㅡ,ㅡㅡㅡ
오늘,O
아,O
많이,O
내려가면,O
다시,O
올라오기,O
들다,O
ㅡㅡㅡ,ㅡㅡㅡ
그냥,O
내려가,O
ㅡㅡㅡ,ㅡㅡㅡ
다시,O
올라와야,O
돼,O
ㅡㅡㅡ,ㅡㅡㅡ
궁금하대,O
내려가,O
ㅡㅡㅡ,ㅡㅡㅡ
엄마,O
가,O
차,O
끌고,O
내려와,O
우리가,O
있을게,O
ㅡㅡㅡ,ㅡㅡㅡ
뭐라고,O
아빠,O
ㅡㅡㅡ,ㅡㅡㅡ
뭐라고,O
그랬어,O
못,O
들었어,O
ㅡㅡㅡ,ㅡㅡㅡ
차,O
끌고,O
내려오래,O
ㅡㅡㅡ,ㅡㅡㅡ
엄마,O
혼자,O
ㅡㅡㅡ,ㅡㅡㅡ
다시,O
한번,O
이거,O
보고,O
얘기해,O
줄래,O
ㅡㅡㅡ,ㅡㅡㅡ
오늘,O
이랑,O
엄마,O
랑,O
바닷바람,O
맡으면서,O
편하게,O
쉬고,O
있으면,O
ㅡㅡㅡ,ㅡㅡㅡ
아빠,O
가,O
열나게,O
올라가서,O
차,O
끌고,O
올게,O
ㅡㅡㅡ,ㅡㅡㅡ
말,O
바꾸기,O
있냐,O
ㅡㅡㅡ,ㅡㅡㅡ
근데,O
아빠,O
가,O
만약에,O
못,O
오면,O
올라가다가,O
숨이,O
차서,O
꼴까닥,O
했다고,O
생각을,O
해줘,O
ㅡㅡㅡ,ㅡㅡㅡ
변강쇠,O
손바닥,O
이래,O
ㅡㅡㅡ,ㅡㅡㅡ
만지면,O
이루어진다,O
ㅡㅡㅡ,ㅡㅡㅡ
변강쇠가,O
뭐야,O
ㅡㅡㅡ,ㅡㅡㅡ
가루지기,O
있잖아,O
그,O
유명한,O
ㅡㅡㅡ,ㅡㅡㅡ
엄마,O
가,O
옛날에,O
촬영에,O
참여한,O
ㅡㅡㅡ,ㅡㅡㅡ
가루지기란,O
영화의,O
주인공,O
이,O
변강쇠인데,O
ㅡㅡㅡ,ㅡㅡㅡ
아빠,O
가,O
사람들이,O
변강쇠,O
라고,O
어렸을,O
때부터,O
ㅡㅡㅡ,ㅡㅡㅡ
아빠,O
근데,O
왜,O
이렇게,O
손,O
이,O
작아,O
ㅡㅡㅡ,ㅡㅡㅡ
그러게,O
변강쇠,O
어렸을,O
땐가,O
보다,O
ㅡㅡㅡ,ㅡㅡㅡ
변강쇠,O
라는,O
별명이,O
참,O
싫었어,O
ㅡㅡㅡ,ㅡㅡㅡ
왜,O
ㅡㅡㅡ,ㅡㅡㅡ
아빠,O
는,O
연약한,O
남잔데,O
ㅡㅡㅡ,ㅡㅡㅡ
뭔,O
얘기야,O
ㅡㅡㅡ,ㅡㅡㅡ
여기에,O
아마,O
그런,O
전설이,O
있을,O
걸,O
ㅡㅡㅡ,ㅡㅡㅡ
남편,O
이,O
바다에,O
가서,O
고깃배,O
를,O
타고,O
갔는데,O
ㅡㅡㅡ,ㅡㅡㅡ
돌아오지,O
않아서,O
여기서,O
기다렸다는,O
전설이,O
있는데,O
ㅡㅡㅡ,ㅡㅡㅡ
확실하지는,O
않아,O
ㅡㅡㅡ,ㅡㅡㅡ
그거,O
혹시,O
모든,O
바닷가에,O
다,O
있는,O
전설,O
아니야,O
ㅡㅡㅡ,ㅡㅡㅡ
남해,O
인가,O
ㅡㅡㅡ,ㅡㅡㅡ
벽화마을이,O
솔직히,O
좀,O
많아서,O
살짝,O
좀,O
헷갈려요,O
ㅡㅡㅡ,ㅡㅡㅡ
여기가,O
남해,O
인지,O
동해,B_LOC
인지,O
촬영을,O
안,O
해놓으면,O
ㅡㅡㅡ,ㅡㅡㅡ
동해,B_LOC
벽화마을인지,O
남해,O
벽화마을인지,O
나중에,O
보면,O
헷갈려,O
막,O
ㅡㅡㅡ,ㅡㅡㅡ
여기,O
묵호수변공원,B_TOR
이야,O
오늘,O
아,O
ㅡㅡㅡ,ㅡㅡㅡ
또,O
군대,O
얘길,O
안,O
하려고,O
했는데,O
ㅡㅡㅡ,ㅡㅡㅡ
아빠,O
가,O
여기,O
건너편에서,O
군대생활을,O
배,O
타고,O
했었거든,O
ㅡㅡㅡ,ㅡㅡㅡ
아침,O
에,O
일어나기만,O
하면,O
맞은,O
편에,O
항상,O
저기,O
대한냉동,O
저게,O
있었어,O
ㅡㅡㅡ,ㅡㅡㅡ
저걸,O
보면서,O
아,O
군대생활이,O
꿈이,O
아니구나,O
ㅡㅡㅡ,ㅡㅡㅡ
오늘,O
하루,O
도,O
나라를,O
위해,O
충성하자,O
ㅡㅡㅡ,ㅡㅡㅡ
이렇게,O
열심히,O
군대생활을,O
했어야,O
되는,O
거지,O
ㅡㅡㅡ,ㅡㅡㅡ
근데,O
아빠,O
는,O
저,O
대한냉동이,O
사라지면,O
꿈이,O
깨질,O
거야,O
ㅡㅡㅡ,ㅡㅡㅡ
이렇게,O
생각하고,O
있었어,O
ㅡㅡㅡ,ㅡㅡㅡ
여기는,O
풍경이,O
진짜,O
좋네,O
ㅡㅡㅡ,ㅡㅡㅡ
근데,O
아빠,O
는,O
왜,O
군대생활,O
했을,O
때,O
이렇게,O
풍경이,O
예쁜,O
줄,O
몰랐을까,O
ㅡㅡㅡ,ㅡㅡㅡ
사람은,O
자기가,O
처한,O
상황에,O
따라,O
똑같은,O
것들이,O
다르게,O
보이나봐,O
ㅡㅡㅡ,ㅡㅡㅡ
바다,O
냄새,O
나는,O
동해,B_LOC
빨리,O
떠야,O
되는데,O
이렇게,O
생각,O
했었는데,O
ㅡㅡㅡ,ㅡㅡㅡ
이렇게,O
또,O
놀러,O
올,O
줄이야,O
ㅡㅡㅡ,ㅡㅡㅡ
이제,O
다시,O
등대로,O
올라갑니다,O
ㅡㅡㅡ,ㅡㅡㅡ
저녁,O
에,O
도착을,O
해서,O
대충,O
보고,O
그냥,O
가려고,O
했는데,O
ㅡㅡㅡ,ㅡㅡㅡ
저녁,O
의,O
운치도,O
굉장히,O
좋은,O
것,O
같아요,O
ㅡㅡㅡ,ㅡㅡㅡ
저,O
가로등,O
불빛,O
그리고,O
가로등,O
불빛에,O
비친,O
간판들,O
ㅡㅡㅡ,ㅡㅡㅡ
참,O
멋지네요,O
ㅡㅡㅡ,ㅡㅡㅡ
오늘,O
아,O
꼭,O
과거로,O
온,O
것,O
같지,O
않아,O
ㅡㅡㅡ,ㅡㅡㅡ
저기,O
봐봐,O
ㅡㅡㅡ,ㅡㅡㅡ
행,O
복상회,O
ㅡㅡㅡ,ㅡㅡㅡ
저거,O
있을,O
정도로,O
옛날에,O
추억의,O
먹거리면,O
몇십,O
년대,O
거지,O
ㅡㅡㅡ,ㅡㅡㅡ
70년대,O
80년대,O
ㅡㅡㅡ,ㅡㅡㅡ
근데,O
70년대,O
80년대,O
기준이잖아,O
ㅡㅡㅡ,ㅡㅡㅡ
근데,O
추억의,O
먹거리,O
ㅡㅡㅡ,ㅡㅡㅡ
그럼,O
언제,O
적이야,O
ㅡㅡㅡ,ㅡㅡㅡ
그렇게까지,O
이해하는,O
애는,O
오늘,O
이,O
밖에,O
없어,O
ㅡㅡㅡ,ㅡㅡㅡ
옛날에,O
추억의,O
먹거리,O
면,O
ㅡㅡㅡ,ㅡㅡㅡ
지금,O
두단계,O
더,O
들어간,O
거지,O
ㅡㅡㅡ,ㅡㅡㅡ
그렇게,O
이해하려면,O
아빠,O
가,O
영상에,O
자막으로도,O
설명하기,O
들다,O
ㅡㅡㅡ,ㅡㅡㅡ
그걸,O
사람들이,O
어떻게,O
이해,O
하겠어,O
ㅡㅡㅡ,ㅡㅡㅡ
오늘,O
이,O
얘기인즉슨,O
ㅡㅡㅡ,ㅡㅡㅡ
옛날,O
가게에,O
추억의,O
먹거리라고,O
하면,O
ㅡㅡㅡ,ㅡㅡㅡ
옛날보다,O
더,O
옛날의,O
과자를,O
파는,O
게,O
아니냐,O
이런,O
얘기인데,O
ㅡㅡㅡ,ㅡㅡㅡ
추억의,O
먹거리를,O
파는,O
지금,O
가게인데,O
ㅡㅡㅡ,ㅡㅡㅡ
과거의,O
디자인을,O
해놓은,O
거지,O
ㅡㅡㅡ,ㅡㅡㅡ
이렇게,O
하면,O
맞는,O
거지,O
ㅡㅡㅡ,ㅡㅡㅡ
여기,O
올라가면서,O
운동으로,O
살,O
이,O
빠지는,O
것도,O
있지만,O
ㅡㅡㅡ,ㅡㅡㅡ
여기는,O
경치가,O
너무,O
좋아서,O
먹는,O
걸,O
까먹어서,O
다이어트가,O
될,O
수도,O
있겠네,O
ㅡㅡㅡ,ㅡㅡㅡ
멘트,O
좋았지,O
ㅡㅡㅡ,ㅡㅡㅡ
포커스,O
나갔어,O
ㅡㅡㅡ,ㅡㅡㅡ
길이,O
정말,O
많잖아,O
ㅡㅡㅡ,ㅡㅡㅡ
어,O
ㅡㅡㅡ,ㅡㅡㅡ
근데,O
아까,O
우리가,O
내려왔던,O
길하고,O
ㅡㅡㅡ,ㅡㅡㅡ
지금,O
올라오는,O
길하고,O
중간에서,O
만날,O
것,O
같아,O
ㅡㅡㅡ,ㅡㅡㅡ
웬,O
줄,O
알아,O
ㅡㅡㅡ,ㅡㅡㅡ
모든,O
길은,O
다,O
통해져,O
있거든,O
ㅡㅡㅡ,ㅡㅡㅡ
아니야,O
대륙,O
간에는,O
안,O
통해,O
ㅡㅡㅡ,ㅡㅡㅡ
비행기,O
길도,O
있고,O
ㅡㅡㅡ,ㅡㅡㅡ
또,O
대한민국,O
이랑,O
북한,O
안,O
통해,O
ㅡㅡㅡ,ㅡㅡㅡ
통하지,O
길을,O
못,O
가는,O
거지,O
ㅡㅡㅡ,ㅡㅡㅡ
이런,O
말이,O
있어,O
애초에,O
길이란,O
없었다,O
ㅡㅡㅡ,ㅡㅡㅡ
사람이,O
다니면서,O
길이,O
되었다,O
ㅡㅡㅡ,ㅡㅡㅡ
이렇기,O
때문에,O
모든,O
길은,O
다,O
연결돼,O
있고,O
ㅡㅡㅡ,ㅡㅡㅡ
하아,O
오늘,O
멘트,O
좋다,O
ㅡㅡㅡ,ㅡㅡㅡ
그때마다,O
포커스,O
나간다,O
ㅡㅡㅡ,ㅡㅡㅡ
동해,B_LOC
에,O
오징어,O
가,O
많이,O
안,O
잡혀서,O
오징어,O
가,O
정말,O
비싸거든요,O
ㅡㅡㅡ,ㅡㅡㅡ
비싸서,O
오징어,O
를,O
잘,O
못사먹는데,O
ㅡㅡㅡ,ㅡㅡㅡ
얼마,O
전에,O
보니까,O
오징어젓갈,O
이,O
요즘,O
엄청,O
싸더라고요,O
ㅡㅡㅡ,ㅡㅡㅡ
이만한,O
통인데,O
9900원,O
에,O
ㅡㅡㅡ,ㅡㅡㅡ
한달내내,O
먹고,O
있는데도,O
반,O
이,O
넘게,O
남았어요,O
ㅡㅡㅡ,ㅡㅡㅡ
중국산일,O
걸,O
ㅡㅡㅡ,ㅡㅡㅡ
중국산,O
ㅡㅡㅡ,ㅡㅡㅡ
인종차별하면,O
안,O
되잖아요,O
ㅡㅡㅡ,ㅡㅡㅡ
중국,O
오징어,O
랑,O
우리나라,O
오징어,O
랑,O
차별하면,O
되겠어,O
ㅡㅡㅡ,ㅡㅡㅡ
아니,O
ㅡㅡㅡ,ㅡㅡㅡ
그치,O
똑같은,O
오징어,O
잖아,O
ㅡㅡㅡ,ㅡㅡㅡ
인종차별이야,O
ㅡㅡㅡ,ㅡㅡㅡ
아빠,O
한국,O
오징어,O
가,O
인종차별의,O
피해자,O
가,O
되는,O
거잖아,O
ㅡㅡㅡ,ㅡㅡㅡ
왜,O
ㅡㅡㅡ,ㅡㅡㅡ
더,O
많이,O
먹히잖아,O
ㅡㅡㅡ,ㅡㅡㅡ
중국산이라고,O
안,O
먹고,O
ㅡㅡㅡ,ㅡㅡㅡ
아,O
그러면,O
오징어,O
들한테,O
피해,O
본다고,O
ㅡㅡㅡ,ㅡㅡㅡ
어,O
ㅡㅡㅡ,ㅡㅡㅡ
그래서,O
오징어,O
들이,O
다,O
도망갔나,O
ㅡㅡㅡ,ㅡㅡㅡ
정말,O
잘,O
만들긴,O
했는데,O
이게,O
삶은,O
오징어,O
같아요,O
ㅡㅡㅡ,ㅡㅡㅡ
살아있는,O
오징어,O
가,O
아니고,O
ㅡㅡㅡ,ㅡㅡㅡ
붉은색,O
을,O
띄는,O
게,O
ㅡㅡㅡ,ㅡㅡㅡ
그러게,O
ㅡㅡㅡ,ㅡㅡㅡ
와아,O
ㅡㅡㅡ,ㅡㅡㅡ
오늘,O
이가,O
나중에,O
엄마,O
아빠,O
랑,O
왔던,O
곳을,O
ㅡㅡㅡ,ㅡㅡㅡ
아마,O
어느,O
정도,O
나이가,O
됐을,O
때는,O
혼자,O
다녀볼,O
테고,O
ㅡㅡㅡ,ㅡㅡㅡ
그,O
다음에,O
여자친구,O
가,O
생기면,O
여자친구,O
랑도,O
여행을,O
하고,O
ㅡㅡㅡ,ㅡㅡㅡ
여자친구,O
랑,O
결혼하면,O
애랑도,O
같이,O
오고,O
ㅡㅡㅡ,ㅡㅡㅡ
아마,O
똑같은,O
곳을,O
계속,O
오게,O
될,O
거야,O
ㅡㅡㅡ,ㅡㅡㅡ
아니,O
왜,O
이렇게,O
장기적으로,O
계획해,O
ㅡㅡㅡ,ㅡㅡㅡ
장기적으로,O
살아야지,O
그러면,O
ㅡㅡㅡ,ㅡㅡㅡ
앞으로,O
인생이,O
얼마나,O
많이,O
남았는데,O
ㅡㅡㅡ,ㅡㅡㅡ
여기,O
있네,O
ㅡㅡㅡ,ㅡㅡㅡ
고기잡이,O
하러,O
간,O
아빠,O
를,O
기다리는,O
엄마,O
와,O
아이들,O
ㅡㅡㅡ,ㅡㅡㅡ
논골,O
만복,O
이네,O
식구,O
들이란,O
작품이래,O
ㅡㅡㅡ,ㅡㅡㅡ
만선과,O
무사안녕을,O
기원하는,O
가족,O
들,O
ㅡㅡㅡ,ㅡㅡㅡ
저,O
강아지,O
가,O
만복이야,O
ㅡㅡㅡ,ㅡㅡㅡ
오늘,O
이,O
바보,O
ㅡㅡㅡ,ㅡㅡㅡ
얘가,O
만복이겠지,O
ㅡㅡㅡ,ㅡㅡㅡ
내가,O
만복이거든요,O
ㅡㅡㅡ,ㅡㅡㅡ
만복,O
이,O
지금쯤,O
많이,O
컸겠다,O
ㅡㅡㅡ,ㅡㅡㅡ
아빠,O
보다,O
나이,O
많겠다,O
ㅡㅡㅡ,ㅡㅡㅡ
죄송합니다,O
ㅡㅡㅡ,ㅡㅡㅡ
오늘,O
아,O
전국일주,O
가자,O
ㅡㅡㅡ,ㅡㅡㅡ
도탐,O
유후,O
동해시,O
묵호등대,B_TOR
논골담길,B_TOR
ㅡㅡㅡ,ㅡㅡㅡ
안녕하세요,O
캠핑과,O
여행,O
전문채널,O
빵이네,O
입니다,O
ㅡㅡㅡ,ㅡㅡㅡ
동해역,O
이,O
개통된다는,O
사실,O
알고계셨나요,O
ㅡㅡㅡ,ㅡㅡㅡ
12월말,O
에,O
강릉선,O
이,O
동해시,O
까지,O
연장,O
운행을,O
목표로,O
하고,O
있다고합니다,O
ㅡㅡㅡ,ㅡㅡㅡ
강릉역,O
에서,O
동해역,O
까지,O
철로는,O
대략35㎞,O
인데요,O
ㅡㅡㅡ,ㅡㅡㅡ
이,O
구간이,O
개통하고,O
나면,O
수도권,O
에서,O
동해시,O
까지,O
2시간대,O
에,O
이동이,O
가능해집니다,O
ㅡㅡㅡ,ㅡㅡㅡ
타고,O
가는,O
동해,B_LOC
여행,O
정보를,O
준비했으니,O
끝까지,O
시청해주세요,O
ㅡㅡㅡ,ㅡㅡㅡ
재밌게,O
보시고,O
좋아요,O
와,O
구독하기도,O
부탁드립니다,O
ㅡㅡㅡ,ㅡㅡㅡ
첫번째,O
코스는,O
해돋이,O
명소로,O
불리우는,O
추암촛대바위,B_TOR
입니다,O
ㅡㅡㅡ,ㅡㅡㅡ
이,O
곳은,O
강원도,B_LOC
동해시,I_LOC
추암동,I_LOC
추암해수욕장,B_TOR
근처,O
해안에,O
있는데요,O
ㅡㅡㅡ,ㅡㅡㅡ
바다에서,O
솟아,O
오른,O
형상의기암괴석으로,O
그,O
모양이,O
촛대와,O
같아,O
촛대바위라,O
불립니다,O
ㅡㅡㅡ,ㅡㅡㅡ
추암촛대바위애국가,B_TOR
배경화면의,O
해돋이,O
장면에,O
등장했던,O
우리나라를,O
대표하는,O
해돋이,O
명소입니다,O
ㅡㅡㅡ,ㅡㅡㅡ
추암촛대바위,B_TOR
는예로부터,O
영동지방,O
의,O
절경으로,O
손꼽혔구요,O
특히,O
해돋이,O
무렵,O
태양,O
이,O
촛대바위,B_TOR
에,O
걸리는,O
모습이,O
아주,O
장관입니다,O
ㅡㅡㅡ,ㅡㅡㅡ
2019년6월,O
에,O
기암괴석,O
위로,O
놓인,O
72,O
길이의,O
추암출렁다리,B_TOR
도,O
개장했으니,O
같이,O
둘러보시면,O
좋을,O
것,O
같습니다,O
ㅡㅡㅡ,ㅡㅡㅡ
두번째,O
코스는,O
묵호항,B_TOR
과,O
논골담길,B_TOR
입니다,O
ㅡㅡㅡ,ㅡㅡㅡ
과거,O
동해시,O
의,O
중심은,O
묵호항,B_TOR
이었는데요,O
1980년,O
동해,B_LOC
가,O
시로,O
승격되면서,O
천곡항,B_TOR
주변에,O
신시가지가,O
만들어졌고,O
ㅡㅡㅡ,ㅡㅡㅡ
천곡항,B_TOR
은,O
행정,O
중심,O
그리고,O
동해,B_LOC
의,O
중심이었던,O
묵호,B_LOC
는,O
경제,O
중심지로,O
기능했습니다,O
ㅡㅡㅡ,ㅡㅡㅡ
묵호항,B_TOR
근처의,O
명태,O
덕장이었던,O
동네가,O
명태,O
덕장이,O
줄기,O
시작했고,O
인구가,O
줄어갔는데요,O
ㅡㅡㅡ,ㅡㅡㅡ
동해문화원,B_TOR
에서,O
어르신생활문화전승사업프로젝트,O
를,O
벌이면서,O
벽화를,O
그리기,O
시작한,O
것이,O
논골마을,B_TOR
입니다,O
ㅡㅡㅡ,ㅡㅡㅡ
논골마을,B_TOR
길을,O
걸으며,O
놓치지,O
말아야,O
할,O
것은,O
100점,O
이,O
넘는,O
벽화를,O
포함해,O
길,O
곳곳을,O
장식한,O
작품들입니다,O
ㅡㅡㅡ,ㅡㅡㅡ
마을의,O
역사와,O
이야기가,O
담겨,O
있어서,O
보는,O
재미가,O
꽤나,O
쏠쏠합니다,O
ㅡㅡㅡ,ㅡㅡㅡ
세번째,O
코스는,O
대대로,O
관동,O
지역의,O
명소로,O
군림한,O
무릉계곡,B_TOR
입니다,O
ㅡㅡㅡ,ㅡㅡㅡ
무릉계곡,B_TOR
은,O
호암소,B_TOR
에서,O
용추폭포,O
까지,O
이르는,O
약4㎞,O
에,O
달하는계곡을,O
가리키는데요,O
1997년,O
국민관광지,O
제1호,O
로,O
지정되었습니다,O
ㅡㅡㅡ,ㅡㅡㅡ
무릉계곡,O
은,O
청옥산,O
과,O
두타산,O
을,O
끼고,O
형성되었는데요,O
ㅡㅡㅡ,ㅡㅡㅡ
길,O
초입에는,O
이곳을,O
찾았던,O
수많은,O
예술가,O
가,O
널따란,O
바위에,O
소감을,O
적은,O
무릉반석도,O
찾아보시면,O
좋을,O
것,O
같습니다,O
ㅡㅡㅡ,ㅡㅡㅡ
내년4월,O
에는,O
접근이,O
들었던,O
베틀바위,O
에,O
친환경,O
등산로를,O
만들어서,O
숨겨진,O
비경이었던,O
ㅡㅡㅡ,ㅡㅡㅡ
베틀바위,B_TOR
도,O
일반인,O
들,O
접근이,O
쉬워질거라,O
하니,O
참고해보시면,O
좋을,O
것,O
같습니다,O
ㅡㅡㅡ,ㅡㅡㅡ
이상으로,O
타고,O
가는,O
동해,B_LOC
여행에,O
대한,O
정보를,O
마치도록,O
하겠습니다,O
ㅡㅡㅡ,ㅡㅡㅡ
빵이,O
네의,O
캠핑과,O
여행은,O
계속됩니다,O
ㅡㅡㅡ,ㅡㅡㅡ
남자친구,O
와,O
1주년,O
기념으로,O
동해,B_LOC
를,O
다녀왔어요,O
ㅡㅡㅡ,ㅡㅡㅡ
잠든,O
남자친구,O
ㅡㅡㅡ,ㅡㅡㅡ
눈,O
이,O
많이,O
와서,O
차,O
대신,O
기차,O
를,O
탔어요,O
ㅡㅡㅡ,ㅡㅡㅡ
코로나,O
수칙,O
잘,O
지키면서,O
다녀오겠습니다,O
ㅡㅡㅡ,ㅡㅡㅡ
남자친구,O
는,O
재롱부리는,O
중,O
ㅡㅡㅡ,ㅡㅡㅡ
꿈속에서,O
캐리어를,O
계속,O
두고,O
내렸다는,O
남자친구,O
ㅡㅡㅡ,ㅡㅡㅡ
묵호역,O
도착,O
ㅡㅡㅡ,ㅡㅡㅡ
졸려하는,O
남자친구,O
가,O
너무,O
귀엽네요,O
ㅡㅡㅡ,ㅡㅡㅡ
혼자,O
온거,O
같은데,O
ㅡㅡㅡ,ㅡㅡㅡ
오빠,O
랑,O
놀까,O
ㅡㅡㅡ,ㅡㅡㅡ
어이가,O
없어,O
너무,O
웃김,O
ㅡㅡㅡ,ㅡㅡㅡ
부끄러워,O
하지말고,O
ㅡㅡㅡ,ㅡㅡㅡ
머리,O
좌우,O
로,O
흔들리는거,O
봐,O
ㅡㅡㅡ,ㅡㅡㅡ
날씨가,O
엄청,O
좋다,O
ㅡㅡㅡ,ㅡㅡㅡ
우아,O
날씨가,O
죽인다,O
ㅡㅡㅡ,ㅡㅡㅡ
우아,O
ㅡㅡㅡ,ㅡㅡㅡ
숙소에,O
들어가기,O
전에,O
케익,O
을,O
사갈거에요,O
ㅡㅡㅡ,ㅡㅡㅡ
1주년,O
레터링케이크,O
를,O
만들었는데,O
깜빡하고,O
집에,O
두고,O
왔어요,O
ㅡㅡㅡ,ㅡㅡㅡ
카페,O
허락을,O
받고,O
촬영했습니다,O
ㅡㅡㅡ,ㅡㅡㅡ
조심,O
ㅡㅡㅡ,ㅡㅡㅡ
우아,O
ㅡㅡㅡ,ㅡㅡㅡ
야,O
미쳤어,O
대박,O
ㅡㅡㅡ,ㅡㅡㅡ
동해어쩌다어달,O
303호,O
ㅡㅡㅡ,ㅡㅡㅡ
숙소에서,O
조금,O
자고,O
일어나서,O
저녁,O
준비를,O
했어요,O
ㅡㅡㅡ,ㅡㅡㅡ
남자친구,O
노래에,O
맞춰서,O
열창했어요,O
ㅡㅡㅡ,ㅡㅡㅡ
민망,O
ㅡㅡㅡ,ㅡㅡㅡ
열심,O
열심,O
ㅡㅡㅡ,ㅡㅡㅡ
열심,O
열심,O
ㅡㅡㅡ,ㅡㅡㅡ
자이글,O
에,O
삼겹살,O
을,O
구워먹을거에요,O
ㅡㅡㅡ,ㅡㅡㅡ
전부,O
굽자,O
ㅡㅡㅡ,ㅡㅡㅡ
체리,O
도,O
먹어야지,O
ㅡㅡㅡ,ㅡㅡㅡ
저희가,O
좋아하는,O
포트와인,O
도,O
준비해,O
왔어요,O
ㅡㅡㅡ,ㅡㅡㅡ
잘,O
먹겠습니다,O
ㅡㅡㅡ,ㅡㅡㅡ
모처럼,O
휴식이라,O
너무,O
행복했어요,O
ㅡㅡㅡ,ㅡㅡㅡ
불,O
끄니까,O
바다,O
보인다,O
ㅡㅡㅡ,ㅡㅡㅡ
본격,O
1주년,O
파티,O
시작,O
ㅡㅡㅡ,ㅡㅡㅡ
와인,O
잔이,O
없어서,O
소주잔으로,O
먹었어요,O
ㅡㅡㅡ,ㅡㅡㅡ
오늘,O
은,O
어제,O
보단,O
날씨가,O
어둡네요,O
ㅡㅡㅡ,ㅡㅡㅡ
유리창,O
너머로,O
바다가,O
보이는게,O
너무,O
신기하고,O
이뻤어요,O
ㅡㅡㅡ,ㅡㅡㅡ
저희는,O
점심,O
으로,O
곰치국,O
을,O
먹으러,O
가요,O
ㅡㅡㅡ,ㅡㅡㅡ
한번,O
도,O
안먹어서,O
어떨지,O
궁금해요,O
ㅡㅡㅡ,ㅡㅡㅡ
안녕하세요,O
ㅡㅡㅡ,ㅡㅡㅡ
여기,O
앉을까,O
ㅡㅡㅡ,ㅡㅡㅡ
나,O
떡,O
먹어도되,O
ㅡㅡㅡ,ㅡㅡㅡ
난,O
분홍색,O
먹어야지,O
ㅡㅡㅡ,ㅡㅡㅡ
분홍색,O
내꺼야,O
ㅡㅡㅡ,ㅡㅡㅡ
이게,O
곰치국이야,O
ㅡㅡㅡ,ㅡㅡㅡ
응,O
곰치국이야,O
ㅡㅡㅡ,ㅡㅡㅡ
곰치,O
라는게,O
생선,O
이름인가,O
ㅡㅡㅡ,ㅡㅡㅡ
그런가봐,O
ㅡㅡㅡ,ㅡㅡㅡ
감사합니다,O
ㅡㅡㅡ,ㅡㅡㅡ
내가,O
생선,O
잘,O
못발라줘도,O
좋아,O
ㅡㅡㅡ,ㅡㅡㅡ
그럼,O
ㅡㅡㅡ,ㅡㅡㅡ
이건,O
서비스로,O
주신,O
도루묵,O
ㅡㅡㅡ,ㅡㅡㅡ
너무,O
인심이,O
넘치시는,O
사장,O
님,O
ㅡㅡㅡ,ㅡㅡㅡ
감사합니다,O
ㅡㅡㅡ,ㅡㅡㅡ
이름이,O
무위야,O
ㅡㅡㅡ,ㅡㅡㅡ
기차,O
타러,O
가기,O
전에,O
커피,O
사려고,O
카페에,O
왔어요,O
ㅡㅡㅡ,ㅡㅡㅡ
열었어,O
ㅡㅡㅡ,ㅡㅡㅡ
방문자,O
명단도,O
꼼꼼히,O
작성하고,O
ㅡㅡㅡ,ㅡㅡㅡ
유리창,O
너머,O
뷰가,O
장난아니에요,O
ㅡㅡㅡ,ㅡㅡㅡ
인테리어가,O
너무,O
이쁜,O
카페였어요,O
ㅡㅡㅡ,ㅡㅡㅡ
이건,O
연유라떼,O
ㅡㅡㅡ,ㅡㅡㅡ
얼어,O
죽어도,O
아이스아메리카노,O
ㅡㅡㅡ,ㅡㅡㅡ
얼죽아,O
협회에서,O
당신을,O
가만두지,O
않겠습니다,O
ㅡㅡㅡ,ㅡㅡㅡ
아니,O
나도,O
얼죽아야,O
ㅡㅡㅡ,ㅡㅡㅡ
얼죽아,O
협회에서,O
배신자,O
강인경,O
을,O
가만두지,O
않습니다,O
ㅡㅡㅡ,ㅡㅡㅡ
기다리는,O
중,O
ㅡㅡㅡ,ㅡㅡㅡ
5번,O
문에서,O
꼭,O
타야되는줄알고,O
뛰는,O
중,O
ㅡㅡㅡ,ㅡㅡㅡ
민망,O
ㅡㅡㅡ,ㅡㅡㅡ
무사히,O
탑승,O
ㅡㅡㅡ,ㅡㅡㅡ
거리두기,O
수칙으로,O
잠시동안,O
안녕,O
ㅡㅡㅡ,ㅡㅡㅡ
기절,O
ㅡㅡㅡ,ㅡㅡㅡ
이번,O
여행은,O
숙소에서,O
대부분,O
시간을,O
보냈지만,O
ㅡㅡㅡ,ㅡㅡㅡ
그래도,O
짧고,O
굵게,O
잘,O
쉬다,O
온거,O
같아요,O
ㅡㅡㅡ,ㅡㅡㅡ
내일부터,O
다시,O
내서,O
출근합시다,O
ㅡㅡㅡ,ㅡㅡㅡ
여기,O
봐,O
찍는다,O
ㅡㅡㅡ,ㅡㅡㅡ
하나,O
둘,O
셋,O
ㅡㅡㅡ,ㅡㅡㅡ
동해시,O
로,O
떠나는,O
맛있는,O
여행,O
지금,O
바로,O
출발,O
ㅡㅡㅡ,ㅡㅡㅡ
바다,O
냄새,O
가득한,O
활력이,O
넘치는곳,O
ㅡㅡㅡ,ㅡㅡㅡ
싱싱한,O
해산물과,O
정겨운,O
인심은,O
기본,O
ㅡㅡㅡ,ㅡㅡㅡ
감동을,O
주는,O
푸짐한,O
한상에,O
ㅡㅡㅡ,ㅡㅡㅡ
쫄깃하고,O
고소한,O
회,O
한점,O
으로,O
ㅡㅡㅡ,ㅡㅡㅡ
동해,B_LOC
의,O
맛을,O
듬뿍,O
느껴보기,O
ㅡㅡㅡ,ㅡㅡㅡ
2백년,O
을,O
이어온,O
전통시장,O
준비한,O
구경에,O
마음껏,O
웃고,O
ㅡㅡㅡ,ㅡㅡㅡ
허기를,O
달래,O
줄,O
간식,O
고르기,O
ㅡㅡㅡ,ㅡㅡㅡ
우리,O
무얼,O
먹을까,O
ㅡㅡㅡ,ㅡㅡㅡ
훈훈한,O
장터에,O
털썩,O
앉아,O
친구,O
와,O
나눠먹는,O
소박한,O
별미,O
ㅡㅡㅡ,ㅡㅡㅡ
북평5일장,B_TOR
의,O
따뜻한,O
맛은,O
백점만점,O
ㅡㅡㅡ,ㅡㅡㅡ
항구도시,O
동해,B_LOC
의,O
특별한,O
마을,O
ㅡㅡㅡ,ㅡㅡㅡ
싱싱한,O
대게,O
를,O
직접,O
고르고,O
잠시만,O
기다리면,O
ㅡㅡㅡ,ㅡㅡㅡ
와,O
바다의,O
진미가,O
눈앞에,O
한가득,O
ㅡㅡㅡ,ㅡㅡㅡ
탱글탱글,O
살,O
이,O
꽉찬,O
대게,O
와,O
시원한,O
국물,O
ㅡㅡㅡ,ㅡㅡㅡ
먹어도,O
먹어도,O
맛있는,O
진짜,O
바다의,O
맛,O
ㅡㅡㅡ,ㅡㅡㅡ
역시,O
대게,O
는,O
최고,O
ㅡㅡㅡ,ㅡㅡㅡ
달처럼,O
빛나는,O
동해,B_LOC
의,O
밤,O
ㅡㅡㅡ,ㅡㅡㅡ
우리의,O
추억을,O
배부르게,O
해줄,O
다양한,O
먹거리가,O
기다리는,O
곳,O
ㅡㅡㅡ,ㅡㅡㅡ
와,O
맛있겟다,O
ㅡㅡㅡ,ㅡㅡㅡ
작은,O
가게마다,O
정이,O
넘치고,O
ㅡㅡㅡ,ㅡㅡㅡ
달콤한,O
야식이,O
발길을,O
잡는,O
묵호,B_LOC
야시장만의,O
색다른,O
매력,O
ㅡㅡㅡ,ㅡㅡㅡ
영원히,O
기억하고,O
싶은,O
행복한,O
맛까지,O
ㅡㅡㅡ,ㅡㅡㅡ
신나는,O
음악과,O
풍성한,O
공연은,O
마음을,O
채우는,O
또다른,O
감동,O
ㅡㅡㅡ,ㅡㅡㅡ
즐거운,O
맛이,O
기다리는,O
곳,O
동해,B_LOC
ㅡㅡㅡ,ㅡㅡㅡ
누구나,O
즐기는,O
여름철,O
성수기여행은,O
이제,O
질렸다,O
ㅡㅡㅡ,ㅡㅡㅡ
겨울,O
에만,O
즐길,O
수,O
있는,O
특별함이,O
기다리고,O
있는,O
이,O
곳,O
ㅡㅡㅡ,ㅡㅡㅡ
국내,O
최초,O
오토캠핑장에서,O
즐기는,O
한겨울,O
캠핑여행,O
ㅡㅡㅡ,ㅡㅡㅡ
파도소리에,O
잠들고,O
아침,O
일출과,O
함께,O
일어나는,O
ㅡㅡㅡ,ㅡㅡㅡ
낭만적인,O
동해,B_LOC
여행이,O
시작됩니다,O
ㅡㅡㅡ,ㅡㅡㅡ
오늘,O
의,O
여행이,O
더욱,O
특별한,O
이유는,O
요,O
ㅡㅡㅡ,ㅡㅡㅡ
혹시,O
박하솔,O
씨,O
맞나요,O
ㅡㅡㅡ,ㅡㅡㅡ
아,O
네,O
안녕하세요,O
ㅡㅡㅡ,ㅡㅡㅡ
바로,O
신청자,O
와,O
함께하기,O
때문인데요,O
ㅡㅡㅡ,ㅡㅡㅡ
안녕하세요,O
ㅡㅡㅡ,ㅡㅡㅡ
두명,O
의,O
미녀와,O
함께,O
떠나는,O
동해,B_LOC
여행,O
ㅡㅡㅡ,ㅡㅡㅡ
과연,O
어떤,O
이야기가,O
펼쳐질까요,O
ㅡㅡㅡ,ㅡㅡㅡ
안녕하세요,O
ㅡㅡㅡ,ㅡㅡㅡ
반갑습니다,O
ㅡㅡㅡ,ㅡㅡㅡ
일단,O
통성명부터,O
해야겠죠,O
ㅡㅡㅡ,ㅡㅡㅡ
여기,O
어떻게,O
오게됐어요,O
ㅡㅡㅡ,ㅡㅡㅡ
혼자여행을,O
한번,O
도,O
해본,O
적이,O
없어서,O
ㅡㅡㅡ,ㅡㅡㅡ
이런,O
기회가,O
생겨서,O
신청하게,O
됐어요,O
ㅡㅡㅡ,ㅡㅡㅡ
저,O
원래,O
혼자,O
여행하는,O
거,O
좀,O
외로워서,O
재미없었는데,O
ㅡㅡㅡ,ㅡㅡㅡ
올해,O
는,O
마지막에,O
한번,O
해보고,O
싶었어요,O
ㅡㅡㅡ,ㅡㅡㅡ
그런데,O
신청했더니,O
딱,O
되어서,O
좋았어요,O
ㅡㅡㅡ,ㅡㅡㅡ
들뜨는,O
마음을,O
붙잡고,O
동해,B_LOC
로,O
출발,O
ㅡㅡㅡ,ㅡㅡㅡ
동해안,O
제일의,O
해변이라,O
불리는,O
망상해변,B_TOR
ㅡㅡㅡ,ㅡㅡㅡ
보기만해도,O
가슴,O
이,O
탁,O
트이는,O
맑은,O
바닷물로도,O
유명한,O
곳인데요,O
ㅡㅡㅡ,ㅡㅡㅡ
이곳이,O
더욱,O
특별한,O
이유는,O
국내,O
최초로,O
만들어진,O
자동차,O
전용,O
캠핑장,O
때문입니다,O
ㅡㅡㅡ,ㅡㅡㅡ
근데,O
우리,O
716호,O
라고,O
안,O
했어요,O
ㅡㅡㅡ,ㅡㅡㅡ
여기다,O
여기,O
우와,O
바로,O
바닷가,O
앞,O
이야,O
ㅡㅡㅡ,ㅡㅡㅡ
우와,O
최고다,O
ㅡㅡㅡ,ㅡㅡㅡ
경치,O
정말,O
좋아요,O
ㅡㅡㅡ,ㅡㅡㅡ
빨리,O
들어가요,O
우리,O
ㅡㅡㅡ,ㅡㅡㅡ
좋아요,O
ㅡㅡㅡ,ㅡㅡㅡ
정말,O
좋아,O
ㅡㅡㅡ,ㅡㅡㅡ
쾌적한,O
주방과,O
아늑한,O
침실,O
ㅡㅡㅡ,ㅡㅡㅡ
작아보이지만,O
있을,O
건,O
다,O
있습니다,O
ㅡㅡㅡ,ㅡㅡㅡ
고풍스런,O
분위기의,O
한옥팬션,O
목조연립형,O
주택,O
통나무집,O
까지,O
ㅡㅡㅡ,ㅡㅡㅡ
다양한,O
형태의,O
캠핑시설이,O
마련되어,O
있는데요,O
ㅡㅡㅡ,ㅡㅡㅡ
전,O
침대,O
여기,O
쓸게요,O
ㅡㅡㅡ,ㅡㅡㅡ
네,O
전,O
여기,O
ㅡㅡㅡ,ㅡㅡㅡ
와,O
좋다,O
ㅡㅡㅡ,ㅡㅡㅡ
여기,O
다,O
보여요,O
ㅡㅡㅡ,ㅡㅡㅡ
정말,O
좋다,O
ㅡㅡㅡ,ㅡㅡㅡ
누구나,O
한번쯤,O
은,O
꿈꾸어,O
봤을,O
캠핑카,O
여행이,O
본격적으로,O
시작되었습니다,O
ㅡㅡㅡ,ㅡㅡㅡ
여기,O
입성을,O
했으니까,O
이제,O
ㅡㅡㅡ,ㅡㅡㅡ
뭐,O
먹을,O
거,O
생각해,O
두신,O
거,O
있으세요,O
ㅡㅡㅡ,ㅡㅡㅡ
저는,O
바다,O
왔으니까,O
회,O
도,O
먹고,O
싶고요,O
ㅡㅡㅡ,ㅡㅡㅡ
통오징어구이,O
라고,O
한번,O
도,O
못,O
먹어봤는데,O
ㅡㅡㅡ,ㅡㅡㅡ
제가,O
인터넷에서,O
조사를,O
해봤는데요,O
ㅡㅡㅡ,ㅡㅡㅡ
여기,O
묵호항,B_TOR
이,O
되게,O
유명하대요,O
ㅡㅡㅡ,ㅡㅡㅡ
거기서,O
해물을,O
사고,O
전통시장에,O
가서,O
ㅡㅡㅡ,ㅡㅡㅡ
여러,O
가지,O
양념장,O
들이랑,O
채소,O
같은,O
걸,O
사고,O
ㅡㅡㅡ,ㅡㅡㅡ
그러면,O
거기로,O
갈까요,O
ㅡㅡㅡ,ㅡㅡㅡ
갑시다,O
그러면,O
ㅡㅡㅡ,ㅡㅡㅡ
망상오토캠핑장,B_TOR
에서,O
여장을,O
푼,O
후,O
재빨리,O
묵호항,B_TOR
으로,O
출발,O
ㅡㅡㅡ,ㅡㅡㅡ
365일,O
신선한,O
해산물이,O
살아,O
숨쉰다는,O
곳인데요,O
ㅡㅡㅡ,ㅡㅡㅡ
사계절,O
내내,O
다양한,O
어종을,O
저렴한,O
가격에,O
구입할,O
수,O
있어,O
인기넘치는,O
곳이라,O
하네요,O
ㅡㅡㅡ,ㅡㅡㅡ
여기,O
오징어,O
있다,O
ㅡㅡㅡ,ㅡㅡㅡ
안녕하세요,O
ㅡㅡㅡ,ㅡㅡㅡ
어떤,O
오징어,O
가,O
싱싱한,O
거예요,O
ㅡㅡㅡ,ㅡㅡㅡ
산오징어,O
라,O
오늘,O
잡은,O
거거든요,O
ㅡㅡㅡ,ㅡㅡㅡ
그래서,O
정말,O
싱싱해요,O
ㅡㅡㅡ,ㅡㅡㅡ
어쩐지,O
오징어,O
가,O
움직이는,O
게,O
몸놀림이,O
장난이,O
아니에요,O
ㅡㅡㅡ,ㅡㅡㅡ
오늘,O
잡은,O
거,O
같아요,O
ㅡㅡㅡ,ㅡㅡㅡ
살,O
이,O
제대로,O
오른,O
오동통한,O
오징어,O
를,O
구입했는데요,O
ㅡㅡㅡ,ㅡㅡㅡ
그런데,O
갑자기,O
어디론가,O
안내하는,O
주인장,O
ㅡㅡㅡ,ㅡㅡㅡ
어딜가시나,O
했더니,O
아하,O
손질을,O
도와주는,O
곳이였군요,O
ㅡㅡㅡ,ㅡㅡㅡ
예사롭지,O
않은,O
손놀림,O
좀,O
보십시오,O
ㅡㅡㅡ,ㅡㅡㅡ
손질하는,O
수고를,O
더는,O
것도,O
모자라,O
볼거리,O
까지,O
얻은,O
셈이네요,O
ㅡㅡㅡ,ㅡㅡㅡ
얼마에요,O
ㅡㅡㅡ,ㅡㅡㅡ
천원,O
이요,O
ㅡㅡㅡ,ㅡㅡㅡ
네마리,O
면,O
이천원,O
인데,O
천원만,O
줘,O
ㅡㅡㅡ,ㅡㅡㅡ
원래,O
이,O
천원,O
아니에요,O
ㅡㅡㅡ,ㅡㅡㅡ
감사합니다,O
ㅡㅡㅡ,ㅡㅡㅡ
저희,O
지금,O
천원,O
에,O
우리,O
수고를,O
덜었어요,O
ㅡㅡㅡ,ㅡㅡㅡ
정말,O
오징어,O
손질하는,O
거,O
되게,O
어렵잖아요,O
ㅡㅡㅡ,ㅡㅡㅡ
감사합니다,O
ㅡㅡㅡ,ㅡㅡㅡ
신선한,O
해산물을,O
구입한,O
후,O
들린,O
곳은,O
바로,O
중앙시장,O
ㅡㅡㅡ,ㅡㅡㅡ
묵호항,B_TOR
바로앞에,O
위치한,O
전통시장입니다,O
ㅡㅡㅡ,ㅡㅡㅡ
없는,O
것,O
빼고,O
다,O
있는,O
중앙시장,O
에서,O
채소를,O
구하러,O
나섰는데요,O
ㅡㅡㅡ,ㅡㅡㅡ
배추,O
좀,O
살려고,O
하는데요,O
ㅡㅡㅡ,ㅡㅡㅡ
예,O
들어오세요,O
추운데,O
안에,O
물건이,O
다,O
있으니까,O
ㅡㅡㅡ,ㅡㅡㅡ
매일,O
아침,O
들여오는,O
신선한,O
채소들로,O
가득합니다,O
ㅡㅡㅡ,ㅡㅡㅡ
놀러,O
왔나,O
본데,O
ㅡㅡㅡ,ㅡㅡㅡ
네,O
감사합니다,O
ㅡㅡㅡ,ㅡㅡㅡ
여기,O
강원도,O
정말,O
좋아,O
ㅡㅡㅡ,ㅡㅡㅡ
우리,O
애들도,O
나가면은,O
ㅡㅡㅡ,ㅡㅡㅡ
이렇게,O
사기사,O
들다고말하더라고,O
ㅡㅡㅡ,ㅡㅡㅡ
지금,O
만원,O
에,O
행복,O
같아요,O
만원,O
의,O
행복,O
ㅡㅡㅡ,ㅡㅡㅡ
만원,O
에,O
지금,O
모든,O
것을,O
다,O
들고,O
있는데,O
ㅡㅡㅡ,ㅡㅡㅡ
또,O
뭐가,O
있지,O
야채가,O
대파,O
양파,O
고추,O
ㅡㅡㅡ,ㅡㅡㅡ
엄마,O
의,O
마음으로,O
챙겨주는,O
사장님,O
ㅡㅡㅡ,ㅡㅡㅡ
이런,O
정겨운,O
풍경이,O
전통시장의,O
묘미겠죠,O
ㅡㅡㅡ,ㅡㅡㅡ
정까지,O
푸짐하게,O
얻어,O
돌아가네요,O
ㅡㅡㅡ,ㅡㅡㅡ
한가,O
게에서,O
전부,O
다,O
조금씩,O
주시니까,O
정말,O
좋아요,O
ㅡㅡㅡ,ㅡㅡㅡ
대형마트,O
보다,O
훨씬,O
좋다,O
ㅡㅡㅡ,ㅡㅡㅡ
세상에,O
단돈,O
4만원,O
에,O
이,O
많은,O
것들을,O
다,O
구입했다,O
니,O
역시,O
전통시장이,O
최고,O
ㅡㅡㅡ,ㅡㅡㅡ
내가,O
사는,O
데에도,O
전통시장이,O
가까이,O
있었으면,O
좋겠어,O
ㅡㅡㅡ,ㅡㅡㅡ
자주오게,O
ㅡㅡㅡ,ㅡㅡㅡ
강원도,O
의,O
인심이,O
정말,O
좋습니다,O
ㅡㅡㅡ,ㅡㅡㅡ
행복한,O
강원도,O
ㅡㅡㅡ,ㅡㅡㅡ
이제,O
먹을일만,O
남았는데요,O
ㅡㅡㅡ,ㅡㅡㅡ
언니,O
요리,O
잘해요,O
ㅡㅡㅡ,ㅡㅡㅡ
모르겠어,O
ㅡㅡㅡ,ㅡㅡㅡ
그러면,O
언니,O
가,O
야채,O
손질하고,O
밥,O
해주시면,O
ㅡㅡㅡ,ㅡㅡㅡ
저는,O
양념,O
을,O
할게요,O
ㅡㅡㅡ,ㅡㅡㅡ
그래,O
ㅡㅡㅡ,ㅡㅡㅡ
시작합시다,O
ㅡㅡㅡ,ㅡㅡㅡ
각자의,O
장점을,O
살려서,O
요리를,O
시작해,O
보는데요,O
ㅡㅡㅡ,ㅡㅡㅡ
오늘,O
준비할,O
요리는,O
캠핑의,O
기본,O
바비큐구이,O
입니다,O
ㅡㅡㅡ,ㅡㅡㅡ
숯불까지,O
준비하는,O
캠핑분위기가,O
더욱,O
무르익는데요,O
ㅡㅡㅡ,ㅡㅡㅡ
기다려라,O
언니,O
들이,O
먹어줄게,O
ㅡㅡㅡ,ㅡㅡㅡ
겨울,O
의,O
낭만을,O
담은,O
캠핑밥상이,O
완성되었습니다,O
ㅡㅡㅡ,ㅡㅡㅡ
그런데,O
뭐,O
잊은,O
거,O
없어요,O
ㅡㅡㅡ,ㅡㅡㅡ
이번에는,O
통마늘,O
을,O
굽고,O
있어요,O
ㅡㅡㅡ,ㅡㅡㅡ
맞다,O
그거,O
오징어,O
오징어,O
넣어야,O
돼,O
ㅡㅡㅡ,ㅡㅡㅡ
맞아,O
맞아,O
오징어,O
빨리,O
먹고,O
싶어,O
ㅡㅡㅡ,ㅡㅡㅡ
여기,O
넣을게요,O
ㅡㅡㅡ,ㅡㅡㅡ
근데,O
오토캠핑장이,O
진짜,O
좋은,O
게,O
색다른,O
거,O
같아요,O
ㅡㅡㅡ,ㅡㅡㅡ
보통,O
펜션은,O
이렇게,O
차,O
안에서,O
만들어,O
먹고,O
그런,O
게,O
없잖아요,O
ㅡㅡㅡ,ㅡㅡㅡ
그런데,O
오토캠핑장은,O
다,O
갖추어져,O
있고,O
잠자리도,O
좋고,O
ㅡㅡㅡ,ㅡㅡㅡ
그리고,O
부엌도,O
좋고,O
ㅡㅡㅡ,ㅡㅡㅡ
이,O
모든,O
것들이,O
3박자,O
로,O
고루고루,O
갖추어져,O
있으니까,O
ㅡㅡㅡ,ㅡㅡㅡ
정말,O
못,O
잊을,O
거,O
같아요,O
ㅡㅡㅡ,ㅡㅡㅡ
씹고,O
뜯고,O
맛보고,O
즐기고,O
ㅡㅡㅡ,ㅡㅡㅡ
모든것이,O
만족스러운,O
이때,O
ㅡㅡㅡ,ㅡㅡㅡ
언니,O
오징어,O
타지,O
않아요,O
ㅡㅡㅡ,ㅡㅡㅡ
맞다,O
오징어,O
얼른,O
먹고,O
싶어,O
오징어,O
ㅡㅡㅡ,ㅡㅡㅡ
내가,O
꺼낼게,O
ㅡㅡㅡ,ㅡㅡㅡ
익었나,O
ㅡㅡㅡ,ㅡㅡㅡ
제발,O
맛있게,O
익혔어라,O
ㅡㅡㅡ,ㅡㅡㅡ
첫번째,O
작품,O
ㅡㅡㅡ,ㅡㅡㅡ
보기만,O
해도,O
입,O
이,O
떡,O
벌어지는,O
비주얼,O
ㅡㅡㅡ,ㅡㅡㅡ
과연,O
맛은,O
어떨까요,O
ㅡㅡㅡ,ㅡㅡㅡ
어때,O
ㅡㅡㅡ,ㅡㅡㅡ
정말,O
맛있어요,O
ㅡㅡㅡ,ㅡㅡㅡ
진짜,O
나도,O
나도,O
ㅡㅡㅡ,ㅡㅡㅡ
참숯,O
에서,O
익힌,O
통오징어구이,O
를,O
한입,O
에,O
쏙,O
ㅡㅡㅡ,ㅡㅡㅡ
이런게,O
바로,O
캠핑의,O
묘미,O
아닐까요,O
ㅡㅡㅡ,ㅡㅡㅡ
바비큐파티를,O
마친,O
후,O
뒷정리를,O
시작,O
했는데요,O
ㅡㅡㅡ,ㅡㅡㅡ
왜,O
맨손으로,O
설거지를,O
하시나요,O
ㅡㅡㅡ,ㅡㅡㅡ
고무장갑,O
안,O
껴,O
ㅡㅡㅡ,ㅡㅡㅡ
고무장,O
갑이요,O
ㅡㅡㅡ,ㅡㅡㅡ
물,O
따뜻해요,O
언니,O
물,O
틀어보세요,O
ㅡㅡㅡ,ㅡㅡㅡ
고무장갑,O
낄,O
필요,O
없어요,O
ㅡㅡㅡ,ㅡㅡㅡ
온수까지,O
콸콸,O
나오니,O
좋죠,O
ㅡㅡㅡ,ㅡㅡㅡ
어,O
뭐야,O
왜,O
이런,O
거,O
찍어요,O
ㅡㅡㅡ,ㅡㅡㅡ
아,O
피곤해,O
ㅡㅡㅡ,ㅡㅡㅡ
나도,O
얼른,O
자고,O
싶다,O
ㅡㅡㅡ,ㅡㅡㅡ
내,O
안방처럼,O
편안한,O
모습,O
ㅡㅡㅡ,ㅡㅡㅡ
오늘,O
두사람,O
은,O
어떤,O
걸,O
느꼈을까요,O
ㅡㅡㅡ,ㅡㅡㅡ
이,O
여행의,O
묘미는,O
마음,O
맞는,O
사람을,O
우연히,O
만나는,O
게,O
묘미잖아요,O
ㅡㅡㅡ,ㅡㅡㅡ
근데,O
저는,O
진짜,O
좋았던,O
것,O
같아요,O
ㅡㅡㅡ,ㅡㅡㅡ
솔직히,O
친구,O
들이랑,O
온,O
것보다,O
더,O
재미있는,O
것,O
같아요,O
ㅡㅡㅡ,ㅡㅡㅡ
나두,O
ㅡㅡㅡ,ㅡㅡㅡ
그렇죠,O
ㅡㅡㅡ,ㅡㅡㅡ
언니,O
우리,O
내일,O
뭐,O
할까요,O
ㅡㅡㅡ,ㅡㅡㅡ
내일,O
ㅡㅡㅡ,ㅡㅡㅡ
내일,O
해뜨는,O
거,O
볼까요,O
우리,O
ㅡㅡㅡ,ㅡㅡㅡ
내일,O
우리,O
좀,O
일찍,O
일어나서,O
ㅡㅡㅡ,ㅡㅡㅡ
여기,O
바닷가니까,O
바로,O
커피,O
를,O
마시고,O
일출을,O
봅시다,O
ㅡㅡㅡ,ㅡㅡㅡ
따뜻한,O
커피,O
모니커피,O
하고,O
ㅡㅡㅡ,ㅡㅡㅡ
얼른,O
자자,O
ㅡㅡㅡ,ㅡㅡㅡ
이제,O
자요,O
피곤합니다,O
ㅡㅡㅡ,ㅡㅡㅡ
다음날,O
아침,O
ㅡㅡㅡ,ㅡㅡㅡ
마치,O
영화관,O
맨,O
앞줄,O
에서,O
보는,O
것,O
마냥,O
가까이에서,O
일출을,O
만나볼,O
수,O
있었습니다,O
ㅡㅡㅡ,ㅡㅡㅡ
해,O
떳어,O
ㅡㅡㅡ,ㅡㅡㅡ
예쁘다,O
ㅡㅡㅡ,ㅡㅡㅡ
커피,O
한잔,O
건배,O
ㅡㅡㅡ,ㅡㅡㅡ
한적한,O
백사장에서,O
파도소리를,O
음악,O
삼아,O
감상하는,O
일출,O
ㅡㅡㅡ,ㅡㅡㅡ
겨울,O
캠핑의,O
낭만에,O
흠뻑,O
빠져봅니다,O
ㅡㅡㅡ,ㅡㅡㅡ
카라반에서,O
처음,O
숙박해봤는데,O
그것도,O
너무,O
좋았고요,O
ㅡㅡㅡ,ㅡㅡㅡ
집에서,O
보다,O
잘,O
잤어요,O
너무,O
기분이,O
좋아서,O
ㅡㅡㅡ,ㅡㅡㅡ
그리고,O
오늘,O
우리,O
도연,O
이랑,O
같이,O
마지막으로,O
일출,O
보면서,O
ㅡㅡㅡ,ㅡㅡㅡ
이렇게,O
추억을,O
바다,O
앞,O
에서,O
남기는,O
게,O
너무,O
행복해요,O
ㅡㅡㅡ,ㅡㅡㅡ
또,O
올래요,O
ㅡㅡㅡ,ㅡㅡㅡ
겨울,O
바다에서,O
펼쳐지는,O
낭만여행,O
ㅡㅡㅡ,ㅡㅡㅡ
일출과,O
함께,O
눈뜨고,O
싶다면,O
겨울,O
동해바다,O
로,O
오세요,O
ㅡㅡㅡ,ㅡㅡㅡ
이번에는,O
동해,B_LOC
등대오름길,B_TOR
을,O
소개합니다,O
ㅡㅡㅡ,ㅡㅡㅡ
이곳은,O
묵호,B_LOC
논골담길,B_TOR
이라도,O
합니다,O
ㅡㅡㅡ,ㅡㅡㅡ
동선은,O
묵호항수변공원,B_TOR
주차장을,O
출발해서,O
ㅡㅡㅡ,ㅡㅡㅡ
논골담길,B_TOR
묵호등대,B_TOR
바람의언덕전망대,B_TOR
순으로,O
돌아보세요,O
ㅡㅡㅡ,ㅡㅡㅡ
예전,O
묵호,B_LOC
는,O
어떤,O
동네였죠,O
ㅡㅡㅡ,ㅡㅡㅡ
휴,O
묵호,B_LOC
에는,O
굉장히,O
큰,O
항구가,O
있던,O
곳입니다,O
ㅡㅡㅡ,ㅡㅡㅡ
일제시대때,O
만들어진,O
항구인데,O
ㅡㅡㅡ,ㅡㅡㅡ
일본,O
사람들이,O
태백,O
등지에서,O
ㅡㅡㅡ,ㅡㅡㅡ
석탄,O
금강송,O
등을,O
일본,O
으로,O
가져,O
가려고,O
ㅡㅡㅡ,ㅡㅡㅡ
항구를,O
만들고,O
그,O
다음,O
철로를,O
놨습니다,O
ㅡㅡㅡ,ㅡㅡㅡ
경상북도,O
로,O
해서,O
태백,O
으로,O
해서,O
이,O
동해시,O
까지,O
오는,O
철로입니다,O
ㅡㅡㅡ,ㅡㅡㅡ
석탄,O
과,O
나무,O
등을,O
일본,O
으로,O
싣고,O
나가던,O
항구입니다,O
ㅡㅡㅡ,ㅡㅡㅡ
그래서,O
그때,O
노동자,O
들이,O
어촌마을에,O
와서,O
ㅡㅡㅡ,ㅡㅡㅡ
많이들,O
살았다고,O
하더라구요,O
ㅡㅡㅡ,ㅡㅡㅡ
그렇죠,O
이,O
논골담길이,O
있는,O
묵호항,B_TOR
뒷,O
산이,O
ㅡㅡㅡ,ㅡㅡㅡ
이,O
항구에서,O
일하던,O
근로자,O
들이,O
주로,O
살던,O
마을이었습니다,O
ㅡㅡㅡ,ㅡㅡㅡ
그래서,O
그런,O
애환과,O
삶을,O
벽화로,O
표현,O
했고,O
ㅡㅡㅡ,ㅡㅡㅡ
곳곳에,O
이렇게,O
시구들도,O
여기에,O
써,O
있습니다,O
ㅡㅡㅡ,ㅡㅡㅡ
여러분들도,O
올라가실,O
때,O
잠깐씩,O
읽어보시면,O
좋을,O
것,O
같아요,O
ㅡㅡㅡ,ㅡㅡㅡ
흡사,O
통영,O
동피랑마을,O
과,O
닮은,O
논골담길,B_TOR
ㅡㅡㅡ,ㅡㅡㅡ
개,O
도,O
만원짜리,O
를,O
물고,O
다닌다는,O
말이,O
있듯이,O
ㅡㅡㅡ,ㅡㅡㅡ
동해,B_LOC
묵호항,B_TOR
의,O
경기가,O
좋았음을,O
증명해주는,O
그림이네요,O
ㅡㅡㅡ,ㅡㅡㅡ
묵호등대,B_TOR
ㅡㅡㅡ,ㅡㅡㅡ
묵호등대,B_TOR
스카이워크,O
같은,O
시설,O
조성중,O
ㅡㅡㅡ,ㅡㅡㅡ
현재는,O
공사중이며,O
2021년3월중,O
개장,O
예정,O
ㅡㅡㅡ,ㅡㅡㅡ
바람의,O
언덕으로,O
가는,O
길,O
ㅡㅡㅡ,ㅡㅡㅡ
한눈에,O
내려다보이는,O
묵호항,B_TOR
ㅡㅡㅡ,ㅡㅡㅡ
바람의언덕,B_TOR
전망대,O
겸,O
카페,O
ㅡㅡㅡ,ㅡㅡㅡ
이곳에서,O
차,O
한잔,O
마시며,O
바다,O
감상하기에도,O
좋습니다,O
ㅡㅡㅡ,ㅡㅡㅡ
동해,B_LOC
묵호,B_LOC
논골담길,B_TOR
잘,O
보셨어요,O
ㅡㅡㅡ,ㅡㅡㅡ
여기는,O
가볍게,O
돌아보실,O
곳인데요,O
ㅡㅡㅡ,ㅡㅡㅡ
동해,B_LOC
에는,O
추암해변,B_TOR
무릉계곡,B_TOR
등이,O
있고,O
ㅡㅡㅡ,ㅡㅡㅡ
삼척,O
이나,O
강릉,O
과,O
가까워서,O
ㅡㅡㅡ,ㅡㅡㅡ
당일,O
또는,O
1박2일,O
여행으로,O
손색이,O
없습니다,O
ㅡㅡㅡ,ㅡㅡㅡ
이번,O
여행도,O
잘,O
하셨기를,O
바라며,O
ㅡㅡㅡ,ㅡㅡㅡ
저는,O
또,O
다음에,O
뵙도록,O
하겠습니다,O
감사합니다,O
ㅡㅡㅡ,ㅡㅡㅡ
동해,B_LOC
에,O
가려고,O
다들,O
일찍,O
일어나서,O
짐을,O
챙기고,O
있어요,O
ㅡㅡㅡ,ㅡㅡㅡ
오늘,O
도,O
날씨가,O
너무,O
좋아요,O
ㅡㅡㅡ,ㅡㅡㅡ
동해,B_LOC
로,O
출발,O
ㅡㅡㅡ,ㅡㅡㅡ
이제,O
저희는,O
동해,B_LOC
로,O
갑니다,O
ㅡㅡㅡ,ㅡㅡㅡ
언제나,O
출발할,O
때가,O
제일,O
설레는거,O
같아요ㅋㅋ,O
ㅡㅡㅡ,ㅡㅡㅡ
동해,B_LOC
에,O
도착했어요,O
ㅡㅡㅡ,ㅡㅡㅡ
날씨가,O
흐리긴,O
했지만,O
너무,O
예뻤어요,O
ㅡㅡㅡ,ㅡㅡㅡ
동해,B_LOC
의,O
바다는,O
조금은,O
다른,O
느낌이네요,O
ㅡㅡㅡ,ㅡㅡㅡ
바다는,O
항상,O
멍하게,O
쳐다보는,O
매력이,O
있는,O
거,O
같아요,O
ㅡㅡㅡ,ㅡㅡㅡ
서로,O
인생샷,O
찍어주려고,O
노력중,O
ㅋㅋ,O
ㅡㅡㅡ,ㅡㅡㅡ
밥,O
먹으러,O
갑니다,O
이제,O
ㅡㅡㅡ,ㅡㅡㅡ
뭐,O
먹나요,O
우리,O
ㅡㅡㅡ,ㅡㅡㅡ
저희는,O
멍게비빔밥,O
을,O
먹을거에요,O
ㅡㅡㅡ,ㅡㅡㅡ
멍게비빔밥,O
ㅡㅡㅡ,ㅡㅡㅡ
나,O
처음,O
먹어봐,O
ㅡㅡㅡ,ㅡㅡㅡ
나도,O
ㅡㅡㅡ,ㅡㅡㅡ
멍게비빔밥,O
이,O
있구나,O
ㅡㅡㅡ,ㅡㅡㅡ
날씨도,O
좀,O
자연광이,O
없지만,O
그래도,O
ㅡㅡㅡ,ㅡㅡㅡ
바람부는,O
날씨도,O
너무,O
좋아,O
ㅡㅡㅡ,ㅡㅡㅡ
식당,O
앞,O
인데,O
분위기가,O
너무,O
예뻐서,O
찍었어요,O
ㅎㅎ,O
ㅡㅡㅡ,ㅡㅡㅡ
식당에,O
들어왔어요,O
ㅡㅡㅡ,ㅡㅡㅡ
언제,O
나와,O
ㅡㅡㅡ,ㅡㅡㅡ
좀,O
오래,O
걸린데,O
ㅡㅡㅡ,ㅡㅡㅡ
웃어봐,O
ㅋㅋ,O
ㅡㅡㅡ,ㅡㅡㅡ
형,O
꺼,O
따라,O
웃는데ㅎㅎ,O
ㅡㅡㅡ,ㅡㅡㅡ
썸네일ㅋㅋ,O
ㅡㅡㅡ,ㅡㅡㅡ
간장새우,O
ㅡㅡㅡ,ㅡㅡㅡ
그,O
다음에,O
ㅡㅡㅡ,ㅡㅡㅡ
생선조림,O
ㅡㅡㅡ,ㅡㅡㅡ
멍게비빔밥,O
ㅡㅡㅡ,ㅡㅡㅡ
그리고,O
솥밥,O
ㅡㅡㅡ,ㅡㅡㅡ
맛있겠다,O
ㅡㅡㅡ,ㅡㅡㅡ
잘,O
먹겠습니다,O
ㅡㅡㅡ,ㅡㅡㅡ
너무,O
맛있어요,O
여러분도,O
동해,B_LOC
에,O
가면,O
꼭,O
먹어보세요,O
ㅡㅡㅡ,ㅡㅡㅡ
밥,O
먹고,O
묵호항수변공원,B_TOR
에,O
왔어요,O
ㅡㅡㅡ,ㅡㅡㅡ
여긴,O
어딘가요,O
ㅡㅡㅡ,ㅡㅡㅡ
여기는,O
수변공원,O
입니다,O
ㅡㅡㅡ,ㅡㅡㅡ
여러분,O
여기,O
앞,O
에,O
보시면,O
해랑전망대,B_TOR
라고,O
ㅡㅡㅡ,ㅡㅡㅡ
되게,O
좋은,O
전망대가,O
있어요,O
ㅡㅡㅡ,ㅡㅡㅡ
발,O
밑에,O
바다도,O
보이고,O
한대요,O
ㅡㅡㅡ,ㅡㅡㅡ
저게,O
스카이벨리,O
저거,O
같고요,O
ㅡㅡㅡ,ㅡㅡㅡ
해,O
랑,O
전망대가,O
저거,O
입니더,O
ㅡㅡㅡ,ㅡㅡㅡ
저희,O
이거,O
두개,O
를,O
세트로,O
가면,O
좋을,O
거,O
같습니다,O
ㅡㅡㅡ,ㅡㅡㅡ
가보자,O
ㅡㅡㅡ,ㅡㅡㅡ
완전,O
에메랄드빛,O
바다,O
ㅜㅜ,O
ㅡㅡㅡ,ㅡㅡㅡ
진짜,O
이때,O
기분,O
최고였어요,O
ㅎㅎ,O
ㅡㅡㅡ,ㅡㅡㅡ
스카이,O
워크로,O
올라가봤어요,O
ㅡㅡㅡ,ㅡㅡㅡ
여기는,O
또,O
다른,O
풍경,O
ㅡㅡㅡ,ㅡㅡㅡ
여러분도,O
풍경을,O
감상해보세요,O
ㅎㅎ,O
ㅡㅡㅡ,ㅡㅡㅡ
조금,O
걷다보면,O
예쁜,O
가게들도,O
많아요,O
ㅡㅡㅡ,ㅡㅡㅡ
진짜,O
여기,O
최애장소,O
ㅠㅠ,O
너무,O
예뻐요,O
ㅡㅡㅡ,ㅡㅡㅡ
비가,O
와서,O
우산을,O
사고,O
ㅡㅡㅡ,ㅡㅡㅡ
차,O
로,O
가고,O
있습니다,O
ㅡㅡㅡ,ㅡㅡㅡ
우리는,O
이제,O
밥,O
을,O
먹으러,O
갑니다,O
ㅡㅡㅡ,ㅡㅡㅡ
저녁,O
맛있는,O
거,O
먹을거에요,O
ㅡㅡㅡ,ㅡㅡㅡ
대게,O
먹을,O
거에요,O
ㅡㅡㅡ,ㅡㅡㅡ
맛있는,O
대게,O
ㅡㅡㅡ,ㅡㅡㅡ
대게,O
먹으러,O
추암해변,B_TOR
으로,O
왔어요,O
ㅡㅡㅡ,ㅡㅡㅡ
신기한게,O
오리,O
들이,O
이렇게,O
있더라고요,O
ㅡㅡㅡ,ㅡㅡㅡ
너무,O
귀엽지,O
않나요,O
ㅎㅎ,O
ㅡㅡㅡ,ㅡㅡㅡ
식당에,O
보이는,O
해변,O
전뭉인데,O
너무,O
예쁘죠,O
ㅠㅠ,O
ㅡㅡㅡ,ㅡㅡㅡ
드디어,O
대게,O
먹으러,O
왔습니다,O
ㅡㅡㅡ,ㅡㅡㅡ
저희는,O
지금,O
배고파서,O
ㅡㅡㅡ,ㅡㅡㅡ
세트를,O
시켰어요,O
ㅡㅡㅡ,ㅡㅡㅡ
세트가,O
제일,O
낫다고,O
추천해주셔서,O
세트로,O
시켰어요,O
ㅡㅡㅡ,ㅡㅡㅡ
회,O
가,O
나왔습니다,O
ㅡㅡㅡ,ㅡㅡㅡ
맛있게,O
먹을게요,O
ㅡㅡㅡ,ㅡㅡㅡ
싱싱해,O
진짜,O
싱싱해,O
ㅡㅡㅡ,ㅡㅡㅡ
다시보니,O
또,O
먹고싶네요,O
ㅎㅎ,O
너무,O
맛있어요,O
ㅜ,O
ㅡㅡㅡ,ㅡㅡㅡ
이렇게,O
속이,O
꽉,O
차,O
있습니다,O
ㅡㅡㅡ,ㅡㅡㅡ
오,O
대박이다,O
ㅡㅡㅡ,ㅡㅡㅡ
우와,O
대박,O
ㅡㅡㅡ,ㅡㅡㅡ
진짜,O
존맛탱,O
ㅡㅡㅡ,ㅡㅡㅡ
입,O
안에,O
꽉차는,O
식감이,O
최고에요,O
ㅡㅡㅡ,ㅡㅡㅡ
맛있지,O
ㅡㅡㅡ,ㅡㅡㅡ
진짜,O
정신없이,O
먹었네요,O
ㅎㅎ,O
ㅡㅡㅡ,ㅡㅡㅡ
저녁,O
먹고나니,O
해가,O
지기,O
시작했어요,O
ㅡㅡㅡ,ㅡㅡㅡ
노을이,O
너무,O
예쁘지,O
않나요ㅎㅎ,O
ㅡㅡㅡ,ㅡㅡㅡ
이제,O
밤,O
이,O
되어,O
가지고,O
ㅡㅡㅡ,ㅡㅡㅡ
야경을,O
보러갑니다,O
ㅡㅡㅡ,ㅡㅡㅡ
가볍게,O
산책할,O
수,O
있는,O
길이에요,O
ㅡㅡㅡ,ㅡㅡㅡ
촛대바위에요,O
너무,O
예쁘죠,O
ㅡㅡㅡ,ㅡㅡㅡ
귀신이네,O
ㅎㅎ,O
ㅡㅡㅡ,ㅡㅡㅡ
귀신삼형제,O
ㅋㅋㅋ,O
ㅡㅡㅡ,ㅡㅡㅡ
진짜,O
여기,O
야경이,O
대박인거,O
같아요,O
ㅡㅡㅡ,ㅡㅡㅡ
숙소에,O
도착했어요,O
ㅡㅡㅡ,ㅡㅡㅡ
분위기가,O
너무,O
좋죠,O
ㅎㅎ,O
ㅡㅡㅡ,ㅡㅡㅡ
저희,O
이제,O
숙소에,O
도착했어요,O
ㅡㅡㅡ,ㅡㅡㅡ
숙소가,O
진짜,O
예뻐요,O
ㅡㅡㅡ,ㅡㅡㅡ
여기,O
초원이형이,O
직접,O
컨택한,O
숙소인데,O
ㅡㅡㅡ,ㅡㅡㅡ
감성이,O
되게,O
좋네요,O
ㅡㅡㅡ,ㅡㅡㅡ
팬션은,O
이렇게,O
생겼어요,O
ㅡㅡㅡ,ㅡㅡㅡ
와,O
좋다,O
ㅡㅡㅡ,ㅡㅡㅡ
여기는,O
제가,O
잘,O
방입니다,O
ㅡㅡㅡ,ㅡㅡㅡ
어,O
이런것도,O
되게,O
귀엽다,O
이렇게,O
걸어놓는,O
거도,O
ㅡㅡㅡ,ㅡㅡㅡ
카메라,O
가,O
초점을,O
거울로,O
잡았어요,O
ㅠㅠ,O
ㅡㅡㅡ,ㅡㅡㅡ
제가,O
이,O
숙소를,O
골랐습니다,O
ㅡㅡㅡ,ㅡㅡㅡ
이,O
숙소는,O
괜찮은,O
거,O
같아,O
ㅡㅡㅡ,ㅡㅡㅡ
너네,O
집,O
비슷해,O
ㅡㅡㅡ,ㅡㅡㅡ
어쨋든,O
강원도,O
여행,O
ㅡㅡㅡ,ㅡㅡㅡ
길다면,O
긴,O
시간동안,O
여행을,O
잘,O
맞춰줘서,O
ㅡㅡㅡ,ㅡㅡㅡ
감사합니다,O
ㅡㅡㅡ,ㅡㅡㅡ
여러분,O
다음에는,O
더,O
좋은,O
영상으로,O
찾아,O
뵐게요,O
ㅡㅡㅡ,ㅡㅡㅡ
그러면,O
저희는,O
이만,O
씻고,O
자죠,O
ㅡㅡㅡ,ㅡㅡㅡ
이만,O
꺼볼게요,O
ㅡㅡㅡ,ㅡㅡㅡ
동해,B_LOC
논골담길,B_TOR
을,O
따라,O
올라간,O
묵호등대마을,B_TOR
ㅡㅡㅡ,ㅡㅡㅡ
묵호,B_LOC
의,O
옛풍경이,O
담긴,O
사진을,O
지나며,O
세월의,O
모습을,O
느껴봅니다,O
ㅡㅡㅡ,ㅡㅡㅡ
이곳은,O
논골담길,B_TOR
협동조합으로,O
ㅡㅡㅡ,ㅡㅡㅡ
카페나,O
공방들이,O
있는곳이에요,O
ㅡㅡㅡ,ㅡㅡㅡ
이곳에,O
논골담길,B_TOR
에서,O
가장,O
유명한,O
논골상회카페,O
가,O
있는데,O
ㅡㅡㅡ,ㅡㅡㅡ
꽤,O
늦은시간까지,O
영업하는,O
드문곳이라,O
ㅡㅡㅡ,ㅡㅡㅡ
일몰볼때는,O
이곳에서,O
기다리곤,O
했습니다,O
ㅡㅡㅡ,ㅡㅡㅡ
멀리,O
목포항,B_TOR
의,O
풍경이,O
보여요,O
ㅡㅡㅡ,ㅡㅡㅡ
일몰,O
시작전에,O
올라와서,O
다행이에요,O
ㅡㅡㅡ,ㅡㅡㅡ
묵호방파제,O
ㅡㅡㅡ,ㅡㅡㅡ
이곳은,O
바람의언덕,B_TOR
전망대라고,O
부르는곳이고,O
ㅡㅡㅡ,ㅡㅡㅡ
난간도,O
투명해서,O
탁,O
트인,O
시야로,O
ㅡㅡㅡ,ㅡㅡㅡ
묵호항,B_TOR
과,O
묵호바다,B_TOR
를,O
볼,O
수,O
있어요,O
ㅡㅡㅡ,ㅡㅡㅡ
동해,B_LOC
에서의,O
일몰은,O
ㅡㅡㅡ,ㅡㅡㅡ
붉은,O
노을지는,O
모습은,O
아니지만,O
ㅡㅡㅡ,ㅡㅡㅡ
구름과,O
산,O
너머로,O
지는,O
빛이,O
묵호를,O
비추는,O
풍경은,O
ㅡㅡㅡ,ㅡㅡㅡ
감탄이,O
나올정도로,O
고즈넉하고,O
멋집니다,O
ㅡㅡㅡ,ㅡㅡㅡ
몇달새,O
못보던게,O
생겼어요,O
ㅡㅡㅡ,ㅡㅡㅡ
새롭게,O
생긴,O
포토존이네요,O
ㅡㅡㅡ,ㅡㅡㅡ
ㅡㅡㅡ,ㅡㅡㅡ
ㅡㅡㅡ,ㅡㅡㅡ
ㅡㅡㅡ,ㅡㅡㅡ
글씨옆ㅇ,O
앉아서,O
사진찍으면,O
딱이죠,O
ㅡㅡㅡ,ㅡㅡㅡ
