﻿word,ner
안녕하세요,O
바플릭스,O
입니다,O
이번,O
여행은,O
동해,B_LOC
바다로,O
떠난,O
모토피크닉,O
영상입니다,O
와는,O
처음,O
모토피크닉을,O
다녀왔네요,O
해변,O
앞,O
에서,O
준비해간,O
음식도,O
만들어,O
먹고,O
차,O
도,O
마시며,O
편안하게,O
쉬다왔습니다,O
그럼,O
여러분도,O
편안하게,O
시청해주세요,O
감사합니다,O
ㅡㅡㅡ,ㅡㅡㅡ
안녕하세요,O
오늘,O
영상은,O
이번년도1월,O
에,O
남자친구,O
와,O
1주년,O
기념으로,O
다녀온,O
동해,B_LOC
여행브이로그,O
영상이에요,O
지금은,O
여름,O
이,O
다가오고,O
있는,O
시점이지만,O
많은,O
분들과,O
동해,B_LOC
의,O
오션뷰,O
끝판왕,O
감성숙소를,O
보여드리고,O
싶어서,O
이렇게,O
영상을,O
가지고,O
왔어요,O
영상은,O
이전에,O
채널에서,O
업로드,O
했던,O
영상이지만,O
다시,O
살짝,O
편집해서,O
재업로드,O
한거에요,O
감성숙소만,O
찾아서,O
여행,O
다니는,O
걸,O
좋아하다보니,O
저만의,O
숙소,O
리스트가,O
생기더라구요,O
히히,O
앞으로도,O
영상을,O
통해서,O
제가,O
가보고,O
좋았던,O
감성숙소들을,O
틈틈히,O
소개해드릴게요,O
오늘,O
도,O
영상,O
재밌게,O
봐주시고,O
항상,O
놀러와주셔서,O
감사합니다,O
동해,B_LOC
감성숙소,O
어쩌다어달,O
동해,B_LOC
맛집,O
동해,B_LOC
여행,O
강원도,B_LOC
여행,O
여행브이로그,O
감성숙소,O
네이버,O
지도,O
어쩌다어달,O
강원,O
동해시,O
일출로,O
309,O
7,O
000,O
577,O
200,O
29,O
245,O
7,O
334,O
417,O
7,O
516,O
399,O
557,O
4876,O
700,O
6249,O
750,O
1352317,O
827,O
656,O
12,O
430,O
221,O
ㅡㅡㅡ,ㅡㅡㅡ
즐거운,O
동해,B_LOC
스쿠버,O
여행,O
2030,O
여행,O
클럽과,O
함께한,O
1박2일,O
의,O
영상,O
여행기,O
입니다,O
2030,O
800,O
2470,O
70200,O
ㅡㅡㅡ,ㅡㅡㅡ
영상이,O
마음에,O
드셨다면,O
좋아요,O
버튼과,O
구독버튼,O
한번씩,O
눌러주세요,O
레시피가,O
궁금하시다면,O
더보기,O
클릭클릭,O
안녕하세요,O
여러분,O
누빗,O
입니다,O
오늘,O
은,O
일상영상인,O
동해바다,O
어달해수욕장,B_TOR
탐방기,O
영상을,O
가져왔답니다ㅋㅋ,O
휴가철인데,O
다들,O
시원한,O
여름,O
되셨으면,O
좋겠어요,O
첫,O
촬영이라,O
아직,O
많이,O
미숙하지만,O
재미있게,O
봐주셨으면,O
좋겠어요,O
어달해수욕장,B_TOR
은,O
망상해수욕장,B_TOR
근처에,O
있는,O
곳인데,O
상당히,O
물이,O
맑고,O
차가워서,O
물이,O
무서운,O
저도,O
재밌게,O
놀다왔어요ㅋㅋ,O
수심이,O
깊지,O
않아서,O
안전하게,O
놀기,O
좋았답니다,O
오늘,O
도,O
제,O
영상,O
시청해주셔서,O
감사하고,O
저는,O
또,O
다음영상에서,O
뵙겠습니다,O
64,O
075,O
ㅡㅡㅡ,ㅡㅡㅡ
청량리역,O
동해무궁화호,O
동해바다,O
추암해변,B_TOR
촛대바위,B_TOR
북평5일장,B_TOR
논골담길,B_TOR
안녕하세요,O
서울,B_LOC
에서,O
밤,O
늦게,O
출발해서,O
밤,O
늦게,O
돌아온는,O
24시간,O
동해,B_LOC
여행,O
일정을,O
소개합니다,O
애국가,O
의,O
배경이,O
되는,O
추암,O
촛대바위,B_TOR
바라보며,O
바닷바람,O
쐬고오면,O
정신이,O
좀,O
맑아지는것,O
같습니다,O
올해부터,O
무궁화호,O
식당칸도,O
없어져서,O
기나긴,O
기차시간동안,O
먹거리는,O
미리,O
챙기셔야함을,O
잊지,O
마세요,O
일본해,O
라고,O
우기는,O
나쁜사람들에게,O
보란듯이,O
동해,B_LOC
라고,O
강조하고,O
싶습니다,O
ㅡㅡㅡ,ㅡㅡㅡ
강원,O
동해시,O
등대오름길,B_TOR
을,O
소개합니다,O
이곳은,O
묵호항,B_TOR
논골담길,B_TOR
이라,O
불리기도,O
합니다,O
동해,B_LOC
여행을,O
하실,O
때,O
가볍게,O
돌아보기에,O
좋은,O
곳입니다,O
삶과,O
애환이,O
담긴,O
어촌,O
마을에,O
아기자기한,O
벽화를,O
그려,O
관광객,O
이,O
많이,O
찾는,O
곳이죠,O
묵호등대,B_TOR
도,O
돌아보고,O
바람의,O
언덕,O
전망대에서,O
탁,O
트인,O
풍경도,O
감상해보시기,O
바랍니다,O
묵호항수변공원,B_TOR
에,O
무료,O
주차,O
가능,O
동선,O
주차장,O
논골담길,B_TOR
묵호등대,B_TOR
바람의언덕,B_TOR
전망대,O
동해,B_LOC
여행지,O
사진찍기예쁜곳,O
묵호논골담길,B_TOR
묵호등대,B_TOR
바람의언덕전망대,B_TOR
묵호등대오름길,B_TOR
걷기좋은곳,O
편집툴,O
2020,O
음악,O
브금,O
대통령,O
61,O
74,O
도보여행,O
동해등대오름길,B_TOR
논골담길,B_TOR
묵호등대,B_TOR
바람의언덕전망대,B_TOR
ㅡㅡㅡ,ㅡㅡㅡ
안녕하세요,O
캠핑과,O
여행을,O
좋아하는,O
빵이네,O
입니다,O
2019년12월,O
에,O
동해역,O
이,O
개통될,O
예정인데요,O
그래서,O
타고,O
가는,O
동해,B_LOC
여행,O
코스에,O
대해서,O
만들어봤습니다,O
재밌게,O
보시고,O
좋아요,O
와,O
구독하기도,O
부탁드립니다,O
여러분의,O
댓글은,O
제작하는데,O
많은,O
이,O
됩니다,O
감사합니다,O
ㅡㅡㅡ,ㅡㅡㅡ
3,O
기차,O
로,O
떠난,O
동해,B_LOC
여행,O
이번,O
영상은,O
기차,O
여행에서,O
담은,O
바다를,O
모아,O
만들어,O
보았습니다,O
차창,O
밖으로,O
보이는,O
푸른,O
동해,B_LOC
바다에,O
넋을,O
잃고,O
한참을,O
바라본,O
시간이었어요,O
여행의,O
설렘과,O
여름,O
바다가,O
주는,O
시원함이,O
전해지길,O
바랍니다,O
천천히,O
즐기면서,O
영상을,O
만들,O
수,O
있도록,O
다독여주고,O
응원해,O
주셔서,O
정말,O
고맙습니다,O
이번,O
영상,O
음악,O
선곡에,O
큰,O
도움을,O
준,O
님께도,O
무한한,O
사랑을,O
보낼게요,O
오늘,O
도,O
시청해주셔서,O
감사합니다,O
영상의,O
품질을,O
1080,O
로,O
바꾸면,O
더,O
선명하게,O
보실,O
수,O
있습니다,O
기차,O
여행,O
정동진,O
동해,B_LOC
국내여행,O
강원도,B_LOC
위치,O
정보,O
정동진해변,B_TOR
정동진역,O
689,O
20636,O
2019,O
ㅡㅡㅡ,ㅡㅡㅡ
동해,B_LOC
여행,O
두번째,O
이야기입니다,O
전망,O
좋은,O
등대와,O
바람의,O
언덕,O
진리,O
의,O
물회,O
먹방과,O
투썸빙수,O
예쁜,O
천국의,O
계단까지,O
오늘,O
도,O
시청해,O
주셔서,O
감사합니다,O
30,O
30,O
310,O
14,O
2,O
3,O
동해,B_LOC
여행,O
물회,O
바람의언덕,B_TOR
논골담길,B_TOR
묵호항등대,B_TOR
대복식당,B_RES
ㅡㅡㅡ,ㅡㅡㅡ
구독,O
좋아요,O
행복이,O
파도처럼,O
밀려오는,O
곳,O
그곳은,O
묵호항,B_TOR
아름다운,O
어촌의,O
추억이,O
살며시,O
추억을,O
만들어,O
주는,O
논골담길,B_TOR
대진항,B_TOR
어달리,O
추암해변,B_TOR
촛대바위,B_TOR
망상해변,B_TOR
망상전통한옥,B_TOR
동해무릉건강숲,B_TOR
무릉계곡,B_TOR
무릉반석,B_TOR
삼화사,B_TOR
학소대,B_TOR
쌍폭포,B_TOR
용추폭포,B_TOR
천곡동굴,B_TOR
묵호항,B_TOR
여객선,O
ㅡㅡㅡ,ㅡㅡㅡ
망상해수욕장,B_TOR
강원도,B_LOC
여행,O
대한민국,O
여행,O
우리나라여행,O
한국여행,O
망상해수욕장,B_TOR
은,O
강원도,B_LOC
동해시,O
북동부,O
에,O
위치한,O
해수욕장이다,O
묵호,O
북쪽,O
4,O
옥계,O
남동쪽,O
4,O
지점에,O
있으며,O
강원도,B_LOC
가,O
지정한,O
국민관광지이다,O
해안은,O
북쪽,O
용바위에서,O
남쪽,O
대진,O
암초까지,O
너비,O
500,O
길이,O
5,O
의,O
좁고,O
긴,O
백사장이,O
펼쳐져,O
있다,O
수심이,O
깊고,O
파도가,O
거세다,O
망상해수욕장,B_TOR
앞에는,O
바다열차,O
가,O
지나는,O
기차선로가,O
있다,O
국내,O
최초로,O
자동차,O
전용,O
오토캠핑장을,O
보유하고,O
있다,O
올해,O
는,O
장맛비가,O
이어지는데다가,O
코로나19,O
확산으로,O
인해,O
휴가철인데도,O
해수욕장이,O
한산하다,O
망상해수욕장,B_TOR
에서는,O
야간,O
에도,O
발열검사소를,O
운영하고,O
있다,O
또한,O
해수욕장,O
내,O
취식도,O
불가하다,O
ㅡㅡㅡ,ㅡㅡㅡ
