﻿word,ner
바이크,O
여행,O
동해,B_LOC
바다로,O
떠나는,O
피크닉,O
여행,O
4,O
화질,O
1250,O
ㅡㅡㅡ,ㅡㅡㅡ
동해,B_LOC
감성숙소,O
오션뷰,O
끝판왕,O
어쩌다,O
어달,O
여름,O
에,O
올리는,O
겨울,O
여행,O
브이로그,O
ㅡㅡㅡ,ㅡㅡㅡ
동해,B_LOC
고성,B_LOC
문암,O
스쿠버,O
여행,O
2470,O
ㅡㅡㅡ,ㅡㅡㅡ
브이로그,O
어서와,O
어달,O
한적하고,O
물맑은,O
동해바다,O
어달,O
탐방기,O
ㅡㅡㅡ,ㅡㅡㅡ
기차,O
타고,O
떠나는,O
24시간,O
겨울,O
동해바다,O
여행,O
추암해변,B_TOR
촛대바위,B_TOR
북평5일장,B_TOR
논골담길,B_TOR
묵호항,B_TOR
ㅣ,O
ㅡㅡㅡ,ㅡㅡㅡ
동해,B_LOC
등대오름길,B_TOR
도보여행,O
아기자기한,O
벽화마을,O
묵호논골담길,B_TOR
ㅡㅡㅡ,ㅡㅡㅡ
타고,O
동해,B_LOC
여행,O
가볼까,O
2019년12월,O
동해역,O
개통,O
동해,B_LOC
여행,O
동해,B_LOC
가볼만한,O
곳,O
동해,B_LOC
여행지,O
추천,O
ㅡㅡㅡ,ㅡㅡㅡ
여름,O
기차,O
여행,O
정동진,B_LOC
그리고,O
동해,B_LOC
힐링,O
브이로그,O
ㅡㅡㅡ,ㅡㅡㅡ
동해,B_LOC
제대로,O
즐기기,O
묵호항,B_TOR
등대,O
바람의,O
언덕,O
물회,O
먹방,O
투썸빙수,O
천국의,O
계단,O
힐링,O
여행,O
ㅡㅡㅡ,ㅡㅡㅡ
타고,O
떠나는,O
동해,B_LOC
여행,O
버,O
스켓,O
핫플레이스,O
추암촛대바위,B_TOR
망상오토캠핑장,B_TOR
망상한옥마을,B_TOR
불타는,O
청춘,O
축구,O
맥심,O
여름,O
광고,O
촬영,O
핫플레이스,O
ㅡㅡㅡ,ㅡㅡㅡ
동해,B_LOC
망상해수욕장,B_TOR
강원도,B_LOC
여행,O
대한민국,O
여행,O
우리나라,O
여행,O
한국여행,O
ㅡㅡㅡ,ㅡㅡㅡ
소소한,O
팁,O
43,O
휴가철,O
자전거,O
여행시,O
피해야할,O
곳,O
동해,B_LOC
라이딩,O
ㅡㅡㅡ,ㅡㅡㅡ
동해,B_LOC
여행,O
마지막화,O
보,O
이스카우,O
트,O
못해본,O
남자의,O
캠핑,O
불멍,O
묵호,B_TOR
논골담길,I_TOR
묵호,O
대우칼국수,B_RES
대게,O
먹방,O
캠핑은,O
놀멍쉬멍,O
전국팔도,O
캠핑,O
하는,O
그날까지,O
ㅡㅡㅡ,ㅡㅡㅡ
힐링,O
동해,B_LOC
묵호삼척브이로그,O
묵호,B_TOR
논골담길,I_TOR
추암촛대바위,B_TOR
대우칼국수,B_RES
거동탕수육,B_RES
묵호항회센터,B_RES
ㅡㅡㅡ,ㅡㅡㅡ
겨울,O
동해,B_LOC
어부,O
가,O
직접,O
잡는,O
도루묵,O
대공개,O
겨울,O
여행,O
거진항,O
여행로드,O
ㅡㅡㅡ,ㅡㅡㅡ
동해,B_LOC
여름,O
여행,O
논골담길,B_TOR
바람의언덕,B_TOR
일몰,O
직전풍경,O
자막,O
ㅡㅡㅡ,ㅡㅡㅡ
동해,B_LOC
여행,O
묵호등대,B_TOR
논골담길,B_TOR
데이트하기,O
좋고,O
아이와,O
함께,O
가도,O
좋고,O
혼자,O
가도,O
좋고,O
국내여행,O
추천,O
브이로그,O
ㅡㅡㅡ,ㅡㅡㅡ
동해바다,O
여행,O
ㅡㅡㅡ,ㅡㅡㅡ
자전거,O
캠핑,O
초보,O
장비로,O
1박2일,O
국토종주,O
동해,B_LOC
편,O
커플,O
라이딩,O
자캠,O
비박,O
백패킹,O
여행,O
유튜버,O
2,O
ㅡㅡㅡ,ㅡㅡㅡ
내륙에서온,O
미국,O
아내,O
와,O
동해,B_LOC
바다로,O
여행을,O
떠난다면,O
강원도,B_LOC
풀코스,O
국제,O
커플,O
ㅡㅡㅡ,ㅡㅡㅡ
행복한,O
800일,O
동해,B_LOC
강릉,B_LOC
데이트,O
묵호항,B_LOC
논골담길,B_TOR
호재퀴진,O
마마타타,O
800,O
베이비커플,O
ㅡㅡㅡ,ㅡㅡㅡ
세로자막,O
동해,B_LOC
여행,O
시원한,O
천곡동굴,B_TOR
에,O
가면,O
이건,O
꼭봐야,O
해,O
ㅡㅡㅡ,ㅡㅡㅡ
여행로그,O
1,O
연영과,O
학생회,O
망,O
를,O
동해,B_LOC
로,O
가다,O
ㅡㅡㅡ,ㅡㅡㅡ
혼자서도,O
충분하다,O
동해안길,O
자전거,O
여행,O
ㅡㅡㅡ,ㅡㅡㅡ
강원도,B_LOC
남자셋,O
우정여행,O
서울,B_LOC
돌아가는,O
날,O
동해수암해변,B_TOR
촛대바위,B_TOR
출렁다리,B_TOR
대게,O
맛집추천,O
강원도,B_LOC
여행코스,O
ㅡㅡㅡ,ㅡㅡㅡ
물놀이하다,O
해파리,O
에게,O
쏘인,O
남자친구,O
동해,B_LOC
여행,O
망상해변,B_TOR
백신보너스존,O
ㅡㅡㅡ,ㅡㅡㅡ
동해,B_LOC
추암해수욕장,B_TOR
4,O
드론,O
영상,O
강원도,B_LOC
여행,O
한국여행,O
우리나,O
라여행,O
대한민국,O
여행,O
ㅡㅡㅡ,ㅡㅡㅡ
아메리칸불리,O
들과,O
함께,O
하는,O
동해안,O
여행기,O
1편,O
ㅡㅡㅡ,ㅡㅡㅡ
