﻿word,ner
쩝쩝,O
박사,O
의,O
2박3일,O
먹으려고,O
간,O
부산,B_LOC
여행,O
힐링,O
브이로그,O
ㅡㅡㅡ,ㅡㅡㅡ
첫,O
혼자,O
여행,O
2박3일,O
부산,B_LOC
여행,O
브이로그,O
구독자,O
이벤트,O
광안리,B_TOR
소품샵,O
혼술,O
돼지국밥,O
카페투어,O
맛집투어,O
ㅡㅡㅡ,ㅡㅡㅡ
나,O
혼자하는,O
느린,O
부산,B_LOC
여행,O
오후일기,O
ㅡㅡㅡ,ㅡㅡㅡ
동거커플,O
자고있는,O
여친,O
깨워서,O
데이트,O
가기,O
부산,B_LOC
광안리,B_TOR
브이로그,O
ㅡㅡㅡ,ㅡㅡㅡ
게이커플,O
부산,B_LOC
여행,O
브이로그,O
게이단편영화,O
ㅡㅡㅡ,ㅡㅡㅡ
광안리,B_TOR
핫플만,O
골라본,O
부산,B_LOC
여행,O
브이로그,O
ㅡㅡㅡ,ㅡㅡㅡ
부산,B_LOC
동생,O
생일선물,O
광안리,B_TOR
요트,O
타고,O
사육당하고,O
옴,O
ㅡㅡㅡ,ㅡㅡㅡ
부산,B_LOC
데이트,O
먹으러,O
부산,B_LOC
왔다구요,O
엘시티,O
기장,B_LOC
카페투어,O
부산,B_LOC
먹방,O
아트페어,O
시그니엘,O
호캉스,O
ㅡㅡㅡ,ㅡㅡㅡ
부산,B_LOC
카페,O
정복,O
브이로그,O
금정,B_LOC
헤이든신씨어,B_CAF
크로플,O
ㅡㅡㅡ,ㅡㅡㅡ
설날,O
부산,B_LOC
1,O
고스톱,O
치는,O
송깐죽,O
아빠,O
의,O
마리오,O
게임,O
새,O
식구,O
봉만이,O
를,O
소개합니다,O
ㅡㅡㅡ,ㅡㅡㅡ
일상브이로그,O
5,O
부산,B_LOC
여행,O
2,O
해운대,B_TOR
웨스틴조선호텔,O
애프터눈,O
티세트,O
호캉스,O
주말,O
브이로그,O
미세먼지,O
매우좋음,O
ㅡㅡㅡ,ㅡㅡㅡ
설날,O
부산,B_LOC
이래도,O
되나,O
싶을,O
정도로,O
먹기,O
아빠,O
동생,O
놀리기,O
자격증,O
1급,O
송푸리쟈,O
달맞이길,B_TOR
카페,O
기장,B_LOC
뷰맛집,O
ㅡㅡㅡ,ㅡㅡㅡ
직장인,O
일상,O
브이로그,O
남친,O
등장,O
파라다이스호텔,O
부산,B_LOC
호캉스,O
프리미엄,O
디럭스,O
오션룸,O
샐러드,O
만들기,O
ㅡㅡㅡ,ㅡㅡㅡ
부산,B_LOC
여행,O
브이로그,O
3,O
바게트,O
가,O
어울리는,O
베이커리,O
메이크업,O
바른남자,O
준구,O
씨,O
ㅡㅡㅡ,ㅡㅡㅡ
부산,B_LOC
1박2일,O
호캉스,O
여행,O
브이로그,O
파크하얏트호텔,O
맛집,O
힐링,O
ㅡㅡㅡ,ㅡㅡㅡ
조파파,O
도,O
드디어,O
여행간다,O
그러,O
나,O
제주도,B_LOC
온지,O
3시간만,O
에,O
바로,O
부산,B_LOC
으로ㅠㅠ,O
부모,O
님과,O
추억,O
쌓기,O
브이로그,O
1탄,O
ㅡㅡㅡ,ㅡㅡㅡ
재업,O
부산,B_LOC
여행,O
브이로그2,O
갈매기도우릴축복해,O
2,O
호캉스,O
ㅡㅡㅡ,ㅡㅡㅡ
박정상,O
김여원,O
부부,O
부산,B_LOC
먹방,O
브이로그,O
정녕,O
그대들은,O
먹는것,O
말고,O
아무것도,O
할줄,O
모르는가,O
ㅡㅡㅡ,ㅡㅡㅡ
일본,O
입국,O
부산,B_LOC
에서,O
오사카,O
밀착,O
브이로그,O
간사이공항,O
입국,O
과정,O
한국인,O
입국자,O
ㅡㅡㅡ,ㅡㅡㅡ
올해,O
마지막,O
여름,O
휴가,O
부산,B_LOC
브이로그,O
더수지,O
ㅡㅡㅡ,ㅡㅡㅡ
작업실브이로그,O
진해벚꽃빵,O
부산비엔씨,B_CAF
이케아,O
가구조립,O
해운대금수복국,B_RES
미니하울,O
사진전시회,O
미니하울,O
첫번째,O
브이로그,O
부산,B_LOC
브이로그,O
ㅡㅡㅡ,ㅡㅡㅡ
부산,B_LOC
여행,O
브이로그1,O
부산,B_LOC
카페추천,O
산복도로,B_TOR
에,O
위치한,O
초량,B_CAF
1941,I_CAF
ㅡㅡㅡ,ㅡㅡㅡ
부산,B_LOC
시민,O
의,O
1박2일,O
부산,B_LOC
여행,O
브이로그,O
친구들,O
ㅡㅡㅡ,ㅡㅡㅡ
국제,O
부부,O
외국인,O
남편,O
과,O
부산,B_LOC
여행,O
브이로그,O
ㅡㅡㅡ,ㅡㅡㅡ
23살,O
생일,O
브이로그기괴한선물,O
언박싱,O
생일케이크,O
부산시립미술관,B_TOR
ㅡㅡㅡ,ㅡㅡㅡ
커플,O
2,O
금정산,B_TOR
등산,O
커플브이로그,O
부산,B_LOC
등산,O
금정산,B_TOR
고당봉,O
ㅡㅡㅡ,ㅡㅡㅡ
55,O
2021,O
부산,B_LOC
여름,O
휴가,O
브이로그,O
ㅡㅡㅡ,ㅡㅡㅡ
벌써,O
결혼한지,O
9주년,O
남편,O
이랑,O
9주년,O
부산,B_LOC
여행다녀왔어요,O
ㅡㅡㅡ,ㅡㅡㅡ
칩거튜브,O
의,O
일탈,O
부산,B_LOC
여행,O
브이로그,O
2화,O
햄튜브,O
ㅡㅡㅡ,ㅡㅡㅡ
3박4일,O
부산,B_LOC
여행,O
1,O
여행브이로그,O
부산,B_LOC
맛집,O
매드독스,B_RES
광안리,B_TOR
해운대,B_TOR
아쿠아펠리스,B_TOR
엘리시아부띠끄호텔,O
춘하추동밀면,B_RES
랑데자뷰,B_CAF
ㅡㅡㅡ,ㅡㅡㅡ
나,O
홀로,O
부산,B_LOC
여행,O
브이로그,O
ㅡㅡㅡ,ㅡㅡㅡ
日本,O
語,O
부산,B_LOC
에서,O
보낸,O
일상,O
브이로그,O
ㅡㅡㅡ,ㅡㅡㅡ
일본인,O
여친,O
이,O
남자들만,O
아는,O
일본어,O
를,O
배워왔다,O
부산,B_LOC
여행,O
브이로그01,O
ㅡㅡㅡ,ㅡㅡㅡ
새신발,O
좋아하는,O
부산,B_LOC
음식집에서,O
요리,O
한국,O
일상,O
브이로그,O
ㅡㅡㅡ,ㅡㅡㅡ
여행,O
브이로그ㅣ,O
에어비앤비,O
부산,B_LOC
혼자,O
여행,O
ㅡㅡㅡ,ㅡㅡㅡ
먹방브이로그,O
부산빵천동빵투어,O
빵지순례빵,O
먹방,O
옵스,B_CAF
메트르아티정,B_CAF
씨엘로과자점,B_CAF
무슈뱅상,B_CAF
순쌀빵,B_CAF
홍옥당,B_CAF
여행,O
ㅡㅡㅡ,ㅡㅡㅡ
대만,O
친구,O
와,O
부산,B_LOC
여행,O
2,O
요찡,O
대만,O
유학생,O
브이로그,O
여행,O
ㅡㅡㅡ,ㅡㅡㅡ
日本語,O
배,O
타고,O
부산,B_LOC
갔다온,O
4박5일,O
부산,B_LOC
일상,O
브이로그,O
ㅡㅡㅡ,ㅡㅡㅡ
꿀잼,O
브이로그,O
3만,O
쪄서,O
다행인데,O
부산,B_LOC
먹방,O
자매,O
여행,O
브이로그,O
뷰,O
맛집,O
호텔,O
부산,B_LOC
회,O
조개구이,O
맛집,O
애플워치,O
펜트하우스,O
송도비치,B_TOR
ㅡㅡㅡ,ㅡㅡㅡ
일본,O
일상,O
브이로그,O
틈만나면,O
부산,B_LOC
에,O
놀러가는,O
한일,O
부부,O
일상,O
거제도,B_LOC
개명,O
한일,O
커플,O
ㅡㅡㅡ,ㅡㅡㅡ
친구,O
들과,O
급여행,O
부산,B_LOC
당일치기,O
브이로그,O
광안리,B_TOR
1일,O
3카페,O
일리카이트,B_CAF
랜들러,B_CAF
랑데자뷰,B_CAF
수제버거,O
ㅡㅡㅡ,ㅡㅡㅡ
부산,B_LOC
여행,O
브이로그,O
아크네스튜디오,O
머플러,O
해운대,B_TOR
논픽션,O
옷,O
한벌,O
로,O
2박3일동안,O
부산,B_LOC
맛집,O
뽀개고,O
다니기,O
ㅡㅡㅡ,ㅡㅡㅡ
日本語,O
부산,B_LOC
여행,O
브이로그,O
8월,O
1박2일,O
해운대,B_TOR
에어비앤비,O
비오는날,O
깡,O
수학여행,O
ㅡㅡㅡ,ㅡㅡㅡ
하루,O
인당,O
4000,O
하루종일,O
먹기만,O
하는,O
부산,B_LOC
여행,O
브이로그,O
ㅡㅡㅡ,ㅡㅡㅡ
제주여행브이로그,O
1,O
하루만,O
에,O
서울,B_LOC
에서,O
부산,B_LOC
그리고,O
제주,B_LOC
ㅡㅡㅡ,ㅡㅡㅡ
20대,O
주부,O
일상,O
브이로그,O
유지어터,O
다이어트,O
식단,O
부산,B_LOC
여행,O
파크하얏트,O
아난티힐튼,O
파라다이스,O
사까에,B_RES
벤츠,O
논현,B_LOC
다이슨,O
ㅡㅡㅡ,ㅡㅡㅡ
1,O
2018,O
렌즈와,O
함께한,O
부산,B_LOC
여행,O
브이로그,O
ㅡㅡㅡ,ㅡㅡㅡ
日本語字幕,O
카라타에리카,O
부산,B_LOC
에서,O
열일하고,O
온,O
배우,O
카라타,O
의,O
부국제,O
뒷,O
이야기,O
부산,B_LOC
브이로그,O
2탄,O
카라타,O
의,O
한국,O
에,O
오면,O
6,O
ㅡㅡㅡ,ㅡㅡㅡ
강남역,O
에서,O
공부하다가,O
해운대,B_TOR
가는,O
브이로그ㅣ내,O
생애,O
첫,O
부산,B_LOC
ㅣ,O
복국,O
조개구이,O
밀면,O
전통찻집,O
ㅡㅡㅡ,ㅡㅡㅡ
벚꽃,O
이,O
만개한,O
부산,B_LOC
영도,B_LOC
브이로그,O
ㅡㅡㅡ,ㅡㅡㅡ
부산,B_LOC
사람과,O
함께하는,O
부산,B_LOC
여행,O
브이로그,O
ㅡㅡㅡ,ㅡㅡㅡ
서울,B_LOC
촌년의,O
생애,O
첫,O
부산,B_LOC
여행,O
ㅡㅡㅡ,ㅡㅡㅡ
부산,B_LOC
소품샵,O
투어,O
당일치기,O
국내여행,O
브이로그,O
ㅡㅡㅡ,ㅡㅡㅡ
온도,O
브이로그,O
부산바다,O
피크닉카페소품샵도,O
가고캡슐호텔도,O
가본,O
부산,B_LOC
일상,O
ㅡㅡㅡ,ㅡㅡㅡ
부산,B_LOC
해운대시장,B_TOR
상국,B_RES
이네,I_RES
떡볶이,O
집,O
출장먹방,O
브이로그,O
백봉기,O
ㅡㅡㅡ,ㅡㅡㅡ
요리하고,O
먹기만,O
하는,O
자취생,O
브이로그,O
부산,B_LOC
가서도,O
폭식,O
집밥,O
가정식,O
봄동겉절이,O
비빔밥,O
부산,B_LOC
브이로그,O
ㅡㅡㅡ,ㅡㅡㅡ
브이로그,O
부산,B_LOC
여행,O
두번째,O
이야기,O
미공개곡이,O
놈누티비,O
ㅡㅡㅡ,ㅡㅡㅡ
또,O
부산,B_LOC
2박3일,O
브이로그,O
ㅣ,O
박지윤,O
의,O
욕망티비,O
ㅡㅡㅡ,ㅡㅡㅡ
가정의달,O
5월,O
가족,O
들,O
만나러,O
서울,B_LOC
부산,B_LOC
창원,B_LOC
다녀오는,O
브이로그,O
통금시간에,O
나가서,O
놀던,O
썰푼다,O
뜻밖의,O
다이노탱,O
전시,O
키친숲,B_RES
ㅡㅡㅡ,ㅡㅡㅡ
행복했던,O
여행중,O
위기가,O
찾아왔습니다,O
부산,B_LOC
여행,O
브이로그02,O
ㅡㅡㅡ,ㅡㅡㅡ
서울,B_LOC
에서,O
부산,B_LOC
으로,O
이사가요,O
4,O
이사브이로그,O
집꾸미기,O
셀프,O
가구,O
조립,O
삼성,O
가전새로운,O
집에서,O
일상,O
ㅡㅡㅡ,ㅡㅡㅡ
부산,B_LOC
여행,O
브이로그,O
조돌월드,O
ㅡㅡㅡ,ㅡㅡㅡ
코로나,O
멱살,O
잡고싶다,O
부산,B_LOC
광안리,B_TOR
에,O
있는,O
작은,O
개인,O
카페,O
브이로그,O
ㅡㅡㅡ,ㅡㅡㅡ
초호화,O
요트,O
투어,O
부산,B_LOC
브이로그,O
부산국제시장,B_TOR
감천문화마을,B_TOR
아버님,O
등장,O
ㅡㅡㅡ,ㅡㅡㅡ
9,O
레즈커플,O
부산,B_LOC
여행,O
브이로그,O
ㅡㅡㅡ,ㅡㅡㅡ
재업로드,O
부산,B_LOC
여행,O
브이로그,O
1,O
소중한날너와함께,O
1,O
호캉스,O
ㅡㅡㅡ,ㅡㅡㅡ
일상,O
브이로그,O
부산,B_LOC
남포동,B_LOC
깡통,B_TOR
야시장,I_TOR
투어,O
용용,O
와,O
함께한,O
부산,B_LOC
이야기,O
꼼장어,O
돼지껍데기,O
떡갈비,O
아이스크림튀김,O
ㅡㅡㅡ,ㅡㅡㅡ
당일치기,O
부산,B_LOC
여행,O
브이로그,O
뚜벅이의,O
부산,B_LOC
여행코스,O
ㅡㅡㅡ,ㅡㅡㅡ
칩거튜브,O
의,O
일탈,O
부산,B_LOC
여행,O
브이로그,O
1화,O
햄튜브,O
ㅡㅡㅡ,ㅡㅡㅡ
마리스브이로그,O
짧은,O
부산,B_LOC
여행기,O
신나게,O
먹고,O
다니는,O
일상들,O
드디어,O
먹어보는,O
두세르케이크,B_CAF
와,O
부산,B_LOC
이가네떡볶이,B_RES
ㅡㅡㅡ,ㅡㅡㅡ
28,O
게이커플,O
부산,B_LOC
여행,O
브이로그,O
2편,O
1,O
게이단편영화,O
ㅡㅡㅡ,ㅡㅡㅡ
부산,B_LOC
데이트,O
에서,O
겟레디,O
복숭아치케,O
복숭아스무디,O
소문난암소갈비,B_RES
브이로그,O
ㅡㅡㅡ,ㅡㅡㅡ
부산,B_LOC
여행,O
당일치기,O
브이로그,O
바다소리,O
들으며,O
힐링,O
전포,B_TOR
카페거리,I_TOR
맛집,O
부산,B_LOC
카페,O
추천,O
해운대,B_TOR
보다,O
광안리,B_TOR
마산,B_LOC
맛집,O
추천,O
합성동,B_LOC
놀거리,O
ㅡㅡㅡ,ㅡㅡㅡ
내일,O
부산,B_LOC
부산,B_LOC
여행,O
해성막창,B_RES
광안리,B_TOR
피크스퀘어,B_CAF
밀면,O
먹방,O
부산,B_LOC
투어,O
ㅡㅡㅡ,ㅡㅡㅡ
재업,O
부산,B_LOC
여행,O
브이로그,O
3걷고또걷고,O
3,O
호캉스,O
ㅡㅡㅡ,ㅡㅡㅡ
부산,B_LOC
여행,O
광안리,B_TOR
러버의,O
광안리,B_TOR
여행뚜벅이,O
광안리,B_TOR
맛집카페소품샵,O
옥이네,B_RES
밀면,I_RES
쉬마잇비,B_CAF
워크스루,B_CAF
매드독스피자,B_RES
광안리,B_TOR
당일,O
여행,O
브이로그,O
별,O
리,O
ㅡㅡㅡ,ㅡㅡㅡ
대만,O
친구,O
와,O
부산,B_LOC
여행,O
1,O
요찡,O
대만,O
유학생,O
브이로그,O
여행,O
ㅡㅡㅡ,ㅡㅡㅡ
식혜브이로그,O
부산브이로그,O
사주,O
논픽션,O
코지하우스,B_RES
후일담,O
ㅡㅡㅡ,ㅡㅡㅡ
부산,B_LOC
여행,O
브이로그,O
시그니엘,O
아난티힐튼호캉스,O
ㅡㅡㅡ,ㅡㅡㅡ
먹방,O
브이로그,O
부산,B_LOC
여행,O
스파랜드,B_TOR
찜질방,O
혼자서,O
다녀온,O
후기,O
ㅡㅡㅡ,ㅡㅡㅡ
부산,B_LOC
여행,O
브이로그ㅣㅣ,O
현지인,O
맛집,O
범일동,O
할매국밥,O
서면지하상가,B_TOR
연화리해녀촌,B_TOR
송정해수욕장,B_TOR
포자마차,O
공원,O
칼국수,O
먹방,O
브이로그,O
ㅡㅡㅡ,ㅡㅡㅡ
짧은,O
부산,B_LOC
여행,O
브이로그,O
티라미수,O
빵가루,O
파스타,O
만들기,O
친구,O
만나기,O
ㅡㅡㅡ,ㅡㅡㅡ
27,O
게이커플,O
부산,B_LOC
여행,O
브이로그,O
1편,O
1,O
게이단편영화,O
ㅡㅡㅡ,ㅡㅡㅡ
울산,B_LOC
에서,O
부산,B_LOC
까지,O
1박2일,O
브이로그,O
2탄,O
친구,O
랑,O
놀고,O
먹고,O
운동하고,O
팟타이,O
푸팟퐁커리,O
서브웨이,O
롤케이크,O
ㅡㅡㅡ,ㅡㅡㅡ
부산,B_LOC
해운대해수욕장,B_TOR
의,O
가을,O
바다는,O
잘,O
있습니다,O
힐링,O
브이로그,O
ㅡㅡㅡ,ㅡㅡㅡ
소현,O
예지,O
부산,B_LOC
피팅,O
촬영,O
브이로그,O
촬영,O
준비,O
트윈룩,O
ㅣ,O
ㅡㅡㅡ,ㅡㅡㅡ
30대,O
주부,O
브이로그,O
부산,B_LOC
여행,O
코스트코,O
쇼핑,O
엽떡,O
로제맛,O
일주일동안,O
잘,O
차려먹은,O
점심,O
기록,O
ㅡㅡㅡ,ㅡㅡㅡ
한국,O
에,O
온,O
일본인,O
여자친구,O
가,O
이렇게,O
행복해하는,O
이유,O
부산,B_LOC
여행,O
브이로그03,O
ㅡㅡㅡ,ㅡㅡㅡ
부산,B_LOC
여행,O
서핑,O
브이로그,O
강습,O
2일차,O
서핑,O
의,O
매력에,O
빠져들다,O
ㅡㅡㅡ,ㅡㅡㅡ
풀빌라에서,O
보내는,O
기념일,O
부산,B_LOC
뷰,O
맛집,O
물놀이,O
밤,O
산책,O
하루,O
꽉,O
채워,O
노는,O
ㅡㅡㅡ,ㅡㅡㅡ
대학생,O
브이로그,O
생일,O
기념,O
부산,B_LOC
여행,O
근데,O
진짜,O
먹기만,O
함,O
데이트브이로그,O
쉑쉑버거,O
로우앤슬로우,B_RES
온기정,B_RES
영동국밥,B_RES
ㅡㅡㅡ,ㅡㅡㅡ
여행,O
브이로그,O
부산,B_LOC
가을,O
여행,O
태종대,B_TOR
조개구이,O
더베이101,B_TOR
해운대,B_TOR
파도,O
ㅡㅡㅡ,ㅡㅡㅡ
日本語,O
부산,B_LOC
브이로그,O
영도,B_LOC
흰여울길,B_TOR
송도,B_TOR
용궁구름다리,I_TOR
구름산책로,B_TOR
걷기,O
ㅡㅡㅡ,ㅡㅡㅡ
계획없이,O
떠난,O
부산,B_LOC
여행,O
브이로그먹기만,O
함ㅣ,O
챙잇뷰티,O
채영,O
ㅡㅡㅡ,ㅡㅡㅡ
혼자,O
부산,B_LOC
여행,O
브이로그,O
ㅡㅡㅡ,ㅡㅡㅡ
부산,B_LOC
여행,O
브이로그,O
함께해요오,O
ㅡㅡㅡ,ㅡㅡㅡ
신혼여행,O
브이로그,O
부산,B_LOC
기장,B_LOC
힐튼호텔,O
프리미엄,O
오션뷰,O
힐튼,O
온천,O
즐기기,O
이케아,O
구경,O
산타,O
오빠,O
와,O
함께,O
2020년,O
마지막,O
영상,O
ㅡㅡㅡ,ㅡㅡㅡ
혼자,O
보내는,O
일상,O
브이로그,O
부산,B_TOR
꽃시장,I_TOR
나들이,O
아일랜드,O
식탁으로,O
자취방,O
공간,O
분리하기,O
꼬막무침,O
만들기,O
ㅡㅡㅡ,ㅡㅡㅡ
게이커플,O
꼬꼬마,O
커플,O
너나둘,O
이,O
부산여행,B_LOC
1,O
브이로그,O
ㅡㅡㅡ,ㅡㅡㅡ
34,O
부산,B_LOC
경주,B_LOC
로,O
기차,O
여행,O
떠나는,O
여름,O
방학,O
브이로그ㅣ,O
내일로,O
광안리,B_TOR
경주엑스포,B_TOR
ㅣ랜선여행,O
ㅡㅡㅡ,ㅡㅡㅡ
오글게이지,O
꽁냥꽁냥,O
부산,B_LOC
바캉스,O
度,O
新婚釜山,O
한일,O
커플,O
日韓,O
ㅡㅡㅡ,ㅡㅡㅡ
갑자기,O
부산,B_LOC
여행,O
브이로그,O
벤츠,O
300,O
ㅡㅡㅡ,ㅡㅡㅡ
아기랑,O
부산,B_LOC
에서,O
지내는,O
일상외갓집,O
한국,O
일상,O
브이로그,O
ㅡㅡㅡ,ㅡㅡㅡ
최리,O
자매,O
연년생,O
자매,O
들의,O
호캉스,O
브이로그,O
부산,B_LOC
영도,B_LOC
라발스호텔,O
韓,O
姉妹,O
ㅡㅡㅡ,ㅡㅡㅡ
일상,O
브이로그,O
부산,B_LOC
여행,O
여름,O
휴가,O
해운대,B_TOR
광안리,B_TOR
직장인,O
브이로그,O
간호사,O
브이로그,O
ㅡㅡㅡ,ㅡㅡㅡ
게이커플,O
8,O
잊지못할,O
첫,O
부산,B_LOC
팬미팅과,O
부산,B_LOC
여행,O
먹방쑈,O
ㅡㅡㅡ,ㅡㅡㅡ
특별한,O
부산,B_LOC
먹방여행,O
1편,O
이재모피자,B_RES
치즈파스타,O
떡볶이,O
씨앗호떡,O
냉채족발,O
회,O
핫뿌링클,O
광안리,B_TOR
남포동,B_LOC
탐방,O
ㅡㅡㅡ,ㅡㅡㅡ
부산,B_LOC
사업장,O
설계팀,O
신입사원,O
삼총사,O
브이로그,O
ㅡㅡㅡ,ㅡㅡㅡ
부산,B_LOC
여행,O
브이로그,O
광안대교,B_TOR
예쁜카페,O
깡통시장,B_TOR
용두산,B_TOR
야경,O
ㅡㅡㅡ,ㅡㅡㅡ
부산,B_LOC
브이로그,O
釜山,O
광안리,B_TOR
바다,O
부산,B_LOC
카페,O
추천,O
먹고먹고또먹,O
고,O
남포동,B_LOC
빈티지샵,O
ㅡㅡㅡ,ㅡㅡㅡ
소현,O
예지,O
부산,B_LOC
브이로그,O
오랜만의,O
투샷,O
밤바다,O
구경부터,O
뜬금없는,O
관상,O
보기,O
ㅣ,O
ㅡㅡㅡ,ㅡㅡㅡ
예비부부,O
브이로그ㆍ,O
부산,B_LOC
에서,O
호캉스,O
데이트하고,O
결혼식가는,O
메이블린뉴욕,O
ㅡㅡㅡ,ㅡㅡㅡ
생일,O
주간,O
브이로그,O
시그니엘,O
부산,B_LOC
호캉스,O
신나는,O
생일선물,O
언박싱,O
1맥북프로,O
ㅡㅡㅡ,ㅡㅡㅡ
공부,O
브이로그,O
열심히,O
공부한,O
한빈,O
이,O
떠나자,O
부산,B_LOC
촬영과,O
호캉스,O
일상,O
복귀,O
ㅡㅡㅡ,ㅡㅡㅡ
한국,O
입국,O
오사카,O
에서,O
부산,B_LOC
까지,O
밀착,O
브이로그,O
입국,O
절차,O
코로나,O
검사하기,O
ㅡㅡㅡ,ㅡㅡㅡ
먹방,O
브이로그,O
부산,B_LOC
여행,O
맛집,O
밀면,O
감자만두,O
비엔씨,B_CAF
빵집,O
만주,O
정항우케익,B_CAF
레어치즈롤케익,O
통새우고로케,O
ㅡㅡㅡ,ㅡㅡㅡ
2,O
가족,O
들과,O
함께,O
한,O
식사,O
부산,B_LOC
해운대,B_TOR
뷔페,O
다녀왔어요,O
브이로그일상,O
시오,O
ㅡㅡㅡ,ㅡㅡㅡ
직장인,O
일상,O
브이로그,O
자취생,O
요리,O
먹방,O
브이로그,O
부산,B_LOC
맛집,O
추천,O
순두부,O
쫄면,O
해장,O
요리추천,O
그릇추천,O
술많음주의,O
음주,O
브이로그,O
ㅡㅡㅡ,ㅡㅡㅡ
부산,B_LOC
에서,O
온,O
택배이유식,O
시작,O
일본,O
일상,O
브이로그,O
ㅡㅡㅡ,ㅡㅡㅡ
1박2일,O
부산,B_LOC
여행,O
브이로그,O
경비,O
총,O
정리,O
ㅡㅡㅡ,ㅡㅡㅡ
1박2일,O
부산,B_LOC
여행,O
브이로그,O
엄마,O
와,O
딸,O
둘,O
셋,O
이서,O
떠난,O
여행,O
파크하얏트부산,O
그랜드엘시티,O
동백샤브샤브,B_RES
해운대암소갈비집,B_RES
해운대블루라인파크,B_TOR
ㅡㅡㅡ,ㅡㅡㅡ
부산,B_LOC
직장인,O
브이로그,O
트럭,O
과,O
포크레인,O
그리고,O
사이언스,O
의,O
등장,O
지극히,O
평화로운,O
부산,B_LOC
운전,O
출퇴근길,O
첫차,O
브이로그,O
티구안올스페이스,O
ㅡㅡㅡ,ㅡㅡㅡ
부산,B_LOC
브이로그,O
평일,O
오프,O
봄,O
옷,O
쇼핑,O
신세계백화점,O
네스프레소,O
스노우피크,O
쌀국수,O
송정문토스트,B_RES
ㅡㅡㅡ,ㅡㅡㅡ
부산,B_LOC
당일치기,O
여행,O
브이로그,O
데이트,O
브이로그,O
해운대,B_TOR
해리단길,B_TOR
카페,O
ㅡㅡㅡ,ㅡㅡㅡ
2,O
호캉스,O
브이로그,O
엄마,O
와,O
떠난,O
부산,B_LOC
인피티니풀,O
헬스장,O
호텔,O
조식,O
바다,O
산책로,O
ㅡㅡㅡ,ㅡㅡㅡ
부산,B_LOC
여행,O
브이로그,O
대학생,O
브이로그,O
옷,O
한벌만,O
들고,O
부산,B_LOC
으로,O
힐링,O
떠나기,O
부산,B_LOC
사람이,O
길,O
물어봐도,O
대답해드려요근데,O
저는,O
경기도민,O
ㅡㅡㅡ,ㅡㅡㅡ
부산,B_LOC
여행,O
브이로그,O
이젠,O
감성을,O
곁들인,O
해운대,B_TOR
요트,O
수변공원,B_TOR
더베이101,B_TOR
광안리,B_TOR
아홉산숲,B_TOR
흰여울문화마을,B_TOR
깡통시장,B_TOR
국제시장,B_TOR
부산,B_LOC
맛집,O
카페,O
추천,O
ㅡㅡㅡ,ㅡㅡㅡ
부산,B_LOC
해운대,B_TOR
엄마,O
의,O
감성,O
브이로그,O
하루,O
쉼표,O
다시,O
부산,B_LOC
ㅡㅡㅡ,ㅡㅡㅡ
브이로그,O
부산,B_LOC
여행,O
첫번째,O
이야기,O
연기대상,O
놈누티비,O
ㅡㅡㅡ,ㅡㅡㅡ
먹방,O
브이로그,O
부산,B_LOC
여행,O
맛집,O
돼지국밥,O
순댓국,O
오후의,B_CAF
홍차,I_CAF
카페,O
갈매기살냉면,O
ㅡㅡㅡ,ㅡㅡㅡ
오늘,O
은,O
브이로그,O
부산,B_LOC
기장,B_LOC
ㅡㅡㅡ,ㅡㅡㅡ
부산,B_LOC
커플,O
여행,O
브이로그,O
우연히,O
찾은,O
노을,O
스팟,O
광안대교,B_TOR
이기대산책로,B_TOR
해파랑길,B_TOR
갈매기브루잉,B_RES
ㅡㅡㅡ,ㅡㅡㅡ
부산,B_LOC
여행,O
브이로그ㅣㅣ,O
광안리,B_TOR
카페,O
컵앤컵,B_CAF
회센터,O
문토스트,B_RES
청사포,B_TOR
바릇식당,B_RES
꼬막비빔밥,O
먹방,O
브이로그,O
ㅡㅡㅡ,ㅡㅡㅡ
부산,B_LOC
여행,O
브이로그비오는날,O
카페,O
감성과,O
브런치,O
부산,B_LOC
여행코스,O
먹방,O
및,O
추천꼭,O
맛봐야할,O
부산,B_LOC
먹거리뷰가,O
근사한,O
루프탑카페,O
ㅡㅡㅡ,ㅡㅡㅡ
한국,O
에,O
사는,O
일본,O
도쿄,O
사람,O
일상,O
브이로그,O
부산,B_LOC
정말,O
아름답습니다,O
외국인,O
추석,O
보내기,O
해운대,B_TOR
바다,O
산책,O
하기,O
치킨,O
먹방,O
ㅡㅡㅡ,ㅡㅡㅡ
나,O
혼자,O
떠난,O
부산,B_LOC
여행,O
브이로그,O
2박3일,O
일정,O
식당,O
숙소추천,O
ㅡㅡㅡ,ㅡㅡㅡ
12,O
당일치기,O
부산,B_LOC
여행,O
브이로그,O
사계진미,O
기장,B_LOC
찰리채플린,B_CAF
카페,O
송정해수욕장,B_TOR
부산,B_LOC
수영로교회,O
ㅡㅡㅡ,ㅡㅡㅡ
부산,B_LOC
에서,O
호캉스,O
즐기고,O
온,O
일상,O
브이로그,O
파크하얏트부산,O
달맞이길,B_TOR
카페,O
해리단길,B_TOR
맛집,O
해운대,B_TOR
조개찜,O
소품샵,O
미니,O
언박싱,O
ㅡㅡㅡ,ㅡㅡㅡ
자취생,O
건강식단,O
브이로그,O
부산,B_LOC
앙버터,O
맛집,O
요거트볼,O
닭가슴살,O
추천,O
머드스콘,O
핏콩큐브,O
다이어트,O
식단,O
브이로그,O
ㅡㅡㅡ,ㅡㅡㅡ
새내기,O
의대생,O
의,O
개강,O
첫주,O
브이로그,O
비대면에서,O
살아남기,O
동기,O
들과,O
학교탐방,O
부산,B_LOC
투어,O
39,O
2,O
ㅡㅡㅡ,ㅡㅡㅡ
주부일상브이로그,O
새우카레,O
전찌개,O
해먹고,O
부산,B_LOC
놀러,O
댕겨오는,O
평범한,O
일상,O
그냥하루43,O
ㅡㅡㅡ,ㅡㅡㅡ
혼자,O
카페,O
투어하는,O
부산,B_LOC
브이로그,O
부산,B_LOC
여행,O
할,O
때,O
갈만한,O
전포동,B_LOC
카페,O
추천,O
ㅡㅡㅡ,ㅡㅡㅡ
여행,O
브이로그,O
부산,B_LOC
서울,B_LOC
여행중에도,O
운동하기,O
ㅡㅡㅡ,ㅡㅡㅡ
운동하는,O
디자이너,O
리얼,O
815,O
2019,O
다이아페스티벌,O
부산,B_LOC
브이로그ㅣ,O
ㅡㅡㅡ,ㅡㅡㅡ
부산,B_LOC
신혼,O
여행,O
브이로그,O
결혼식,O
후,O
입,O
터진,O
먹방,O
술방,O
파크하얏트스위트,O
파라다이스호텔,O
반리엇웨딩,O
ㅡㅡㅡ,ㅡㅡㅡ
전,O
현지인,O
이,O
다녀온,O
부산,B_LOC
2박3일,O
브이로그,O
ㅡㅡㅡ,ㅡㅡㅡ
2박3일,O
부산,B_LOC
여행,O
부산,B_LOC
여행,O
브이로그,O
부산,B_LOC
맛집,O
광안리,B_TOR
해운대,B_TOR
달맞이길,B_TOR
기장,B_LOC
ㅡㅡㅡ,ㅡㅡㅡ
브이로그,O
가족,O
과,O
함께한,O
여름,O
신라호텔,O
호캉스,O
부산,B_LOC
기장,B_LOC
카페,O
거제도,B_LOC
외도,B_TOR
보타니아,I_TOR
를,O
곁들인,O
어반아일랜드,B_TOR
는,O
저녁,O
이,O
예뻐요,O
부산,B_LOC
은,O
사랑이고,O
거제,B_LOC
는,O
낭만인가,O
봐요,O
ㅡㅡㅡ,ㅡㅡㅡ
국제,O
커플,O
부산,B_LOC
여행,O
브이로그,O
1,O
ㅡㅡㅡ,ㅡㅡㅡ
부산,B_LOC
여행가서,O
수영,O
은,O
안,O
하는,O
브이로그,O
광안리,B_TOR
해운대,B_TOR
서면,B_LOC
향수,O
만들기,O
ㅡㅡㅡ,ㅡㅡㅡ
부산,B_LOC
일상,O
시작,O
한국,O
일상,O
브이로그,O
ㅡㅡㅡ,ㅡㅡㅡ
먹방브이로그,O
리얼,O
일상브이로그,O
부산,B_LOC
밀면,O
맛집,O
부산,B_LOC
송도,B_LOC
투썸플레이스,O
등갈비찜,O
먹방,O
샤브샤브,O
먹방,O
술,O
먹방,O
닭꼬치,O
에,O
생맥주,O
먹방,O
ㅡㅡㅡ,ㅡㅡㅡ
부산,B_LOC
여행,O
브이로그,O
1,O
1,O
ㅡㅡㅡ,ㅡㅡㅡ
부산,B_LOC
에서,O
입,O
천장,O
데일,O
뻔,O
신혼부부,O
브이로그,O
처갓집양념치킨,O
호찐빵,B_RES
해물라면,O
ㅡㅡㅡ,ㅡㅡㅡ
브이로그,O
일상,O
브이로그,O
오랜만에,O
부산,B_LOC
친구,O
들과,O
즐거운,O
시간보내기,O
검은사제들,O
ㅣ,O
김해공항,B_LOC
광안리,B_TOR
남포동,B_LOC
서면,B_LOC
ㅡㅡㅡ,ㅡㅡㅡ
일상,O
브이로그,O
나의,O
부산,B_LOC
여행,O
브이로그,O
ㅡㅡㅡ,ㅡㅡㅡ
부산,B_LOC
여행,O
1탄,O
먹방,O
브이로그,O
부산,B_LOC
맛집,O
투어,O
맛집,O
코스,O
추천,O
해운대,B_TOR
광안리,B_TOR
맛집,O
아오모리오마카세,B_RES
옥당분식,B_RES
문토스트,B_RES
해산물맛집,O
여행,O
유튜버,O
국내여행,O
ㅡㅡㅡ,ㅡㅡㅡ
부산,B_LOC
여행,O
브이로그,O
종강한,O
자,O
떠나라,O
2박3일,O
부산,B_LOC
부산,B_LOC
여행,O
꿀팁,O
깡통시장,B_TOR
흰여울마을,B_TOR
먹방,O
노래방,O
광안리,B_TOR
해변,I_TOR
등등,O
ㅡㅡㅡ,ㅡㅡㅡ
부산,B_LOC
여행,O
브이로그,O
2박3일,O
취준생,O
의,O
힐링여행,O
부산,B_LOC
바다,O
피크닉,O
자매여행,O
ㅡㅡㅡ,ㅡㅡㅡ
日本,O
語,O
부산,B_LOC
에,O
갔다온,O
일상,O
브이로그,O
ㅡㅡㅡ,ㅡㅡㅡ
바다미술제,O
2019,O
부산,B_LOC
다대포해수욕장,B_TOR
에서,O
일몰까지,O
힐링,O
브이로그,O
ㅡㅡㅡ,ㅡㅡㅡ
먹방브이로그,O
리얼,O
일상브이로그,O
부산,B_LOC
가덕도,B_LOC
데이트,O
간장게장,O
무한리필,O
먹방,O
족발,O
먹방,O
불족발,O
먹방,O
해물칼국수,O
헉방,O
집밥,O
먹방,O
ㅡㅡㅡ,ㅡㅡㅡ
아이폰브이,O
로그,O
12,O
부산,B_LOC
맛집과,O
함께하는,O
부산여행,O
혜성막창,B_RES
송정3대국밥,B_RES
유림상회,B_RES
ㅡㅡㅡ,ㅡㅡㅡ
부산,B_LOC
브이로그,O
추석,O
전통시장,O
장보기,O
전부치기,O
엄마,O
패디큐어,O
해드리기,O
ㅡㅡㅡ,ㅡㅡㅡ
고속도로브이로그,O
아기와,O
서울,B_LOC
에서,O
부산,B_LOC
으로,O
이동하기휴게소모유수유실휴가철폭염그리고,O
폭우,O
ㅡㅡㅡ,ㅡㅡㅡ
여자친구,O
시점으로,O
만든,O
브이로그,O
시그니엘,O
부산,B_LOC
부산,B_LOC
여행스케줄,O
해운대,B_TOR
대학생,O
브이로그휴가,O
39,O
ㅡㅡㅡ,ㅡㅡㅡ
아빠,O
와,O
떠나는,O
부산,B_LOC
여행,O
ㅡㅡㅡ,ㅡㅡㅡ
여행,O
부산,B_LOC
여행,O
2박3일,O
필수코스,O
추천,O
브이로그,O
핫하다는,O
부산,B_LOC
여행지는,O
다,O
갔다,O
ㅡㅡㅡ,ㅡㅡㅡ
일상,O
부산,B_LOC
브이로그,O
꽃구경,O
샐러드,O
레시피,O
쇼핑,O
이케아,O
자라,O
핫플,O
서면,B_LOC
카페,O
맛집,O
데일리룩,O
먹방,O
오리고기,O
파스타,O
리조또,O
식물가꾸기,O
ㅡㅡㅡ,ㅡㅡㅡ
평범한,O
30대,O
부산,B_LOC
토박이의,O
일상,O
첫,O
브이로그,O
동생,O
과,O
함께한,O
일상,O
ㅡㅡㅡ,ㅡㅡㅡ
부산,B_LOC
왔다,O
아이가,O
송도,B_TOR
케이블카,I_TOR
인생맛집,O
뿌시기,O
낙곱새,O
먹방,O
브이로그,O
ㅡㅡㅡ,ㅡㅡㅡ
부산,B_LOC
여행,O
브이로그,O
1편,O
과,O
미러리스카메라,O
차이ㅣ강의ㅣ,O
현용작가,O
ㅡㅡㅡ,ㅡㅡㅡ
구매전문가,O
부산,B_LOC
출장,O
브이로그강의,O
63번째,O
이야기,O
ㅡㅡㅡ,ㅡㅡㅡ
부산,B_LOC
경주,B_LOC
여행,O
브이로그,O
부산,B_LOC
맛집,O
부산,B_LOC
국밥,O
집,O
추천,O
경주,B_LOC
가볼만한,O
곳,O
경주,B_LOC
숙소,O
추천,O
토마호크스테이크,O
요리법,O
ㅡㅡㅡ,ㅡㅡㅡ
호캉스,O
브이로그,O
롯데시그니엘,O
부산,B_LOC
첫,O
결혼기념일,O
ㅡㅡㅡ,ㅡㅡㅡ
내가,O
보려고,O
만드는,O
브이로그일상기록노을맛집음악하늘,O
부산,B_LOC
카페드라이브피크닉야외음악당,O
표충사,B_TOR
ㅡㅡㅡ,ㅡㅡㅡ
부산,B_LOC
을,O
오가는,O
일상,O
브이로그,O
해운대,B_TOR
브,O
런치,O
카페도,O
가고,O
두끼,O
도,O
가는,O
일상들,O
ㅡㅡㅡ,ㅡㅡㅡ
서울,B_LOC
사는,O
부산,B_LOC
자매,O
첫,O
집밥,O
자취,O
브이로그,O
떡볶이,O
김밥전,O
엄마토스트,O
딸기라떼,O
계란찜,O
장보기,O
그릇언박싱,O
ㅡㅡㅡ,ㅡㅡㅡ
닥스훈트,O
말랑이,O
의,O
부산,B_LOC
울산,B_LOC
여행,O
브이로그,O
3,O
반려견과,O
함께하는,O
여행,O
애견,O
카페,O
플레이그라운독,B_CAF
강아지,O
동반,O
식당,O
ㅡㅡㅡ,ㅡㅡㅡ
친구,O
들과의,O
바다,O
구경하고,O
먹기만,O
하는,O
부산,B_LOC
여행,O
브이로그,O
2019,O
해운대,B_TOR
ㅡㅡㅡ,ㅡㅡㅡ
유학생,O
격리,O
끝났는데,O
4단계,O
부산,B_LOC
아난티코브호,O
캉스,O
브이로그,O
신라호텔콘티넨탈,O
디너식사화빙장격리,O
끝나고,O
입맛,O
터짐,O
ㅡㅡㅡ,ㅡㅡㅡ
日本,O
語,O
누렁이,O
랑,O
지낸,O
부산,B_LOC
브이로그,O
ㅡㅡㅡ,ㅡㅡㅡ
쇼미더머니,O
준,O
우승자,O
의,O
실체ㅣ지조,O
부산,B_LOC
브이로그,O
ㅡㅡㅡ,ㅡㅡㅡ
부산,B_LOC
브이로그,O
1,O
야외,O
자쿠지,O
거품,O
스파부터,O
카페,O
루프탑,O
까지,O
뷰가,O
너무,O
예쁜,O
부산,B_LOC
영도,B_LOC
라발스호텔,O
협찬ㅣ,O
모녀,O
여행,O
ㅡㅡㅡ,ㅡㅡㅡ
현지인,O
이,O
추천하는,O
부산,B_LOC
찐,O
맛집,O
부산,B_LOC
부산,B_LOC
여행,O
광안리,B_TOR
다리집,B_RES
연제구,B_LOC
국제밀면,B_RES
경성대,B_TOR
롤뺑드파리,B_CAF
거제도,B_LOC
외도널서리카페,B_CAF
모정해물탕,B_RES
ㅡㅡㅡ,ㅡㅡㅡ
찐,O
부산,B_LOC
여행여행브이로그,O
부산,B_LOC
까지,O
와서,O
바다만,O
보고,O
갈거야,O
부산,B_LOC
금정구,B_LOC
이색,O
여행지맛집,O
코스,O
추천,O
11,O
ㅡㅡㅡ,ㅡㅡㅡ
비애,O
비수,O
브이로그,O
부산,B_LOC
에서,O
생긴,O
일,O
가을,O
의,O
화명수목원,B_TOR
핫플레이스,O
카페,O
딤섬,O
마카롱,O
해운대,B_TOR
벌레,O
와의,O
사투와,O
현대미술관,B_TOR
투어까지일상브이로그,O
ㅡㅡㅡ,ㅡㅡㅡ
4,O
부산,B_LOC
데이트,O
1,O
부산,B_LOC
여행,O
국제,O
커플,O
데이트,O
브이로그,O
먹방,O
여행,O
장거리,O
연애,O
첫,O
여행,O
ㅡㅡㅡ,ㅡㅡㅡ
부산,B_LOC
여행,O
먹방,O
브이로그,O
부산,B_LOC
맛집술집,O
한가득,O
ㅡㅡㅡ,ㅡㅡㅡ
브이로그,O
부산,B_LOC
영도,B_LOC
여행,O
연말,O
특집,O
ㅡㅡㅡ,ㅡㅡㅡ
부산,B_LOC
소풍,O
가기,O
좋은,O
곳,O
부산시민공원,B_TOR
200,O
즐기는,O
브이로그,O
ㅡㅡㅡ,ㅡㅡㅡ
400,O
자전거,O
최장거리,O
무박,O
부산,B_LOC
도전,O
1,O
ㅡㅡㅡ,ㅡㅡㅡ
부산,B_LOC
아빠,O
한테,O
돈티슈,O
이벤트,O
해주기,O
2021년,O
카운트다운,O
ㅡㅡㅡ,ㅡㅡㅡ
부산,B_LOC
여행,O
브이로그,O
힐튼호텔,O
광안리,B_TOR
해운대,B_TOR
깡통시장,B_TOR
해운대밀면,B_RES
리윤,O
ㅡㅡㅡ,ㅡㅡㅡ
1월마지막주,O
부산,B_LOC
브이로그,O
프리미엄,O
버스,O
예쁜,O
카페,O
청사포,B_TOR
기장,B_LOC
바다,O
바다,O
바다,O
ㅡㅡㅡ,ㅡㅡㅡ
우린,O
이러고,O
놀았어요,O
남자친구,O
랑,O
당일치기,O
부산,B_LOC
여행,O
데이트,O
브이로그,O
ㅡㅡㅡ,ㅡㅡㅡ
마지막,O
영상일,O
것,O
같습니다,O
부산,B_LOC
여행,O
브이로그04,O
ㅡㅡㅡ,ㅡㅡㅡ
슬기로운,O
의대생,O
의,O
예과,O
생활,O
부산,B_LOC
해운대,B_TOR
송정,B_LOC
의대생,O
브이로그,O
06,O
ㅡㅡㅡ,ㅡㅡㅡ
1,O
혼자,O
부산,B_LOC
여행,O
빵투어,O
라푀유,B_CAF
연의양과,B_CAF
마이페이보릿쿠키,B_CAF
ㅡㅡㅡ,ㅡㅡㅡ
부산,B_LOC
브이로그,O
티파니앤코,O
리턴투,O
목걸이,O
언박싱데일리,O
목걸이,O
추천선물,O
추천,O
ㅡㅡㅡ,ㅡㅡㅡ
묵은지,O
브이로그엽떡,O
먹고,O
벚꽃축제,O
가고,O
부산,B_LOC
해운대,B_TOR
간,O
임산부,O
일상,O
ㅡㅡㅡ,ㅡㅡㅡ
귀국,O
브이로그,O
싱가포르,O
에서,O
부산,B_LOC
까지,O
어째서,O
26시간,O
코로나,O
유증상자,O
입국,O
인천공항,O
검사,O
후기,O
싱가포르,O
인천,B_LOC
광명역,O
부산역,O
ㅡㅡㅡ,ㅡㅡㅡ
부산,B_LOC
일상,O
브이로그,O
6,O
서면,B_LOC
롯데백화점,O
에,O
가다,O
홍대개미,B_RES
폴바셋,B_CAF
6,O
ㅡㅡㅡ,ㅡㅡㅡ
부산,B_LOC
혼혈아기,O
달래,O
첫,O
브이로그,O
사투리,O
쓰는,O
아기,O
39,O
ㅡㅡㅡ,ㅡㅡㅡ
부산,B_LOC
여행,O
1일차,O
브이로그,O
해목장어덮밥,B_RES
망고스무디,O
오션뷰호텔,O
해운대,B_TOR
바다,O
구경한,O
날,O
ㅡㅡㅡ,ㅡㅡㅡ
세로,O
브이로그,O
7월,O
부산,B_LOC
여행을,O
8월,O
마지막주말,O
에,O
올리는,O
게으른,O
채널,O
광안리,B_TOR
해운대,B_TOR
인스타,O
갬성,O
노렸는데,O
사실,O
찍어온,O
게,O
없었을,O
뿐,O
ㅡㅡㅡ,ㅡㅡㅡ
자가격리,O
끝,O
한국,O
최고,O
현실,O
자매,O
부산,B_LOC
브이로그,O
광안리,B_TOR
남포동,B_LOC
동생,O
의,O
왓츠인마이백,O
ㅡㅡㅡ,ㅡㅡㅡ
부산,B_LOC
여행,O
브이로그,O
롯데워터파크,B_TOR
회,O
사는,O
법,O
부산,B_LOC
여행,O
꿀팁,O
부산,B_LOC
워터파크,O
꿀팁,O
돼지국밥,O
광안리해변,B_TOR
민락회센터,B_RES
등등,O
ㅡㅡㅡ,ㅡㅡㅡ
생후21개월,O
이란,O
성쌍둥이,O
육아,O
브이로그,O
부산,B_LOC
여행,O
키즈풀빌라,O
다녀왔어요,O
ㅡㅡㅡ,ㅡㅡㅡ
81살,O
할아버지,O
부산,B_LOC
공원산책,O
브이로그,O
2편,O
스타벅스,O
ㅡㅡㅡ,ㅡㅡㅡ
부산,B_LOC
브이로그,O
친한,O
형누나,O
들이랑,O
부산,B_LOC
놀러간,O
최토끼,O
휴가,O
ㅡㅡㅡ,ㅡㅡㅡ
부산,B_LOC
다녀온,O
소소한,O
브이로그,O
부산,B_LOC
사람,O
추천,O
찐맛집,O
먹방,O
카메라,O
수리,O
24만원,O
건어물집,O
둘째딸,O
화타민,O
ㅡㅡㅡ,ㅡㅡㅡ
부산,B_LOC
여행,O
2탄,O
먹방,O
브이로그,O
부산,B_LOC
맛집,O
투어,O
해운대,B_TOR
광안리,B_TOR
기장,B_TOR
해녀촌,I_TOR
죽성드림세트장,B_TOR
웨이브온커피,B_CAF
해운대,B_TOR
달인막창,B_RES
개미,B_RES
집,I_RES
낙곱새,O
고래사어묵,B_RES
ㅡㅡㅡ,ㅡㅡㅡ
부산,B_LOC
남자의,O
인천,B_LOC
놀러,O
간,O
일상,O
브이로그,O
센트럴파크,O
걷기,O
맛집,O
중국집,O
먹방,O
월미도,B_TOR
카페,O
등,O
ㅡㅡㅡ,ㅡㅡㅡ
부산,B_LOC
서면,B_LOC
전리단길,I_TOR
전포,B_LOC
카페,O
브이로그,O
래래,O
립버블,O
미래,O
ㅡㅡㅡ,ㅡㅡㅡ
친구,O
들과,O
부산,B_LOC
여행,O
브이로그,O
프리미엄버스,O
광안리해수욕장,B_TOR
해돋이,O
낙곱새,O
부산,B_LOC
깡통시장,B_TOR
ㅡㅡㅡ,ㅡㅡㅡ
서울,B_LOC
사는,O
부산,B_LOC
자매,O
치킨,O
보다,O
소중한,O
자매,O
브이로그,O
치킨,O
먹고,O
남으면,O
치킨마요덮밥,O
골드킹,O
연남동,B_LOC
김포,B_LOC
카,O
페투어,O
ㅡㅡㅡ,ㅡㅡㅡ
무계획,O
2박3일,O
부산,B_LOC
여행,O
브이로그,O
광안리,B_TOR
광안대교,B_TOR
해성막창,B_RES
해운대,B_TOR
노란마후라,B_RES
조개구이,O
민락회센터,B_RES
김유순,B_RES
대구뽈찜,I_RES
ㅡㅡㅡ,ㅡㅡㅡ
부산,B_LOC
2박3일,O
송도,B_TOR
해상케이블카,I_TOR
서귀댁,O
브이로그,O
일상,O
여행,O
ㅡㅡㅡ,ㅡㅡㅡ
일상브이로그,O
부산,B_LOC
출장다녀왔어요,O
대한항공,O
부산,B_LOC
당일치기,O
광안리해수욕장,B_TOR
세,O
컨플,O
로어,O
페퍼로니피자,O
브리치즈구이,O
ㅡㅡㅡ,ㅡㅡㅡ
남자브이로그,O
23살,O
부산,B_LOC
남자의,O
본가가는,O
막내,O
아들의하루,O
집밥,O
ㅡㅡㅡ,ㅡㅡㅡ
부산,B_TOR
아쿠아리움,I_TOR
씨라이프,B_TOR
첫,O
브이로그,O
딸,O
바보,O
아빠,O
그리고,O
고모,O
일상나들이휴가,O
ㅡㅡㅡ,ㅡㅡㅡ
브이로그뚜벅이,O
버스,O
광안리,B_TOR
부산,B_LOC
혼밥,O
국밥,O
카페바다,O
ㅡㅡㅡ,ㅡㅡㅡ
국제커플,O
부산,B_LOC
여행,O
브이로그,O
2,O
ㅡㅡㅡ,ㅡㅡㅡ
은조,O
의,O
부산,B_LOC
여행,O
ㅡㅡㅡ,ㅡㅡㅡ
39,O
부산,B_LOC
출신39,O
만반,O
관광간,O
척,O
고향,O
다녀오기,O
브이로그,O
만반스튜디오,O
ㅡㅡㅡ,ㅡㅡㅡ
부산,B_LOC
여행,O
광안리,B_TOR
아쿠아리움,O
해운대,B_TOR
풀코스여행,O
데이트,O
브이로그,O
부산,B_LOC
대학생,O
ㅡㅡㅡ,ㅡㅡㅡ
경호원,O
닥터곽,O
부산,B_LOC
일광,B_LOC
전복,O
맛집,O
데이트브이로그,O
ㅡㅡㅡ,ㅡㅡㅡ
부산,B_LOC
다녀온,O
날,O
가족,O
먹방,O
브이로그,O
고추간짜장,O
돼지갈비,O
밀면,O
투썸,O
케이크,O
닭갈비볶음밥,O
샤브샤브,O
집밥,O
소고기국밥,O
파리바게트,O
빵,O
ㅡㅡㅡ,ㅡㅡㅡ
브이로그,O
부산,B_LOC
편,O
ㅡㅡㅡ,ㅡㅡㅡ
日本語,O
집순이,O
주부,O
일상,O
브이로그,O
부산,B_LOC
남포동,B_LOC
맛집,O
카페,O
투어,O
인생유잼,O
6,O
ㅡㅡㅡ,ㅡㅡㅡ
먹,O
방브이로그,O
부산,B_LOC
여행,O
해운대시장,B_TOR
혼밥,O
맛집투어,O
상국이네,B_RES
분식,O
떡볶이,O
노홍만두,B_RES
새우웁스,O
빵집,O
원조할매국밥,O
소고기국밥,O
ㅡㅡㅡ,ㅡㅡㅡ
부산,B_LOC
먹방,O
브이로그,O
낙곱새,O
밀면,O
갈비만두,O
기승전골,B_RES
돼지국밥,O
에그타르트,O
마카롱,O
슈크림빵,O
치킨,O
크로플,O
범일동,B_RES
매떡,I_RES
짬뽕,O
탕수육,O
라면,O
짜파구리,O
ㅡㅡㅡ,ㅡㅡㅡ
닥스훈트,O
말랑이,O
의,O
부산,B_LOC
울산,B_LOC
여행,O
브이로,O
그,O
2,O
반려견,O
과,O
함께하는,O
여행,O
강아지,O
동반,O
식당,O
카페,O
애견,O
카페,O
개들랜드,B_CAF
ㅡㅡㅡ,ㅡㅡㅡ
00,O
첫,O
브이로그,O
부산,B_LOC
여행,O
대학생,O
일상,O
1박2일,O
뚜벅이,O
영도,B_LOC
흰여울문화마을,B_TOR
ㅡㅡㅡ,ㅡㅡㅡ
홀로,O
떠난,O
당일치기,O
부산,B_LOC
여행,O
브이로그,O
부산,B_LOC
영도,B_LOC
ㅡㅡㅡ,ㅡㅡㅡ
칩거튜브,O
의,O
일탈,O
부산,B_LOC
여행,O
브이로그,O
3화,O
햄튜브,O
ㅡㅡㅡ,ㅡㅡㅡ
日本語,O
부산,B_LOC
맛집,O
여행,O
고독한미식가,O
한국,O
편,O
맛집,O
투어,O
부산,B_LOC
오륙도낙지볶음,B_RES
여행,O
브이로그,O
孤,O
韓,O
食堂,O
ㅡㅡㅡ,ㅡㅡㅡ
부산,B_LOC
여행,O
꿀팁,O
모든,O
것,O
숨겨진,O
포토존부터,O
맛집까지,O
부산,B_LOC
200,O
즐기기,O
팬밋업,O
1박2일,O
출장,O
ㅣ한주한컵,O
ㅡㅡㅡ,ㅡㅡㅡ
육아브이로그,O
아빠,O
회사체험,O
부산해양박물관,B_TOR
ㅡㅡㅡ,ㅡㅡㅡ
6년차,O
커플,O
브이로그,O
사천,B_LOC
남해,B_LOC
부산,B_LOC
드라이브,O
카페,O
데이트,O
무지개해안도로,B_TOR
돌창고프로젝트,B_CAF
프루토프루타,B_CAF
광안리,B_TOR
4,O
정어리,O
ㅡㅡㅡ,ㅡㅡㅡ
2박3일간,O
의,O
부산,B_LOC
여행기,O
ㅡㅡㅡ,ㅡㅡㅡ
여행,O
브이로그,O
1박2일,O
부산여행,O
2,O
광안리,B_TOR
돼지국밥,O
광안대교,B_TOR
카페,O
남포동,B_LOC
할매,B_RES
가야밀면,I_RES
분위기,O
좋은,O
카페,O
채도,B_CAF
하얀둥이,O
ㅡㅡㅡ,ㅡㅡㅡ
너무,O
늦어버린,O
부산,B_LOC
여행,O
1박2일,O
브이로그,O
쉴새없는,O
먹부림과,O
사진,O
ㅡㅡㅡ,ㅡㅡㅡ
부산,B_LOC
가족,O
먹방,O
여행,O
한강,O
에서,O
10,O
뛰기,O
10,O
ㅡㅡㅡ,ㅡㅡㅡ
약대생,O
브이로그,O
약대,O
동기,O
들과,O
부산,B_LOC
바다,O
맥북프로,O
16인치,O
애플펜슬,O
송도,B_LOC
부정맥,O
스타벅스,O
ㅡㅡㅡ,ㅡㅡㅡ
부산,B_LOC
기장,B_LOC
맛집,O
철마밤나무집,B_RES
에서,O
여사친,O
들과,O
해물파전,O
과,O
닭백숙,O
먹방브이로그,O
ㅡㅡㅡ,ㅡㅡㅡ
소소한,O
일상,O
데이트,O
브이로그,O
카페,O
구프,B_CAF
부산,B_LOC
핫플,O
ㅡㅡㅡ,ㅡㅡㅡ
부산여행,B_LOC
2탄,O
머니어,O
도,O
괜찮아,O
김소영,O
좌충우돌,O
씬나게,O
먹고,O
찍고,O
ㅡㅡㅡ,ㅡㅡㅡ
남자,O
브이로그,O
일상,O
부산,B_LOC
카페,O
꽃집,O
ㅡㅡㅡ,ㅡㅡㅡ
2박3일,O
부산,B_LOC
친친여행ㅣ,O
박지윤,O
의,O
욕망티비,O
ㅡㅡㅡ,ㅡㅡㅡ
부산,B_LOC
1박2일,O
여행,O
브이로그,O
해운대,B_TOR
바이올린버스킹,O
동백섬,B_TOR
돼지국밥,O
샤오미,O
미지아,O
4,O
액션캠,O
4,O
ㅡㅡㅡ,ㅡㅡㅡ
부산,B_LOC
사직동,B_LOC
맛집,O
시원한,O
주문진막국수,B_RES
먹방,O
여,O
사친,O
과,O
먹방,O
브이로그,O
ㅡㅡㅡ,ㅡㅡㅡ
첫번째,O
브이로그,O
혼자,O
부산,B_LOC
여행,O
영도,B_LOC
손목서가,B_TOR
ㅡㅡㅡ,ㅡㅡㅡ
먹방,O
브이로그,O
부산,B_LOC
동래시장,B_TOR
맛집,O
탐방,O
자,B_RES
매분식,I_RES
칼국수,O
신가네,B_RES
떡볶이,I_RES
호떡,O
ㅡㅡㅡ,ㅡㅡㅡ
부산,B_LOC
이중섭전망대,B_TOR
와,O
이중섭거리미술관,B_TOR
산책,O
매일매일,O
행복하게,O
지내,O
주시오,O
힐링,O
브이로그,O
ㅡㅡㅡ,ㅡㅡㅡ
여행,O
부산,B_LOC
거제,B_LOC
통영,B_LOC
남해,B_LOC
를,O
몰아서,O
1박2일,O
부산,B_LOC
여행,O
ㅡㅡㅡ,ㅡㅡㅡ
영국인,O
여자친구,O
와,O
처음으로,O
부산,B_LOC
여행을,O
가봤다,O
상편,O
14,O
한영,O
자막,O
ㅡㅡㅡ,ㅡㅡㅡ
부산,B_LOC
해운대,B_TOR
브이로그,O
한여름,O
아쿠아리움에서,O
동심을,O
찾은,O
어른이,O
ㅡㅡㅡ,ㅡㅡㅡ
여자혼자,O
나홀로,O
야간,O
라이딩,O
브이로그,O
부산,B_LOC
온천천,B_TOR
라이딩코스,O
카페르쎄,B_CAF
골든리트리버,O
가을,O
이,O
자전거길,O
ㅡㅡㅡ,ㅡㅡㅡ
ㅣ,O
자취생,O
브이로그,O
서울,B_LOC
이랑,O
부산,B_LOC
에서,O
보낸,O
일상ㅣ,O
블뤼엔,O
ㅡㅡㅡ,ㅡㅡㅡ
釜山旅,O
1,O
부산,B_LOC
여행,O
브이로그,O
ㅡㅡㅡ,ㅡㅡㅡ
日本語,O
오사카,O
에서,O
지내는,O
일상,O
시댁,O
부산,B_LOC
에서,O
온,O
택배,O
출산,O
준비,O
일본,O
일상,O
브이로그,O
ㅡㅡㅡ,ㅡㅡㅡ
釜山旅,O
2,O
부산,B_LOC
여행,O
브이로그,O
ㅡㅡㅡ,ㅡㅡㅡ
6,O
나는,O
여름,O
이,O
너무,O
좋아,O
햇빛,O
초록빛,O
이,O
가득,O
대학생,O
일상,O
오노마토피,O
녹아내려,O
부산,B_LOC
비건,O
식당,O
부산,B_LOC
카페,O
부산,B_LOC
맛집,O
오키나와,O
음식,O
ㅡㅡㅡ,ㅡㅡㅡ
당일치기,O
부산,B_LOC
여행,O
부산토리니,O
ㅡㅡㅡ,ㅡㅡㅡ
한글자막,O
부산,B_LOC
여행,O
보수동,B_TOR
책방골목,I_TOR
부평동,B_TOR
깡통시장,I_TOR
을,O
다녀왔습니다,O
ㅡㅡㅡ,ㅡㅡㅡ
부산,B_LOC
여자,O
일진,O
언니,O
들,O
매맞은남자,O
설연휴,O
술,O
먹방,O
브이로그,O
ㅡㅡㅡ,ㅡㅡㅡ
쭌,O
유,O
커플,O
브이로그,O
이렇게,O
갑자기,O
부산,B_LOC
광안리,B_TOR
로,O
즉흥여행,O
떠나기,O
ㅡㅡㅡ,ㅡㅡㅡ
강아지,O
랑,O
부산,B_LOC
여행,O
브이로그,O
서면,B_LOC
해성막창,B_RES
수제버거,O
ㅡㅡㅡ,ㅡㅡㅡ
부산,O
첫,O
한국,O
브이로그,O
부산,B_LOC
격리,O
일상,O
귀국완료,O
본집에서,O
보내는,O
격리,O
일상,O
ㅡㅡㅡ,ㅡㅡㅡ
부산,B_LOC
브이로그,O
2,O
야경보며,O
거품,O
스파,O
힐링,O
산낙지,O
먹어보기,O
ㅣ라발스호텔,O
협찬ㅣ,O
모녀,O
여행,O
ㅡㅡㅡ,ㅡㅡㅡ
보충제모델의,O
하루,O
울산,B_LOC
에서,O
부산,B_LOC
까지,O
잘,O
먹고,O
열일하는,O
1박2일브이로그,O
1탄,O
ㅡㅡㅡ,ㅡㅡㅡ
부산,B_LOC
만,O
4번째,O
다녀온,O
오후,O
여행,O
ㅡㅡㅡ,ㅡㅡㅡ
부산,B_LOC
여행,O
해운대,B_TOR
동백섬,B_TOR
ㅡㅡㅡ,ㅡㅡㅡ
ㅣ,O
부산,B_LOC
1박2일,O
여행,O
ㅣ,O
한국,O
브이로그,O
ㅣ,O
ㅡㅡㅡ,ㅡㅡㅡ
사회조사분석사,O
2급,O
필기,O
결과는,O
부산,B_LOC
에서,O
보내는,O
추석,O
브이로그,O
ㅡㅡㅡ,ㅡㅡㅡ
엄주임,O
장가,O
간답니다,O
청첩장나눔,O
부산,B_LOC
서면포장마차,B_TOR
투어,O
술먹,O
방브,O
이로그,O
저세상텐션아이들,O
과,O
ㅡㅡㅡ,ㅡㅡㅡ
혼자,O
부산,B_LOC
감성가득한,O
장소를,O
원한다면,O
이곳으로,O
흰여울문화마을,B_TOR
ㅡㅡㅡ,ㅡㅡㅡ
한커플,O
일기,O
3,O
부산,B_LOC
아홉산숲,B_TOR
데이트,O
브이로그,O
꽁냥꽁냥,O
주의,O
ㅡㅡㅡ,ㅡㅡㅡ
11월마지막주,O
부산,B_LOC
집,O
요양,O
브이로그,O
해운대,B_TOR
달맞이길,B_TOR
카페,O
바다,O
위,O
무지개,O
먼지,O
쌓인,O
아이패드,O
와,O
애플펜슬,O
펭수,O
덕질,O
ㅡㅡㅡ,ㅡㅡㅡ
비,O
오는,O
날,O
나,O
혼자,O
부산,B_LOC
여행,O
브이로그,O
ㅡㅡㅡ,ㅡㅡㅡ
부산,B_LOC
다이아페스티벌,O
아옳이부부,O
헤로하운동회,O
부산,B_LOC
먹방팬,O
선물,O
언박싱,O
ㅡㅡㅡ,ㅡㅡㅡ
부산,B_LOC
1박2일,O
뚜벅이,O
여행코스,O
부산인,O
이,O
추천하는,O
부산,B_LOC
여행지,O
4,O
부산,B_LOC
먹방여행,O
부산,B_LOC
여행지추천,O
부산,B_LOC
브이로그,O
경찰,O
행정학과,O
부산,B_LOC
여행,O
ㅡㅡㅡ,ㅡㅡㅡ
부산,B_LOC
초량,B_LOC
여행,O
이바구길,B_TOR
초량모노레일,B_TOR
ㅡㅡㅡ,ㅡㅡㅡ
釜山旅,O
3,O
부산,B_LOC
여행,O
브이로그,O
ㅡㅡㅡ,ㅡㅡㅡ
부산,B_LOC
호천마을,B_TOR
의,O
야경,O
드라마,O
쌈마이웨이,O
촬영지,O
빛을,O
기다리는,O
시간,O
힐링,O
브이로그,O
ㅡㅡㅡ,ㅡㅡㅡ
인생샷,O
건지는,O
부산,B_LOC
1박2일,O
여행브이로그ㅣ,O
흰여울마을,B_TOR
태종대,B_TOR
조개구,O
이집추천,O
국밥,O
집추천,O
해운대,B_TOR
광안리,B_TOR
더베이101,B_TOR
송도,B_LOC
깡통시장,B_TOR
ㅡㅡㅡ,ㅡㅡㅡ
여기는,O
대한민국,O
마린시티,O
부산,B_LOC
훈남,O
중학생,O
창현,O
이의,O
일상,O
브이로그,O
놀아줘클럽,O
ㅡㅡㅡ,ㅡㅡㅡ
부산,B_LOC
여행,O
여름,O
휴가,O
국,O
제커플,O
ㅡㅡㅡ,ㅡㅡㅡ
부산,B_LOC
아난티코브,O
106평,O
펜트하우스,O
호캉스,O
요트투,O
어,O
여행,O
브이로그,O
ㅡㅡㅡ,ㅡㅡㅡ
라탄원데이클래스,O
부산,B_LOC
광안리,B_TOR
나들이맛집카페소품샵,O
5,O
데이트,O
일상브이로그,O
아보카도바나나주스,O
만들기,O
ㅡㅡㅡ,ㅡㅡㅡ
서울,B_LOC
사는,O
부산,B_LOC
자매,O
코로나,O
먹고,O
이겨내는,O
집밥브이로그,O
삼겹살,O
소주,O
된장찌개,O
비빔면,O
고깃집볶음밥,O
계란말이,O
애호박전,O
환상의,O
조합,O
ㅡㅡㅡ,ㅡㅡㅡ
부산,B_LOC
해운대,B_TOR
맛집,O
여,O
사친,O
들과,O
돼지갈비,O
먹방,O
갈비,O
가맛있다,O
소주,O
먹방,O
브이로그,O
ㅡㅡㅡ,ㅡㅡㅡ
아기랑,O
부산,B_LOC
생활,O
빵,O
이유식베이비카페,O
서점,O
한국,O
일상,O
브이로그,O
ㅡㅡㅡ,ㅡㅡㅡ
네추럴의,O
브이로그ㅣ호캉스ㅣ,O
부산,B_LOC
5성급,O
힐튼,O
호텔,O
리뷰ㅣ헬스장,O
가슴,O
운동ㅣ,O
회,O
편의점,O
음식,O
먹방ㅣ조식ㅣ,O
기장,B_LOC
ㅣ,O
아난티코브,O
ㅣ,O
광안대교,B_TOR
ㅡㅡㅡ,ㅡㅡㅡ
훈남친구,O
들과,O
부산,B_LOC
여행,O
복근공개,O
ㅡㅡㅡ,ㅡㅡㅡ
첫,O
브이로그,O
일상로그,O
직장인,O
부산,B_LOC
기장,B_LOC
페리데스하이엔드,B_CAF
초보운전,O
운전연습,O
비즈팔찌반지,O
만들기,O
ㅡㅡㅡ,ㅡㅡㅡ
