﻿word,ner
광안리,B_TOR
프링,O
이들,O
항상,O
코로나,O
조심해요,O
영상은,O
2주전,O
영상입니다,O
오늘,O
영상도,O
보러와줘서,O
고마워용,O
구독,O
쪼아요,O
부탁드려요,O
인스타그램,O
브금,O
대통령,O
말괄량이의,O
하루,O
0,O
ㅡㅡㅡ,ㅡㅡㅡ
안,O
뇽,O
여러븐,O
오늘,O
은,O
오빠,O
랑,O
아주,O
오랜만에,O
부산,B_LOC
으로,O
데이트,O
갔다,O
왔어요,O
보시면,O
아시겠지만,O
ㅋㅋ,O
그냥,O
먹으러,O
갔다온,O
영상이네요,O
지금도,O
열심히,O
다이어트,O
중입니다ㅜㅠ,O
오늘,O
영상,O
재밌게,O
봐주세요,O
영상,O
속,O
정보,O
맛집,O
장소,O
정보,O
본전,B_RES
돼지국밥,I_RES
시그니엘,O
부산,B_LOC
벡스코아트부산페스티벌,O
더베이101,B_TOR
동백샤브샤브,B_RES
부평,B_TOR
깡통시장,I_TOR
거인통닭,B_RES
바로해장,B_RES
피크스퀘어,B_CAF
해운대,B_TOR
레지던스,O
마가만두,B_RES
공원칼국수,B_RES
포장,O
착장,O
정보,O
레이지코너,O
파스텔,O
입술,O
니트,O
핑크,O
멜로니원피스,O
헤어슈슈세트,O
네이비,O
수채,O
언발,O
프릴,O
원피스,O
워터리,O
블루,O
베이직,O
실켓,O
티,O
핑크,O
가방,O
로에베,O
잠옷,O
하늘하늘,O
달콤,O
도트,O
원피스,O
파자마,O
하트,O
요루면,O
투피스파자마,O
해당,O
컨텐츠의,O
조회수,O
광고수익중,O
매달,O
500000원,O
이,O
에,O
기부됩니다,O
속옷쇼핑몰,O
하늘하늘,O
ㅡㅡㅡ,ㅡㅡㅡ
화질,O
2160,O
를,O
권장,O
드립니다,O
부산,B_LOC
여행,O
2편,O
안녕하세요,O
여러분,O
위즈덤입니다,O
이번,O
브이로그에는,O
부산,B_LOC
에,O
갔던,O
일상,O
2편,O
을,O
담았어요,O
해운대,B_TOR
바다가,O
보이는,O
호텔에서,O
애프터눈,O
티세트도,O
먹고,O
동백섬,B_TOR
에서,O
바다구경도,O
했어요,O
날씨가,O
너무,O
좋았어요,O
다음,O
영상에서,O
만나요,O
위즈덤브이로그,O
해운대,B_TOR
애프터눈티,O
까눌레,O
167717,O
ㅡㅡㅡ,ㅡㅡㅡ
부산,B_LOC
여행브이로그,O
초량,B_LOC
카페,O
산복도로,B_TOR
카페,O
초량,B_CAF
1941,I_CAF
초량,B_CAF
1941,I_CAF
에,O
다녀왔어요,O
초량,B_TOR
산복도로,I_TOR
에,O
위치한,O
적산가옥,O
으로,O
유명하죠,O
안으로,O
들어가니깐,O
사람이,O
제법,O
많았어요,O
초량1941,B_CAF
의,O
시그니처,O
메뉴는,O
밀크티,O
달달하니,O
맛있더라고요,O
산복도로,B_TOR
에,O
가면,O
꼭,O
들려보세요,O
소통은,O
인스타그램,O
자세한,O
정보는,O
블로그,O
8,O
ㅡㅡㅡ,ㅡㅡㅡ
등산브이로그,O
힐링,O
금정산고당봉,B_TOR
화질,O
1080,O
로,O
변경,O
하시고,O
봐주세요,O
안녕하세요,O
칠링커플,O
이에요,O
제주도,B_LOC
브이로그,O
다음편으로,O
등산,O
영상을,O
가지고,O
왔어요,O
평소,O
저희,O
두사람,O
은,O
산을,O
좋아라,O
하지만,O
둘,O
이서,O
같이,O
하는,O
등산이,O
요번이,O
처음이라,O
더욱,O
뜻깊고,O
값졌던,O
시간,O
이었던,O
것,O
같아요,O
도란도란,O
얘기도,O
주고,O
받으면서,O
서로,O
격려도,O
하구,O
천천히,O
주위,O
풍경도,O
감상해,O
가며,O
걷다,O
보니,O
어느새,O
정상에,O
도착,O
해,O
있더라구요,O
매일,O
반복되는,O
똑같은,O
일상에,O
지치신,O
분들,O
근처,O
가까운,O
산에,O
한번,O
찾아,O
보시는,O
건,O
어떠실까요,O
영상,O
재밌게,O
보셨다면,O
구독과,O
좋아요,O
부탁드려요,O
ㅡㅡㅡ,ㅡㅡㅡ
꽃,O
시장,O
하계,O
휴가에,O
맞춰,O
샵도,O
쉬어갔어요,O
여름,O
휴가,O
기간,O
동안,O
본가인,O
부산,B_LOC
에서,O
시간을,O
보냈는데요,O
코로나,O
로,O
인해,O
평소처럼,O
놀지는,O
못했지만,O
그냥,O
기록하고,O
싶어,O
만들어본,O
브이로그,O
제가,O
젤,O
좋아하는,O
광안리,B_TOR
도,O
여러,O
번,O
갔고,O
부산,B_LOC
드라이브,O
코스도,O
다녀왔어요,O
핑크,O
염색에,O
한복,O
화보,O
촬영도,O
했습니다,O
아,O
다음에는,O
꽃,O
영상으로,O
찾아올게요,O
예쁘게,O
봐주세요,O
구독과,O
좋아요는,O
이,O
됩니다,O
부산,B_LOC
여름,O
휴가,O
여름,O
휴가브이로그,O
부산,B_LOC
드라이브,O
ㅡㅡㅡ,ㅡㅡㅡ
3탄,O
은,O
국제시장,B_TOR
과,O
광안리,B_TOR
아경이,O
나옵니다,O
한때,O
한국,O
의,O
제나마블,O
스를,O
꿈꿨었던,O
최승현,O
의취미생활,O
햄튜브,O
입니다,O
이곳은,O
퍼포밍,O
일러스트레이터,O
햄튜브,O
의,O
임시,O
전시장입니다,O
최고의,O
웃음개박살꾼,O
햄튜브,O
구독하시고,O
재미있는,O
영상을,O
받아보세요,O
팬사서함,O
서울시,O
강남구,O
삼성동,O
1309번지,O
4층,O
햄튜브,O
팬카페,O
가입하기,O
최승현,O
의취미생활,O
햄튜브,O
인스타,O
햄튜브,O
인스타,O
비밀계정,O
햄튜브바인,O
업로드용,O
트위터,O
햄튜브,O
트위터,O
사담계정,O
ㅡㅡㅡ,ㅡㅡㅡ
부산,B_LOC
여행,O
부산,B_LOC
브이로그,O
자,B_RES
매,I_RES
국밥,I_RES
여행브이로그,O
요즘,O
코로나,O
로,O
집콕만,O
하다,O
여행이,O
그리워,O
예전에,O
찍어두었던,O
부산,B_LOC
브이로그,O
발견해서,O
가져와,O
봤어요,O
연말,O
잘,O
보내세요,O
브금,O
대통령,O
1,O
뒤뚱뒤뚱,O
884,O
2,O
34,O
ㅡㅡㅡ,ㅡㅡㅡ
케일쌈밥,O
매콤,O
파스타,O
만들고,O
다이어트,O
식단,O
소개하는,O
20대,O
주부,O
일상,O
브이로그,O
짧은,O
부산,B_LOC
여행,O
기록,O
벤츠,O
논현,B_LOC
서비스센터,O
서울웨이브,B_TOR
방문기,O
다이슨드라이기,O
4년,O
사용,O
간단,O
후기,O
포레오,O
사용팁,O
어느새,O
완연한,O
가을,O
입니다,O
겨울,O
이,O
되기,O
전,O
이,O
짧은,O
순간이,O
아쉬워,O
하루,O
를,O
곱씹는,O
요즘입니다,O
여러분은,O
어떻게,O
지내고,O
계신가요,O
당신의,O
일상에,O
따뜻한,O
일들이,O
가득했으면,O
좋겠습니다,O
환절기,O
건강,O
유의하시고,O
식사,O
꼭,O
챙겨,O
드세요,O
단풍을,O
보며,O
양숑,O
올림,O
일부,O
구간은,O
포레오,O
의,O
협찬을,O
받아,O
촬영되었습니다,O
5,O
모든,O
영상의,O
화질은,O
최대,O
4,O
로,O
업로드됩니다,O
스마트,O
로,O
초고화질,O
감상,O
가능,O
시청시,O
꼭,O
4,O
로,O
설정해주세요,O
검색으로,O
영상찾기,O
양숑키워드,O
양숑,O
부산,B_LOC
양숑,O
다이어트,O
도련,O
님,O
쌈밥,O
파스타,O
양식,O
다이어트,O
식단,O
서울웨이브,B_TOR
한강뷰,O
카페,O
포레오,O
오션뷰,O
여행,O
호텔,O
콘래드,O
다이슨,O
홈케어,O
다이어트,O
유지어터,O
일상브이로그,O
20대,O
주부,O
ㅡㅡㅡ,ㅡㅡㅡ
새로,O
산,O
카메라,O
와,O
렌즈로,O
부산,B_LOC
여행,O
브이로그를,O
찍어봤습니다,O
지금까지,O
여행을,O
가면,O
사진을,O
주로,O
찍었는데,O
영상을,O
찍으려고,O
하니,O
자꾸,O
사진처럼,O
정적인,O
장면을,O
찍게,O
되네요,O
좀,O
더,O
연구가,O
필요할,O
듯합니다,O
매주,O
일요일,O
밤9시,O
에,O
올리려고,O
노력해,O
보겠습니다,O
000,O
054,O
톤쇼우,B_RES
돈가스집,O
216,O
2,O
스테레오,O
새소리,O
307,O
문화공감,O
수정,O
429,O
흰여울마을,B_TOR
655,O
부산,B_LOC
야경,O
3,O
20,O
18,O
부산,B_LOC
여행,O
ㅡㅡㅡ,ㅡㅡㅡ
달맞이길,B_TOR
21,O
브라운도트호텔,O
송정,B_LOC
마라도,B_LOC
횟집,O
박옥희,B_RES
할매집,I_RES
원조,I_RES
복국,I_RES
비비비당,B_CAF
해운대,B_TOR
가야밀면,B_RES
대정양곱창,B_RES
남천동,B_LOC
보성녹차,O
팥빙수,O
가연장,B_RES
미역국,I_RES
해운대,B_RES
구이,I_RES
20050820,O
ㅣ,O
ㅣ,O
ㅣ,O
20060820,O
ㅣ,O
ㅣ,O
ㅣ,O
ㅣ,O
20070820,O
ㅣ,O
ㅣ,O
ㅣ,O
20080820,O
ㅣ,O
ㅣ,O
ㅣ,O
ㅣ,O
ㅣ,O
ㅣ,O
13,O
2018,O
ㅣ,O
6,O
32,O
ㅣ,O
ㅣ,O
ㅣ,O
8706003,O
ㅡㅡㅡ,ㅡㅡㅡ
부산,B_LOC
브이로그,O
부산,B_LOC
여행,O
영도,B_LOC
봄나들이,O
흰여울점빵,B_RES
손목,B_TOR
서가,I_TOR
ㅡㅡㅡ,ㅡㅡㅡ
부산,B_LOC
소품샵,O
당일치기,O
국내여행,O
당일치기로,O
다녀온,O
부산,B_LOC
여행,O
소품샵,O
투어,O
브이로그입니다,O
가능할까,O
싶었던,O
도전이었는데,O
생각보다,O
여유롭게,O
소품샵,O
투어도,O
하고,O
진짜,O
갖고,O
싶던,O
아이들을,O
데려와서,O
너무너무,O
신났어요,O
ㅎㅎ,O
진텐,O
리뷰도,O
기대해주세요,O
모든,O
소품샵,O
촬영,O
허락,O
받았습니다,O
영업시간과,O
휴일은,O
변동될,O
수,O
있으니,O
미리,O
확인,O
후,O
방문하세요,O
000,O
037,O
카카오프렌즈샵서울역점,O
137,O
부산,B_LOC
도착,O
200,O
머슈하우스,B_CAF
토이샵,O
겸,O
카페,O
417,O
머,B_CAF
슈하우스,I_CAF
디저트,O
들,O
542,O
별한스푼,B_TOR
752,O
딜라이트,B_TOR
901,O
메이언니,B_TOR
잡화점,I_TOR
1102,O
지제룸,B_TOR
1157,O
뒷,O
이야기,O
브이로그,O
착장,O
정보,O
티셔츠,O
작년,O
에,O
삼,O
바지,O
하와이안,O
셔츠,O
3년전,O
에,O
삼,O
가방,O
네온문,O
더키버니,O
배지,O
스모어마켓,O
씨네샵,O
카카오프렌즈샵서울역점,O
영업시간,O
8시22시,O
서울특별시,O
용산구,O
동자동,O
43205,O
서울역,O
대합실,O
머슈하우스,B_CAF
영업시간,O
13시,O
디저트,O
품절마감,O
일요일,O
휴무,O
부산광역시,B_LOC
수영구,O
수미로,O
09월02일,O
장소만,O
대여했습니다,O
디저트,O
와,O
음료,O
굿즈는,O
구매했어요,O
별한스푼,B_TOR
영업시간,O
12시,O
21시,O
부산,B_LOC
부산진구,O
서전로,O
46번길,O
62,O
1층,O
딜라이트,B_TOR
영업시간,O
13시,O
20시,O
월요일,O
휴무,O
부산,B_LOC
부산진구,O
서전로,O
38번길,O
4313,O
메이언니,B_TOR
잡화점,I_TOR
잡화점,O
영업시간,O
13시19시,O
월,O
화,O
영업시간,O
다름,O
부산,B_LOC
부산진구,O
서전로,O
46번길,O
12,O
85,O
지제룸,B_TOR
영업시간,O
13시,O
20시,O
월요일,O
휴무,O
부산,B_LOC
부산진구,O
전포대로,O
255번길,O
41,O
동,O
1층,O
많이,O
물어보시는,O
질문,O
편집,O
프로그램,O
2020,O
캐릭터,O
직접,O
그린,O
제,O
캐릭터입니다,O
자막디자인,O
매,O
영상,O
직접,O
디자인합니다,O
공유소스,O
오늘,O
도,O
보러,O
와주셔서,O
감사합니다,O
구독과,O
좋아요,O
알람설정하고,O
다음영상에서,O
또만나요,O
영상은,O
월금,O
오후6시반,O
에,O
올라옵니다,O
인스타그램,O
에서도,O
만나요,O
ㅡㅡㅡ,ㅡㅡㅡ
안녕하세요,O
조돌이에요,O
최근,O
2박3일동안,O
다녀온,O
부산,B_LOC
여행,O
브이로그입니다,O
짧았지만,O
친구,O
들과,O
알차게,O
잘,O
먹고,O
잘,O
쉬다,O
왔어요,O
거의,O
먹고,O
먹고,O
먹기만,O
했지만,O
ㅋㅋㅋ,O
재밌게,O
봐주세용,O
착장정보,O
첫째날,O
과,O
셋째날,O
아,O
우터,O
레이토그,O
22,O
니트,O
레이토그,O
213,O
팬츠,O
레이토그,O
26,O
가방,O
생로랑,O
22,O
신발,O
골든구스,O
2,O
목,O
걸이,O
알리기에리,O
29,O
둘째날,O
아우터,O
앤더슨벨,O
품절,O
비슷한제품,O
233,O
블라우스,O
앤아더스토리즈,O
25,O
스커트,O
가방,O
생로랑,O
22,O
신발,O
앤아더스토리즈,O
2,O
목,O
걸이,O
알리기에리,O
29,O
맛집,O
카페,O
편집샵,O
1,O
첫째날,O
미포끝집,B_RES
2,O
둘째날,O
아저,B_RES
씨,I_RES
대구탕,I_RES
비포선셋,B_CAF
기장꼼장어,B_RES
3,O
셋째날,O
동백돼지국밥,B_RES
에필그래피,B_CAF
신라횟집,B_RES
마리드파리,B_TOR
ㅡㅡㅡ,ㅡㅡㅡ
카페,O
주소,O
부산시,B_LOC
수영구,O
광일로,O
29번가길,O
18,O
1층,O
한잔,B_CAF
의,I_CAF
풀내음,I_CAF
카페,O
인스타그램,O
여러분즐거운,O
추석,O
연휴,O
보내셨나욧,O
ㅎ,O
저는,O
당일빼고,O
나와서,O
일했는데,O
구독자,O
님도,O
많이,O
만나고,O
이리저리,O
바쁘게,O
보냈습니다,O
잠깐,O
본가에도,O
가서,O
엄마,O
랑,O
동생,O
들이랑,O
드라이브도,O
하고,O
맛있는것도,O
많이,O
먹고,O
나름,O
추석,O
을,O
즐긴것,O
같아요,O
내일부터,O
는,O
다시,O
일상으로,O
돌아가는,O
구독자,O
님덜,O
ㅠㅠ,O
따흐흑,O
마지막으로,O
제,O
브이로그,O
보면서,O
연휴마무리,O
잘,O
하시기를,O
바래봅니다,O
이번,O
영상은,O
8월말9월초,O
영상입니다,O
ㅎㅎ,O
갑자기,O
코로나,O
확진자,O
가,O
퐈아아악,O
증가해서,O
저도,O
매장에,O
손님,O
들의,O
발길이,O
조금,O
끊겨서,O
ㅋㅋㅋㅋ,O
영상,O
찍는,O
의욕도,O
쪼금,O
잃어버려서,O
조각조각난,O
영상이였답니다,O
ㅎㅎ,O
지금은,O
다시,O
의욕풀충전해서,O
일하고,O
있으니,O
걱정들,O
마셔요,O
흐흐,O
항상,O
응원해주시고,O
좋아해주시고,O
댓글남겨주셔서,O
감사해요,O
다들,O
코로나,O
조심하세요,O
성형,O
및,O
시술다이어트보조제,O
협찬광고문의,O
일절,O
받지,O
않습니다,O
자막,O
도움주기,O
53,O
2,O
카메라,O
11,O
6400,O
편집,O
프로그램,O
13,O
영상과,O
관련없거나,O
예의,O
없는,O
댓글은,O
무통보,O
삭제,O
및,O
차단합니다,O
ㅡㅡㅡ,ㅡㅡㅡ
안녕하세요,O
아옳,O
이,O
김민영,O
입니다,O
오늘,O
은,O
남편,O
과,O
시부모,O
님과,O
부산,B_LOC
여행에,O
다녀온,O
브이로그를,O
담아봤어요,O
국제시장,B_TOR
도,O
가보고,O
요트,O
도,O
타보고,O
감천문화마을,B_TOR
도,O
다녀왔어용,O
부산,B_LOC
좋아너무너무,O
재밌었어요,O
코옆,O
에,O
맹구여드름,O
이,O
났는데,O
안없어지네요ㅠ,O
ㅠㅋㅋㅋㅋㅋ또르륵,O
오늘,O
도,O
영상봐주셔서,O
감사하구요,O
좋아요,O
알림구독,O
부탁드려요,O
인스타그램,O
요트,O
요,O
트투어데이트브이로그,O
브금,O
대통령,O
브금,O
대통령,O
5,O
브금,O
대통령,O
브금,O
대통령,O
64,O
199221,O
브금,O
대통령,O
브금,O
대통령,O
8,O
199223,O
브금파파,O
브금,O
대통령,O
6,O
ㅡㅡㅡ,ㅡㅡㅡ
깡통야시장,B_TOR
야시장먹방,O
메뉴추천,O
ㅡㅡㅡ,ㅡㅡㅡ
안녕하세요,O
곽토리,O
에요,O
오늘,O
은,O
다이아페스티벌,O
무대를,O
위해,O
다녀온,O
부산,B_LOC
1일차,O
곽토리,O
무대는,O
토요일,O
이었지만,O
전날,O
가서,O
데이트,O
했지롱,O
이번에,O
너무,O
무방비상태로,O
갔더니,O
만담콤비인가,O
부산,B_LOC
데이트,O
도,O
역시,O
기승전,O
맛집,O
이번엔,O
복숭아,O
대잔치,O
했찌요오오,O
사랑해,O
복숭아,O
넘죠아,O
ㅠㅠㅠ,O
시로네,B_CAF
부산,B_LOC
수영구,O
망미번영로,O
60번길,O
14,O
프루토프루타,B_CAF
부산,B_LOC
수영구,O
수영동,O
46615,O
해운대,B_RES
소문난,I_RES
암소갈비,I_RES
부산,B_LOC
해운대구,O
중동2로,O
10번길,O
32,O
해운대옵스,B_CAF
부산,B_LOC
해운대구,O
중동1로,O
31,O
ㅡㅡㅡ,ㅡㅡㅡ
반갑습니다,O
여러분들,O
화니,O
입니다,O
오늘,O
은,O
나름,O
부산,B_LOC
여행,O
브이로그입니다,O
사실,O
곧,O
진짜,O
찐,O
으로,O
여행,O
느낌으로,O
갈,O
거,O
같긴,O
한데,O
살짝,O
소소하게,O
제가,O
부산,B_LOC
가면,O
하는,O
것들을,O
담아보았어요,O
오랜만에,O
좋은,O
사람들과,O
행복한,O
시간을,O
보내며,O
힐링한,O
듯한,O
느낌이라,O
기분이,O
최상입니다,O
이번,O
영상,O
요약,O
여러분들,O
부산,B_LOC
가시면,O
해운대,B_TOR
말고,O
저녁,O
에,O
꼬옥,O
광안리,B_TOR
야경을,O
보시기를,O
아주아주,O
추천드립니다,O
ㅋㅋㅋㅋㅋㅋㅋㅋㅋㅋㅋㅋㅋㅋㅋ,O
요약,O
끝,O
오늘,O
도,O
여러분들의,O
귀한,O
시간,O
내어,O
영상,O
보러,O
와주셔서,O
감사합니다,O
영상,O
재밌거나,O
도움,O
되셨다면,O
구독,O
좋아요,O
그리고,O
알림,O
설정까지,O
마지막으로,O
인스타그램,O
팔로우까지,O
꼭꼭,O
부탁드려요,O
저,O
인스타그램,O
요새,O
폭풍,O
업로드,O
중이에요,O
소소한,O
저의,O
일상이,O
궁금하시다면,O
꼭,O
놀러,O
오세요,O
그럼,O
우리는,O
다음,O
영상에서,O
만나요,O
안녕,O
본,O
영상은,O
광고를,O
포함하지,O
않습니다,O
본,O
영상은,O
브랜드로부터,O
무상,O
제공받은,O
제품이,O
포함되어,O
있지만,O
크리에이터,O
개인,O
견해에는,O
영향을,O
미치지,O
않았음을,O
알려드립니다,O
화니,O
부산,B_LOC
브이로그,O
ㅡㅡㅡ,ㅡㅡㅡ
안녕하세요,O
여러분,O
별리입니다,O
이제,O
오늘부터,O
본격,O
장마가,O
시작되네요,O
저는,O
장마가,O
오기,O
전,O
열심히,O
광안리,B_TOR
여행을,O
다녀왔답니다,O
헤헤,O
부산,B_LOC
에,O
살고,O
있지만심지어,O
해운대,B_TOR
가까움,O
해운대,B_TOR
보단,O
광안리,B_TOR
의,O
매력에,O
푹,O
빠져버렸지,O
뭐에요,O
이전,O
영상에서도,O
광안리,B_TOR
는,O
종종,O
담았었지만,O
이번,O
영상은,O
특별히,O
광안리,B_TOR
여행을,O
준비하시는,O
분들을,O
위해,O
제가,O
좋았던,O
곳들과,O
새로운,O
핫플들을,O
찾아가봤어요,O
광안리,B_TOR
해변에서,O
즐길,O
수,O
있는,O
휴양,O
레포츠,O
정보도,O
담았으니,O
여름,O
휴가,O
준비에,O
미약하게나마,O
도움이,O
되셨으,O
면,O
그리고,O
예전에,O
담았던,O
광안리,B_TOR
핫플들도,O
카드,O
참조로,O
띄워뒀으니,O
궁금하신,O
분들은,O
참고,O
부탁드려요,O
짧은,O
여행이지만,O
오늘,O
도,O
이,O
영상으로,O
힐링하셨으면,O
좋겠어요,O
오늘,O
영상도,O
끝까지,O
재밌게,O
봐주시고,O
다음,O
영상도,O
많은,O
기대,O
부탁드려요,O
구독과,O
좋아요는,O
저에게,O
큰,O
이,O
됩니다,O
궁금하신,O
점은,O
댓글로,O
달아주시면,O
제가,O
답변,O
드릴,O
수,O
있는,O
것들은,O
열심히,O
알려드릴게요,O
영상,O
속,O
제품,O
정보,O
티셔츠,O
청바지,O
슬로우앤드,O
린넨셔츠,O
슬로우앤드,O
화이트셔츠,O
슬로우앤드,O
슬렉스,O
탑텐,O
가방,O
아보네,O
매일,O
이별하는,O
일상을,O
기록하고,O
남겨요,O
자취브이로그,O
자취브이로그요리,O
집순이요리,O
집순이일상,O
자취일상,O
자취요리,O
일상,O
감성브이로그,O
별리다이어리,O
별리브이로그,O
별리일상,O
매일이별하는것들을기록해요,O
별리는이별의순우리말입니다,O
ㅡㅡㅡ,ㅡㅡㅡ
다대포해수욕장,B_TOR
코스트코쇼핑,O
엽떡,O
로제,O
ㅡㅡㅡ,ㅡㅡㅡ
부산,B_LOC
1박2일,O
가을,O
여행,O
부산,B_LOC
여행코스,O
부산,B_LOC
브이로그,O
부산,B_LOC
먹거리,O
파도,O
안녕하세요,O
해버데이,O
입니다,O
친구,O
와,O
부산,B_LOC
에,O
다녀왔어요,O
1단계,O
로,O
하향조정,O
되었지만,O
코로나19,O
로,O
야외위주로,O
코스를,O
구성했습니다,O
000,O
058,O
태종대,B_TOR
124,O
욜로,B_RES
조개구이,I_RES
132,O
파도,O
221,O
깡통시장,B_TOR
야시장,I_TOR
357,O
더베이,B_TOR
101,I_TOR
429,O
해운대,B_TOR
17,O
64,O
ㅡㅡㅡ,ㅡㅡㅡ
020,O
동대신동,O
3초,B_RES
삼겹살,I_RES
114,O
영도,B_TOR
흰여울길,I_TOR
318,O
동대신동,O
옛날오,B_RES
막집,I_RES
418,O
송도,B_TOR
용궁구름다리,I_TOR
829,O
송도구름산책로,B_TOR
1101,O
송도,B_TOR
송림공원,I_TOR
1257,O
송도,B_LOC
블루샥커피,B_CAF
1317,O
송도,B_LOC
스시로운,B_RES
부산,B_LOC
일상,O
부산,B_LOC
부산,B_LOC
영도,B_LOC
21,O
갤럭시21울트라,O
ㅡㅡㅡ,ㅡㅡㅡ
10월,O
의,O
부산,B_LOC
당일치기,O
여행,O
서울,B_LOC
에서,O
부산,B_LOC
까지,O
9시간동안,O
의,O
기록,O
혼자,O
부산,B_LOC
에서,O
남천동,B_LOC
에서,O
영도,B_TOR
흰여울문화마을,I_TOR
까지,O
하루종일,O
알차게,O
돌아다닌,O
하루,O
부산,B_LOC
여행,O
부산,B_LOC
브이로그,O
여행브이로그,O
2019,O
ㅡㅡㅡ,ㅡㅡㅡ
화질을,O
1080,O
로,O
설정해주시면,O
조금,O
더,O
깔끔하게,O
감상하실,O
수,O
있어요,O
여러분,O
건강,O
조심하시구,O
좋은,O
하루,O
되세요,O
부산,B_LOC
여행,O
여행브이로그,O
부산한화리조트,O
부산,B_LOC
브이로그,O
더베이101,B_TOR
광안대교,B_TOR
ㅡㅡㅡ,ㅡㅡㅡ
너나둘,O
이,O
인스타그램,O
인스타,O
웹툰,O
너나둘이,O
그리는,O
게,O
이커플,O
입니다,O
일상,O
데이트,O
브이로그,O
입니다,O
이쁘게,O
봐주세요,O
게이,O
커플,O
데이트,O
너나둘,O
이,O
부산,B_LOC
광안리,B_TOR
해운대,B_TOR
ㅡㅡㅡ,ㅡㅡㅡ
드디어,O
숙소에,O
도착한,O
유키동키,O
광안리,B_TOR
부터,O
오륙도,B_LOC
청사포,B_TOR
까지,O
4월,O
의,O
부산,B_LOC
을,O
느낄,O
수,O
있는,O
초특급,O
꽁냥버라이어티브이로그,O
宿着,O
安里,O
五六島,O
沙浦,O
4月,O
釜山感新婚,O
8644,O
의,O
1100223,O
아티스트,O
의,O
한일,O
커플,O
한일,O
부부,O
국제,O
커플,O
부산,B_LOC
여행,O
광안리,B_TOR
오륙도,B_LOC
청사포,B_TOR
스카이캡슐,B_TOR
스카이워크,B_TOR
ㅡㅡㅡ,ㅡㅡㅡ
햎하,O
여행,O
유튜버,O
해피새아,O
입니다,O
친구,O
랑,O
부산,B_LOC
1박2일,O
여행을,O
다녀왔어요,O
햎새처럼,O
여행크리에이터,O
인,O
친구,O
와,O
함께했던,O
여행이라,O
오히려,O
더더더,O
힐링하고,O
왔던,O
부산,B_LOC
여행,O
함께해요,O
000,O
016,O
출발,O
부산역,B_LOC
에서,O
차,O
를,O
빌려보자,O
104,O
광안대교,B_TOR
가,O
보이는,O
예쁜,O
맛집,O
마담에뽀끄,B_RES
에서,O
점심,O
200,O
광안리,B_TOR
앞바다,O
이렇게,O
예쁜,O
겨울,O
바다는,O
처음이었어요,O
반쨕반쨕,O
안추워,O
338,O
광안대교,B_TOR
앞,O
카페,O
세번째,B_CAF
서랍,I_CAF
그림,O
그려주는,O
메뉴,O
꼭,O
드세요,O
넘나귀여웡,O
500,O
석양이,O
예쁜,O
동백섬,B_TOR
543,O
저녁,O
은,O
부산야시장,O
깡통시장,B_TOR
642,O
야경보러,O
용두산공원,B_TOR
전망대로,O
ㄱㄱ,O
804,O
호텔은,O
달맞이길,B_TOR
근처,O
일루아호텔,O
이었어요,O
830,O
끄으으읕,O
영상이,O
마음에,O
드신다면,O
좋아요랑,O
구독,O
햎새,O
채널,O
구독링크,O
딜카,O
회원,O
가입하고,O
드라이브,O
쿠폰,O
받기,O
부산,B_LOC
여행,O
국내여행,O
광안대교,B_TOR
맛집,O
오션뷰,O
동백섬,B_TOR
용두산,B_TOR
깡통시장,B_TOR
감성여행,O
딜카,O
해피새아딜카,O
세번째,B_CAF
서랍,I_CAF
마담에뽀끄,B_RES
부산,B_LOC
시장,O
친구,O
허니블링,O
자막도움,O
이선화,O
이,O
영상은,O
딜리버리,O
카셰어링,O
딜,O
카로부터,O
제작비를,O
지원받아,O
제작하였습니다,O
ㅡㅡㅡ,ㅡㅡㅡ
부산,B_LOC
여행,O
다대포,B_TOR
서핑,O
3,O
부산,B_LOC
여행,O
23일차,O
12년,O
지기,O
친구,O
다섯명,O
과,O
1박2일,O
부산,B_LOC
여행,O
부산,B_LOC
맛집,O
뷰맛집,O
경비,O
총,O
정리,O
부산,B_LOC
사진맛집,O
해운대,B_TOR
에어비엔비,O
해운대해수욕장,B_TOR
광안대교,B_TOR
광안리해수욕장,B_TOR
이기대,B_TOR
해안산책로,I_TOR
기장아홉산숲,B_TOR
원컵어데이,B_RES
민락수변공원,B_TOR
민락수변공원,B_TOR
회,O
엣지993,B_CAF
딤타오,B_RES
101,B_TOR
993,B_CAF
ㅡㅡㅡ,ㅡㅡㅡ
부산,B_LOC
여행,O
해리단길,B_TOR
오랜만에,O
집,O
밖에,O
나가서,O
먹기만,O
하고,O
온,O
날의,O
브이로그,O
ㅡㅡㅡ,ㅡㅡㅡ
중학교,O
때,O
친구,O
들과,O
2박3일,O
로,O
다녀,O
온,O
부산,B_LOC
여행,O
브이로그입니당,O
여행지,O
해운대,B_TOR
광안리,B_TOR
쪽,O
맛집,O
정보,O
카페,O
정보,O
가득가득하니,O
많이,O
봐주세용,O
광안리,B_TOR
해변가,O
해운대,B_TOR
요트,O
더베이101,B_TOR
흰여울문화마을,B_TOR
흰여울문화마을,B_TOR
카페,O
아홉산숲,B_CAF
부산,B_LOC
산책길,O
부산,O
영화,O
촬영지,O
수변공원,B_TOR
부산,B_LOC
맛집,O
해운대,B_TOR
맛집,O
광안리,B_TOR
맛집,O
추천,O
본,O
영상은,O
사회적,O
거리두기가,O
4단계,O
로,O
격상되기,O
전인,O
6월,O
에,O
촬영된,O
영상입니다,O
사람이,O
없는,O
곳에서,O
영상,O
촬영할,O
때만,O
마스크,O
벗고,O
다른,O
곳에서는,O
늘,O
마스크,O
를,O
착용하였습니다,O
ㅡㅡㅡ,ㅡㅡㅡ
안녕하세요,O
하루,O
쉼표입니다,O
8월둘째주,O
휴가로,O
갔던,O
부산,B_LOC
은,O
부모,O
님이,O
계신,O
제,O
고향입니다,O
부산,B_LOC
은,O
제게,O
추억이,O
있고,O
새로움이,O
있는,O
그런,O
곳이네요,O
갈,O
때마다,O
느껴지는,O
감정들을,O
담아보았습니다,O
구독과,O
좋아요는,O
제게,O
큰이,O
됩니다,O
러브이즈기빙,B_TOR
낙원다방,B_CAF
송정해수욕장,B_TOR
민락수변공원,B_TOR
해운대,B_TOR
가볼만한곳,O
원작자,O
허여,O
원작자,O
허여,O
원작자,O
허여,O
영어,O
제외,O
각국어,O
번역,O
자막,O
제작,O
컨텐츠,O
제작의,O
마무리는,O
컨텐츠플라이,O
글로벌,O
진출을,O
위한,O
최고의,O
파트너,O
에서,O
제작되었습니다,O
추천닉네임,O
입력시,O
포인트제공됨,O
이,O
영상의,O
다운로드,O
및,O
2차,O
편집을,O
금지합니다,O
2019,O
하루쉼표,O
ㅡㅡㅡ,ㅡㅡㅡ
자막이,O
겹치거나,O
자막이,O
불편하시면,O
일,O
경우,O
영상,O
화면,O
하단에,O
설정에서,O
자막,O
사용안함,O
클릭,O
모바일,O
의,O
경우,O
화면,O
상단에,O
점,O
세개,O
를,O
누르고,O
자막,O
사용중지,O
클릭해주세요,O
오랜만에,O
가까운,O
곳으로,O
출사를,O
다녀왔어요,O
서촌,B_LOC
과,O
덕수궁,B_TOR
의,O
오가는,O
사람들과,O
주변의,O
편안함이,O
정말,O
좋았어요,O
유난히,O
비오는,O
날이,O
좋은,O
그런,O
날,O
빗소리에,O
귀기울이면,O
마음이,O
편안해져요,O
주말,O
오전,O
브런치,O
카페에서,O
즐기는,O
소소한,O
일상과,O
반포시민공원,B_TOR
에서,O
보내는,O
여름,O
밤,O
도,O
즐거워요,O
올여름,O
휴가지로,O
부산,B_LOC
의,O
명소와,O
맛집,O
그리고,O
예쁜,O
카페를,O
돌아보면서,O
여유와,O
힐링도,O
만끽했답니다,O
여행은,O
어디를,O
가느냐가,O
중요한,O
게,O
아니라,O
누구와,O
함께하느냐가,O
중요하다고,O
하죠,O
모처럼,O
가족,O
과,O
함께한,O
소중한,O
추억이었어요,O
부산,B_LOC
에,O
가면,O
꼭,O
한번,O
들러보아야할,O
명소와,O
먹방,O
투어까지,O
담아보았어요,O
끝까지,O
시청해주셔서,O
감사합니다,O
구독과,O
좋아요는,O
저에게,O
큰,O
이,O
됩니다,O
부산,B_LOC
여행브이로그,O
부산,B_LOC
여행코스,O
부산,B_LOC
먹거리,O
부산,B_LOC
여행코스추천,O
기장,B_TOR
죽성성당,I_TOR
기장,B_TOR
연화리,I_TOR
해녀촌,I_TOR
흰여울마을,B_TOR
깡통시장,B_TOR
루프탑이,O
있는,O
카페,O
오뜨,B_CAF
돼지국밥,O
오륙도스카이워크,B_TOR
감천문화마을,B_TOR
자갈치시장,B_TOR
꼼장어,O
생선구이,O
웨이브온카페,B_CAF
차이나타운,B_TOR
신발원,B_RES
구독하기,O
24,O
이메일,O
56,O
블로그,O
2,O
인스타그램,O
2,O
네이버,O
56,O
음악출처,O
1,O
산모퉁이,O
카페,O
사용된,O
곡명,O
서촌,O
덕수궁,O
하늘공원,O
카페,O
반포시민공원,O
사용된,O
곡명,O
개화,O
죽성성당,B_TOR
연화리해녀촌,B_TOR
흰여울마을,B_TOR
깡통시장,B_TOR
루프탑,O
카페,O
오뜨,B_CAF
돼지국밥,O
오륙도스카이워크,B_TOR
감천마을,B_TOR
자갈치시장,B_TOR
웨이브온카페,B_CAF
낮,O
웨이브온커피,B_CAF
공개,O
신발원,B_RES
몽상가,O
004,O
ㅡㅡㅡ,ㅡㅡㅡ
44992204,O
나의,O
서른,O
을,O
마무리하며,O
지금까지,O
미루고,O
미뤄만,O
왔던,O
혼자여행을,O
드디어,O
다녀왔어요,O
참,O
좋았습니다,O
또,O
당장,O
어디론가,O
혼자,O
떠나고,O
싶어요,O
고민도,O
많고,O
정리할,O
생각이,O
많은,O
시기라서,O
여행이,O
생각정리에,O
어느정도,O
도움도,O
되고,O
힐링도,O
하고,O
왔어요,O
혼자여행을,O
하고,O
싶지만,O
두려움이,O
앞서는,O
분들께,O
용기가,O
되는,O
영상이,O
되었으면,O
합니다,O
아니면,O
대리만족으로,O
같이,O
여행해주세요,O
그리고,O
혼자여행을,O
다녀와보니,O
사람마다,O
여행스타일은,O
다르고,O
외로움을,O
많이,O
타는,O
분들도,O
계실테고,O
혼자여행이,O
무조건,O
제일,O
좋다,O
여행은,O
혼자가,O
제맛,O
이라는,O
말은,O
못하겠어요,O
저도,O
도전이였어요,O
함께하는,O
여행이,O
맞는,O
사람이,O
있고,O
혼자하는,O
여행이,O
맞는,O
사람이,O
있을,O
뿐,O
근데,O
해보고싶었던분들께는,O
추천드려요,O
첫날,O
은,O
좀,O
두려움에,O
어버버했던,O
것,O
같은데,O
눈치도보고,O
둘째날부터,O
는,O
눈치고,O
뭐고,O
배고프니까,O
어디가서라도,O
먹어야겠고,O
사진안찍으니까,O
외적인,O
모습에,O
신경안쓰고,O
돌아다니고ㅋㅋㅋㅋㅋ,O
나름,O
진짜,O
재밌는,O
혼자여행이였어요,O
짐,O
때문에,O
들었던,O
것,O
빼면,O
긴,O
영상임에도,O
눌러,O
들어와주셔서,O
감사합니다,O
행복한,O
시간,O
되세요,O
영상,O
속,O
정보,O
옷정보,O
첫째날,O
니트,O
무드인슬로우,O
스노우울눈꽃니트,O
코트,O
헤이글,O
브라운,O
체크코트,O
스커트,O
크레센도,O
작년,O
상품,O
백팩,O
정보없음,O
크로스미,O
니백,O
칼린,O
목,O
걸이,O
밀튼스텔리,O
둘째날,O
목,O
폴라,O
헤이글,O
레이폴라티셔츠,O
가디건,O
뉴,O
먼데이라인,O
신발,O
피치글로우,O
로우삭스부츠,O
스웨이드,O
1,O
서면,B_LOC
개미집,B_RES
우선,O
저는,O
낙곱새,O
를,O
좋아해서,O
부산,B_LOC
가면,O
꼭,O
먹고싶다,O
생각했었고,O
혼자,O
먹으러,O
가는게,O
낯설어서,O
많이,O
고민했지만,O
먹고오길,O
잘,O
했다,O
생각했던,O
개미,B_RES
집,I_RES
진짜,O
맛있더라구요,O
건더기도,O
충분했고,O
양도,O
딱,O
좋았어요,O
요즘은,O
개미집,B_RES
말고도,O
낙곱새,O
유명한,O
식당이,O
많아졌던데,O
1인분,O
주문이,O
되는것과,O
그래서,O
혼자드시는분들도,O
간혹,O
계시다는거,O
보고,O
가게,O
되었어요,O
부산,B_LOC
다음에,O
가면,O
또,O
가서,O
먹고,O
싶어요,O
2,O
서면,O
엘라게스트하우스,O
영상속에서는,O
살짝,O
부정적이게,O
표현되긴했지만,O
첫,O
인상이,O
안좋았기,O
때문에,O
영상속에,O
나오는,O
이유로,O
생각해보면,O
가격대비,O
1인실,O
에,O
여성전용,O
이라는,O
메리트만으로도,O
가볼,O
만,O
한,O
숙소인,O
것,O
같아요,O
근데,O
들어가는길이,O
골목이라,O
밤,O
에,O
살짝,O
무서울,O
순,O
있어요,O
수건,O
한장,O
주는게,O
약간,O
아쉽긴했으나ㅠㅠ,O
다른,O
방,O
손님,O
들도,O
엄청,O
조용해서,O
푹,O
쉬고왔어요,O
그렇지만,O
재방문,O
의사까지는,O
없음,O
3,O
송도,B_RES
암남공원,I_RES
희자매,I_RES
조개구이,I_RES
진짜,O
맛있었어요,O
조개구이,O
에,O
환장하는,O
저는그냥,O
해산물,O
덕후,O
너무나,O
만족스러운,O
저녁,O
이였어요,O
부산,B_LOC
사시는,O
끼리,O
님,O
구독자,O
님들께서,O
추천해주셨던,O
집이라고,O
해서,O
먹기전부터,O
믿음도,O
갔는데,O
먹어보고,O
아,O
이래서,O
그렇게나,O
추천해주셨구나,O
공감이되더라구요,O
혼자가기는,O
들지만,O
누군가와,O
함께가는,O
여행이라면,O
조개구이,O
추천드려요,O
재방문의사,O
완전있음,O
4,O
서면,B_LOC
마가린상점,B_TOR
다른,O
소품샵은,O
후기가,O
따로,O
없지만,O
그냥,O
쏘쏘,O
였어요,O
마가린상점,B_TOR
은,O
할말이,O
많기에,O
알아보신분들은,O
아시겠지만,O
워낙,O
유명해서,O
평일,O
엔,O
선착순,O
주말,O
예약,O
인데도,O
가기가,O
든,O
곳,O
그래서,O
후기를,O
엄청,O
찾아봤었는데,O
12시,O
오픈인데,O
9시부터,O
줄서있더라,O
10시,O
에갔는데,O
마감이더라,O
라는,O
후기도,O
많았구요,O
그래서,O
일찍부터,O
기다렸어요숙소,O
바로,O
근처였음,O
결론만,O
말하면,O
지금은,O
가게,O
앞,O
에서,O
기다리는거,O
못하게,O
하시구요,O
소음,O
안전,O
문제,O
12시,O
되니까,O
저,O
포함,O
7명정도,O
들어갔어요,O
근데,O
11시,O
체크아웃하고,O
근처에,O
갈,O
곳도,O
없고,O
기다릴곳이,O
마땅치않음,O
마가린상점,B_TOR
가실,O
분은,O
그냥,O
그날,O
은,O
일정을,O
넉넉히,O
잡는게,O
나을,O
듯,O
해요,O
저는,O
여기,O
첫,O
타자,O
아니면,O
하루,O
일정,O
다,O
꼬일,O
것,O
같아,O
기다렸는데,O
너무,O
들었슴니다,O
12시,O
되서,O
갔으면,O
1등,O
못했을거라서ㅠㅠ,O
하지만,O
보시다시피,O
초상화는,O
진짜,O
특징,O
딱,O
잡아서,O
예쁘게,O
그려주세요,O
17000원,O
인데,O
아주,O
만족스러웠습니다,O
5,O
흰여울문화마을,B_TOR
점빵,O
라면,O
이,O
엄청,O
존맛,O
이정돈,O
아니지만,O
뷰가,O
다,O
하기,O
때문에,O
그리고,O
라면,O
은,O
어디서,O
먹어도,O
맛있,O
뷰맛집이라,O
인기가,O
진짜,O
많은,O
것,O
같아요,O
시간,O
잘,O
맞춰가면,O
줄,O
안설수도,O
있겠지만,O
야외테이블이,O
딱,O
4인석,O
밖에,O
없어서,O
대부분은,O
대기,O
하고,O
들어가시는,O
것,O
같아요,O
근데,O
라면,O
이라,O
회전율은,O
빠르고요,O
저는,O
기다렸다,O
먹은게,O
잘했다,O
싶었어요,O
6,O
광안리호텔,O
1,O
1,O
올해,O
여행,O
많이,O
다니면서,O
좋은,O
뷰,O
숙소도,O
다녀보고,O
했지만,O
단연,O
1등,O
해외여행,O
포함,O
진짜,O
힐링하고,O
왔어요,O
우선,O
내부가,O
엄청,O
깨끗하고,O
입구부터,O
신발,O
벗으라는,O
이유가,O
있음,O
관리를,O
잘해놓은,O
느낌이,O
드는,O
호텔이였어요,O
혼자가시는분들이,O
전혀,O
무섭지않을만한,O
위치와,O
룸,O
컨디션,O
그리고,O
저는,O
220,O
에,O
살짝,O
비싼,O
방을,O
잡았지만,O
침대만,O
있는,O
룸도,O
있고,O
방이,O
굉장히,O
다양해서,O
가격대도,O
다양해요,O
부산,B_LOC
가시면,O
하루쯤,O
은,O
묵어보시는걸,O
꼭,O
추천하는,O
인생,O
호텔이였어요,O
13,O
아이폰,O
7,O
1,O
0102,O
2,O
314,O
3,O
718,O
4,O
0803,O
5,O
925,O
6,O
1557,O
7,O
244800,O
8,O
281500,O
9,O
3540,O
ㅡㅡㅡ,ㅡㅡㅡ
우아,O
부산,B_LOC
이닷,O
샬,O
롬,O
여러분,O
오늘,O
영상은,O
지난주,O
에,O
방문한,O
부산,B_LOC
에서의,O
당일치기,O
브이로그입니다,O
교회,O
식구,O
들과,O
함께하는,O
사계진미,O
맛집,O
먹방,O
부산,O
기장,B_LOC
에,O
위치한,O
알록달록,O
귀여운,O
찰리채플린카페,B_CAF
에서의,O
예쁜,O
부산,B_LOC
바다,O
풍경,O
송정해수욕장,B_TOR
에서의,O
물놀이와,O
부산,B_LOC
수영로교회,O
에서의,O
홀리파워,O
구국기도회,O
가,O
궁금하시다면,O
끝까지,O
재미있게,O
봐주세요,O
장마철인,O
한국인,O
요즘,O
햇살,O
같이,O
눈부시고,O
따뜻한,O
하나님,O
에게,O
더더욱,O
집중하시길,O
소망하고,O
기도합니다,O
그럼,O
다음,O
영상에서,O
또,O
봐용,O
부산수영로교회,O
간증,O
영상은,O
여기서,O
시청하실,O
수,O
있습니다,O
25,O
1776,O
유튜브,O
구독,O
786,O
인스타,O
팔로우,O
여름,O
에,O
듣기좋은,O
비트,O
귀여운,O
알앤비,O
비트,O
내,O
마음대로,O
치는,O
감사함으로,O
통기타,O
핑거,O
조기타,O
조기타,O
감사함으로,O
ㅡㅡㅡ,ㅡㅡㅡ
부산,B_LOC
에서,O
호캉스,O
즐기고,O
온,O
일상,O
브이로그,O
파크하얏트부산,O
달맞이길,B_TOR
카페,O
해리단길,B_TOR
맛집,O
해운대,B_TOR
조개찜,O
소품샵,O
미니,O
언박싱,O
72,O
12,O
호캉스,O
부산,B_LOC
브이로그,O
ㅡㅡㅡ,ㅡㅡㅡ
안녕하세요,O
오늘,O
영상은,O
혼자,O
카페투어,O
했던,O
영상을,O
가져왔어요,O
제,O
핸드폰,O
속,O
지도에,O
언젠가는,O
가야겠다고,O
생각하며,O
저장해둔,O
카페가,O
정말,O
많더라고요,O
그러는,O
사이,O
폐업한,O
카페가,O
있을,O
정도,O
그래서,O
조금,O
더,O
적극적으로,O
다녀봐야겠다,O
싶어서,O
이번에,O
다녀왔습니다,O
커피,B_CAF
는,O
전포카페거리,B_TOR
에,O
처음,O
생겼을,O
때,O
갔었는데,O
그때는,O
그렇게,O
좋은,O
인상을,O
받지,O
않았었어요,O
그런데,O
이번에,O
갔을,O
때는,O
드립커피,O
도,O
맛있고,O
분위기도,O
좋아서,O
마음에,O
들었어요,O
그리고,O
프랭클린,B_CAF
은,O
이국적인,O
외관에서,O
인증샷,O
찍고,O
싶은,O
가게였는데,O
라떼,O
가,O
맛있는,O
집이었구요,O
트레져스커피,B_CAF
는,O
진짜,O
눈,O
이,O
똥그래질,O
정도로,O
커피,O
가,O
맛있는,O
집이었습니다,O
혹시,O
부산,B_LOC
여행을,O
계획하고,O
계시거나,O
가볼만한,O
카페를,O
찾고,O
계시는,O
분들에게,O
도움이,O
되었으면,O
좋겠습니다,O
앞으로도,O
가끔,O
다녀온,O
카페들,O
영상,O
모아서,O
올릴,O
계획이니까,O
기대해주세요,O
오늘,O
영상이,O
마음에,O
드셨다면,O
구독과,O
좋아요,O
눌러주세요,O
여러분의,O
작은,O
행동이,O
저에게는,O
큰,O
이,O
됩니다,O
부산,B_LOC
여행,O
혼카페,O
카페투어,O
ㅡㅡㅡ,ㅡㅡㅡ
안녕하세요,O
도브,O
입니다,O
일상브이로그가,O
아닌,O
부산,B_LOC
신혼여행,O
브이로그예요,O
브이로그,O
하려고,O
찍어둔,O
건,O
아니고,O
단순,O
기록용으로,O
찍어둔,O
건데,O
미루다,O
미루다,O
이제야,O
편집,O
그래서,O
화질이,O
안,O
좋을,O
수,O
있습니다,O
점,O
세개,O
누르고,O
고급에서,O
고화질,O
선택,O
가능해요,O
056,O
달맞이포차,B_RES
147,O
버거샵,B_RES
214,O
해리단길,B_TOR
호키츠네,B_RES
424,O
금오유비끼,B_RES
442,O
기장,B_LOC
카페,O
이름이,O
기억이,O
안,O
나요ㅠㅠ,O
601,O
아오모리,B_RES
파라다이스,O
파크하얏트스위트,O
부산,B_LOC
여행,O
여행브이로그,O
신혼여행,O
신혼부부,O
ㅡㅡㅡ,ㅡㅡㅡ
먹방브이로그일상브이로그먹방,O
유튜버,O
안녕하세요,O
배블리,O
입니다,O
오늘,O
브이로그,O
영상은,O
친구,O
들을,O
만나,O
밀면,O
맛집에,O
다녀오고,O
재밌게,O
노는,O
영상과,O
동생,O
을,O
만나,O
맛있는,O
샤브샤브,O
를,O
먹고,O
헤어,O
스트레이트를,O
하는,O
영상이에요,O
오늘,O
브이로그는,O
좀,O
많이,O
싸돌아댕겼어요,O
첫번째,O
밀면,O
맛집은,O
부산,B_LOC
서면,B_LOC
국밥골목,O
안에,O
있는,O
본가밀면,B_RES
이라는,O
곳이구요,O
두번째,O
동생,O
과,O
함께,O
간,O
샤브샤브,O
는,O
창원,B_LOC
상남동,O
리베라컨벤션,O
에,O
있는,O
샤브올,B_RES
이라는,O
곳이에요,O
간만에,O
친구,O
들,O
만나는데,O
브이로그,O
영상으로,O
남기고,O
싶어,O
이렇게,O
또,O
빨리,O
브이로그로,O
만나뵙게됬습니당,O
ㅎㅎㅎ,O
오늘,O
도,O
재밌게,O
봐주세용,O
감사합니다,O
ㅡㅡㅡ,ㅡㅡㅡ
5,O
안녕하세요,O
우기입니당,O
이번에,O
오랜만에,O
부산,B_LOC
친구,O
들과,O
즐거운,O
시간을,O
보냈어요ㅎㅎ,O
독립해서,O
서울,B_LOC
에서,O
살다가,O
가끔씩,O
부산,B_LOC
내려와도,O
반겨주는,O
가족,O
들과,O
친구,O
들이,O
있어서,O
너무,O
좋은,O
것,O
같아요,O
그럼,O
오늘,O
도,O
영상,O
재밌게,O
봐주시고,O
계속되는,O
부산,B_LOC
영상도,O
기대해주세요,O
영상,O
속,O
정보,O
국밥집,O
서면,B_LOC
더진국,B_RES
술집,O
서면,B_LOC
홍콩나이트,B_RES
우,O
기가,O
입은,O
착장이,O
궁금하시면,O
6094,O
편집,O
문의,O
0,O
클로징,O
문의,O
00,O
부산,B_LOC
일상브이로그,O
광안리,B_TOR
3,O
102,O
11,O
102,O
ㅡㅡㅡ,ㅡㅡㅡ
부산,B_LOC
여행,O
여행브이로그,O
부산,B_LOC
먹방,O
안녕하세요,O
무그스타,O
입니다,O
오늘,O
여행지는,O
부산,B_LOC
입니다,O
아름다운,O
바다와,O
엄청난,O
맛집이,O
있은,O
곳이죠,O
이번,O
브이로그는,O
관광없고,O
어쩌다,O
보니,O
먹방,O
브이로그입니다,O
2박3일동안,O
맛집을,O
너무,O
많이,O
다녀와서,O
소개해드리고,O
싶은,O
맛집들이,O
너무,O
많았어요,O
그래서,O
부산,B_LOC
편은,O
총2탄,O
으로,O
나눠서,O
업로드,O
할,O
예정입니다,O
2편,O
도,O
기대해주세요,O
먹방코스,O
문,B_RES
토스트,I_RES
치즈,O
폭탄,O
송정,B_LOC
이,O
본점이라고,O
하던데,O
부산역,B_LOC
도,O
있더라고요,O
옥당분식,B_RES
떡,O
식감이,O
진짜,O
장난아니에요,O
ㅎㅎ,O
신기한부드러운,O
식감,O
매운맛은,O
아니고,O
달달합니다,O
아오모리,B_RES
센텀백화점,O
근처,O
오마카세,O
라서,O
비싸지만,O
진짜,O
너무,O
맛있어요,O
맛없는게,O
없을정도,O
예약필수,O
하운드호텔,O
광안,O
야놀자어플,O
랜덤오션뷰,O
공사만,O
아니면,O
너무,O
완벽했던,O
숙소였어요,O
1004,O
1004,O
여행,O
유튜버,O
해운대,B_TOR
광안리,B_TOR
ㅡㅡㅡ,ㅡㅡㅡ
16,O
바다미술제,O
2019,O
20199281027,O
부산,B_LOC
에서는,O
2년마다,O
바다를,O
무대로,O
미술제가,O
열리고,O
있습니다,O
작품과,O
바다가,O
함께,O
했던,O
다대포해수욕장,B_TOR
에서,O
눈길,O
닿는,O
모든,O
곳이,O
작품이었던,O
시간을,O
가득,O
담아,O
왔습니다,O
이번,O
영상도,O
시청해주셔서,O
감사합니다,O
영상이,O
마음에,O
드셨다면,O
좋아요,O
와,O
알림,O
설정을,O
부탁드릴게요,O
바다,O
미술,O
제,O
다대포해수욕장,B_TOR
다대포,B_TOR
일몰,O
바다미술제,O
01,O
영상에,O
나온,O
장소,O
다대포해수욕장,B_TOR
00,O
카페,O
투썸플레이스부산다대포점,O
0,O
영상,O
다운로드,O
및,O
2차,O
편집,O
무단,O
업로드를,O
금지합니다,O
2019,O
ㅡㅡㅡ,ㅡㅡㅡ
먹방브이로그일상브이로그먹방,O
유튜버,O
안녕하세요,O
배블리,O
입니다,O
오늘,O
도,O
여러분들이,O
원하시는,O
일상,O
브이로그를,O
가지고,O
왔습니다,O
초반에,O
나오는,O
바닷가는,O
부산,B_LOC
가덕도,B_LOC
라는,O
곳인데요,O
여기서,O
낚시도,O
하고,O
캠핑도,O
하고,O
예쁜,O
바다가,O
보이는,O
카페를,O
다녀왔답니다,O
가덕도,B_LOC
에,O
다녀와서,O
야식으로,O
족발,O
도,O
뜯고,O
다음날,O
에는,O
비가,O
추적추적,O
내려서,O
칼국수,O
와,O
함께,O
해물파전,O
도,O
맛있게,O
먹었어요,O
오늘,O
도,O
재밌게,O
봐주세요,O
감사합니다,O
ㅡㅡㅡ,ㅡㅡㅡ
국내여행,O
부산,B_LOC
여행,O
아이폰,O
브이로그,O
브이로그,O
시댁과,O
함께한,O
국내여행,O
마지막,O
정착지,O
부산,B_LOC
부산,B_LOC
에,O
있는,O
맛집과,O
함께하는,O
여유로운,O
여름,O
휴가,O
마지막날,O
함께,O
해주세요,O
12,O
호텔,O
유림포차,O
부산,B_LOC
광안리,B_TOR
혜성막창,B_RES
2호점,O
부산,B_LOC
서면,B_LOC
송정,B_RES
3대국밥,I_RES
자세한,O
사항은,O
블로그,O
90,O
에서,O
만나보실,O
수,O
있습니다,O
199222,O
199224,O
123,O
90,O
ㅡㅡㅡ,ㅡㅡㅡ
청춘남녀,O
여러분,O
안녕하세요,O
4년만,O
에,O
다시,O
찾은,O
부산,B_LOC
알차게,O
다녀온,O
2박3일,O
부산,B_LOC
여행,O
소개합니다,O
오늘,O
도,O
고민부부,O
채널에,O
놀러오신,O
청춘남녀,O
여러분,O
감사합니다,O
악플이나,O
논란을,O
조장하는,O
댓글은,O
예고없이,O
삭제됩니다,O
000,O
오프닝,O
048,O
죽성드림세트장,B_TOR
122,O
해동,B_TOR
용궁사,I_TOR
232,O
아난티코브이터널저니,B_TOR
312,O
송도,B_TOR
해상,I_TOR
케이블카,I_TOR
418,O
감천,B_TOR
문화마을,I_TOR
511,O
시장,O
투어,O
554,O
해운대센텀호텔,O
603,O
태종대,B_TOR
727,O
을숙도,B_LOC
고민,O
부부,O
여행,O
몰아보기,O
2박3일,O
일정,O
총,O
정리,O
221567452820,O
죽성드림,B_TOR
세트장,I_TOR
221570328013,O
해동용궁사,B_TOR
221571920427,O
아난티코브이터널저니,B_TOR
221574920905,O
송도,B_TOR
해상케이블카,I_TOR
221591926391,O
감천문화마을,B_TOR
221598643376,O
시장,O
투어,O
221598738811,O
해운대센텀호텔,O
221575929051,O
태종대,B_TOR
221616375544,O
을숙도,B_LOC
221619454459,O
금수복국,B_RES
221576543606,O
아비아채,B_RES
221578478612,O
7,O
20182020,O
고민부부,O
부산,B_LOC
여행,O
부산,B_LOC
2박3일,O
부산,B_LOC
가볼만한곳,O
ㅡㅡㅡ,ㅡㅡㅡ
일상,O
브이로그,O
먹방,O
쭈,O
의,O
일상,O
032,O
만개한,O
벚꽃,O
과,O
유채꽃,O
039,O
부산,B_LOC
전포동,B_LOC
오누이키친,B_RES
에서,O
파스타,O
리조또,O
먹방,O
232,O
부산,B_LOC
전포동,B_LOC
카페이든,B_CAF
336,O
자라,O
에서,O
쇼핑,O
358,O
부산,B_LOC
서면,B_LOC
모리도중,B_CAF
카페,O
448,O
부산,B_LOC
이케아,O
에서,O
쇼핑하기,O
553,O
부산,B_LOC
기장,B_LOC
맛집,O
맛고을,B_RES
에서,O
오리고기,O
먹방,O
922,O
식물,O
가꾸기극락조,O
1103,O
다,O
이어트샐러드,O
라고,O
쓰고,O
코끼리샐러드,O
라고,O
읽는,O
아보카도치즈콘샐러드,O
만들기,O
1245,O
샐러드,O
먹방,O
의,O
은는,O
라이선스,O
40,O
에,O
따라,O
라이선스가,O
부여됩니다,O
출처,O
1100174,O
아티스트,O
ㅡㅡㅡ,ㅡㅡㅡ
부산,B_LOC
영상,O
너무,O
늦었쥬,O
기다려주신,O
우리,O
룬룬쓰,O
가족,O
들,O
감사합니다,O
한국,O
을,O
특히,O
부산,B_LOC
을,O
사랑하는,O
마음을,O
듬뿍듬뿍,O
담았어요,O
구독자,O
7만명,O
도,O
감사합니다,O
ㅠ,O
꾸준히,O
있는,O
그대로의,O
룬룬쓰,O
로미네,O
의,O
영상을,O
생생히,O
전달,O
할께요,O
너무,O
인위적으로,O
가식적으로,O
만드는걸,O
피하고,O
싶어요,O
그래서,O
가끔,O
너무,O
우당탕탕,O
하며,O
어수선하게,O
보여도,O
이해,O
해,O
주세요,O
이번,O
한주,O
도,O
모두,O
고생하셨어용,O
남은,O
시간도,O
편안하게,O
보내주세요,O
부산,B_LOC
브이로그,O
고독한미식가,O
낙곱새,O
맛있다아이가,O
부산,B_LOC
최고,O
부산,B_LOC
뿌시기,O
인생맛집,O
치맥먹방,O
송도케이블카,B_TOR
부산,B_LOC
관광,O
인스타그램,O
미공개,O
사진,O
영상과,O
예고편,O
공개,O
ㅡㅡㅡ,ㅡㅡㅡ
안녕하세요,O
오늘,O
은,O
아버지,O
생신을,O
맞이하여,O
부산,B_LOC
에,O
갔다가,O
경주,B_LOC
로,O
가족,O
여행을,O
갔다온,O
일과를,O
기록했고,O
차곡차곡,O
모아서,O
완성해,O
봤어요,O
오늘,O
도,O
짧지않은,O
시간,O
시청해,O
주셔서,O
감사드리구요,O
항상,O
건강하세요,O
코로나,O
조심하세요,O
19,O
구독하고,O
행복해지기,O
09,O
1,O
정보,O
부산,B_LOC
쌍둥이돼지국밥,B_RES
메뉴,O
순대국밥,O
7000,O
초간장,O
은,O
달라고해야,O
줍니다,O
7,O
경주,B_LOC
화랑의언덕,B_TOR
입장료,O
2000,O
무료주차,O
2,O
경주,B_LOC
블루원프라이빗콘도,O
경부,O
보문단지,B_TOR
오리배,O
4인,O
20000,O
4,O
20,O
경주,B_LOC
문무대왕릉,B_TOR
바닷가,O
브금,O
웨코,O
2,O
브이로그,O
구독좋아요,O
공유댓글,O
많이,O
해,O
주세요,O
ㅡㅡㅡ,ㅡㅡㅡ
안녕하세요,O
이봉조봉,O
커플,O
입니다,O
추석,O
을,O
맞아,O
고향으로,O
가보았어요,O
20년,O
넘게,O
부산,B_LOC
살면서,O
정말,O
맛있는,O
집만,O
가보았습니다,O
이쁘게,O
봐주세용,O
거제도,B_LOC
모정해물탕,B_RES
거제도,B_LOC
외도널서리카페,B_CAF
광안리,B_TOR
다리집,B_RES
경성대,O
롤뺑드빠리,B_CAF
연제구,O
국제밀면,B_RES
용호동,O
할매팥빙수,B_CAF
2491,O
ㅡㅡㅡ,ㅡㅡㅡ
영상장소정리,O
120,O
범어사,B_TOR
148,O
금정산성,B_TOR
209,O
카페949,B_CAF
햇살맛집,O
인스타,O
덕후,O
들,O
달려요,O
234,O
회동저수지,B_TOR
할매집,B_RES
솔직히,O
경치때문에,O
5인분,O
혼자,O
뚝딱할,O
수,O
있을,O
것,O
같음,O
244,O
금강식물원,B_TOR
입장료,O
단돈,O
천원,O
코로나,O
때문에,O
실내는,O
무섭잖아요,O
실외,O
데이트,O
ㄱㄱ,O
311,O
솔밭집,B_RES
부산대,O
안에,O
있는,O
술집,O
막걸리,O
만,O
있는거,O
아니니깐,O
일단,O
고,O
여기,O
데려갔더니,O
본인,O
왜,O
부산대,O
아니냐고,O
재수학원,O
들어간다는,O
사람,O
많았습니다,O
320,O
쥴리상점,B_TOR
저는,O
여기서,O
주기별로,O
집게핀,O
삽니다,O
튼튼하고,O
쌉니다,O
추천추천,O
334,O
인생네컷,O
부산,B_LOC
놀러왔는데,O
사진은,O
당연한거,O
아니겠어요,O
340,O
수림식당,B_RES
본점,O
본점이,O
아주,O
조금,O
더,O
맛있답니다,O
금강식물원,B_RES
에서,O
걸어서,O
1분,O
거리에,O
있으니,O
함께,O
가보시길,O
343,O
부산대정문,O
명물토스트,B_RES
저,O
고3,O
때,O
티비,O
에,O
부산대,O
3단토스트,O
가,O
나오는거에요,O
보자마자,O
혹해서,O
먹은뒤,O
그,O
맛에,O
반해서,O
부산대,O
입학했다는,O
소문,O
양,O
제법,O
많으니까,O
사장,O
님께,O
반,O
쪼개달라고,O
해서,O
나눠먹기,O
메뉴추천,O
정석파,O
딸바,O
햄토스트,O
응용파,O
복자,O
햄토스트,O
350,O
부산대쑥밀면,B_RES
밀면,O
드실꺼라면,O
초밀면,O
아니죠,O
여기,O
가셔야해요,O
하하,O
모든,O
촬영은,O
코로나,O
안전수칙에,O
따라,O
안전하게,O
촬영했음을,O
알려드립니다,O
화질,O
1080,O
으로,O
하고,O
보시면,O
당신의,O
눈,O
이,O
행복해,O
할,O
것,O
여기,O
나오는,O
모든,O
음식점은,O
현지인,O
들에게,O
검증된,O
찐,O
맛집이랍니다,O
이,O
영상은,O
유료광고를,O
포함하고,O
있지,O
않습니다,O
다년간,O
부산대,O
근처를,O
돌아다닌,O
스몰데이터를,O
기반으로,O
제작한,O
자발적,O
영상입니다,O
부산,B_LOC
여행,O
부산,B_LOC
여행브이로그,O
부산대학교,O
찐,O
부산,B_LOC
여행기,O
사용,O
음악,O
1,O
2,O
2104,O
3,O
5번,O
음악,O
사용,O
ㅡㅡㅡ,ㅡㅡㅡ
씨스터즈,O
의,O
부산,B_LOC
이야기,O
다녀왔던,O
곳,O
화명수목원,B_TOR
헤이든신씨어,B_CAF
딤타오,B_RES
마카롱,B_CAF
해운대,B_TOR
해변,O
부산현대미술관,B_TOR
ㅡㅡㅡ,ㅡㅡㅡ
자막을,O
켜고,O
봐주세요,O
구독,O
부탁드리겠습니다,O
초밥집,O
남포동,B_LOC
스시부엌,B_RES
ㅡㅡㅡ,ㅡㅡㅡ
나만,O
알고,O
싶은,O
공원,O
부산시민공원,B_TOR
저는,O
부산시민공원,B_TOR
을,O
이렇게,O
즐긴답니다,O
가족,O
친구,O
연인,O
과,O
함께,O
소풍,O
어떠신가요,O
맛있는,O
음식과,O
함께,O
즐거운,O
시간,O
보내보세요,O
부산시민공원,B_TOR
소풍,O
부산,B_LOC
이,O
영상은,O
자막,O
편집이,O
가능합니다,O
자막,O
편집에,O
도움을,O
주세요,O
아래,O
링크를,O
클릭하시면,O
자막,O
편집에,O
참여,O
가능합니다,O
83,O
2,O
정보,O
7,O
2019,O
와,O
소통하기,O
051,O
2019,O
ㅡㅡㅡ,ㅡㅡㅡ
부산,B_LOC
여행,O
힐튼호텔,O
구독,O
과,O
좋아요,O
큰이,O
됩니다,O
안녕하세요,O
요즘,O
코로나,O
때문에,O
걱정,O
많으시죠,O
걱정,O
보다는,O
편안한,O
마음으로,O
잘,O
먹고,O
잘,O
씻고,O
잘,O
지내는게,O
도움이,O
될,O
것,O
같아요,O
코로나,O
가,O
얼른,O
지나가길,O
바래봅니다,O
모두들,O
건강,O
잘,O
챙기세요,O
30,O
광안대교,B_TOR
광안대교,B_TOR
무심코,O
탔다가,O
요금지불에,O
당황할,O
수,O
있어요ㅋㅋㅋㅋㅋ,O
돈비치,O
관광호텔,O
저렴한,O
가격과,O
광안대교,B_TOR
와,O
가까운,O
위치가,O
장점,O
이지만,O
방음이,O
아쉬울,O
수,O
있어요,O
깡통시장,B_TOR
진맛집,O
비빔당면,O
맛있어서,O
완전,O
흡입했어요ㅋㅋ,O
매운,O
떡볶이,O
를,O
좋아하시는,O
분은,O
입맛에,O
안,O
맞을,O
수,O
있어요,O
해운대,B_TOR
밀면,O
감칠맛을,O
좋아하신다면,O
물밀면,O
추천,O
비빔밀면,O
은,O
좀,O
아쉬울,O
수,O
있어요,O
갈삼구이,O
갈삼구이,O
처음,O
접했는데,O
정말,O
너무,O
맛있었어요,O
삼겹살,O
과,O
조개,O
가,O
잘,O
어울리더라구요,O
추천추천,O
힐튼호텔,O
떠나기,O
아쉬웠던,O
호텔은,O
처음이었어요,O
호텔,O
안에서,O
모든것을,O
할,O
수,O
있는,O
제대로된,O
호캉스를,O
즐길,O
수,O
있는,O
호텔인,O
것,O
같아요,O
가격이,O
부담스럽지만,O
최고의,O
대우를,O
받은,O
느낌이었어요,O
구독과,O
좋아요,O
알림설정으로,O
다음영상에서,O
또,O
만나요,O
리윤,O
해당,O
영상물에,O
대한,O
모든,O
권한은,O
리윤,O
에게,O
있습니다,O
ㅡㅡㅡ,ㅡㅡㅡ
부산,B_LOC
송정,B_LOC
해운대,B_TOR
에,O
다녀왔습니다,O
알차게,O
논,O
하루,O
를,O
담아봤습니다,O
시청해주셔서,O
감사합니다,O
가방,O
정보,O
9,O
9,O
30,O
할인,O
코드,O
슬기로운예과생활,O
의대생,O
브이로그,O
ㅡㅡㅡ,ㅡㅡㅡ
엄마,O
가,O
생일선물로,O
사주신,O
목걸이를,O
찾으러,O
부산,B_LOC
다녀왔어요,O
재고가,O
없어서,O
주문하고,O
일주일,O
기다렸는데,O
택배가,O
안돼서,O
직접,O
다녀왔어요,O
부산,B_LOC
간,O
김에,O
광안리,B_TOR
에서,O
바다,O
보고,O
친구,O
도,O
만났습니다,O
506,O
이,O
영상에는,O
네이버,O
에서,O
제공한,O
나눔글꼴이,O
적용되어,O
있습니다,O
티파니앤코,O
부산,B_LOC
광안리,B_TOR
리턴투티파,O
니,O
ㅡㅡㅡ,ㅡㅡㅡ
안녕하세요,O
오늘,O
도,O
일상,O
브이로그,O
영상,O
가지고,O
왔어요,O
서면,B_LOC
롯데백화점,O
푸드코트에서,O
홍대개미,B_RES
에서,O
스테이크덮밥,O
도,O
먹고,O
제가,O
애정하는,O
폴바셋,B_CAF
가서,O
아이스크림라떼,O
도,O
마셨어요,O
ㅎㅎ,O
아침,O
일찍부터,O
나서서,O
다녔더니,O
영,O
이,O
없어보이네요,O
다음엔,O
잘,O
먹고,O
나가서,O
더,O
쌩쌩한,O
영상을,O
담아오도록,O
할게요,O
ㅋㅋ,O
형수로그,O
구독하기,O
형수로그,O
인스타그램,O
네이버,O
블로그,O
형수로그,O
2,O
30,O
30,O
868,O
ㅡㅡㅡ,ㅡㅡㅡ
안녕하세요,O
록록,O
입니다,O
지난7월중순,O
부산,B_LOC
수영,O
과,O
해운대,B_TOR
쪽,O
여행을,O
다녀왔습니다,O
그때,O
찍은,O
영상을,O
이제서야,O
편집해,O
업로드를,O
하게,O
되었습니다,O
총,O
2박3일,O
여행을,O
갔는데,O
첫날만,O
열심히,O
찍고,O
둘째날부터,O
는,O
술병이,O
나서,O
카메라,O
를,O
들,O
이,O
없었습니다,O
면목이,O
없습니다,O
그래도,O
이,O
콘텐츠를,O
어떻게,O
살릴,O
수,O
있을까,O
고민하다,O
세로,O
브이로그를,O
도전해봤는데,O
예쁘게,O
봐주셨으면,O
감사하겠습니다ㅎㅎ,O
많은,O
문의가,O
없을,O
거라,O
생각하지만,O
혹시,O
영상을,O
보고,O
궁금한,O
장소나,O
식당이,O
있다면,O
댓글과,O
인스타,O
디엠,O
으로,O
말씀,O
주세요,O
기억나는,O
한도,O
내에서,O
최선을,O
다해,O
답변드릴게요,O
그럼,O
다,O
가오,O
는,O
9월,O
도,O
기분,O
좋은,O
일만,O
가득하세요,O
ㅡㅡㅡ,ㅡㅡㅡ
너나둘,O
이,O
인스타그램,O
인스타,O
웹툰,O
너나둘이,O
그리는,O
게,O
이커플,O
입니다,O
일상,O
데이트,O
브이로그,O
입니다,O
이쁘게,O
봐주세요,O
게이,O
커플,O
데이트,O
너나둘,O
이,O
부산,B_LOC
광안리,B_TOR
해운대,B_TOR
ㅡㅡㅡ,ㅡㅡㅡ
안녕하세요,O
이번,O
영상은,O
동생,O
과,O
함께한,O
부산,B_LOC
브이로그,O
영상입니당,O
한국,O
너무,O
좋아요ㅠㅠ,O
오늘,O
도,O
시청해주셔서,O
감사합니다,O
좋은,O
하루,O
보내세요,O
프리뮤직,O
44,O
부산,B_LOC
브이로그,O
자매브이로그,O
남포동,B_LOC
광안리,B_TOR
ㅡㅡㅡ,ㅡㅡㅡ
안녕하세요,O
여행,O
유튜버,O
무그스타,O
입니다,O
오늘,O
영상은,O
부산,B_LOC
여행,O
브이로그,O
2탄,O
을,O
준비했습니다,O
열심히,O
먹기만,O
해서,O
어쩌다,O
보니,O
먹방브이로그,O
맛집이,O
너무,O
많은,O
부산,B_LOC
사랑합니다,O
맛집코스,O
기장해녀촌,B_TOR
해물포장마차촌,B_TOR
죽성드림세트장,B_TOR
죽성성당,B_TOR
웨이브온커피,B_CAF
오션뷰카페,O
해운대,B_TOR
달인막창,B_RES
1시간,O
웨이팅은,O
기본인,O
맛집,O
낙곱새,O
원조,O
개미,B_RES
집,I_RES
고래사어묵,B_RES
1004,O
1004,O
ㅡㅡㅡ,ㅡㅡㅡ
부산,B_LOC
서면,B_LOC
전리단길,B_TOR
브이로그,O
카페,O
예쁜카페,O
안녕하세요,O
래래티비,O
구독자,O
여러분들,O
오랜만이죠,O
래래,O
가,O
부산,B_LOC
서면,B_LOC
전리단길,B_TOR
에,O
랜드마크9,B_CAF
이라는,O
카페를,O
다녀왔습니당,O
래래티비,O
구독자,O
들이랑,O
같이,O
이쁜,O
곳을,O
볼려구,O
이렇게,O
카페,O
브이로그,O
영상을,O
가져왔어요,O
다음,O
영상은,O
아육대,O
영상인데,O
아육대,O
방송,O
후,O
업로드,O
예정이예요,O
이번영상,O
재밌게,O
보셨고,O
다음,O
영상도,O
궁금하시면,O
구독,O
꾸우욱,O
궁금하신거,O
있으면,O
댓글도,O
팡팡,O
남겨주세요,O
미래,O
인스타그램,O
0827,O
ㅡㅡㅡ,ㅡㅡㅡ
데이트브이로그,O
부산,B_LOC
커플브이로그,O
안녕하세요,O
챈아,O
입니다,O
부산,B_LOC
여행브이로그,O
2탄,O
광안리,B_TOR
아쿠아리움,O
해운대,B_TOR
풀코스여행ㅎ,O
바다를,O
온몸,O
으로,O
느끼고,O
왔습니다,O
구독좋아요,O
눌러주시면,O
좋은,O
일이,O
생길거예요,O
오늘,O
도,O
영상,O
봐주셔서,O
감사드려요,O
앞으로도,O
자주,O
들러,O
주세용,O
브금,O
대통령,O
2,O
227,O
브금,O
대통령,O
54,O
브금,O
대통령,O
418,O
브금,O
대통령,O
봄,O
바람,O
5,O
브금,O
대통령,O
브금의숲,O
5494,O
ㅡㅡㅡ,ㅡㅡㅡ
안녕하세요,O
오,O
감,O
자매,O
입니다,O
오늘,O
은,O
어버이날,O
겸,O
부산,B_LOC
다녀온,O
영상,O
2탄,O
이에요,O
일주일정도,O
지내다,O
왔는데,O
분량을,O
줄인다고,O
줄여도,O
한시간,O
이,O
넘네요,O
덜,O
줄이고,O
3탄,O
까지,O
올릴까,O
했지만,O
부산,B_LOC
영상,O
지겨우실거,O
같아,O
2탄,O
까지,O
만들었습니다,O
항상,O
부산,B_LOC
갈때마다,O
오랜만에,O
가서,O
그런지,O
먹고싶은게,O
많아,O
결정장애,O
심하게,O
와요,O
매떡,O
도,O
먹고싶고,O
멕코이치킨,B_RES
도,O
먹고,O
싶고,O
많았는데,O
시간이,O
없어서,O
못먹었네요,O
ㅠㅠ,O
저희는,O
집이,O
남포동,B_LOC
근처라,O
제일,O
편하고,O
좋은데,O
매번,O
남포동,B_LOC
에서,O
노는거,O
같아서,O
시청자,O
분들,O
생각하면,O
광안리,B_TOR
서면,B_LOC
해운대,B_TOR
등등,O
부산,B_LOC
을,O
더,O
보여드리고,O
싶기도,O
합니다,O
헤헷,O
이번에,O
부산,B_LOC
내려간게,O
엄청,O
오랜만인데,O
그동안은,O
아무생각,O
없었던,O
자세히,O
보지못했던,O
우리,O
아빠,O
엄마,O
웃는,O
모습을,O
보니,O
자주,O
내려가서,O
함께,O
시간을,O
보내야겠다,O
생각했습니다,O
나이가,O
어느정도,O
차고,O
경제적인,O
능력도,O
어릴때보다는,O
여유가,O
있으니,O
부모,O
님이,O
여태,O
저희를,O
위해,O
희생하시고,O
잘,O
키워주신거만큼은,O
안되겠지만,O
해드릴수,O
있는,O
선에서,O
최대한,O
보답해,O
드려야겠다고,O
알감이랑,O
많이,O
느끼는,O
요즘이에요,O
오늘,O
도,O
저희보러,O
와주셔서,O
감사합니다,O
날이,O
너무,O
더워졌어요,O
마스크가,O
너무너무,O
갑갑하고,O
피부,O
트러블,O
도,O
심해지는데,O
어서,O
종식이,O
되어서,O
마스크,O
안끼는,O
날이,O
하루,O
빨리,O
왔으면,O
좋겠습니다,O
그럼,O
안녕,O
생돼지갈비,O
남포동,B_LOC
왕대박숯,B_RES
불갈비,I_RES
고추간짜장,O
부민동,O
영의루,B_RES
철판볶음밥,O
유가,O
네,O
닭갈비,O
당면만두,O
부평시장,B_TOR
어묵,O
가게에서는,O
다,O
팔아요,O
그릇,O
나,O
오늘의집,O
어플로,O
구매,O
투톤,O
나무수저,O
오늘의집,O
어플로,O
구매,O
현재는,O
판매,O
중단,O
냄비,O
잠,O
옷,O
네이버,O
검색,O
엘모잠옷,O
체크잠옷,O
은,O
타오바오,O
구매,O
소재,O
안좋음,O
알감이,O
옷,O
네이버,O
검색,O
랩니트,O
스퀘어넥니트,O
개인인스타,O
기재되지,O
않은,O
음원은,O
제목이,O
없는,O
유투브,O
무료음원입니다,O
영상은,O
매주,O
수요일,O
업로드,O
됩니다,O
고정,O
업로드,O
외에,O
업로드,O
요일은,O
랜덤입니다,O
구독과,O
좋아요,O
알람설정,O
부탁드릴게요,O
감,O
자매,O
알감자,O
감자매,O
가,O
궁금하시다면,O
답변영상,O
19,O
비즈니스,O
메일,O
333,O
감자매,O
먹방,O
브이로그,O
자취생,O
집순이,O
먹방브이로그,O
ㅡㅡㅡ,ㅡㅡㅡ
기차,O
를,O
타고,O
남포동,B_LOC
에,O
놀러갔어요,O
평소,O
제가,O
가던,O
맛집과,O
카페를,O
찍어,O
올렸어요,O
루흐,B_RES
파스타,O
집,O
카마타케제면소,B_RES
우동,O
집,O
백설사커피,B_CAF
카페는,O
제가,O
좋아하고,O
종종,O
가던,O
곳이라,O
추천드리구요,O
쿠오리노카페,B_CAF
는,O
저도,O
처음가봤는데,O
남포동,B_LOC
에서,O
유명한,O
카페입니다,O
부산,B_LOC
에,O
놀러오시는,O
특히,O
남포동,B_LOC
에,O
오시는,O
분들에게,O
좋은,O
정보가,O
되었으면,O
좋겠어요,O
시청해주셔서,O
감사합니다,O
4,O
5,O
ㅡㅡㅡ,ㅡㅡㅡ
태국,O
방콕,O
여행,O
브이로그,O
제작,O
중,O
긴급으로,O
다녀온,O
맛집,O
투어,O
바로,O
최근,O
방송된,O
고독한미식가,O
2019,O
연말,O
스페셜,O
부산,B_LOC
맛집,O
투어입니다,O
당일치기로,O
다녀온,O
고독한미식가,O
부산,B_LOC
맛집,O
투어,O
바로,O
가보겠습니다,O
여행,O
고독한미식가,O
부산,B_LOC
고독한미식가,O
부산,B_LOC
부산,B_LOC
맛집,O
낙곱새,O
오륙도낙지볶음,B_RES
孤,O
부산,B_LOC
여행,O
ㅡㅡㅡ,ㅡㅡㅡ
안녕,O
여러분,O
이번,O
영상은,O
부산,B_LOC
팬밋업,O
내용과,O
부산,B_LOC
여행,O
내용인데요,O
정보를,O
정리해서,O
보고싶으신,O
분들을,O
위해,O
아래,O
꼼꼼히,O
정리해놨습니다,O
참고해주세요,O
만드는데,O
시간이,O
진짜,O
진짜,O
오래,O
걸렸지만,O
여러분이,O
영상,O
재밌게,O
보시기를,O
바라며,O
또,O
도움,O
되길,O
바라며,O
내보았습니다ㅎㅎ,O
저는,O
친구,O
들과,O
또는,O
혼자,O
부산,B_LOC
여행을,O
정말,O
많이,O
다녀서,O
나름의,O
코스가,O
생겼어요,O
아래,O
추천,O
맛집,O
코스,O
등등을,O
정리해드릴게요,O
부산,B_LOC
여행,O
가실,O
계획,O
있는,O
분들은,O
꼭,O
참고해보세요,O
닥스,O
의,O
1박2일,O
출장여행,O
일정,O
1,O
오전,O
서울,B_LOC
출발,O
벡스코,O
에서,O
점심,O
팬밋업,O
및,O
행사,O
이,O
일정을,O
그대로,O
따르실,O
분들은,O
이,O
시간에,O
벡스코백화점,O
이나,O
근처,O
볼거리들을,O
구경하시는,O
것,O
추천,O
광안리,B_TOR
에서,O
저녁,O
식사,O
근처,O
구경,O
광안리,B_TOR
도로,O
앞,O
에,O
포토존처럼,O
되어있는,O
부분이,O
있는데,O
거기보다,O
해변,O
가까이에서,O
저렇게,O
앉아서,O
광안대교,B_TOR
를,O
대칭으로,O
놓고,O
찍는,O
게,O
더,O
이쁘답니다ㅎㅎ,O
자세한건,O
영상으로,O
아,O
그리고,O
진짜,O
광안리대교,B_TOR
거꾸로,O
한번,O
봐보세욬ㅋㅋㅋ,O
2,O
오전,O
에,O
벡스코,O
주변,O
호텔에서,O
짐캐리,O
로,O
짐,O
부산역,O
보냄,O
해운대,B_TOR
산책,O
카페와,O
근처,O
달맞이,B_TOR
고개,I_TOR
구경,O
택시,O
타고,O
태종대,B_TOR
택시,O
비,O
2만원이내,O
태종대,B_TOR
위치가,O
굉장히,O
애매해서,O
버스,O
타고,O
가면,O
시간이,O
정말,O
오래,O
걸려요,O
시간이,O
여유롭다면,O
괜찮지만,O
편하고,O
빠르게,O
이동하길,O
원하신다면,O
택시,O
추천합니다,O
달맞이고개,B_TOR
랑,O
비비비당,O
카페도,O
언덕,O
위에,O
있어서,O
또,O
내려가서,O
지하철역까지,O
가는,O
것보다,O
여기서,O
택시,O
를,O
타고,O
대교,O
건너서,O
가는게,O
훨씬,O
빨라요,O
태종대,B_TOR
구경,O
평일,O
은,O
4시반까지,O
유람선,O
을,O
운영하는데,O
이,O
영상엔,O
못나왔지만,O
태종대,B_TOR
유람선,O
은,O
날씨,O
좋을,O
때,O
타면,O
정말,O
괜찮아요,O
이,O
영상에서,O
탄,O
게,O
태종대,B_TOR
유람선,O
날씨는,O
좀,O
흐리지만ㅎ,O
유람선,O
을,O
목적으로,O
가신다면,O
미리,O
전화해보고,O
운영하는지,O
꼭,O
확인하고,O
가세요,O
선착장,O
앞,O
에,O
해산물,O
맛집들도,O
많아요,O
여러분은,O
새우깡,O
갈매기,O
한테꼭,O
주길,O
바라요ㅎ,O
감천문화마을,B_TOR
감천문화마을,B_TOR
은,O
평일,O
엔,O
사람이,O
없다는,O
장점이,O
있지만,O
사람이,O
없기,O
때문에,O
가게들이,O
대체로,O
문을,O
닫는다는,O
단점이ㅎ,O
사람이,O
많더라도,O
주말,O
에,O
가는,O
게,O
낫겠다,O
싶더라고요,O
귀여운,O
카페들과,O
팔찌,O
만들기,O
조각하기,O
등등,O
체험,O
카페들이,O
많이,O
생겨났어요,O
깡통시장에서,O
저녁,O
사랑해ㅎ,O
현금,O
꼭,O
뽑아가세요,O
숑편과,O
저는,O
3만원,O
현금을,O
뚝딱,O
다,O
써버렸습니다,O
부산,B_LOC
여행,O
중에,O
맛있는,O
회,O
도,O
먹고,O
이것저것,O
식사하셨을테니,O
마지막엔,O
시장에서,O
먹고싶은,O
것들,O
야금야금,O
사먹는,O
걸,O
추천합니다,O
저희는,O
씨앗호떡,O
육전,O
한우초밥,O
치즈,O
꼬챙이,O
과일주스,O
먹었어요,O
다,O
맛있었습니다,O
부산역,O
에서,O
짐,O
찾고,O
서울,B_LOC
귀가,O
하루만,O
에,O
이,O
코스를,O
다,O
도는,O
게,O
가능하긴,O
합니다ㅋㅋ,O
지도로,O
보면,O
부산역,O
을,O
중심으로,O
원을,O
그려,O
한바퀴,O
돌고,O
다시,O
부산역,O
으로,O
돌아오는,O
코스예요,O
정말,O
알차게,O
짰어요,O
물론,O
출장,O
중에,O
짬내서,O
여행을,O
즐긴거라,O
이동시간을,O
최대한,O
줄이기,O
위해,O
택시,O
를,O
많이,O
탔습니다,O
참고해주세요,O
짐캐리,O
서비스,O
강추,O
이건,O
이번에,O
처음,O
알게,O
된,O
서비스인데,O
부산,B_LOC
은,O
생각보다,O
넓고,O
갈만한,O
관광명소들이,O
다,O
큼직큼직하게,O
떨어져있어서,O
짐이,O
늘,O
골칫거리였거든요,O
짐을,O
고려한,O
루틴을,O
짜느라,O
늘,O
고생했는데,O
이건,O
부산,B_LOC
내에서,O
숙박업체와,O
연계해,O
짐을,O
부산역,O
이나,O
공항으로,O
가져다주는,O
서비스라,O
정말,O
편해요,O
금액도,O
2만원,O
안이라,O
택시비나,O
물품,O
보관비,O
등등,O
합치면,O
진짜,O
합리적이더라고요,O
무엇보다,O
저는,O
여행에선,O
시간을,O
사야한다는,O
주의이기,O
때문에,O
강추합니다,O
자세한,O
내용은,O
여기,O
광안리,B_TOR
진주,O
횟집,O
다른,O
곳도,O
맛있지만,O
여기,O
전망도,O
참,O
좋고,O
우선,O
아주머니,O
들,O
다,O
친절하세요,O
저희는,O
인당,O
5만원,O
코스를,O
먹었는데,O
하나도,O
안아깝습니다,O
강남,O
에서,O
먹던,O
회,O
를,O
생각하면,O
너무나,O
고퀄리티에,O
너무나,O
저렴하다고,O
느껴져요,O
흑흑,O
부산,B_LOC
와서,O
회,O
에,O
돈,O
많이,O
쓰는,O
거,O
정말,O
안아까운,O
것,O
같아요,O
다른거,O
다,O
아끼더라도,O
이거,O
꼭,O
드세요ㅠㅠ,O
코스,O
와,O
코스,O
의,O
차이는,O
자연산이냐,O
양식이냐라고,O
하더라고요,O
해운대,B_TOR
비비비당,B_CAF
부산,B_LOC
까지,O
왔으니,O
이색적인,O
카페를,O
가보자,O
싶어,O
간,O
곳인데요,O
정말,O
만족,O
카페,O
자체도,O
너무,O
예쁘지만,O
서울,B_LOC
에선,O
아예,O
보기,O
든,O
뷰를,O
볼,O
수,O
있어서,O
만족스러웠어요,O
사람이,O
늘,O
꽉,O
차있다는,O
게,O
좀,O
그렇지만,O
무튼,O
저는,O
솔로지만,O
연인,O
세트를,O
먹었습니다,O
눈물,O
연인,O
세트,O
하면,O
호박빙수,O
와,O
호박식혜,O
각1,O
선택할,O
수,O
있어서,O
둘,O
다,O
맛볼,O
수,O
있어요,O
호박,O
좋아하시는,O
분들은,O
호박빙수,O
꼭,O
먹어보세요,O
여담인데,O
다,O
먹고,O
나가는,O
길에,O
엘레베이터,O
에서,O
단호박,O
껍질을,O
한수레,O
안고,O
가시는,O
아주머니,O
를,O
봤어요,O
그게,O
다,O
내,O
호박빙수,O
에,O
들어갔고,O
지금,O
내,O
배,O
에,O
있다,O
생각하니,O
흐뭇,O
하더라고요,O
무튼,O
그,O
정도로,O
맛내기,O
위한,O
인공적인,O
재료들을,O
쓰는,O
게,O
아니란,O
믿음이,O
센텀신세계백화점,O
에맥앤볼리오,O
이건,O
서울,B_LOC
에도,O
있는,O
아이스크림,O
체인점이지만,O
부산,O
에도,O
있더라고요,O
백화점,O
쪽에서,O
밥,O
먹고,O
후식으로,O
먹었는데,O
근래,O
먹었던,O
아이스크림,O
중에,O
제일,O
맛있었기,O
때문에,O
만족,O
하지만,O
서울,B_LOC
에선,O
또,O
그,O
맛이,O
아니겠죠,O
흑흑,O
무튼,O
여러분,O
도움이,O
되셨길,O
바라요,O
저는,O
그럼,O
이만,O
ㅡㅡㅡ,ㅡㅡㅡ
주말,O
에,O
아빠,O
가,O
출근하는,O
걸,O
따라서,O
회사,O
구경,O
갔다가,O
회사도,O
구경,O
하고,O
부산해양박물관,B_TOR
도,O
구경한,O
하루,O
였습니다,O
ㅡㅡㅡ,ㅡㅡㅡ
둥하,O
친구,O
와,O
둘,O
이서,O
1박2일,O
부산,B_LOC
여행다녀온거,O
2번째,O
영상입니다,O
1,O
부산,B_LOC
이면,O
돼지국밥,O
이죠,O
전날,O
술,O
도,O
좀,O
마시고,O
해서,O
아침,O
으로,O
돼지국밥,O
먹었어요,O
광안국밥,B_RES
이란,O
맛집이었는데,O
정말,O
맛있었어요,O
부산,B_LOC
은,O
어느,O
식당을,O
가도,O
맛있는것,O
같아요,O
2,O
입가심할겸,O
카페에,O
갔어요,O
광안대교,B_TOR
가,O
너무,O
예뻐서,O
그,O
앞,O
카페,O
가고,O
싶었거든요,O
에,O
들러서,O
블루레몬에이드,O
너무,O
시원하게,O
마셨네요,O
너무,O
좋아서,O
일어나기,O
싫었어요,O
3,O
남포동,B_LOC
으로,O
옮겼답니다,O
역시,O
사람많고,O
가게도,O
많고ㅎㅎㅎㅎ,O
친구,O
가,O
밀면,O
을,O
좋아해서,O
할매,B_RES
가야밀면,I_RES
이란,O
집에,O
갔는데,O
유명한,O
집이라,O
그런지,O
손님,O
들,O
정말,O
많았어요,O
만두,O
랑,O
밀면,O
먹었는데,O
순삭ㅎㅎ,O
4,O
마지막으로,O
카페,O
채도,B_CAF
에,O
갔습니다,O
여기,O
분위기,O
정말,O
너무너무,O
좋았어요,O
여기서,O
사진찍으면,O
무조건,O
인스타각이에요,O
ㅋㅋㅋ,O
부산,B_LOC
가시는,O
분들은,O
한번쯤,O
추천해요,O
분위기도,O
좋고,O
맛도,O
좋고,O
강추,O
이렇게,O
부산,B_LOC
여행,O
브이로그,O
마칩니다,O
이제,O
또,O
학생,O
으로서의,O
일상,O
최근,O
다녀온,O
교토,O
여행등도,O
올릴게요ㅎㅎ,O
감사합니다,O
인스타그램,O
부산,B_LOC
여행,O
부산,B_LOC
돼지국밥,O
부산,B_LOC
밀면,O
ㅡㅡㅡ,ㅡㅡㅡ
안녕하세요,O
여러분,O
싣니,O
입니다,O
오늘,O
은,O
한국,O
에,O
오자마자,O
다녀온,O
부산,B_LOC
가족,O
여행이라,O
쓰고,O
먹방,O
여행이라고,O
읽는,O
브이로그랑,O
한국,O
에서,O
남편,O
이랑,O
처음으로,O
10,O
런닝,O
다녀온,O
영상,O
등을,O
담아보았어요,O
한국,O
날씨가,O
진짜,O
덥고,O
습해서,O
놀랐는데,O
모두,O
드시는거랑,O
건강,O
꼭꼭,O
조심하세요,O
영상,O
속,O
정보,O
305,O
거대숯불구이,B_RES
부산,B_LOC
해운대구,O
좌동순환로,O
459,O
654,O
하진,B_RES
이네,I_RES
부산,B_LOC
해운대구,O
청사포로,O
151,O
902,O
원피스,O
20443,O
2044380,O
146,O
1,O
944,O
오복돼지국밥,B_RES
부산,B_LOC
해운대구,O
구남로,O
15,O
1106,O
초량밀면,B_RES
부산,B_LOC
해운대구,O
구남로,O
20,O
2102,O
피슈마라홍탕,B_RES
서울,B_LOC
마포구,O
월드컵로,O
1길,O
14,O
브이로그카메라,O
ㅡㅡㅡ,ㅡㅡㅡ
오랜만에,O
먹방입니다,O
오랜만이아닌가요ㅋㅋㅋㅋ,O
기장철마,B_LOC
에,O
엄주임,O
가족,O
이,O
운영하는,O
철마밤나무집추어탕,B_RES
입니다,O
추어탕,O
맛집이구요,O
닭백숙,O
오리불고기,O
오리백숙,O
도토리묵,O
메기매운탕,O
등,O
다양한,O
메뉴,O
판매중입니다,O
많이,O
방문해주세요,O
김소장,O
철마,B_LOC
맛집,O
기장,B_LOC
맛집,O
추천영상,O
해운대마린시티제니스,O
2,O
해운대마린시티아라트리움,O
4,O
해운대마린시티월드마크,O
0760,O
인스타그램,O
0,O
네이버,O
블로그,O
ㅡㅡㅡ,ㅡㅡㅡ
2박3일동안,O
부산,B_LOC
으로,O
친친여행을,O
다녀왔어요,O
인스타그램,O
에,O
다,O
소개하지,O
못했던,O
박쯔,O
의,O
여행,O
일정,O
감당하실,O
수,O
있겠습니까,O
하브커피,B_CAF
해성막창,B_RES
옵스,B_CAF
상국,B_RES
이네,I_RES
순이와옥이네,B_RES
범고래다방,B_CAF
이가네떡볶이,B_RES
우리포차,B_RES
산에우스타키오일카페,B_CAF
못난이식당,B_RES
초량,B_CAF
1941,I_CAF
마가만두,B_RES
비엔씨,B_CAF
부산,B_LOC
에서도,O
날씬하고,O
행복한,O
하루,O
되이소,O
욕망티비,O
욕망래이디오,O
ㅡㅡㅡ,ㅡㅡㅡ
20210208,O
부산,B_LOC
다녀왔다는,O
영상속,O
카페,O
영도,B_LOC
손목서가,B_TOR
ㅡㅡㅡ,ㅡㅡㅡ
안녕하세요,O
솔,O
솔이입니당,O
마스크,O
쓰고,O
잠깐,O
동래시장,B_TOR
가서,O
칼국수,O
랑,O
호떡,O
만,O
먹고,O
집에,O
왔어요,O
ㅡㅡㅡ,ㅡㅡㅡ
14,O
편지,O
걷기,O
좋은,O
가을날,O
부산,B_LOC
에,O
있는,O
이중섭,O
화가,O
의,O
거리를,O
다녀왔습니다,O
부산,B_LOC
에,O
살면서도,O
몰랐던,O
장소가,O
참,O
많다는,O
걸,O
요즘,O
자주,O
느끼고,O
있어요,O
새로운,O
길을,O
걷는,O
것만으로도,O
즐거워지는,O
하루,O
를,O
전해드리며,O
영상을,O
보시는,O
분들께도,O
그런,O
시간과,O
장소가,O
나타나길,O
바랄게요,O
이번,O
영상도,O
시청해주셔서,O
감사합니다,O
영상이,O
마음에,O
드셨다면,O
좋아요,O
와,O
알림,O
설정을,O
부탁드릴게요,O
이중섭전망대,B_TOR
이중섭거리,B_TOR
부산,B_LOC
여행,O
힐링브이로그,O
추천,O
경로,O
범일역,B_LOC
친구의거리,B_TOR
육교,O
이중섭거리,B_TOR
거리미술관,B_TOR
희망길,B_TOR
100계단,I_TOR
이중섭전망대,B_TOR
범일,B_LOC
풍경마루,I_TOR
희망길,B_TOR
100계단,I_TOR
친구의거리,B_TOR
육교,O
범일역,B_LOC
약1시간30분,O
소요,O
주변,O
관광,O
정보,O
호천마을,B_TOR
문화공감수정,B_CAF
매축지마을,B_TOR
할매국밥,B_RES
영상,O
속,O
위치,O
정보,O
부산,B_LOC
이중섭거리,B_TOR
카카오맵,O
05,O
부산,B_LOC
이중섭전망대,B_TOR
카카오맵,O
75,O
구글맵,O
76,O
영화,O
친구,O
2001,O
촬영지,O
친구의,B_TOR
거리,I_TOR
38,O
264,O
19,O
영상,O
다운로드,O
및,O
2차,O
편집,O
무단,O
업로드를,O
금지합니다,O
2019,O
ㅡㅡㅡ,ㅡㅡㅡ
대한민국테마여행,O
10선,O
남쪽빛감,O
성여행오감만족버스투어,O
부산,B_LOC
부산관광공사,O
핑크투어,O
감천문화마을,B_TOR
거제,B_LOC
통영,B_LOC
남해,B_LOC
부산,B_LOC
여행,O
거제,B_LOC
매미성,B_TOR
더베이101,B_TOR
마린시티,B_TOR
야경,O
정란각,B_TOR
통제영,B_TOR
남해,B_LOC
독일마을,I_TOR
남해,B_LOC
토피아랜드,I_TOR
정말,O
많이,O
갔다왔네여,O
들었지만,O
배운것도,O
많았고,O
아쉬웠던,O
날이,O
였습니다,O
구독해주시면,O
하루,O
하루,O
새로운,O
영상을,O
구독하시면,O
프리미어프로,O
와,O
에프터에펙트,O
에,O
대한,O
꿀팁을,O
만나보실,O
수,O
있습니다,O
ㅡㅡㅡ,ㅡㅡㅡ
안녕하세요,O
오늘,O
영상은,O
그,O
언젠가,O
해운대,B_TOR
에서,O
여름,O
을,O
보냈던,O
어느,O
날의,O
영상입니다,O
문득,O
해운대,B_TOR
에서,O
뜨거운,O
여름,O
을,O
즐겼던,O
이날,O
이,O
떠올라,O
영상을,O
꺼내봤어요,O
시장에서,O
떡볶이,O
먹고,O
아쿠아리움에도,O
다녀오고,O
곱창,O
도,O
먹고,O
밀면,O
도,O
먹은,O
나름,O
해운대,B_TOR
의,O
여름,O
을,O
즐겼던,O
하루,O
였어요,O
이번여름,O
해운대,B_TOR
는,O
어떠세요,O
구독,O
좋아요,O
댓글은,O
저에게,O
이,O
됩니다,O
ㅡㅡㅡ,ㅡㅡㅡ
仲良友達釜山行,O
旅思記思,O
見,O
序盤動撮慣,O
1日目,O
安里,O
1,O
南浦洞,O
食,O
친한,O
친구,O
와,O
부산,B_LOC
에,O
갔어요,O
나의,O
목소리가,O
안예롭지만,O
여행의,O
즐거움이,O
전해지면이라고,O
생각해,O
기록해,O
가려고,O
합니다,O
괜찮다면,O
보세요,O
초반,O
동영상,O
찍는,O
데,O
익숙하지,O
않아서,O
많이,O
흔들려요,O
기분이,O
나빠지면,O
미안해요,O
첫날,O
은,O
광안리,B_TOR
의,O
호텔,O
1,O
가야밀면,B_RES
남포동,B_LOC
에서,O
씨앗호떡,O
을,O
먹었습니다,O
1,O
38,O
53689,O
97,O
79,O
2日,O
目,O
9,O
3日,O
目,O
7,O
ㅡㅡㅡ,ㅡㅡㅡ
시청해,O
주셔서,O
감사합니다,O
재밌게,O
보셨다면,O
구독과,O
좋아요,O
부탁드립니다,O
항상,O
건강하세요,O
꾸까부부,O
인스타그램,O
14,O
까락이,O
인스타그램,O
2,O
부산,B_LOC
여행,O
흰여울문화마을,B_TOR
부산,B_LOC
데이트코스,O
흰여울문화마을,B_TOR
코스,O
흰여울문화마을,B_TOR
브이로그,O
부산,B_LOC
브이로그,O
부산,B_LOC
데이트브이로그,O
데이트브이로그,O
부산,B_LOC
여행브이로그,O
부산흰여울문화마을,B_TOR
여행브이로그,O
신혼부부,O
브이로그,O
커플,O
브이로그,O
부부,O
여행,O
커플,O
여행,O
음원출처,O
별헤는다락방,O
샛별,O
너의,O
손,O
을,O
잡고,O
걸어간다면,O
샛별,O
강아지풀,O
492,O
샛별,O
자두맛사탕,O
0,O
샛별,O
낮,O
잠시간,O
1,O
샛별,O
핫초코,O
58,O
샛별,O
브금,O
대통령,O
브금,O
대통령,O
29,O
브금,O
대통령,O
39,O
브금,O
대통령,O
그,O
빵,O
은,O
내꺼야,O
4,O
브금,O
대통령,O
590,O
ㅡㅡㅡ,ㅡㅡㅡ
구독하기,O
1,O
샤프티비,O
샤프티비,O
조선소브이로그,O
직장브이로그,O
일상브이로그,O
부산,B_LOC
여행,O
보수동책방골목,B_TOR
깡통시장,B_TOR
ㅡㅡㅡ,ㅡㅡㅡ
안녕하세요,O
유테이,O
입니다,O
오랜만에,O
쭌,O
유,O
커플,O
여행,O
브이로그로,O
찾아왔습니당,O
광안리,B_TOR
에서,O
수다만,O
떨다,O
온듯한,O
느낌이지만,O
넘,O
즐거웠던,O
우리들만의,O
여행,O
부산,B_LOC
여행은,O
언제나,O
행복한,O
것,O
같아요,O
쭌,O
유,O
커플,O
커플,O
브이로그,O
부산,B_LOC
여행,O
ㅡㅡㅡ,ㅡㅡㅡ
안녕하세요,O
지원,O
쌤이에요,O
이번에,O
부산,B_LOC
으로,O
저의,O
댕댕이,O
또또,O
와,O
함께,O
여행을,O
다녀왔는데요,O
첫,O
브이로그,O
영상이에요,O
아직,O
다소,O
어색하지만,O
점점,O
나아지는,O
모습,O
보여드릴게요,O
강아지,O
랑,O
부산,B_LOC
여행,O
브이로그,O
서면,B_LOC
해성막창,B_RES
수제버거,O
강아지,O
브이로그,O
부산,B_LOC
ㅡㅡㅡ,ㅡㅡㅡ
더킹,O
촬영지로도,O
유명한,O
동백섬,B_TOR
에,O
다녀온,O
태건,O
동백섬,B_TOR
에,O
간다면,O
이건,O
놓치지,O
마세요,O
ㅡㅡㅡ,ㅡㅡㅡ
영상을,O
시청하는,O
비짓부산,O
구독자,O
분들은,O
안전하게,O
랜선,O
여행하시고,O
코로나19,O
가,O
잠식되면,O
그,O
때,O
방문,O
부탁드려요,O
뜨거웠던,O
부산,B_LOC
여름,O
이대로,O
보내긴,O
너무,O
아쉬워서,O
준비했다,O
설인,O
커플,O
과,O
함께,O
시원한,O
계곡,O
물놀이,O
하러,O
부산,B_LOC
의,O
숨겨진,O
히든,O
플레이스,O
백양산,B_TOR
운수사계곡,I_TOR
을,O
소개합니다,O
물도,O
깨끗하고,O
수심이,O
깊지,O
않아,O
가족,O
물놀이하기,O
딱,O
좋아,O
부산,B_LOC
의,O
숨은,O
명소라서,O
그런지,O
사람이,O
많지,O
않아,O
언택트,O
여행으로,O
딱인데,O
나만,O
알고,O
싶은,O
부산,B_LOC
계곡,O
등극,O
바로,O
옆에,O
백양산,B_TOR
웰빙숲이,O
있어,O
숲을,O
체험하기도,O
너무,O
좋다구,O
숲속,O
놀이터도,O
있어서,O
애기있는,O
가족,O
들이,O
당일치기로,O
놀러가도,O
넘나,O
좋을듯,O
여기는,O
진짜,O
어른들도,O
아이들도,O
다,O
좋아할만한,O
곳이야,O
맑고,O
시원한,O
계곡물이,O
졸졸,O
흐르는,O
명당에,O
자리잡아,O
계곡,O
물소리,O
들으면서,O
수박,O
하고,O
간식,O
먹는,O
거,O
이게,O
바로,O
행복이지,O
뭐야,O
설인,O
커플,O
처럼,O
계곡,O
인싸템인,O
물총,O
챙겨서,O
우리,O
놀러가자,O
사랑의,O
물총,O
빵야빵야,O
계곡,O
데이트,O
나도,O
할래,O
드디어,O
한,O
번,O
붙을,O
줄,O
알았다,O
설인,O
커플,O
제작팀의,O
물총,O
쏘기,O
대결,O
과연,O
승자는,O
백양산,B_TOR
운수사,I_TOR
계곡,I_TOR
에,O
들린다면,O
운수사,B_TOR
에도,O
한번,O
들러야지,O
구름도,O
있고,O
물도,O
있는,O
운수사,B_TOR
수명을,O
늘려준다는,O
108계단,B_TOR
을,O
올라가면,O
보이는,O
탁,O
트인,O
경치는,O
뷰,O
맛집이,O
있다면,O
바로,O
여기일까,O
범어사,B_TOR
와는,O
또,O
다른,O
매력의,O
운수사,B_TOR
궁금하다면,O
꼭,O
가보기,O
백양산,B_TOR
운수사,I_TOR
대웅보전,O
에,O
올라서서,O
보는,O
경치는,O
최고,O
위치,O
사상구,O
모라로,O
219번길173,O
백양산,B_TOR
웰빙숲,I_TOR
자연,O
생태계를,O
온몸,O
으로,O
느낄,O
수,O
있는,O
체험형,O
웰빙숲,O
위치,O
부산,B_LOC
사상구,O
모라동,O
12434,O
13,O
늦여름,O
계곡,O
데이트,O
백양산,B_TOR
커플,O
계곡,O
커플,O
물놀이,O
커플,O
브이로그,O
부산,B_LOC
여름,O
부산,B_LOC
경치,O
부산,B_LOC
계곡,O
부산,B_LOC
당일치기,O
수박,O
물총,O
운수사,B_TOR
숲체험,O
계곡먹방,O
수박,O
먹방,O
어쩌다,O
1일,O
부산,B_LOC
커플,O
부산,B_LOC
커플,O
여행,O
커플,O
여행,O
부산,B_LOC
여행,O
미션여행,O
커플,O
예능,O
로맨스코미디,O
설렘,O
꿀잼,O
부산관광공사,O
ㅡㅡㅡ,ㅡㅡㅡ
나의,O
첫,O
부산,B_LOC
여행,O
흰여울문화마을,B_TOR
잔잔하고,O
아늑한,O
바다마을,O
음악,O
ㅡㅡㅡ,ㅡㅡㅡ
커플브이로그,O
데이트,O
아홉산숲,B_TOR
부산,B_LOC
데이트,O
안녕하세요,O
한커플,O
의,O
스마일입니다,O
작년,O
에,O
다녀온,O
부산,B_LOC
여행을,O
이제야,O
올리네요,O
ㅠㅠ,O
좋아요,O
와,O
구독도,O
부탁드려요,O
모두모두,O
행복하세요,O
ㅡㅡㅡ,ㅡㅡㅡ
000,O
인트로,O
039,O
돼지국밥,O
108,O
아홉산숲,B_TOR
415,O
카페녹녹,B_CAF
616,O
광안리,B_TOR
656,O
카페오뜨,B_CAF
725,O
동래밀면,B_RES
756,O
룸서비스,O
810,O
클로징,O
939,O
2020,O
흑찐주,O
ㅡㅡㅡ,ㅡㅡㅡ
12,O
빛나는,O
밤,O
빛나는,O
우리,O
높은,O
곳에,O
올라,O
빛나는,O
풍경을,O
가득,O
담은,O
시간,O
반짝이는,O
것들을,O
보며,O
바라는,O
빛나는,O
우리,O
부산,B_LOC
호천마을,B_TOR
여행,O
꿀팁,O
1,O
지도에서,O
호천마을,B_TOR
입구,O
혹은,O
호천,O
문화,O
플랫폼,O
검색90,O
2,O
일몰시간에,O
맞춰서,O
가기,O
3,O
해가,O
지기,O
전에,O
오게,O
된다,O
면,O
주변의,O
벽화마을,O
108계단,B_TOR
등,O
골목,O
산책,O
하기,O
4,O
멀리,O
보이는,O
부산항대교,B_TOR
와,O
영도,B_LOC
까지,O
눈,O
에,O
담아,O
가기,O
5,O
드라마,O
쌈마이웨이,O
2017,O
촬영지로,O
가고,O
싶다면,O
호천생활문화센터,O
쪽으로7,O
그럼,O
모두,O
즐겁고,O
편안한,O
연휴,O
보내시길,O
바랄게요,O
오늘,O
도,O
시청해,O
주셔서,O
감사합니다,O
영상이,O
마음에,O
드셨다면,O
좋아요,O
와,O
알림,O
설정을,O
부탁드릴게요,O
호천마을,B_TOR
쌈마이웨이,O
촬영지,O
부산,B_LOC
여행,O
위치,O
정보,O
969,O
그렇게,O
어른이,O
되고,O
브금대통령,O
브금대통령,O
58,O
잘자요,O
브금대통령,O
브금대통령,O
51,O
영상,O
다운로드,O
및,O
2차,O
편집,O
무단,O
업로드를,O
금지합니다,O
2019,O
ㅡㅡㅡ,ㅡㅡㅡ
안녕하세요,O
유난히,O
케이크,O
와,O
함께하는,O
날이,O
많았던,O
45월동안,O
의,O
일상,O
브이로그를,O
담아보았어요,O
처음,O
해,O
본,O
라탄원데이클래스,O
는,O
손,O
이,O
아팠지만,O
정말,O
뿌듯하더라구요,O
공방,O
데이트로,O
유익한,O
시간을,O
보낸,O
것,O
같아서,O
추천드리고,O
싶어요,O
그리고,O
오랜만에,O
광안리,B_TOR
에,O
가서,O
힐링도,O
하고,O
왔답니당,O
오늘,O
도,O
편안히,O
시청해주세요,O
416,O
일상브이로그,O
광안리,B_TOR
데이트,O
ㅡㅡㅡ,ㅡㅡㅡ
부산,B_LOC
해운대,B_TOR
구남로,O
에있는,O
맛집,O
갈비,B_RES
가맛있다,I_RES
에서,O
돼지갈비,O
한사리,O
221469198973,O
갈비,B_RES
가맛있다,I_RES
해운대,B_TOR
맛집,O
해운대,B_TOR
구남로,O
ㅡㅡㅡ,ㅡㅡㅡ
남규,O
매일,O
밤8시,O
아프리카,O
유튜브,O
실시간,O
스트리밍,O
아프리카,O
방송국,O
6,O
인스타그램,O
팔로우,O
기타,O
등등,O
모든문의,O
오픈카톡,O
남규,O
남규,O
검색,O
투네이션,O
링크,O
주소,O
636835911756994782,O
해운대,B_TOR
부산,B_LOC
여행,O
브이로그,O
ㅡㅡㅡ,ㅡㅡㅡ
안녕하세요,O
유튜브,O
는,O
처음이라,O
아직,O
뭔가,O
많이,O
낯설고,O
서툰,O
입니다,O
첫,O
브이로그,O
영상을,O
이렇게,O
공개해요,O
많이,O
부족하더라도,O
따뜻하게,O
그리고,O
재미있게,O
시청,O
부탁드립니다,O
이번주,O
는,O
부산,B_LOC
기장,B_LOC
페리데스하이엔드,B_CAF
카페에,O
다녀왔어요,O
뭔가,O
궁전같이,O
으리으리,O
분위기가,O
대박이더라구요,O
앞으로,O
저의,O
일주일,O
을,O
여기에,O
기록해보려해요,O
그럼,O
잘,O
부탁,O
드리겠습니다,O
첫브이로그,O
일상브이로그,O
부산,B_LOC
기장,B_LOC
부산,B_LOC
카페,O
페리데스하이엔드,B_CAF
비즈팔찌,O
비즈반지,O
운전연습,O
ㅡㅡㅡ,ㅡㅡㅡ
