﻿word,ner
만석닭강정,B_RES
본점,O
강원,B_LOC
속초시,B_LOC
중앙로,O
147번길,O
16,O
ㅡㅡㅡ,ㅡㅡㅡ
카페,O
ㅡㅡㅡ,ㅡㅡㅡ
강원도,B_LOC
여행브이로그,O
강릉,B_LOC
여행브이로그,O
속초,B_LOC
여행브이로그,O
강릉,B_LOC
맛집,O
강릉,B_LOC
핫플,O
강릉,B_LOC
카페,O
속초,B_LOC
핫플,O
속초,B_LOC
카페,O
동화가든,B_RES
원조,O
짬순,O
장칼국수,O
엄지네포장마차,B_RES
도마,O
횟집,O
퍼베이드,B_CAF
글라스하우스,B_TOR
태시트,B_CAF
대관령양떼목장,B_TOR
우정여행,O
강릉,B_LOC
숙소,O
일상브이로그,O
ㅡㅡㅡ,ㅡㅡㅡ
영상은,O
유료광고를,O
포함하지,O
않습니다,O
ㅡㅡㅡ,ㅡㅡㅡ
안뇽하세요,O
우니,O
입니당,O
ㅡㅡㅡ,ㅡㅡㅡ
지난주말,O
에는,O
갱이,O
와,O
급,O
속초,B_LOC
여행을,O
다녀왔어요,O
ㅡㅡㅡ,ㅡㅡㅡ
비오는거,O
아는데,O
급,O
다녀옴ㅋㅋㅋㅋㅋㅋ,O
ㅡㅡㅡ,ㅡㅡㅡ
비도,O
잔뜩맞고,O
맛있는것도,O
잔뜩먹고,O
왔답니다,O
ㅡㅡㅡ,ㅡㅡㅡ
오늘,O
도,O
재밌게,O
봐주세요,O
감사합니다,O
ㅡㅡㅡ,ㅡㅡㅡ
타임라인,O
ㅡㅡㅡ,ㅡㅡㅡ
000,O
오프닝,O
ㅡㅡㅡ,ㅡㅡㅡ
055,O
속초,B_LOC
출발,O
ㅡㅡㅡ,ㅡㅡㅡ
307,O
아바이순대,O
오징어순대,O
명태회냉면,O
ㅡㅡㅡ,ㅡㅡㅡ
734,O
물회,O
ㅡㅡㅡ,ㅡㅡㅡ
1113,O
닭강정,O
대게,O
ㅡㅡㅡ,ㅡㅡㅡ
2142,O
명태장칼국수,O
ㅡㅡㅡ,ㅡㅡㅡ
250700,O
바다구경,O
ㅡㅡㅡ,ㅡㅡㅡ
272200,O
감자전,O
ㅡㅡㅡ,ㅡㅡㅡ
290600,O
물곰탕,O
ㅡㅡㅡ,ㅡㅡㅡ
323300,O
영금정,B_TOR
ㅡㅡㅡ,ㅡㅡㅡ
332700,O
꽈배기,O
닭강정,O
ㅡㅡㅡ,ㅡㅡㅡ
정보,O
ㅡㅡㅡ,ㅡㅡㅡ
숙소,O
속초,B_LOC
씨크루즈호텔,O
ㅡㅡㅡ,ㅡㅡㅡ
명태회냉면,O
속초,B_LOC
단천면옥,B_RES
ㅡㅡㅡ,ㅡㅡㅡ
물회,O
속초,B_LOC
봉포머구리집,B_RES
ㅡㅡㅡ,ㅡㅡㅡ
닭강정,O
만석닭강정,B_RES
중앙닭강정,B_RES
ㅡㅡㅡ,ㅡㅡㅡ
대게,O
중앙시장,B_TOR
총각네대게,B_RES
ㅡㅡㅡ,ㅡㅡㅡ
칼국수,O
속초,B_LOC
시골,B_RES
칼국수,I_RES
ㅡㅡㅡ,ㅡㅡㅡ
감자전,O
중앙시장,B_TOR
인생역전,B_RES
ㅡㅡㅡ,ㅡㅡㅡ
물곰탕,O
속초,B_LOC
사돈집,B_RES
ㅡㅡㅡ,ㅡㅡㅡ
꽈배기,O
속초,B_LOC
코끼리만두분식,B_RES
ㅡㅡㅡ,ㅡㅡㅡ
90,O
ㅡㅡㅡ,ㅡㅡㅡ
114,O
ㅡㅡㅡ,ㅡㅡㅡ
브금,O
대통령,O
ㅡㅡㅡ,ㅡㅡㅡ
댕청댕청,O
5,O
ㅡㅡㅡ,ㅡㅡㅡ
안녕하세요,O
오랑,O
입니다,O
ㅡㅡㅡ,ㅡㅡㅡ
속초,B_LOC
로,O
휴가를,O
다녀와서,O
브이로그,O
영상을,O
찍어봤어요,O
ㅡㅡㅡ,ㅡㅡㅡ
재미있게,O
봐주시고,O
궁금한,O
점,O
있으면,O
댓글,O
남겨주세욤,O
ㅡㅡㅡ,ㅡㅡㅡ
정보,O
시간순,O
ㅡㅡㅡ,ㅡㅡㅡ
025,O
팔도게찜,B_RES
ㅡㅡㅡ,ㅡㅡㅡ
홍게,O
무한리필이라고,O
해서,O
찾아갔어요,O
배,O
가,O
불러서,O
많이,O
먹지는,O
못했지만,O
ㅡㅡㅡ,ㅡㅡㅡ
직원,O
분이,O
친절하시고,O
바로,O
앞,O
이,O
영금정,B_TOR
이라,O
가는,O
길에,O
들리기,O
좋은,O
곳,O
같아요,O
ㅡㅡㅡ,ㅡㅡㅡ
영금정,B_TOR
가실,O
분들은,O
근처에,O
먹을,O
곳,O
많으니,O
살펴보시고,O
가세요,O
ㅡㅡㅡ,ㅡㅡㅡ
127,O
솔즈베리,O
풀빌라,O
ㅡㅡㅡ,ㅡㅡㅡ
하루만,O
머물기,O
아쉬울,O
정도로,O
만족스러웠던,O
풀빌라에요,O
ㅡㅡㅡ,ㅡㅡㅡ
온수풀,O
단독으로,O
사용가능해서,O
새벽,O
수영도,O
가능하다는게,O
젤,O
좋았어요,O
ㅡㅡㅡ,ㅡㅡㅡ
201호,O
에서,O
만난,O
러블리한,O
고양이,O
잊지모태,O
8ㅅ8,O
ㅡㅡㅡ,ㅡㅡㅡ
520,O
글라스하우스,B_CAF
ㅡㅡㅡ,ㅡㅡㅡ
여긴,O
인스타,O
에서,O
많이,O
봤었어서,O
찾아간,O
곳이에요,O
ㅡㅡㅡ,ㅡㅡㅡ
태싯카페,B_CAF
랑,O
마지막까지,O
고민하다가,O
글라스하우스,B_CAF
로,O
정했는데,O
ㅡㅡㅡ,ㅡㅡㅡ
주위에,O
정말,O
아무것도,O
없고,O
이,O
카페만,O
덩그러니,O
있어서,O
좀,O
아쉬웠지만,O
ㅡㅡㅡ,ㅡㅡㅡ
사진,O
예쁘게,O
나오고,O
서핑하시는,O
분들이,O
하고,O
커피,O
가,O
맛있었읍니당,O
ㅡㅡㅡ,ㅡㅡㅡ
551,O
중앙시장,B_TOR
속초,B_LOC
홍게라면,O
ㅡㅡㅡ,ㅡㅡㅡ
홍게라면,O
이,O
먹고싶어서,O
별다른,O
정보,O
없이,O
찾아간,O
곳인데,O
ㅡㅡㅡ,ㅡㅡㅡ
웨이팅,O
있는거,O
보고,O
깜짝,O
놀랐어요,O
서울,B_LOC
와서도,O
자꾸,O
생각나서,O
ㅡㅡㅡ,ㅡㅡㅡ
라면,O
앓이,O
할,O
정도로,O
맛있었던,O
곳입니다ㅠㅠ,O
가격도,O
착해요,O
ㅡㅡㅡ,ㅡㅡㅡ
만석닭강정,B_RES
을,O
포기하고,O
라면,O
을,O
택한,O
것에,O
1도,O
후회가,O
없습니다ㅎ,O
ㅡㅡㅡ,ㅡㅡㅡ
636,O
속초,B_LOC
더블루테라호텔,O
ㅡㅡㅡ,ㅡㅡㅡ
에어비앤비,O
로,O
예약한,O
곳인데,O
깔끔하구,O
시설,O
좋아요,O
ㅡㅡㅡ,ㅡㅡㅡ
같은,O
건물에,O
수영장도,O
있고,O
5분만,O
걸으면,O
바다가,O
있어요,O
ㅡㅡㅡ,ㅡㅡㅡ
속초,B_LOC
고속터미널,O
까지,O
걸어서,O
10분,O
이면,O
가니까,O
마지막날,O
추천드려욤,O
ㅡㅡㅡ,ㅡㅡㅡ
732,O
하누식당,B_RES
ㅡㅡㅡ,ㅡㅡㅡ
더블루테라호텔,O
바로,O
근처에,O
있어서,O
간,O
곳인데,O
ㅡㅡㅡ,ㅡㅡㅡ
아침,O
식사하기에,O
든든하고,O
맛있었어요,O
간장새우밥,O
먹었는데,O
만족했어요,O
ㅡㅡㅡ,ㅡㅡㅡ
744,O
보사노바,B_CAF
커피,I_CAF
ㅡㅡㅡ,ㅡㅡㅡ
보사노바강릉점,B_CAF
이랑은,O
조금,O
다른,O
모습이더라구요,O
ㅡㅡㅡ,ㅡㅡㅡ
강릉,B_LOC
점은,O
바다,O
위주의,O
뷰,O
였다면,O
속초,B_LOC
점은,O
좀더,O
숲풀이,O
배경이,O
되는,O
곳,O
ㅡㅡㅡ,ㅡㅡㅡ
4층,O
까지,O
있는데도,O
사람이,O
꽉,O
차있었던,O
인기,O
많은,O
카페였어요,O
ㅡㅡㅡ,ㅡㅡㅡ
ㅡㅡㅡ,ㅡㅡㅡ
기입,O
예정,O
ㅡㅡㅡ,ㅡㅡㅡ
감사합니다,O
ㅡㅡㅡ,ㅡㅡㅡ
권장,O
해상도,O
1080,O
ㅡㅡㅡ,ㅡㅡㅡ
안녕하세요,O
여러분,O
ㅡㅡㅡ,ㅡㅡㅡ
유디,O
입니다,O
ㅡㅡㅡ,ㅡㅡㅡ
지난6월,O
의,O
마지막날,O
에,O
친구,O
와,O
속초,B_LOC
로,O
짧게,O
휴가를,O
다녀왔어요,O
ㅡㅡㅡ,ㅡㅡㅡ
장마,O
시작,O
전이었지만,O
비가,O
많이,O
온다고,O
해서,O
걱정했는데,O
무사히,O
잘,O
다녀왔습니다,O
ㅡㅡㅡ,ㅡㅡㅡ
숙소가,O
바다,O
바로,O
앞,O
이어서,O
오션뷰,O
감상,O
원없이,O
하고,O
왔어요,O
ㅡㅡㅡ,ㅡㅡㅡ
가고,O
싶었던,O
카페,O
시드누아,B_CAF
도,O
만족스러웠고,O
순두부,O
도,O
너무,O
맛있게,O
먹고,O
왔습니다,O
ㅡㅡㅡ,ㅡㅡㅡ
여행을,O
다녀온,O
뒤로,O
갑자기,O
로나코,O
가,O
더,O
심해졌더라고요,O
ㅡㅡㅡ,ㅡㅡㅡ
저도,O
이후로,O
계속,O
집에서,O
칩거,O
생활,O
중이랍니다,O
ㅡㅡㅡ,ㅡㅡㅡ
모두,O
건강,O
조심하세요,O
ㅡㅡㅡ,ㅡㅡㅡ
이번,O
영상도,O
재밌게,O
봐주세요,O
ㅡㅡㅡ,ㅡㅡㅡ
구독과,O
좋아요는,O
제게,O
큰,O
이,O
됩니다,O
감사합니다,O
ㅡㅡㅡ,ㅡㅡㅡ
브이로그,O
일상브이로그,O
ㅡㅡㅡ,ㅡㅡㅡ
속초,B_LOC
맛집,O
양양,B_LOC
맛집여행먹방브이로그,O
ㅡㅡㅡ,ㅡㅡㅡ
타임라인,O
ㅡㅡㅡ,ㅡㅡㅡ
000,O
시작,O
ㅡㅡㅡ,ㅡㅡㅡ
021,O
하와이,B_RES
새우트럭,I_RES
ㅡㅡㅡ,ㅡㅡㅡ
500,O
공,B_RES
가네,I_RES
감자,I_RES
옹심이,I_RES
ㅡㅡㅡ,ㅡㅡㅡ
1102,O
청초수물회,B_RES
ㅡㅡㅡ,ㅡㅡㅡ
1731,O
숑숑,B_RES
돈까스,I_RES
ㅡㅡㅡ,ㅡㅡㅡ
2105,O
홍리마라탕,B_RES
ㅡㅡㅡ,ㅡㅡㅡ
2228,O
웅이,B_RES
네,I_RES
무뼈닭발,I_RES
ㅡㅡㅡ,ㅡㅡㅡ
20,O
ㅡㅡㅡ,ㅡㅡㅡ
유튜브,O
일상,O
브이로그,O
속초,B_LOC
속초,B_LOC
여행,O
ㅡㅡㅡ,ㅡㅡㅡ
영금정,B_TOR
문우당서림,B_TOR
칠성조선소,B_CAF
ㅡㅡㅡ,ㅡㅡㅡ
ㅡㅡㅡ,ㅡㅡㅡ
ㅡㅡㅡ,ㅡㅡㅡ
ㅡㅡㅡ,ㅡㅡㅡ
8517,O
ㅡㅡㅡ,ㅡㅡㅡ
ㅡㅡㅡ,ㅡㅡㅡ
ㅡㅡㅡ,ㅡㅡㅡ
짧고,O
굵게,O
다녀온,O
가족,O
여행,O
ㅡㅡㅡ,ㅡㅡㅡ
ㅡㅡㅡ,ㅡㅡㅡ
ㅡㅡㅡ,ㅡㅡㅡ
속초,B_LOC
여행,O
브이로그,O
청초수물회,B_RES
힐링,O
유쿨렐레,O
ㅡㅡㅡ,ㅡㅡㅡ
속초,B_LOC
여행브이로그,O
설악산,B_TOR
데이트,O
1박2일,O
국내여행,O
강원도,B_LOC
맛집,O
속초,B_LOC
맛집,O
영금정,B_TOR
칠성조선소,B_CAF
ㅡㅡㅡ,ㅡㅡㅡ
브이로그,O
여행브이로그,O
속초,B_LOC
여행브이로그,O
ㅡㅡㅡ,ㅡㅡㅡ
일상브이로그,O
커플브이로그,O
ㅡㅡㅡ,ㅡㅡㅡ
안녕하세요,O
쑤비서,O
에요,O
ㅡㅡㅡ,ㅡㅡㅡ
이번주,O
에는,O
여행,O
브이로그,O
영상으로,O
왔어요,O
ㅡㅡㅡ,ㅡㅡㅡ
월요일,O
휴가,O
내서,O
2박3일,O
로,O
꿀먹방을,O
하고,O
왔답니다,O
ㅡㅡㅡ,ㅡㅡㅡ
여행브이로그인지,O
커플브이로그인지,O
먹방브이로그인지,O
헷갈리지만,O
ㅡㅡㅡ,ㅡㅡㅡ
확실한건,O
돼지런하게,O
먹고만,O
온,O
것,O
같네요,O
ㅎㅎ,O
ㅡㅡㅡ,ㅡㅡㅡ
많이,O
부족하지만,O
찾아와주시는,O
여러분들께,O
ㅡㅡㅡ,ㅡㅡㅡ
너무,O
너무,O
너무,O
감사드려요,O
ㅡㅡㅡ,ㅡㅡㅡ
혹시나,O
궁금한,O
점이,O
있으시거나,O
영상에,O
대한,O
피드백이,O
있다면,O
언제든지,O
댓글로,O
남겨주세요,O
ㅡㅡㅡ,ㅡㅡㅡ
이번,O
영상도,O
시청해주신분들,O
정말,O
감사합니다,O
ㅡㅡㅡ,ㅡㅡㅡ
좋은,O
하루,O
되세요,O
ㅡㅡㅡ,ㅡㅡㅡ
호텔,O
썬라이즈호텔,O
ㅡㅡㅡ,ㅡㅡㅡ
1,O
ㅡㅡㅡ,ㅡㅡㅡ
가평휴게소,O
느타리버섯,O
개장,O
잣소고기국밥,O
호두잣과자,O
ㅡㅡㅡ,ㅡㅡㅡ
내린천휴게소,O
ㅡㅡㅡ,ㅡㅡㅡ
엄지네포장마차,B_RES
속초,B_LOC
점,O
꼬막비빔밥,O
ㅡㅡㅡ,ㅡㅡㅡ
속초중앙시장,B_TOR
ㅡㅡㅡ,ㅡㅡㅡ
2,O
ㅡㅡㅡ,ㅡㅡㅡ
강릉동화가든,B_RES
짬뽕순두부,O
ㅡㅡㅡ,ㅡㅡㅡ
속초해수욕장,B_TOR
ㅡㅡㅡ,ㅡㅡㅡ
설악케이블카,B_TOR
ㅡㅡㅡ,ㅡㅡㅡ
청초수물회,B_RES
ㅡㅡㅡ,ㅡㅡㅡ
속초중앙시장,B_TOR
회센터,O
소희네,B_RES
횟집,I_RES
ㅡㅡㅡ,ㅡㅡㅡ
3,O
ㅡㅡㅡ,ㅡㅡㅡ
속초751,B_RES
홍게샌드위치,O
ㅡㅡㅡ,ㅡㅡㅡ
아바이마을,B_TOR
순대타운,I_TOR
단천식당,B_RES
ㅡㅡㅡ,ㅡㅡㅡ
속초중앙시장,B_TOR
만석닭강정,B_RES
ㅡㅡㅡ,ㅡㅡㅡ
속초중앙시장,B_TOR
ㅡㅡㅡ,ㅡㅡㅡ
베이커리,B_CAF
속초,B_LOC
점,O
원준,O
이,O
엉덩이빵,O
은,O
못샀어요,O
ㅡㅡㅡ,ㅡㅡㅡ
대포항,B_TOR
원조,O
튀김골목,O
새우튀김,O
ㅡㅡㅡ,ㅡㅡㅡ
ㅡㅡㅡ,ㅡㅡㅡ
아이폰12,O
기본캠,O
ㅡㅡㅡ,ㅡㅡㅡ
525,O
ㅡㅡㅡ,ㅡㅡㅡ
ㅡㅡㅡ,ㅡㅡㅡ
바다,O
안에,O
들어갈,O
때를,O
제외하곤,O
마스크,O
착용했습니다,O
ㅡㅡㅡ,ㅡㅡㅡ
화질은,O
1080,O
로,O
설정하시면,O
선명하게,O
보실,O
수,O
있어요,O
ㅡㅡㅡ,ㅡㅡㅡ
안녕하세요,O
여러분,O
ㅡㅡㅡ,ㅡㅡㅡ
이번주,O
영상은,O
속초,B_LOC
여행,O
영상이에요,O
ㅡㅡㅡ,ㅡㅡㅡ
일상,O
영상도,O
며칠,O
후에,O
업로드해,O
볼게요,O
ㅡㅡㅡ,ㅡㅡㅡ
눈,O
으로,O
보는,O
풍경이,O
말도,O
안,O
되게,O
이뻐서,O
ㅡㅡㅡ,ㅡㅡㅡ
영상으로,O
남긴다고,O
남겼는데,O
잘,O
담겼는지,O
모르겠어요,O
폰,O
으로,O
찍은걸,O
죄다,O
날려서,O
속상,O
ㅡㅡㅡ,ㅡㅡㅡ
아직,O
부족한,O
게,O
많지만,O
점차,O
발전하는,O
모습으로,O
올게요,O
ㅡㅡㅡ,ㅡㅡㅡ
영상,O
시청해주셔서,O
감사합니다,O
ㅡㅡㅡ,ㅡㅡㅡ
편안한,O
주말,O
밤,O
되세요,O
ㅡㅡㅡ,ㅡㅡㅡ
72,O
ㅡㅡㅡ,ㅡㅡㅡ
ㅡㅡㅡ,ㅡㅡㅡ
음원은,O
아트리스트,O
이용중입니다,O
ㅡㅡㅡ,ㅡㅡㅡ
ㅡㅡㅡ,ㅡㅡㅡ
속초,B_LOC
여행,O
속초,B_LOC
브이로그,O
카페보사노바,B_CAF
라또래요,B_CAF
젤라또,O
속초마리나베이,O
속초바다,O
대게,O
홍게장군,B_RES
흰다정,B_CAF
속초빙수,O
베리베리굿하우스,O
노을,O
빔프로젝터,O
태연,O
직장인,O
브이로그,O
브이로그,O
속초,B_LOC
여름,O
휴가,O
ㅡㅡㅡ,ㅡㅡㅡ
속초,B_LOC
먹방여행에이어,O
이번엔,O
속초롯데리조트,O
에서,O
시간을,O
보냈어요,O
숙소소개조식,O
산책,O
워터파크,O
대포항,B_TOR
ㅡㅡㅡ,ㅡㅡㅡ
그리고,O
2호,O
의,O
생일을,O
축하하기위해,O
초도,O
불었고요,O
ㅡㅡㅡ,ㅡㅡㅡ
이번,O
속초,B_LOC
여행도,O
저희에게,O
또,O
하나,O
의,O
추억을,O
만들어주었답니다,O
ㅡㅡㅡ,ㅡㅡㅡ
뚜벅이여서,O
가까운데,O
위주로,O
다녀왔습니다,O
ㅡㅡㅡ,ㅡㅡㅡ
택시,O
로,O
만원이하,O
입니다,O
ㅡㅡㅡ,ㅡㅡㅡ
051,O
아바이마을,B_TOR
ㅡㅡㅡ,ㅡㅡㅡ
154,O
속초해수욕장,B_TOR
ㅡㅡㅡ,ㅡㅡㅡ
207,O
알쉬미커피,B_CAF
카페,I_CAF
ㅡㅡㅡ,ㅡㅡㅡ
235,O
이마트,O
장보기,O
ㅡㅡㅡ,ㅡㅡㅡ
302,O
속초관광수산시장,B_RES
ㅡㅡㅡ,ㅡㅡㅡ
336,O
브릭스블럭,B_CAF
482,I_CAF
카페,O
ㅡㅡㅡ,ㅡㅡㅡ
343,O
영금정,B_TOR
야간,O
ㅡㅡㅡ,ㅡㅡㅡ
352회,O
사기,O
ㅡㅡㅡ,ㅡㅡㅡ
403,O
저녁,O
요리,O
준비과정,O
ㅡㅡㅡ,ㅡㅡㅡ
503,O
속초,B_LOC
밤바다,O
ㅡㅡㅡ,ㅡㅡㅡ
535,O
속초,B_LOC
아침,O
바다,O
ㅡㅡㅡ,ㅡㅡㅡ
542,O
칠성조선소,B_CAF
카페,O
ㅡㅡㅡ,ㅡㅡㅡ
628,O
88,B_RES
생선구이,I_RES
ㅡㅡㅡ,ㅡㅡㅡ
843,O
만석닭강정,B_RES
ㅡㅡㅡ,ㅡㅡㅡ
속초,B_LOC
여행,O
ㅡㅡㅡ,ㅡㅡㅡ
속초,B_LOC
먹방,O
ㅡㅡㅡ,ㅡㅡㅡ
속초,B_LOC
ㅡㅡㅡ,ㅡㅡㅡ
속초,B_LOC
브이로그,O
ㅡㅡㅡ,ㅡㅡㅡ
안녕하세요,O
ㅡㅡㅡ,ㅡㅡㅡ
속초,B_LOC
먹방여행,O
2탄,O
이,O
왔습니다,O
ㅡㅡㅡ,ㅡㅡㅡ
오래,O
걸릴,O
줄,O
알았는데,O
빨리,O
올리고,O
싶어서,O
열일로,O
달렸어요ㅋㅋㅋ,O
ㅡㅡㅡ,ㅡㅡㅡ
이번것도,O
재밌게,O
보셨으면,O
좋겠네용,O
ㅡㅡㅡ,ㅡㅡㅡ
이날,O
먹은,O
만석닭강정,B_RES
은,O
스트리밍으로,O
먹방을,O
했어요,O
ㅡㅡㅡ,ㅡㅡㅡ
8,O
ㅡㅡㅡ,ㅡㅡㅡ
야식,O
봉포머구리,B_RES
바다정원카페,B_CAF
청초수물회,B_RES
만석닭강정,B_RES
ㅡㅡㅡ,ㅡㅡㅡ
이날,O
은,O
정말,O
먹으러만,O
다녔네요ㅋㅋㅋㅋ,O
ㅡㅡㅡ,ㅡㅡㅡ
영상,O
속에,O
나온,O
카드게임은,O
대부호게임,O
이라는,O
게임인데,O
정말,O
재밌어요,O
나중에,O
기회된다면,O
영상으로,O
올리고,O
싶네용ㅋㅋㅋ,O
재밌는거,O
소개해드리고,O
싶은,O
마음ㅎㅎ,O
ㅡㅡㅡ,ㅡㅡㅡ
효비,O
인스타그램,O
ㅡㅡㅡ,ㅡㅡㅡ
9,O
ㅡㅡㅡ,ㅡㅡㅡ
투비,O
채널,O
ㅡㅡㅡ,ㅡㅡㅡ
8,O
ㅡㅡㅡ,ㅡㅡㅡ
속초,B_LOC
맛집,O
속초,B_LOC
여행,O
동해,B_LOC
ㅡㅡㅡ,ㅡㅡㅡ
제가,O
직접,O
다녀온,O
맛집을,O
소개합니다,O
이중에서도,O
최고는,O
ㅡㅡㅡ,ㅡㅡㅡ
흰다정,B_CAF
이라고,O
생각해요,O
빙수,O
덕후,O
ㅡㅡㅡ,ㅡㅡㅡ
여행브이로그,O
일상브이로그,O
속초,B_LOC
여행,O
ㅡㅡㅡ,ㅡㅡㅡ
안녕하세요,O
ㅡㅡㅡ,ㅡㅡㅡ
오늘,O
도,O
라저씨예요,O
ㅡㅡㅡ,ㅡㅡㅡ
저번에,O
여행다녀왔던,O
속초,B_LOC
브이로그를,O
합쳐서,O
올려봐요,O
ㅡㅡㅡ,ㅡㅡㅡ
재밌게,O
봐주세요,O
ㅡㅡㅡ,ㅡㅡㅡ
감사합니다,O
ㅡㅡㅡ,ㅡㅡㅡ
속초,B_LOC
고성,B_LOC
중앙닭강정,B_RES
만석닭강정,B_RES
오징어순대,O
속초중앙시장,B_TOR
스위밍터틀,B_CAF
온더버튼,B_CAF
우동당,B_RES
바우지움미술관,B_TOR
시드누아,B_CAF
너울집,B_CAF
엄지네포장마차,B_RES
라또래요,B_CAF
한성칼국수,B_RES
봉브레드,B_CAF
속초술빵,O
ㅡㅡㅡ,ㅡㅡㅡ
안녕하세요,O
새벽보새,O
입니다,O
ㅡㅡㅡ,ㅡㅡㅡ
정말,O
요즘,O
처럼,O
몸,O
도,O
마음도,O
지치는시기가,O
ㅡㅡㅡ,ㅡㅡㅡ
또,O
있을까요,O
ㅡㅡㅡ,ㅡㅡㅡ
저는,O
잠시나마,O
이번,O
영상을,O
편집하면서,O
ㅡㅡㅡ,ㅡㅡㅡ
간접,O
휴가를,O
떠난,O
기분이었어요,O
ㅡㅡㅡ,ㅡㅡㅡ
평일,O
에,O
짬을내서,O
짧게,O
다녀온,O
여행이지만,O
ㅡㅡㅡ,ㅡㅡㅡ
나름대로,O
알차고,O
즐겁게,O
보냈어요,O
ㅡㅡㅡ,ㅡㅡㅡ
아무쪼록,O
여러분,O
모두,O
건강,O
조심하세요,O
ㅡㅡㅡ,ㅡㅡㅡ
그럼,O
저는,O
다음영상으로,O
찾아올게요,O
ㅡㅡㅡ,ㅡㅡㅡ
ㅡㅡㅡ,ㅡㅡㅡ
속초,B_LOC
여행,O
국내여행브이로그,O
강원도,B_LOC
여행,O
ㅡㅡㅡ,ㅡㅡㅡ
동아서점,B_TOR
청초수물회,B_RES
속초,B_LOC
맛집,O
하마식당,B_RES
ㅡㅡㅡ,ㅡㅡㅡ
칠성조선소,B_CAF
갯배,B_TOR
일상브이,O
로그,O
ㅡㅡㅡ,ㅡㅡㅡ
1박2일,O
국내여행추천,O
ㅡㅡㅡ,ㅡㅡㅡ
ㅡㅡㅡ,ㅡㅡㅡ
1002,O
ㅡㅡㅡ,ㅡㅡㅡ
2021,O
새벽보배,O
ㅡㅡㅡ,ㅡㅡㅡ
속초,B_LOC
여행,O
브이로그,O
동명항,B_TOR
속초해수욕장,B_TOR
카페,O
배타고,O
피크닉,O
바우지움,B_TOR
조각미술관,I_TOR
갯배,B_TOR
청초수물회,B_RES
본점,O
만석닭강정,B_RES
홍게,O
ㅡㅡㅡ,ㅡㅡㅡ
마리나베이,O
속초,B_LOC
ㅡㅡㅡ,ㅡㅡㅡ
2,O
ㅡㅡㅡ,ㅡㅡㅡ
갯배,O
배,O
타고,O
피크닉,O
갯배,B_TOR
바움지우,B_TOR
중앙시장,B_TOR
ㅡㅡㅡ,ㅡㅡㅡ
3,O
ㅡㅡㅡ,ㅡㅡㅡ
청초수물회,B_RES
속초해수욕장,B_TOR
만석닭강정,B_RES
터미널,O
ㅡㅡㅡ,ㅡㅡㅡ
ㅡㅡㅡ,ㅡㅡㅡ
9336,O
ㅡㅡㅡ,ㅡㅡㅡ
일상,O
브이로그,O
ㅡㅡㅡ,ㅡㅡㅡ
2021년5월,O
혼자여행,O
기록,O
ㅡㅡㅡ,ㅡㅡㅡ
봉포머구리,B_RES
ㅡㅡㅡ,ㅡㅡㅡ
등대해변,B_TOR
ㅡㅡㅡ,ㅡㅡㅡ
문우당,B_TOR
서림,I_TOR
ㅡㅡㅡ,ㅡㅡㅡ
문단,B_TOR
ㅡㅡㅡ,ㅡㅡㅡ
베이커리가루,B_RES
ㅡㅡㅡ,ㅡㅡㅡ
청초호수공원,B_TOR
ㅡㅡㅡ,ㅡㅡㅡ
카페,O
보사노바속초점,B_CAF
ㅡㅡㅡ,ㅡㅡㅡ
속초해변,B_TOR
ㅡㅡㅡ,ㅡㅡㅡ
옛,B_RES
북청아바이순대,I_RES
ㅡㅡㅡ,ㅡㅡㅡ
안녕하세요,O
강주임,O
입니다,O
첫,O
영상이네요,O
많이,O
부족하지만,O
시청해주셔서,O
감사합니다,O
2,O
ㅡㅡㅡ,ㅡㅡㅡ
담고,O
싶은,O
정보는,O
많지만,O
영상에,O
모두,O
담기에는,O
자막처리가,O
어지러워서,O
여기에,O
2박3일,O
일정,O
비용,O
간단히,O
적어봤어요,O
ㅡㅡㅡ,ㅡㅡㅡ
여행시기는,O
2019년6월,O
모든,O
비용은,O
2인,O
기준입니다,O
ㅡㅡㅡ,ㅡㅡㅡ
1일차,O
ㅡㅡㅡ,ㅡㅡㅡ
상봉역,B_LOC
43600원,O
강릉역,B_LOC
렌트,O
80000원,O
봉브레드,B_CAF
5600원,O
봉포머구리집,B_RES
41000원,O
영랑호,B_TOR
ㅡㅡㅡ,ㅡㅡㅡ
너울집,B_CAF
11000원,O
정든식당,B_RES
11000원,O
만석닭강정,B_RES
19000원,O
마트,O
10670원,O
더바베큐,B_RES
48000원,O
ㅡㅡㅡ,ㅡㅡㅡ
2일차,O
ㅡㅡㅡ,ㅡㅡㅡ
김우정초당짬뽕순두부,B_RES
21000원,O
오리카페,B_CAF
9800원,O
ㅡㅡㅡ,ㅡㅡㅡ
두번째날,O
은,O
비가,O
진짜,O
하늘에,O
구멍,O
뚫린,O
것처럼,O
와서,O
방콕,O
했어요ㅋㅋ,O
영화,O
보고,O
맥주,O
마시고,O
푹,O
쉬었습니다,O
ㅡㅡㅡ,ㅡㅡㅡ
3일차,O
ㅡㅡㅡ,ㅡㅡㅡ
명경막국수,B_RES
20000원,O
경포대,B_TOR
렌트,O
선교장,B_TOR
10000원,O
하슬라아트월드,B_TOR
24000원,O
ㅡㅡㅡ,ㅡㅡㅡ
기둥참하누,B_RES
10만원이상,O
이디야,O
5500원,O
강릉역,B_LOC
51200원,O
상봉역,B_LOC
ㅡㅡㅡ,ㅡㅡㅡ
숙소,O
호텔랑,O
2박3일,O
180000원,O
ㅡㅡㅡ,ㅡㅡㅡ
택시,O
도,O
몇,O
번,O
탔는데,O
강릉,B_LOC
은,O
서울,B_LOC
보다,O
기본요금이,O
저렴했어요,O
ㅡㅡㅡ,ㅡㅡㅡ
너무,O
맛있고,O
즐거운,O
여행이었어요,O
강릉,B_LOC
속초,B_LOC
가시는,O
분들께,O
조금이나마,O
도움이,O
되기를,O
바라며,O
감사합니다,O
ㅡㅡㅡ,ㅡㅡㅡ
본,O
브이로그에,O
쓰인,O
음악은,O
아래와,O
같습니다,O
ㅡㅡㅡ,ㅡㅡㅡ
ㅡㅡㅡ,ㅡㅡㅡ
ㅡㅡㅡ,ㅡㅡㅡ
속초,B_LOC
여행,O
다녀왔어용,O
가도가도,O
좋은,O
동해,B_LOC
바다,O
ㅡㅡㅡ,ㅡㅡㅡ
첫날,O
숙소는,O
자작도,B_TOR
해수욕장,I_TOR
씨엔블루펜션,O
ㅡㅡㅡ,ㅡㅡㅡ
두번째,O
가는,O
펜션인데,O
테라스에서,O
바라보는,O
바다가,O
최고인,O
곳,O
ㅡㅡㅡ,ㅡㅡㅡ
작은,O
해수욕장이,O
너무나도,O
예쁘고,O
한적해서,O
좋은,O
자작도,B_TOR
해수욕장은,I_TOR
숨은,O
명소,O
같아용,O
ㅡㅡㅡ,ㅡㅡㅡ
안녕하세요,O
예도리에요,O
ㅡㅡㅡ,ㅡㅡㅡ
마지막,O
가을,O
여행으로,O
강원도,B_LOC
속초,B_LOC
양양,B_LOC
고성,B_LOC
여행을,O
다녀왔습니다,O
ㅡㅡㅡ,ㅡㅡㅡ
생각보다,O
차,O
가,O
많이,O
막혀서,O
계획했던,O
관광지는,O
다,O
다녀오지,O
못했지만,O
기대하지,O
않았던,O
곳에서,O
작은,O
행복을,O
느낄,O
수,O
있었던,O
즐거운,O
여행이었어요,O
ㅡㅡㅡ,ㅡㅡㅡ
개인적으로,O
영랑호,B_TOR
에서,O
자전거,O
를,O
타고,O
한바퀴,O
돌았던,O
시간이,O
가장,O
기억에,O
남아요,O
ㅡㅡㅡ,ㅡㅡㅡ
속초,B_LOC
는,O
관광지와,O
맛집들이,O
다,O
가까운,O
곳에,O
위치하고,O
있어서,O
여행하기,O
편했어요,O
ㅡㅡㅡ,ㅡㅡㅡ
영상에,O
담은,O
곳들은,O
다,O
근처에,O
위치하고,O
있는,O
곳들이니,O
속초,B_LOC
양양,B_LOC
여행을,O
가신다면,O
한번,O
들러보시는걸,O
추천드립니다,O
ㅡㅡㅡ,ㅡㅡㅡ
오늘,O
도,O
재미있게,O
봐주셔서,O
감사합니다,O
ㅡㅡㅡ,ㅡㅡㅡ
1일차,O
ㅡㅡㅡ,ㅡㅡㅡ
외옹치바다향기로,B_TOR
동화가든,B_RES
영금정,B_TOR
대포항튀김골목,B_TOR
ㅡㅡㅡ,ㅡㅡㅡ
2일차,O
ㅡㅡㅡ,ㅡㅡㅡ
베이커리,B_CAF
가루,I_CAF
봉브레드,B_CAF
태시트,B_CAF
영랑호,B_TOR
고궁회관,B_RES
썬크림젤라또,B_CAF
낙산사,B_TOR
ㅡㅡㅡ,ㅡㅡㅡ
여행브이로그,O
속초,B_LOC
양양,B_LOC
ㅡㅡㅡ,ㅡㅡㅡ
브금,O
대통령,O
ㅡㅡㅡ,ㅡㅡㅡ
ㅡㅡㅡ,ㅡㅡㅡ
5월의정원,O
66,O
ㅡㅡㅡ,ㅡㅡㅡ
517,O
ㅡㅡㅡ,ㅡㅡㅡ
43,O
ㅡㅡㅡ,ㅡㅡㅡ
안녕하세요,O
염또미,O
입니다,O
이번,O
영상은,O
친한,O
친구,O
들과,O
떠난,O
속초,B_LOC
여행,O
브이로그,O
영상을,O
담아보았는데요,O
ㅡㅡㅡ,ㅡㅡㅡ
프리랜서,O
로,O
일하고,O
있다,O
보니,O
시간적으로,O
제약이,O
크게,O
있지,O
않는,O
편이라,O
여행을,O
자주는,O
아니지만,O
1박2일,O
로라도,O
여행을,O
자주,O
가려,O
생각하고,O
있어요,O
ㅡㅡㅡ,ㅡㅡㅡ
하지만,O
코로나,O
때문에,O
많이,O
다니지는,O
못하고ㅠㅠ,O
특별한,O
날을,O
보내고,O
싶을,O
때,O
계획,O
하려,O
합니다,O
ㅡㅡㅡ,ㅡㅡㅡ
저는,O
코로나,O
가,O
시작되기,O
전에도,O
대부분,O
여행을,O
가면,O
여행지에서,O
유명한,O
곳,O
한두군데만,O
다니고,O
나머지는,O
숙소에서,O
시간을,O
보내는,O
경우가,O
많아여행에서,O
숙소를,O
가장,O
중요하게,O
생각하는데요,O
ㅡㅡㅡ,ㅡㅡㅡ
저렴하면서,O
예쁜,O
에어비앤비,O
나,O
지역마다,O
유명한,O
숙소를,O
가게,O
되면,O
영상으로,O
남겨,O
공유하려,O
합니다,O
ㅡㅡㅡ,ㅡㅡㅡ
앞으로,O
제,O
영상들은,O
작은방꾸미기,O
여행,O
브이로그,O
프리랜서,O
의,O
하루,O
브이로그의,O
영상들로,O
업로드,O
될,O
예정이에요,O
ㅡㅡㅡ,ㅡㅡㅡ
공유하고,O
싶은,O
정보나,O
일상을,O
기록하는,O
취지로,O
영상을,O
담을,O
생각입니다,O
ㅡㅡㅡ,ㅡㅡㅡ
오늘,O
도,O
영상,O
시청해주셔서,O
감사합니다,O
ㅡㅡㅡ,ㅡㅡㅡ
영상,O
속,O
정보,O
ㅡㅡㅡ,ㅡㅡㅡ
숙소,O
양양,B_LOC
낙산비치호텔,O
가격,O
240,O
ㅡㅡㅡ,ㅡㅡㅡ
속초,B_LOC
1일차,O
식당,O
고향,B_RES
칼국수,I_RES
홍합장칼국수,O
7,O
감자전,O
6,O
ㅡㅡㅡ,ㅡㅡㅡ
속초,B_LOC
2일차,O
식당,O
봉포머구리,B_RES
전복물회,O
1인분,O
22,O
홍게살비빔밥,O
15,O
전복죽,O
15,O
ㅡㅡㅡ,ㅡㅡㅡ
횟집,O
양양,B_LOC
후진활어센터,B_TOR
수미네회,B_RES
40,O
해산물,O
40,O
ㅡㅡㅡ,ㅡㅡㅡ
1일차,O
카페,O
양양,B_LOC
카페맴맴,B_CAF
아이스아메리카노,O
45,O
ㅡㅡㅡ,ㅡㅡㅡ
2일차,O
카페,O
고성글라스하우스,B_CAF
아이스아메리카노,O
55,O
코코넛라떼,O
65,O
ㅡㅡㅡ,ㅡㅡㅡ
속초,B_TOR
중앙시장,I_TOR
젓갈,O
성실,O
젓갈,O
낙지,O
젓갈,O
300,O
10,O
청어알젓,O
300,O
10,O
ㅡㅡㅡ,ㅡㅡㅡ
ㅡㅡㅡ,ㅡㅡㅡ
음악,O
ㅡㅡㅡ,ㅡㅡㅡ
음악가,O
ㅡㅡㅡ,ㅡㅡㅡ
음악,O
ㅡㅡㅡ,ㅡㅡㅡ
음악가,O
ㅡㅡㅡ,ㅡㅡㅡ
사이트,O
8,O
ㅡㅡㅡ,ㅡㅡㅡ
음악,O
ㅡㅡㅡ,ㅡㅡㅡ
음악가,O
1,O
ㅡㅡㅡ,ㅡㅡㅡ
음악,O
ㅡㅡㅡ,ㅡㅡㅡ
음악가,O
ㅡㅡㅡ,ㅡㅡㅡ
음악,O
ㅡㅡㅡ,ㅡㅡㅡ
음악가,O
ㅡㅡㅡ,ㅡㅡㅡ
속초,B_LOC
브이로그,O
속초259호,O
스텔,O
혼자여행,O
ㅡㅡㅡ,ㅡㅡㅡ
안녕하세요,O
ㅡㅡㅡ,ㅡㅡㅡ
새해,O
가,O
시작하고,O
처음,O
올리는,O
브이로그입니다,O
ㅡㅡㅡ,ㅡㅡㅡ
그동안,O
이사도,O
하고,O
요가,O
도,O
열심히,O
다니고,O
요가,O
자격증도,O
따고,O
왔습니다,O
ㅡㅡㅡ,ㅡㅡㅡ
힐링,O
겸,O
속초,B_LOC
로,O
혼자,O
훌쩍,O
떠났다가,O
돌아왔어요,O
ㅡㅡㅡ,ㅡㅡㅡ
여름,O
에도,O
다녀왔던,O
속초,B_LOC
라서,O
비슷한,O
장소들도,O
많아요,O
ㅡㅡㅡ,ㅡㅡㅡ
그래도,O
여름,O
바다와,O
겨울,O
바다는,O
또,O
느낌이,O
다르더라구요,O
ㅡㅡㅡ,ㅡㅡㅡ
겨울,O
바다를,O
실컷,O
보고,O
왔습니다,O
ㅡㅡㅡ,ㅡㅡㅡ
코로나,O
로,O
인해,O
9시까지만,O
영업이라,O
딱히,O
무언가를,O
한,O
건,O
없어요,O
ㅡㅡㅡ,ㅡㅡㅡ
싱겁지만,O
저의,O
속초,B_LOC
영상,O
재밌게,O
봐주세요,O
ㅡㅡㅡ,ㅡㅡㅡ
또봐요,O
ㅡㅡㅡ,ㅡㅡㅡ
ㅡㅡㅡ,ㅡㅡㅡ
ㅡㅡㅡ,ㅡㅡㅡ
다녀온,O
곳들,O
ㅡㅡㅡ,ㅡㅡㅡ
속초259호스텔,O
ㅡㅡㅡ,ㅡㅡㅡ
낙산비치호텔,O
ㅡㅡㅡ,ㅡㅡㅡ
완벽한날들,B_TOR
ㅡㅡㅡ,ㅡㅡㅡ
동아서점,B_TOR
ㅡㅡㅡ,ㅡㅡㅡ
지느러미,B_CAF
ㅡㅡㅡ,ㅡㅡㅡ
우디,B_CAF
ㅡㅡㅡ,ㅡㅡㅡ
백수네심야식당,B_RES
ㅡㅡㅡ,ㅡㅡㅡ
속초,B_CAF
지느러미,I_CAF
ㅡㅡㅡ,ㅡㅡㅡ
봉포머구리,B_RES
ㅡㅡㅡ,ㅡㅡㅡ
안녕하세요,O
행복했던,O
만큼,O
나름대로,O
공들이느라,O
너무나도,O
늦어져버린,O
속초,B_LOC
브이로그,O
영상,O
ㅠ,O
ㅠ,O
ㅡㅡㅡ,ㅡㅡㅡ
여행하면서도,O
영상,O
편집하면서도,O
내내,O
행복했는데,O
함께,O
간,O
친구,O
도,O
이,O
영상을,O
보며,O
행복을,O
함께,O
추억할,O
수,O
있었으면,O
좋겠네요,O
ㅎㅎ,O
ㅡㅡㅡ,ㅡㅡㅡ
더보기란에,O
글,O
쓰는,O
건,O
처음인데,O
속초,B_LOC
여행,O
계획이,O
도움이,O
될까하여,O
살짝쿵,O
첨부해,O
봅니다,O
ㅡㅡㅡ,ㅡㅡㅡ
저희는,O
여유있게,O
시간을,O
보내느라,O
생략한,O
곳도,O
있답니다,O
ㅡㅡㅡ,ㅡㅡㅡ
2,O
ㅡㅡㅡ,ㅡㅡㅡ
1일차,O
ㅡㅡㅡ,ㅡㅡㅡ
속초,B_LOC
시외버스터미널,O
도착,O
ㅡㅡㅡ,ㅡㅡㅡ
택시,O
2분,O
도보,O
18분,O
ㅡㅡㅡ,ㅡㅡㅡ
봉포머구리,B_RES
앵커커피,B_CAF
ㅡㅡㅡ,ㅡㅡㅡ
도보,O
11분,O
ㅡㅡㅡ,ㅡㅡㅡ
영랑호수공원,B_TOR
자전거,O
ㅡㅡㅡ,ㅡㅡㅡ
택시,O
6분,O
약4100원,O
ㅡㅡㅡ,ㅡㅡㅡ
체크인,O
속초,B_LOC
씨크루즈호텔,O
ㅡㅡㅡ,ㅡㅡㅡ
도보,O
10분,O
ㅡㅡㅡ,ㅡㅡㅡ
동아서점,B_TOR
청초호,B_TOR
ㅡㅡㅡ,ㅡㅡㅡ
택시,O
3분,O
도보,O
18분,O
ㅡㅡㅡ,ㅡㅡㅡ
갯배,B_TOR
선착장,I_TOR
ㅡㅡㅡ,ㅡㅡㅡ
갯배,O
타고,O
이동,O
4시30분부터,O
운행,O
편도,O
현금,O
500원,O
ㅡㅡㅡ,ㅡㅡㅡ
아바이마을,B_TOR
아바이순대,O
등,O
군것질,O
ㅡㅡㅡ,ㅡㅡㅡ
도보,O
24분,O
택시,O
3분,O
ㅡㅡㅡ,ㅡㅡㅡ
속초해수욕장,B_TOR
ㅡㅡㅡ,ㅡㅡㅡ
도보,O
15분,O
ㅡㅡㅡ,ㅡㅡㅡ
외옹치해변,B_TOR
ㅡㅡㅡ,ㅡㅡㅡ
도보9분,O
ㅡㅡㅡ,ㅡㅡㅡ
외옹치항,B_TOR
ㅡㅡㅡ,ㅡㅡㅡ
택시,O
10분,O
ㅡㅡㅡ,ㅡㅡㅡ
속초중앙시장,B_TOR
ㅡㅡㅡ,ㅡㅡㅡ
회,O
사서,O
호텔,O
귀가,O
ㅡㅡㅡ,ㅡㅡㅡ
2일차,O
ㅡㅡㅡ,ㅡㅡㅡ
체크아웃,O
ㅡㅡㅡ,ㅡㅡㅡ
택시,O
5분,O
도보,O
32분,O
ㅡㅡㅡ,ㅡㅡㅡ
봉브레드,B_CAF
ㅡㅡㅡ,ㅡㅡㅡ
택시,O
8분,O
ㅡㅡㅡ,ㅡㅡㅡ
영금정,B_TOR
ㅡㅡㅡ,ㅡㅡㅡ
도보,O
2분,O
ㅡㅡㅡ,ㅡㅡㅡ
영금정,B_TOR
등대,O
게찜,O
ㅡㅡㅡ,ㅡㅡㅡ
도보,O
3분,O
ㅡㅡㅡ,ㅡㅡㅡ
등대해수욕장,B_TOR
ㅡㅡㅡ,ㅡㅡㅡ
속초,B_LOC
브이로그,O
여행브이로그,O
국내여행,O
ㅡㅡㅡ,ㅡㅡㅡ
1,O
ㅡㅡㅡ,ㅡㅡㅡ
598,O
ㅡㅡㅡ,ㅡㅡㅡ
2,O
ㅡㅡㅡ,ㅡㅡㅡ
84,O
ㅡㅡㅡ,ㅡㅡㅡ
3,O
ㅡㅡㅡ,ㅡㅡㅡ
ㅡㅡㅡ,ㅡㅡㅡ
4,O
ㅡㅡㅡ,ㅡㅡㅡ
74,O
ㅡㅡㅡ,ㅡㅡㅡ
5,O
ㅡㅡㅡ,ㅡㅡㅡ
ㅡㅡㅡ,ㅡㅡㅡ
강릉,B_LOC
여행,O
갔다가,O
양양,B_LOC
속초,B_LOC
까지,O
들렸다,O
온,O
여행,O
둘쨋날,O
이야기,O
ㅡㅡㅡ,ㅡㅡㅡ
38선휴게소,B_TOR
하조대,B_TOR
낙산사,B_TOR
꾸찌뽕막국수,O
속초영금정,B_TOR
동명항,B_TOR
청초수물회,B_RES
ㅡㅡㅡ,ㅡㅡㅡ
마음,O
닿는,O
곳,O
데이바이피아노,O
ㅡㅡㅡ,ㅡㅡㅡ
ㅡㅡㅡ,ㅡㅡㅡ
14464,O
ㅡㅡㅡ,ㅡㅡㅡ
다정한,O
날들,O
데이바이피아노,O
ㅡㅡㅡ,ㅡㅡㅡ
ㅡㅡㅡ,ㅡㅡㅡ
14465,O
ㅡㅡㅡ,ㅡㅡㅡ
봄,O
데이바이피아노,O
ㅡㅡㅡ,ㅡㅡㅡ
ㅡㅡㅡ,ㅡㅡㅡ
14477,O
ㅡㅡㅡ,ㅡㅡㅡ
ㅡㅡㅡ,ㅡㅡㅡ
1601,O
ㅡㅡㅡ,ㅡㅡㅡ
일상브이로그,O
여행브이로그,O
강원도,B_LOC
브이로그,O
ㅡㅡㅡ,ㅡㅡㅡ
속초,B_LOC
양양,B_LOC
힐링브이로그,O
감성브이로그,O
ㅡㅡㅡ,ㅡㅡㅡ
강원도,B_LOC
여행,O
속초,B_LOC
여행,O
양양,B_LOC
여행,O
영랑호,B_TOR
영금정,B_TOR
ㅡㅡㅡ,ㅡㅡㅡ
하조대,B_TOR
아바이마을,B_TOR
속초중앙시장,B_TOR
만석닭강정,B_RES
ㅡㅡㅡ,ㅡㅡㅡ
ㅡㅡㅡ,ㅡㅡㅡ
910169,O
ㅡㅡㅡ,ㅡㅡㅡ
자켓,O
원더플레이스,O
ㅡㅡㅡ,ㅡㅡㅡ
니트,O
육육걸즈,O
ㅡㅡㅡ,ㅡㅡㅡ
바지,O
세러데이무드,O
ㅡㅡㅡ,ㅡㅡㅡ
신발,O
나이키,O
ㅡㅡㅡ,ㅡㅡㅡ
가방,O
세이모,O
온도,O
ㅡㅡㅡ,ㅡㅡㅡ
에코백,O
키티버니포니,O
ㅡㅡㅡ,ㅡㅡㅡ
목걸이,O
스톤헨지,O
ㅡㅡㅡ,ㅡㅡㅡ
잠옷,O
언니비키,O
ㅡㅡㅡ,ㅡㅡㅡ
수영복,O
비키비키,O
ㅡㅡㅡ,ㅡㅡㅡ
숙소,O
펜션,O
휴,O
ㅡㅡㅡ,ㅡㅡㅡ
식당,O
바람꽃해녀마을,B_RES
ㅡㅡㅡ,ㅡㅡㅡ
카페,O
시드누아,B_CAF
ㅡㅡㅡ,ㅡㅡㅡ
속초,B_LOC
브이로그,O
속초,B_LOC
술집추천,O
속초,B_LOC
여행,O
ㅡㅡㅡ,ㅡㅡㅡ
안녕하세요,O
ㅡㅡㅡ,ㅡㅡㅡ
코로나,O
로,O
세상이,O
뒤숭숭한,O
와중에,O
7월초,O
에,O
다녀온,O
속초,B_LOC
여행,O
업로드했습니다,O
ㅡㅡㅡ,ㅡㅡㅡ
사실,O
저번주,O
휴가예정이였는데,O
코로나,O
로,O
인해,O
취소하고,O
ㅡㅡㅡ,ㅡㅡㅡ
지난7월,O
에,O
다녀온,O
속초,B_LOC
여행으로,O
대신,O
맘을,O
달래봅니다,O
ㅡㅡㅡ,ㅡㅡㅡ
속초,B_LOC
여행은,O
혼자,O
퇴근,O
후,O
떠나서,O
놀다가,O
ㅡㅡㅡ,ㅡㅡㅡ
다음날,O
친구,O
와,O
1박2일,O
을,O
보내고,O
또,O
아빠,O
와,O
함께,O
1박2일,O
을,O
보내고,O
왔어요,O
ㅡㅡㅡ,ㅡㅡㅡ
혼자,O
여행도,O
친구,O
와,O
함께하는,O
여행도,O
가족,O
여행도,O
각각의,O
매력이죠,O
ㅡㅡㅡ,ㅡㅡㅡ
재밌게,O
봐주세요,O
모두,O
마스크,O
잘,O
착용하시고,O
코로나,O
조심하세요,O
ㅡㅡㅡ,ㅡㅡㅡ
또봐요,O
ㅡㅡㅡ,ㅡㅡㅡ
ㅡㅡㅡ,ㅡㅡㅡ
ㅡㅡㅡ,ㅡㅡㅡ
숙소정보,O
ㅡㅡㅡ,ㅡㅡㅡ
완벽한날들,O
게스트하우스,O
0248,O
ㅡㅡㅡ,ㅡㅡㅡ
터미널,O
바로,O
1분,O
거리게스트하우스,O
겸,O
서점입니다,O
ㅡㅡㅡ,ㅡㅡㅡ
저는,O
파티없는,O
게스트하우스,O
찾다가,O
찾은,O
곳인데,O
조용하니,O
맘에,O
쏙,O
들었어요,O
ㅡㅡㅡ,ㅡㅡㅡ
시끄러운거,O
싫어하시는,O
분들,O
고고,O
밑엔,O
독립서점,O
겸,O
카페라,O
더없이,O
좋아요,O
ㅡㅡㅡ,ㅡㅡㅡ
선라이즈호텔,O
ㅡㅡㅡ,ㅡㅡㅡ
ㅡㅡㅡ,ㅡㅡㅡ
속초,B_LOC
독립서점,O
ㅡㅡㅡ,ㅡㅡㅡ
완벽한날들,B_TOR
0248,O
ㅡㅡㅡ,ㅡㅡㅡ
문우,B_TOR
당서림,I_TOR
1913,O
ㅡㅡㅡ,ㅡㅡㅡ
ㅡㅡㅡ,ㅡㅡㅡ
카페,O
ㅡㅡㅡ,ㅡㅡㅡ
칠성조선소,B_CAF
1709,O
ㅡㅡㅡ,ㅡㅡㅡ
ㅡㅡㅡ,ㅡㅡㅡ
술집,O
ㅡㅡㅡ,ㅡㅡㅡ
속초아프리카,B_RES
0121,O
1016,O
ㅡㅡㅡ,ㅡㅡㅡ
이,O
곳,O
사진을,O
인스타,O
에서,O
보고,O
속초,B_LOC
에,O
가기로,O
다짐했어요,O
ㅡㅡㅡ,ㅡㅡㅡ
뭉티기,O
맛집이라는데,O
이틀내내,O
갔는데,O
못먹었어요,O
ㅜㅜ,O
일찍가야한대요,O
ㅡㅡㅡ,ㅡㅡㅡ
속초,B_LOC
핫플인거같아요,O
사람,O
많으니,O
일찍,O
가셔요,O
ㅡㅡㅡ,ㅡㅡㅡ
사장,O
님,O
너무,O
좋음,O
ㅡㅡㅡ,ㅡㅡㅡ
속초,B_CAF
지느러미,I_CAF
0929,O
ㅡㅡㅡ,ㅡㅡㅡ
속초,B_LOC
시외버스터미널,O
바로,O
앞,O
에,O
지느러미,B_CAF
라는,O
카페가,O
있을,O
겁니다,O
ㅡㅡㅡ,ㅡㅡㅡ
여러분,O
꼭,O
가보세요,O
ㅡㅡㅡ,ㅡㅡㅡ
진짜,O
저는,O
이,O
곳,O
다시,O
가려고,O
속초,B_LOC
갈거예요,O
진짜,O
감각적이고,O
사장,O
님,O
센스,O
느껴짐,O
ㅡㅡㅡ,ㅡㅡㅡ
몬가,O
예술적인,O
카페,O
홍대,B_LOC
에도,O
이런까페없던데,O
흑,O
꼭,O
가보시길,O
ㅡㅡㅡ,ㅡㅡㅡ
ㅡㅡㅡ,ㅡㅡㅡ
맛집,O
ㅡㅡㅡ,ㅡㅡㅡ
봉포머구리,B_RES
0657,O
ㅡㅡㅡ,ㅡㅡㅡ
물회,O
맛집,O
속초,B_LOC
맛집하면,O
바로,O
나오더라구요,O
무인,O
종업원,O
로보트,O
싱기,O
ㅡㅡㅡ,ㅡㅡㅡ
2인석,O
창가,O
테이블,O
좌석이,O
뷰,O
맛집,O
입니다,O
꼭,O
저자리를,O
쟁취하세요,O
ㅡㅡㅡ,ㅡㅡㅡ
황가네가오리찜,B_RES
2105,O
ㅡㅡㅡ,ㅡㅡㅡ
존맛탱,O
ㅡㅡㅡ,ㅡㅡㅡ
국내,O
1박2일,O
여행,O
브이로그,O
ㅡㅡㅡ,ㅡㅡㅡ
월요일,O
오전,O
회사출근,O
했다가,O
바로,O
속초,B_LOC
여행,O
출발,O
ㅡㅡㅡ,ㅡㅡㅡ
맛집에서,O
점심먹고,O
바닷가에서,O
해지기,O
전,O
오후,O
술자리,O
ㅡㅡㅡ,ㅡㅡㅡ
홍게,O
모듬회,O
소주,O
환상의,O
조합,O
ㅡㅡㅡ,ㅡㅡㅡ
맛있는거,O
먹을때가,O
제일,O
행복하다,O
ㅡㅡㅡ,ㅡㅡㅡ
인스타그램,O
222,O
ㅡㅡㅡ,ㅡㅡㅡ
일상,O
브이로그,O
일상브이로그,O
직장인,O
맛집추천,O
속초,B_LOC
맛집,O
대포항,B_TOR
맛집,O
속초,B_LOC
여행,O
국내여행,O
1박2일,O
여행코스,O
강원도,B_LOC
여행,O
속초막국수,O
ㅡㅡㅡ,ㅡㅡㅡ
속초,B_LOC
맛집,O
속초,B_LOC
여행브이로그,O
속초,B_LOC
카페추천,O
ㅡㅡㅡ,ㅡㅡㅡ
꼰데로그,O
2021년,O
7번째,O
브이로그,O
ㅡㅡㅡ,ㅡㅡㅡ
2021,O
7,O
ㅡㅡㅡ,ㅡㅡㅡ
바쁘게,O
살다가,O
갑자기,O
떠난,O
속초,B_LOC
여행,O
ㅡㅡㅡ,ㅡㅡㅡ
여러분도,O
아무생각없이,O
떠나보세요,O
ㅡㅡㅡ,ㅡㅡㅡ
속초,B_LOC
카페,I_CAF
큰,O
창에서,O
들어오는,O
햇살이,O
따듯했던,O
카페였어요,O
제가,O
마신,O
라떼,O
맛은,O
쏘쏘했지만요,O
따뜻한,O
공간을,O
보고,O
싶으시다면,O
추천할만한,O
카페,O
ㅡㅡㅡ,ㅡㅡㅡ
팔팔회센타,B_RES
대포항,B_TOR
앞,O
에,O
자리잡은,O
곳이었는데,O
제가,O
먹은,O
메뉴는,O
대게,O
2인,O
세트,O
15만원,O
가격이었고,O
네이버,O
예약하면,O
홍게라면,O
도,O
맛,O
볼,O
수,O
있었어요,O
생각보다,O
퀄리티도,O
양도,O
많아서,O
너무,O
추천해요,O
ㅡㅡㅡ,ㅡㅡㅡ
2인세트,O
는,O
술,O
을,O
드실거라면,O
세분,O
네분,O
이,O
드셔도,O
충분,O
ㅡㅡㅡ,ㅡㅡㅡ
속초,B_LOC
카페,I_CAF
대포항,B_TOR
에서,O
1520분,O
차,O
를,O
타고,O
가면,O
있었어요,O
바다가,O
바로,O
앞,O
에,O
있어,O
카페에서,O
커피,O
를,O
마시기보단,O
바다,O
보면서,O
마시는걸,O
추천해요,O
따뜻한,O
느낌이라기,O
모단,O
모던한,O
인테리어,O
였고,O
음료는,O
양이,O
작지만,O
저는,O
맛있게,O
먹었습니다,O
ㅡㅡㅡ,ㅡㅡㅡ
중앙순대국,B_RES
속초,B_LOC
지인,O
이,O
추천해주신,O
순대,O
국집이었는데,O
진짜,O
찐,O
맛집이었어요,O
뽈살순대국,O
은,O
처음이라,O
새로웠는데,O
진짜,O
부드러웠고,O
아바이순대국,O
도,O
맛있더라구요,O
ㅡㅡㅡ,ㅡㅡㅡ
속초,B_TOR
중앙시장,I_TOR
여기서,O
튀김,O
도,O
먹고,O
오징어순대,O
도,O
먹었는데,O
요즘은,O
옛날처럼,O
맛있다는,O
느낌은,O
없더라구요,O
한번쯤,O
들러볼만,O
하지만,O
꼭,O
가지,O
않아도,O
될,O
것,O
같았던,O
ㅡㅡㅡ,ㅡㅡㅡ
ㅡㅡㅡ,ㅡㅡㅡ
ㅡㅡㅡ,ㅡㅡㅡ
ㅡㅡㅡ,ㅡㅡㅡ
1,O
0,O
ㅡㅡㅡ,ㅡㅡㅡ
13073734,O
200020,O
ㅡㅡㅡ,ㅡㅡㅡ
양양,B_LOC
속초,B_LOC
강릉,B_LOC
여행,O
4박5일,O
로,O
중,O
2일차,O
는,O
속초,B_LOC
에,O
계속,O
있었고,O
비가,O
많이,O
왔어요,O
ㅡㅡㅡ,ㅡㅡㅡ
비,O
오니까,O
실내로,O
가보려고,O
식물원,O
온실도,O
가보고,O
속초,B_LOC
핫한,O
카페,O
시드누아,B_CAF
그리고,O
이번엔,O
중앙시장,B_TOR
에서,O
만석닭강정,B_RES
대신,O
중앙닭강정,B_RES
사서,O
먹었습니당,O
ㅡㅡㅡ,ㅡㅡㅡ
1080,O
로,O
설정하시면,O
더,O
선명하게,O
보실,O
수,O
있습니다,O
ㅡㅡㅡ,ㅡㅡㅡ
속초,B_LOC
여행,O
속초,B_LOC
여행브이로그,O
강원도,B_LOC
여행,O
ㅡㅡㅡ,ㅡㅡㅡ
ㅡㅡㅡ,ㅡㅡㅡ
오늘,O
계한용,O
구재영,O
ㅡㅡㅡ,ㅡㅡㅡ
ㅡㅡㅡ,ㅡㅡㅡ
박진우,O
구재영,O
ㅡㅡㅡ,ㅡㅡㅡ
ㅡㅡㅡ,ㅡㅡㅡ
봄이오는소리,O
오늘의일기,O
ㅡㅡㅡ,ㅡㅡㅡ
3,O
ㅡㅡㅡ,ㅡㅡㅡ
서울,B_LOC
의,O
자욱한,O
미세먼지를,O
피해,O
ㅡㅡㅡ,ㅡㅡㅡ
속초,B_LOC
여행,O
2박3일,O
다녀왔어요,O
ㅡㅡㅡ,ㅡㅡㅡ
영금정의,B_TOR
파도,O
소리를,O
듣다보면,O
ㅡㅡㅡ,ㅡㅡㅡ
그,O
동안의,O
스트레스가,O
팍,O
풀리는,O
기분이에요,O
ㅡㅡㅡ,ㅡㅡㅡ
ㅡㅡㅡ,ㅡㅡㅡ
속초,B_LOC
해돋이명소,O
영금정,B_TOR
ㅡㅡㅡ,ㅡㅡㅡ
속초관광수산시장,B_TOR
ㅡㅡㅡ,ㅡㅡㅡ
속초대포항,B_TOR
대게,O
세트,O
ㅡㅡㅡ,ㅡㅡㅡ
속초중앙시장,B_TOR
호떡,O
꽈배기튀김,O
ㅡㅡㅡ,ㅡㅡㅡ
백종원,O
의,O
3대천왕,O
예스닭강정,B_RES
ㅡㅡㅡ,ㅡㅡㅡ
보이는,O
대로,O
그냥,O
샀다가는,O
ㅡㅡㅡ,ㅡㅡㅡ
바가지,O
덤탱이,O
폭탄될,O
수,O
있음,O
ㅡㅡㅡ,ㅡㅡㅡ
무게,O
재고,O
회,O
뜨는,O
걸,O
직접,O
보시길,O
바래요,O
ㅡㅡㅡ,ㅡㅡㅡ
속초,B_LOC
먹방여행,O
ㅡㅡㅡ,ㅡㅡㅡ
속초,B_LOC
여행브이로그,O
ㅡㅡㅡ,ㅡㅡㅡ
직장인,O
주말,O
여행,O
ㅡㅡㅡ,ㅡㅡㅡ
코스,O
설악항,B_TOR
대포항,B_TOR
호텔마리몬드,O
정암해변,B_TOR
외옹치해변둘레길,B_TOR
속초,B_LOC
롯데리조트,O
영금정,B_TOR
동명,B_TOR
활어유통센터,I_TOR
ㅡㅡㅡ,ㅡㅡㅡ
설악항,B_TOR
에는,O
회,O
센터가,O
있어서,O
포장마차처럼,O
회파는,O
곳이,O
있어요,O
ㅡㅡㅡ,ㅡㅡㅡ
대포항,B_TOR
에는,O
튀김,O
골목이,O
있어서,O
새우튀김,O
게튀김,O
을,O
먹을,O
수,O
있어요,O
ㅡㅡㅡ,ㅡㅡㅡ
외옹치해변,B_TOR
을,O
들리신다면,O
꼭,O
둘레길을,O
걸으세요,O
풍경이,O
너무,O
아름다워요,O
ㅡㅡㅡ,ㅡㅡㅡ
속초,B_LOC
롯데리조트,O
에서,O
바다,O
풍경을,O
즐길,O
수,O
있어요,O
ㅡㅡㅡ,ㅡㅡㅡ
영금정,B_TOR
에서,O
노을,O
이,O
진짜,O
이쁘다고,O
들었는데,O
노을,O
은,O
못,O
봤지만,O
그래도,O
시원하고,O
좋았어요,O
ㅡㅡㅡ,ㅡㅡㅡ
요새,O
홍게,O
가,O
제철이라,O
동명,O
활어유통센터,B_TOR
에서,O
홍게,O
를,O
먹었어요,O
대게,O
도,O
먹어봤는데,O
홍게,O
가,O
더,O
맛있더라고요,O
ㅡㅡㅡ,ㅡㅡㅡ
친구,O
들과,O
1박2일,O
속초,B_LOC
여행,O
ㅡㅡㅡ,ㅡㅡㅡ
백담계곡,B_TOR
속초해수욕장,B_TOR
ㅡㅡㅡ,ㅡㅡㅡ
녹원갈비,B_RES
청초수물회,B_RES
김삿갓막국수,B_RES
ㅡㅡㅡ,ㅡㅡㅡ
브이로그,O
일상브이로그,O
대학생,O
대학생,O
대학생,O
브이로그,O
영상,O
영상전공,O
영상전공브이로그,O
일상,O
일상,O
일상브이로그,O
종강,O
종강,O
방학,O
방학브이로그,O
여행,O
여행브이로그,O
여행,O
방송국,O
연수회,O
겨울,O
겨울,O
바다,O
바다도장깨기,O
속초,B_LOC
속초해수욕장,B_TOR
휴게소,O
호두과자,O
다이제,O
아바이,O
순대,O
커뮤니,O
커뮤니케이션학부,O
국어,O
국문,O
국문,O
과,O
법대,O
법학과,O
커뮤니케이션디자,O
인,O
소주,O
치킨,O
맥주,O
술게임,O
술팟,O
음주,O
먹방,O
이국밥,O
국밥,O
ㅡㅡㅡ,ㅡㅡㅡ
ㅣ,O
ㅡㅡㅡ,ㅡㅡㅡ
ㅣ,O
944,O
ㅡㅡㅡ,ㅡㅡㅡ
ㅣ,O
이국밥,O
ㅡㅡㅡ,ㅡㅡㅡ
ㅣ,O
0,O
ㅡㅡㅡ,ㅡㅡㅡ
ㅣ,O
00,O
ㅡㅡㅡ,ㅡㅡㅡ
안녕하세요,O
ㅡㅡㅡ,ㅡㅡㅡ
황금같은,O
연차를,O
쓰고,O
언니,O
와,O
백스물,O
한번째,O
로,O
여행을,O
다녀왔습니다,O
ㅡㅡㅡ,ㅡㅡㅡ
하필,O
가는날이,O
장마기간이라,O
불안했지만,O
다행이,O
비는,O
오지않았어요,O
ㅡㅡㅡ,ㅡㅡㅡ
저희는,O
뚜벅이라,O
대부분,O
택시,O
를,O
타고,O
이동했지만,O
볼만한곳들이,O
다,O
모여있어서,O
뚜벅이들이,O
가기,O
좋은,O
여행지였던것,O
같아요,O
ㅡㅡㅡ,ㅡㅡㅡ
어설프고,O
혼자,O
떠드는,O
브이로그지만,O
재밌게,O
봐쥬세요,O
ㅡㅡㅡ,ㅡㅡㅡ
1,O
ㅡㅡㅡ,ㅡㅡㅡ
속초버스터미널,O
이조면옥,B_RES
속초중앙시장,B_TOR
만석닭강정,B_RES
수산물시장,O
에어비앤비,O
숙소,O
영랑호수공원,B_TOR
커피해요,B_CAF
등대해수욕장,B_TOR
봉포머구리,B_RES
영금정,B_TOR
속초해변,B_TOR
ㅡㅡㅡ,ㅡㅡㅡ
2,O
ㅡㅡㅡ,ㅡㅡㅡ
속초해변,B_TOR
우동당,B_RES
썬크림젤라또,B_CAF
동아서점,B_TOR
문우당서림,B_TOR
칠성조선소,B_CAF
88생선구이,B_RES
ㅡㅡㅡ,ㅡㅡㅡ
소니,O
알파5100,O
ㅡㅡㅡ,ㅡㅡㅡ
ㅡㅡㅡ,ㅡㅡㅡ
안녕하세요,O
ㅡㅡㅡ,ㅡㅡㅡ
2주년,O
기념으로,O
속초,B_LOC
당일치기,O
여행을,O
다녀왔어요,O
ㅡㅡㅡ,ㅡㅡㅡ
당일치기라서,O
아쉬웠지만,O
차,O
로,O
이동해서,O
나름,O
알차게,O
놀다,O
온,O
것,O
같아요,O
맛있는,O
것도,O
먹고,O
예쁜,O
바다도,O
보면서,O
힐링하고,O
온,O
시간이었습니다,O
ㅡㅡㅡ,ㅡㅡㅡ
영상,O
재밌게,O
봐주세요,O
ㅡㅡㅡ,ㅡㅡㅡ
여행,O
코스,O
ㅡㅡㅡ,ㅡㅡㅡ
아바이마을,B_TOR
유진이네아바이순대,B_RES
벽화마을,B_TOR
등대사진관,B_TOR
청초수물회,B_RES
속초해수욕장,B_TOR
카페아루나,B_CAF
속초중앙시장,B_TOR
ㅡㅡㅡ,ㅡㅡㅡ
ㅡㅡㅡ,ㅡㅡㅡ
기본음악,O
ㅡㅡㅡ,ㅡㅡㅡ
속초,B_LOC
여행,O
속초,B_LOC
브이로그,O
속초,B_LOC
맛집,O
당일치기여행,O
ㅡㅡㅡ,ㅡㅡㅡ
엄마,O
랑,O
정말,O
오랜만에,O
둘,O
이,O
속초,B_LOC
여행,O
다녀왔어요,O
ㅡㅡㅡ,ㅡㅡㅡ
제가,O
1살,O
때부터,O
매년가던,O
숙소에,O
오랜만에가서,O
힐링했어요,O
ㅡㅡㅡ,ㅡㅡㅡ
비록,O
바다는,O
못봤지만,O
ㅡㅡㅡ,ㅡㅡㅡ
맛있는,O
대게,O
와,O
신선한,O
해산물로,O
힐링하고온,O
ㅡㅡㅡ,ㅡㅡㅡ
속초,B_LOC
여행,O
ㅡㅡㅡ,ㅡㅡㅡ
엄마,O
사랑해,O
진짜루,O
난,O
엄마,O
랑노는게,O
제일,O
재밌어,O
ㅡㅡㅡ,ㅡㅡㅡ
날씨가,O
더,O
풀리면,O
꼭,O
다시한번,O
가고싶은,O
속초,B_LOC
맛집,O
ㅡㅡㅡ,ㅡㅡㅡ
현희네활어횟집,B_RES
ㅡㅡㅡ,ㅡㅡㅡ
위치,O
강원,B_LOC
속초시,B_LOC
대포항희망길,O
81,O
ㅡㅡㅡ,ㅡㅡㅡ
전화번호,O
0336352202,O
ㅡㅡㅡ,ㅡㅡㅡ
현희네활어횟집,B_RES
이,O
더,O
궁금하다면,O
35348420,O
ㅡㅡㅡ,ㅡㅡㅡ
이,O
영상은,O
유료,O
광고를,O
포함하고,O
있습니다,O
ㅡㅡㅡ,ㅡㅡㅡ
다솜,O
쏨메일,O
00812,O
ㅡㅡㅡ,ㅡㅡㅡ
ㅡㅡㅡ,ㅡㅡㅡ
속초,B_LOC
여행,O
속초,B_LOC
대게,O
대포항,B_TOR
맛집,O
속초라마다호텔,O
맛집,O
속초대포항,B_TOR
맛집,O
ㅡㅡㅡ,ㅡㅡㅡ
현희네활어횟집,B_RES
속초,B_LOC
브이로그,O
모녀,O
여행,O
모녀,O
여행브이로그,O
엄마,O
랑여행,O
국내여행,O
엄마,O
랑국내여행,O
속초,B_LOC
여행브이로그,O
속초,B_LOC
맛집,O
속초,B_LOC
먹방여행,O
엄마,O
사랑해,O
ㅡㅡㅡ,ㅡㅡㅡ
첫,O
브이로그는,O
3박4일,O
강원도,B_LOC
여행이에요,O
ㅡㅡㅡ,ㅡㅡㅡ
많이,O
보러,O
와주세요,O
해변도,O
많이,O
갔는데,O
비슷비슷한,O
해변이라,O
몇,O
몇,O
해변은,O
영상에,O
넣지,O
않았어요,O
ㅡㅡㅡ,ㅡㅡㅡ
ㅡㅡㅡ,ㅡㅡㅡ
000,O
ㅡㅡㅡ,ㅡㅡㅡ
040,O
강원도,B_LOC
로,O
출발,O
ㅡㅡㅡ,ㅡㅡㅡ
속초,B_LOC
ㅡㅡㅡ,ㅡㅡㅡ
ㅡㅡㅡ,ㅡㅡㅡ
104,O
낙산사,B_TOR
도착,O
ㅡㅡㅡ,ㅡㅡㅡ
116,O
낙산사,B_TOR
로,O
올라가는,O
길,O
ㅡㅡㅡ,ㅡㅡㅡ
143,O
낙산사,B_TOR
구경,O
ㅡㅡㅡ,ㅡㅡㅡ
226,O
설악국립공원,B_TOR
ㅡㅡㅡ,ㅡㅡㅡ
230,O
점심,O
ㅡㅡㅡ,ㅡㅡㅡ
252,O
영금정,B_TOR
도착,O
ㅡㅡㅡ,ㅡㅡㅡ
256,O
영금정,B_TOR
구경,O
ㅡㅡㅡ,ㅡㅡㅡ
317,O
등대전망대,B_TOR
가는,O
길,O
ㅡㅡㅡ,ㅡㅡㅡ
359,O
등대전망대,B_TOR
ㅡㅡㅡ,ㅡㅡㅡ
418,O
아바이마을,B_TOR
ㅡㅡㅡ,ㅡㅡㅡ
429,O
갯배,B_TOR
ㅡㅡㅡ,ㅡㅡㅡ
443,O
속초,B_TOR
중앙시장,I_TOR
ㅡㅡㅡ,ㅡㅡㅡ
448,O
커피체리,B_CAF
카페,O
ㅡㅡㅡ,ㅡㅡㅡ
500,O
만석,B_RES
닭강정,I_RES
ㅡㅡㅡ,ㅡㅡㅡ
503,O
신다신,B_RES
오징어순대,I_RES
ㅡㅡㅡ,ㅡㅡㅡ
526,O
속초해수욕장,B_TOR
외옹치향둘레길,B_TOR
ㅡㅡㅡ,ㅡㅡㅡ
639,O
청초호수공원,B_TOR
ㅡㅡㅡ,ㅡㅡㅡ
710,O
엑스포타워,B_TOR
ㅡㅡㅡ,ㅡㅡㅡ
ㅡㅡㅡ,ㅡㅡㅡ
강릉,B_LOC
ㅡㅡㅡ,ㅡㅡㅡ
834,O
정동진,B_LOC
으로,O
가는,O
길,O
ㅡㅡㅡ,ㅡㅡㅡ
853,O
정동진,B_LOC
레일바이크,B_TOR
ㅡㅡㅡ,ㅡㅡㅡ
951,O
정동진역,B_LOC
이디야커피,B_CAF
ㅡㅡㅡ,ㅡㅡㅡ
1003,O
강릉,B_TOR
통일공원,I_TOR
ㅡㅡㅡ,ㅡㅡㅡ
1013,O
허균허난설헌기념관,B_TOR
ㅡㅡㅡ,ㅡㅡㅡ
1033,O
경포호,B_TOR
ㅡㅡㅡ,ㅡㅡㅡ
1041,O
강문해변,B_TOR
ㅡㅡㅡ,ㅡㅡㅡ
1115,O
순두부젤라또,B_CAF
2호점,I_CAF
ㅡㅡㅡ,ㅡㅡㅡ
1133,O
안목해변,B_TOR
커피거리,I_TOR
ㅡㅡㅡ,ㅡㅡㅡ
1148,O
안목해변,B_TOR
커피콩빵,O
ㅡㅡㅡ,ㅡㅡㅡ
1210,O
오죽헌,B_TOR
ㅡㅡㅡ,ㅡㅡㅡ
1223,O
엄마손막국수,B_RES
ㅡㅡㅡ,ㅡㅡㅡ
1239,O
강릉,B_TOR
중앙시장,I_TOR
ㅡㅡㅡ,ㅡㅡㅡ
1251,O
월화거리,B_TOR
ㅡㅡㅡ,ㅡㅡㅡ
1312,O
사천해변,B_TOR
ㅡㅡㅡ,ㅡㅡㅡ
1335,O
도깨비,B_TOR
촬영지,I_TOR
ㅡㅡㅡ,ㅡㅡㅡ
1340,O
정류장,I_TOR
ㅡㅡㅡ,ㅡㅡㅡ
1352,O
아들,B_TOR
바위,I_TOR
ㅡㅡㅡ,ㅡㅡㅡ
ㅡㅡㅡ,ㅡㅡㅡ
강원도,B_LOC
여행브이로그,O
강원도,B_LOC
브이로그,O
강원도,B_LOC
여행,O
강릉,B_LOC
여행브이로그,O
속초,B_LOC
여행브이로그,O
강릉,B_LOC
카페,O
강릉,B_LOC
맛집,O
강릉,B_LOC
가볼만한곳,O
강릉,B_LOC
여행코스,O
속초,B_LOC
여행코스,O
강원도,B_LOC
여행코스,O
강릉,B_LOC
먹거리,O
속초,B_LOC
먹거리,O
아바이마을,B_TOR
아바이마을,B_TOR
갯배,B_TOR
신다신,B_RES
만석,B_RES
닭강정,I_RES
강릉,B_LOC
카페맛집,O
ㅡㅡㅡ,ㅡㅡㅡ
첫째날,O
ㅡㅡㅡ,ㅡㅡㅡ
청초수물회,B_RES
포인텟카페,B_CAF
추천,O
홍게랑,B_RES
추천,O
ㅡㅡㅡ,ㅡㅡㅡ
둘째날,O
ㅡㅡㅡ,ㅡㅡㅡ
동해안붉은대게,B_RES
테일카페,B_CAF
바우지움,B_TOR
뮤지엄,O
설악산,B_TOR
신유네회포장,B_RES
강추,O
예약,O
빨리,O
하셔야해요,O
ㅡㅡㅡ,ㅡㅡㅡ
셋째날,O
ㅡㅡㅡ,ㅡㅡㅡ
보사노바,B_CAF
우동당,B_RES
추천,O
라또래요,B_CAF
추천,O
와이에이티,B_CAF
카페,O
ㅡㅡㅡ,ㅡㅡㅡ
여행브이로그,O
속초,B_LOC
여행브이로그,O
바우지움뮤지엄,B_TOR
설악산,B_TOR
피크닉,O
속초,B_LOC
맛집,O
속초,B_LOC
카페,O
속초,B_LOC
1박2일,O
속초,B_LOC
2박3일,O
속초,B_LOC
맛집국내여행,O
ㅡㅡㅡ,ㅡㅡㅡ
바다,O
속초해수욕장,B_TOR
ㅡㅡㅡ,ㅡㅡㅡ
음식점,O
청초수물회,B_RES
ㅡㅡㅡ,ㅡㅡㅡ
카페,O
하늘정원,B_CAF
카페,O
ㅡㅡㅡ,ㅡㅡㅡ
속초,B_LOC
2박3일,O
여행영상,O
입니다,O
ㅡㅡㅡ,ㅡㅡㅡ
영순,B_TOR
네,I_TOR
횟집에서,I_TOR
물회,O
흰다정,B_CAF
에서,O
토매이토빙수,O
그리고,O
숯불고기,O
조개구이,O
을마나,O
맛있게요,O
ㅡㅡㅡ,ㅡㅡㅡ
여러분들도,O
속초,B_LOC
여행,O
오시죠,O
속초,B_LOC
홍보영상,O
아님주의,O
다음영상에서,O
봅시당,O
ㅡㅡㅡ,ㅡㅡㅡ
켄싱턴호텔설악,O
ㅡㅡㅡ,ㅡㅡㅡ
강원,B_LOC
속초시,B_LOC
설악산로,O
998,O
ㅡㅡㅡ,ㅡㅡㅡ
ㅡㅡㅡ,ㅡㅡㅡ
천진오길,O
ㅡㅡㅡ,ㅡㅡㅡ
강원,B_LOC
고성군,O
토성면,O
천진5길,O
17,O
ㅡㅡㅡ,ㅡㅡㅡ
태시트,B_CAF
ㅡㅡㅡ,ㅡㅡㅡ
강원,B_LOC
고성군,B_LOC
토성면,O
천진5길,O
17,O
ㅡㅡㅡ,ㅡㅡㅡ
봉브레드,B_CAF
ㅡㅡㅡ,ㅡㅡㅡ
강원,B_LOC
속초시,B_LOC
동해대로,O
44,O
ㅡㅡㅡ,ㅡㅡㅡ
속초관광수산시장,B_TOR
속초,B_TOR
중앙시장,I_TOR
ㅡㅡㅡ,ㅡㅡㅡ
강원,B_LOC
속초시,B_LOC
중앙로,O
147번길,O
12,O
ㅡㅡㅡ,ㅡㅡㅡ
카페루루흐,B_CAF
ㅡㅡㅡ,ㅡㅡㅡ
강원,B_LOC
속초시,B_LOC
만천1길,O
38,O
1층,O
ㅡㅡㅡ,ㅡㅡㅡ
추필여국시,B_RES
ㅡㅡㅡ,ㅡㅡㅡ
강원,B_LOC
속초시,B_LOC
선사로4길,O
04월01일,O
ㅡㅡㅡ,ㅡㅡㅡ
흰다정,B_CAF
ㅡㅡㅡ,ㅡㅡㅡ
강원,B_LOC
속초시,B_LOC
수복로,O
248,O
ㅡㅡㅡ,ㅡㅡㅡ
속초,B_LOC
양양,B_LOC
여행브이로그,O
ㅡㅡㅡ,ㅡㅡㅡ
이,O
영상은,O
사회적,O
거리두기,O
1단계,O
에서,O
촬영한,O
영상입니다,O
ㅡㅡㅡ,ㅡㅡㅡ
안녕하세요,O
ㅡㅡㅡ,ㅡㅡㅡ
양양,B_LOC
여행,O
둘쨋날,O
입니다,O
같이,O
양양,B_LOC
경치구경도,O
하고,O
ㅡㅡㅡ,ㅡㅡㅡ
좋은곳,O
맛집들,O
재밌게,O
봐주세요,O
ㅡㅡㅡ,ㅡㅡㅡ
정보,O
ㅡㅡㅡ,ㅡㅡㅡ
1,O
파머스키친,B_RES
수제,O
버거,O
맛집,O
양양,B_LOC
맛집,O
ㅡㅡㅡ,ㅡㅡㅡ
2,O
죽도정,B_TOR
양양,B_LOC
가볼만한곳,O
ㅡㅡㅡ,ㅡㅡㅡ
3,O
솔티캐빈,B_CAF
양양,B_LOC
카페,O
오션뷰카페,O
ㅡㅡㅡ,ㅡㅡㅡ
4,O
시드누아,B_CAF
속초,B_LOC
카페,O
ㅡㅡㅡ,ㅡㅡㅡ
5,O
와이에이티,B_CAF
속초,B_LOC
카페,O
ㅡㅡㅡ,ㅡㅡㅡ
6,O
영광정막국수,B_RES
영광정메밀국수,B_RES
속초,B_LOC
맛집,O
막국수,O
맛집,O
ㅡㅡㅡ,ㅡㅡㅡ
직장인,O
브이로그,O
강원도,B_LOC
여행,O
양양,B_LOC
1박2일,O
속초,B_LOC
여행,O
디자이너,O
일상,O
카페인테리어,O
ㅡㅡㅡ,ㅡㅡㅡ
안녕하세요,O
현주빵,O
이에요,O
ㅡㅡㅡ,ㅡㅡㅡ
어느덧,O
결혼한지,O
1년,O
이,O
되어,O
첫,O
결혼기념일을,O
맞이했어요,O
ㅡㅡㅡ,ㅡㅡㅡ
의미,O
있는,O
시간을,O
보내기,O
위해,O
이,O
박삼일,O
일정으로,O
ㅡㅡㅡ,ㅡㅡㅡ
속초,B_LOC
여행을,O
다녀왔답니다,O
ㅡㅡㅡ,ㅡㅡㅡ
맛집,O
부터,O
숙소,O
까지,O
너무,O
만족스러웠기에,O
ㅡㅡㅡ,ㅡㅡㅡ
꼭,O
소개해,O
드리고,O
싶었어요,O
ㅡㅡㅡ,ㅡㅡㅡ
도움되시라고,O
여행,O
정보,O
올려둘테니,O
ㅡㅡㅡ,ㅡㅡㅡ
궁금하신,O
점은,O
댓글,O
주세요,O
ㅡㅡㅡ,ㅡㅡㅡ
구독자,O
여러분,O
감사합니다,O
ㅡㅡㅡ,ㅡㅡㅡ
숙소,O
정보,O
ㅡㅡㅡ,ㅡㅡㅡ
속초,B_LOC
썬라이즈호텔,O
금호동,O
속초시장,O
근접,O
오션뷰시티뷰,O
테라스,O
가성비,O
ㅡㅡㅡ,ㅡㅡㅡ
더테라블루호텔,O
속초해변,O
근접,O
오션뷰시티뷰,O
설악산,O
뷰,O
테라스,O
전망최고,O
ㅡㅡㅡ,ㅡㅡㅡ
맛집카페,O
정보,O
ㅡㅡㅡ,ㅡㅡㅡ
만석닭강정,B_RES
속초시장,B_TOR
ㅡㅡㅡ,ㅡㅡㅡ
속초,B_RES
구구집,I_RES
물회,O
성게비빔밥,O
맛집,O
싱싱하고,O
양도,O
많음,O
ㅡㅡㅡ,ㅡㅡㅡ
백두해물짬뽕순두부,B_RES
짬뽕순두부,O
맛집,O
ㅡㅡㅡ,ㅡㅡㅡ
보구밍케이크,B_CAF
속초,B_LOC
빈티지,O
레터링,O
케이크집,O
친절하고,O
맛있음,O
ㅡㅡㅡ,ㅡㅡㅡ
카페,O
보사노바,B_CAF
속초해수욕장,B_TOR
앞,O
카페,O
분위기,O
좋고,O
빵,O
핫초코,O
맛있음,O
ㅡㅡㅡ,ㅡㅡㅡ
해변,O
정보,O
ㅡㅡㅡ,ㅡㅡㅡ
속초해수욕장,B_TOR
ㅡㅡㅡ,ㅡㅡㅡ
외옹치해변,B_TOR
ㅡㅡㅡ,ㅡㅡㅡ
영금정,B_TOR
ㅡㅡㅡ,ㅡㅡㅡ
등대해수욕장,B_TOR
ㅡㅡㅡ,ㅡㅡㅡ
7025,O
ㅡㅡㅡ,ㅡㅡㅡ
속초,B_LOC
여행브이로그,O
속초,B_LOC
숙소추천,O
속초,B_LOC
맛집,O
결혼기념일,O
속초,B_LOC
호텔,O
속초,B_LOC
카페,O
속초해변,B_TOR
속초해수욕장,B_TOR
외옹치해변,B_TOR
보사노바,B_CAF
더테라블루,O
썬라이즈호텔,O
구구집,B_RES
속초,B_LOC
여행지추천,O
짬뽕순두부,O
맛집,O
속초케이크,O
ㅡㅡㅡ,ㅡㅡㅡ
속초,B_LOC
랜선여행,O
브이로그,O
메이트힐,B_CAF
로스터리,I_CAF
카페,I_CAF
아스트로,O
대포항,B_TOR
라마다호텔오션뷰,O
대게,O
오징어회,O
맛집,O
영금정,B_TOR
강원도,B_LOC
1박2일,O
ㅡㅡㅡ,ㅡㅡㅡ
000,O
랜선여행,O
스타트,O
ㅡㅡㅡ,ㅡㅡㅡ
015,O
1,O
메이트힐,B_CAF
로스터리,I_CAF
카페,I_CAF
아스트로,O
ㅡㅡㅡ,ㅡㅡㅡ
324,O
속초,B_LOC
숙소,O
라마다호텔,O
ㅡㅡㅡ,ㅡㅡㅡ
431,O
저녁식사,O
대게,O
오징어회,O
광어회,O
등,O
ㅡㅡㅡ,ㅡㅡㅡ
548,O
2,O
아침,O
숙소,O
오션뷰,O
ㅡㅡㅡ,ㅡㅡㅡ
609,O
대포항,B_TOR
ㅡㅡㅡ,ㅡㅡㅡ
651,O
영금정,B_TOR
ㅡㅡㅡ,ㅡㅡㅡ
다음,O
영상에서,O
봬요,O
감사합니다,O
ㅡㅡㅡ,ㅡㅡㅡ
소니1,O
ㅡㅡㅡ,ㅡㅡㅡ
곰,O
믹스,O
ㅡㅡㅡ,ㅡㅡㅡ
ㅡㅡㅡ,ㅡㅡㅡ
속초,B_LOC
여행,O
영금정,B_TOR
일출여행의기록,O
여행브이로그,O
ㅡㅡㅡ,ㅡㅡㅡ
안녕하세요,O
미레커플,O
입니다,O
ㅡㅡㅡ,ㅡㅡㅡ
여름,O
휴가로,O
양양,B_LOC
과,O
속초,B_LOC
여행을,O
다녀왔어요,O
ㅡㅡㅡ,ㅡㅡㅡ
시청해주셔서,O
감사합니다,O
ㅡㅡㅡ,ㅡㅡㅡ
1,O
ㅡㅡㅡ,ㅡㅡㅡ
120,O
양양,B_LOC
서피비치,B_TOR
ㅡㅡㅡ,ㅡㅡㅡ
231,O
싱글핀,B_RES
에일웍스,I_RES
피자,O
ㅡㅡㅡ,ㅡㅡㅡ
306,O
속초,B_LOC
만석,B_RES
닭강정,I_RES
본점테이크아웃,O
ㅡㅡㅡ,ㅡㅡㅡ
2,O
ㅡㅡㅡ,ㅡㅡㅡ
400,O
양양,B_LOC
송이밸리자연휴양림,B_TOR
입구,O
ㅡㅡㅡ,ㅡㅡㅡ
523,O
숲속기차,B_TOR
탑승장,I_TOR
ㅡㅡㅡ,ㅡㅡㅡ
620,O
짚라인,O
ㅡㅡㅡ,ㅡㅡㅡ
645,O
하늘나르기,B_TOR
ㅡㅡㅡ,ㅡㅡㅡ
800,O
물치항,B_TOR
활어회센타,I_TOR
ㅡㅡㅡ,ㅡㅡㅡ
857,O
속초중앙시장,B_TOR
ㅡㅡㅡ,ㅡㅡㅡ
919,O
정암해수욕장,B_TOR
ㅡㅡㅡ,ㅡㅡㅡ
양양,B_LOC
여행,O
양양,B_LOC
브이로그,O
양양,B_LOC
1박,O
2일,O
속초,B_LOC
여행,O
속초,B_LOC
브이로그,O
속초,B_LOC
1박,O
2일,O
양양,B_LOC
속초,B_LOC
서피비치,B_TOR
싱글핀에일웍스,B_RES
만석닭강정,B_RES
송이밸리자연휴양림,B_TOR
양양,B_LOC
짚라인,O
양양하늘나르기,B_TOR
ㅡㅡㅡ,ㅡㅡㅡ
