﻿word,ner
1박2일,O
속초,B_LOC
여행,O
브이로그,O
속초,B_LOC
신상,O
핫플,O
다,O
다녀옴,O
바우지움미술관,B_TOR
문우당서림,B_TOR
오션뷰카페,B_CAF
하마식당,B_RES
옥란푸딩,B_CAF
속초중앙시장,B_TOR
엄지네포장마차,B_RES
ㅡㅡㅡ,ㅡㅡㅡ
2박3일,O
먹방,O
속초여행브이로그,O
먹,O
방브이로그,O
중앙시장,B_TOR
우동당,B_RES
선크림젤라또,B_CAF
속초,B_LOC
카페,O
보사노바,B_CAF
칠성조선소,B_CAF
바다정원,B_CAF
속초,B_LOC
여행코스,O
속초,B_LOC
핫플,O
강원도,O
여행,O
국내여행,O
ㅡㅡㅡ,ㅡㅡㅡ
먹케쥴,O
가득한,O
속초,B_LOC
양양,B_LOC
브이로그ㅣ실패하지,O
않는,O
맛집,O
리스트ㅣ,O
잘먹고잘놀기,O
서피비치,B_TOR
동명항오징어난전,B_RES
중앙시장,B_TOR
봉브레드,B_CAF
원조튀김골목,B_TOR
ㅣ,O
ㅡㅡㅡ,ㅡㅡㅡ
여행,O
먹방,O
1박2일,O
속초,B_LOC
여행,O
영금정,B_TOR
봉포머구리집,B_RES
물회,O
중앙시장,B_TOR
속초해수욕장,B_TOR
순희네마차,B_RES
춘선네물곰탕,B_RES
원준이엉덩이빵,B_CAF
왕박골식당,B_RES
장칼국수,O
소금빵,O
ㅡㅡㅡ,ㅡㅡㅡ
속초,B_LOC
여행,O
브이로그,O
아바이마을,B_TOR
오징어순대,O
일본,O
빙수,O
맛집,O
흰다정,B_CAF
바다뷰,O
카페아루나,B_CAF
마카오,B_CAF
박,I_CAF
에그타르트,O
와,O
만석닭강정,B_RES
영금정,B_TOR
외옹치바다향기로,B_TOR
까지,O
ㅡㅡㅡ,ㅡㅡㅡ
속초,B_LOC
여행,O
브이로그,O
1,O
혼자,O
뚜벅이,O
1박2일,O
이,O
시국,O
안전한,O
속초,B_LOC
여행,O
루트,O
바다,O
보이는,O
스파,O
펜션에서,O
만석,B_RES
닭강정,I_RES
에,O
와인,O
속초,B_TOR
해수욕,I_TOR
장,I_TOR
밤바다,O
포토존,O
ㅡㅡㅡ,ㅡㅡㅡ
속초,B_LOC
여행,O
브이로그,O
속초,B_LOC
1박2일,O
속초,B_RES
우동당,I_RES
청초수물회,B_RES
칠성조선소,B_CAF
감자옹심이,O
만석닭강정,B_RES
속초봉브레드,B_CAF
먹방여행,O
ㅡㅡㅡ,ㅡㅡㅡ
강원도,B_LOC
의,O
여름,O
은,O
강릉,B_LOC
속초,B_LOC
여행,O
브이로그,O
장칼국수,O
찐맛집,O
테라로사,B_CAF
시드누아,B_CAF
서피비치,B_TOR
ㅡㅡㅡ,ㅡㅡㅡ
속초,B_LOC
여행,O
브이로그,O
해산물,O
못,O
먹는,O
나,O
카페,O
시드누아,B_CAF
속초,B_LOC
순두부,O
오션뷰,O
숙소,O
휴게소,O
먹방,O
ㅡㅡㅡ,ㅡㅡㅡ
짱친들과,O
속초,B_LOC
양양,B_LOC
맛집,O
투어,O
여행,O
먹방,O
브이로그,O
하와이새우트럭,B_RES
청초수물회,B_RES
공가네감자옹심이,B_RES
홍리마라탕,B_RES
숑숑돈까스,B_RES
웅이네무뼈닭발,B_RES
ㅡㅡㅡ,ㅡㅡㅡ
여행,O
브이로그ㅣ,O
겨울,O
속초,B_LOC
여행ㅣ,O
아바이마을,B_TOR
ㅣ,O
속초,B_LOC
맛집ㅣ,O
봉포머구리,B_RES
ㅣ,O
흰다정,B_CAF
ㅣ,O
글라스하우스,B_CAF
ㅣ,O
온더버튼,B_CAF
ㅣ,O
ㅡㅡㅡ,ㅡㅡㅡ
속초,B_LOC
여행,O
브이로그,O
마레몬스호텔,O
문우당서림,B_TOR
속초중앙시장,B_TOR
하마식당,B_RES
흰다정,B_CAF
속초해수욕장,B_TOR
글라스하우스,B_CAF
엄지네포장마차,B_RES
ㅡㅡㅡ,ㅡㅡㅡ
32,O
속초여행브이로그,O
속초여행,O
롯데리조트속초,O
대게먹방,O
대청마루,B_RES
시드누아,B_CAF
속초해변,B_TOR
걷기,O
3일내내먹는여행,O
ㅡㅡㅡ,ㅡㅡㅡ
속초,B_LOC
브이로그,O
속초해변,B_TOR
바다정원카페,B_CAF
봉브레드,B_CAF
속초중앙시장,B_TOR
ㅡㅡㅡ,ㅡㅡㅡ
2박3일,O
속초,B_LOC
여행,O
브이로그ㅣ커플브이로,O
그먹방을,O
모조리,O
휩쓸고,O
옴,O
썬라이즈호텔,O
오션뷰,O
엄지네포장마차,B_RES
속초중앙시장,B_TOR
설악케이블카,B_TOR
아바이순대타운,B_TOR
대포항,B_TOR
ㅡㅡㅡ,ㅡㅡㅡ
속초,B_LOC
속초여행,O
브이로그,O
여행로그,O
여름휴가,O
먹고놀며힐링하는여행,O
카페보사노바,B_CAF
라또래요,B_CAF
속초바다,B_TOR
대게,O
흰다정,B_CAF
ㅡㅡㅡ,ㅡㅡㅡ
속초,B_LOC
브이로그,O
속초,B_LOC
여행,O
비긴어게인,O
촬영지,O
크리스찬,O
배우,O
지망생,O
일상,O
브이로그,O
속초,B_LOC
영랑호,B_TOR
등대,O
해수욕장,O
ㅡㅡㅡ,ㅡㅡㅡ
강원도,B_LOC
여행,O
브이로그,O
양양,B_LOC
속초,B_LOC
서피비치,B_TOR
스테이오롯이,B_CAF
휴휴암,B_TOR
대포항,B_TOR
ㅡㅡㅡ,ㅡㅡㅡ
4남매가족의속초여행,O
속초롯데리조트,O
속초롯데워터파크,B_TOR
대포항,B_TOR
2호생일축하여행,O
속초브이로그,O
끼리끼리남매,O
ㅡㅡㅡ,ㅡㅡㅡ
언니,O
브이로그,O
2,O
고성,B_LOC
속초,B_LOC
여행,O
소노캄델피노,O
하늬라벤더팜,B_TOR
청초수물회,B_RES
초원순두부,B_RES
설악케이블카,B_TOR
설악,O
찻집에,O
다녀왔다,O
ㅡㅡㅡ,ㅡㅡㅡ
속초,B_TOR
해수욕장,I_TOR
ㅣ,O
속초,B_LOC
바다ㅣ,O
속초,B_LOC
브이로그ㅣ,O
여름,O
방학ㅣ,O
속초,B_LOC
여행,O
ㅡㅡㅡ,ㅡㅡㅡ
6월,O
속초,B_LOC
1박2일,O
브이로그,O
옥란푸딩,B_CAF
속초해수욕장,B_TOR
속초라마다호텔,O
대포항,B_TOR
국내여행,O
ㅡㅡㅡ,ㅡㅡㅡ
광고,O
1,O
도,O
없는,O
찐,O
속초,B_LOC
맛집카페,O
브이로그,O
단천면옥,B_RES
흰다정,B_CAF
봉포머구리,B_RES
횟집,O
시드누아,B_CAF
솔비치,O
홍게,O
횟집,O
ㅡㅡㅡ,ㅡㅡㅡ
남자친구,O
가,O
편집한,O
속초,B_LOC
여행,O
브이로그,O
2,O
봉브레드,B_CAF
아바이마을,B_TOR
단천식당,B_RES
영금정,B_TOR
ㅡㅡㅡ,ㅡㅡㅡ
더비로그,O
노답이들의,O
청춘,O
낭만,O
속초,B_LOC
여행,O
브이로그,O
일상,O
브이로그,O
속초,B_LOC
맛집,O
청초수물회,B_RES
중앙시장,B_TOR
해수욕장,O
영금정,B_TOR
오징어회,O
덕질,O
브이로그,O
ㅡㅡㅡ,ㅡㅡㅡ
ㅣ,O
속초브이,O
로그,O
속초여행,O
속초중앙시장,B_TOR
속초아저씨튀김,B_RES
대포항,B_TOR
바다정원,B_CAF
아바이마을,B_TOR
봉포머구리집,B_RES
코끼리분식,B_RES
봉포해수욕장,B_TOR
ㅡㅡㅡ,ㅡㅡㅡ
속초,B_LOC
1박2일,O
속초,B_LOC
여행,O
브이로그,O
청초수물회,B_RES
썬라이즈호텔,O
하마식당,B_RES
동아서점,B_TOR
칠성조선소,B_CAF
갯배청년몰,B_TOR
ㅡㅡㅡ,ㅡㅡㅡ
속초,B_LOC
여행,O
브이로그,O
동명항,B_TOR
속초해수욕장,B_TOR
카페,O
배타고,O
피크닉,O
바우지움,B_TOR
조각미술관,I_TOR
갯배,B_TOR
청초수물회,B_RES
본점,O
만석닭강정,B_RES
홍게,O
ㅡㅡㅡ,ㅡㅡㅡ
느긋하고,O
여유로운,O
속초,B_LOC
여행,O
브이로그,O
맛집찻집호텔,O
추천,O
엄마,O
랑,O
1박2일,O
여행,O
외옹치바다,B_TOR
봉브레드,B_CAF
란야원,B_CAF
상운메밀촌,B_RES
소노캄델피노,O
ㅡㅡㅡ,ㅡㅡㅡ
대학생,O
브이로그,O
속초,B_LOC
여행,O
시드누아,B_CAF
카페,O
속초해수욕장,B_TOR
밤바다,O
짬뽕순두부,O
ㅡㅡㅡ,ㅡㅡㅡ
도심에서,O
벗어난,O
자연,O
그대로의,O
강원도,B_LOC
속초,B_LOC
브이로그,O
양양,B_LOC
고성,B_LOC
까지,O
라마다호텔,O
수제비집,O
만석닭강정,B_RES
통일전망대,B_TOR
영금정,B_TOR
낙산사,B_TOR
ㅡㅡㅡ,ㅡㅡㅡ
속초,B_LOC
브이로그,O
3,O
여자,O
혼자,O
속초,B_LOC
여행,O
3박4일,O
봉브레드,B_CAF
척산온천,O
단천면옥,B_RES
문우당서림,B_TOR
동아서점,B_TOR
ㅡㅡㅡ,ㅡㅡㅡ
속초,B_LOC
양양,B_LOC
여행,O
브이로그,O
낙산사,B_TOR
영랑호,B_TOR
외옹치바다향기로,B_TOR
영금정,B_TOR
에어비앤비,O
누룽지,O
오징어순대,O
봉브레드,B_CAF
베이커리,B_CAF
가루,I_CAF
태시트,B_CAF
가을,O
속초,B_LOC
맛집,O
카페,O
ㅡㅡㅡ,ㅡㅡㅡ
속초,B_LOC
브이로그,O
찐여름,O
ㅣ,O
3박4일겨울,O
속초,B_LOC
ㅣ너무,O
심심해ㅣ바다에서,O
혼자놀기ㅣ,O
소호,O
259,O
게스트하우스ㅣ,O
영금정,B_TOR
ㅣ완벽한날,B_TOR
들ㅣ,I_TOR
동아서점,B_TOR
ㅣ,O
지느러미,B_CAF
ㅣ,O
우디,B_CAF
ㅣ,O
낙산사,B_TOR
ㅣ,O
낙산해수욕장,B_TOR
ㅣ,O
낙산비치호텔,O
ㅡㅡㅡ,ㅡㅡㅡ
강릉,B_LOC
속초,B_LOC
여행,O
브이로그ㅣ,O
툇마루커피,B_CAF
영금정,B_TOR
맛집ㅣ,O
연남필름,O
ㅣ퇴사했다,O
ㅡㅡㅡ,ㅡㅡㅡ
1박2일,O
속초,B_LOC
여행,O
브이로그,O
속초해수욕장,B_TOR
청초수물회,B_RES
동아서점,B_TOR
포차거리,B_TOR
오션뷰할리스카페,B_CAF
ㅡㅡㅡ,ㅡㅡㅡ
속초,B_LOC
여행,O
브이로그,O
시즈니,O
브이로그,O
먹방,O
브이로그,O
청초수물회,B_RES
속초해수욕장,B_TOR
중앙닭강정,B_RES
공차,O
초당옥수수,O
봉브레드,B_CAF
마늘빵,O
등등,O
ㅡㅡㅡ,ㅡㅡㅡ
브이로그여행브이로그여행후기,O
속초,B_LOC
여행,O
씨크루즈호텔,O
외옹치해수욕장,B_TOR
아바이순대,O
속초중앙시장,B_TOR
오징어순대,O
물회,O
봉포머구리,B_RES
가을,O
여행,O
여름,O
여행휴가,O
속초해수욕장,B_TOR
설악산,B_CAF
로카페,I_CAF
ㅡㅡㅡ,ㅡㅡㅡ
여행,O
친구,O
랑,O
주말,O
1박2일,O
속초,B_LOC
여행,O
브이로그,O
아바이마을,B_TOR
갯배,O
영금정,B_TOR
카페우디,B_CAF
마리나베이,O
속초중앙시장,B_TOR
썬크림젤라또,B_CAF
속초해수욕장,B_TOR
보사노바,B_CAF
청초수물회,B_RES
ㅡㅡㅡ,ㅡㅡㅡ
속초여행브이로그,O
남자친구,O
강릉,B_LOC
여행,O
비오는날,O
2박3일,O
화엄사,B_TOR
만석닭강정,B_RES
동화가든,B_RES
청초수물회,B_RES
속초,B_LOC
맛집뿌시기,O
ㅡㅡㅡ,ㅡㅡㅡ
바규티비,O
일상브이로그,O
강원도속초,B_LOC
여행,O
봉포머구리,B_RES
옆,O
할리스,B_CAF
꼭,O
가세요,O
두번,O
가세요,O
ㅡㅡㅡ,ㅡㅡㅡ
현실,O
친구,O
느낌,O
낭,O
낭,O
친구,O
들과,O
속초,B_LOC
브이로그,O
라라랜드,O
노을,O
영금정,B_TOR
속초,B_LOC
맛집,O
ㅡㅡㅡ,ㅡㅡㅡ
속초,B_LOC
여행,O
브이로그,O
1편,O
모든걸,O
다,O
먹었다,O
만석닭강정,B_RES
엄지네,B_RES
대게,O
새우강정,O
대포항,B_TOR
속초,B_LOC
바다,O
국내여행,O
가족,O
여행,O
ㅡㅡㅡ,ㅡㅡㅡ
1박2일,O
속초,B_LOC
여행,O
브이로그,O
보사노바,B_CAF
속초,B_RES
항아리물회,I_RES
라또래요,B_CAF
등대해수욕장,B_CAF
만석닭강정,B_RES
해녀,B_RES
전복뚝배기,I_RES
흰다정,B_CAF
속초해수욕장,B_TOR
ㅡㅡㅡ,ㅡㅡㅡ
수니,O
브이로그,O
강원도,B_LOC
속초,B_LOC
양양,B_LOC
여행,O
두번째,O
이야기,O
영랑호,B_TOR
영금정,B_TOR
카페,O
시드누아,B_CAF
하조대,B_TOR
아바이마을,B_TOR
속초중앙시장,B_TOR
만석닭강정,B_RES
오징어순대,O
아이폰12,O
ㅡㅡㅡ,ㅡㅡㅡ
소딱,O
1박2일,O
속초여행브이로그,O
속초,B_LOC
맛집과,O
카페투어,O
아바이마을,B_TOR
오징어순대,O
장칼국수,O
물회,O
만석닭강정,B_RES
봉브레드,B_CAF
홍게살비빔밥,O
ㅡㅡㅡ,ㅡㅡㅡ
여행브이로그,O
여름,O
속초,B_LOC
여행,O
친구,O
들과,O
떠난,O
여름,O
휴가,O
속초,B_LOC
여행,O
송월메밀국수,B_RES
글라스하우스,B_CAF
메이플키즈풀빌라,O
엄지네포장마차,B_RES
돈우마을,B_RES
ㅡㅡㅡ,ㅡㅡㅡ
여행감성,O
듬뿍담은,O
속초,B_LOC
여행,O
브이로그,O
칠성조선소,B_CAF
대포항,B_TOR
호텔포트뷰,O
청초호해상공원,B_TOR
두텁돼지,B_RES
속초관광수산시장,B_TOR
ㅡㅡㅡ,ㅡㅡㅡ
속초,B_LOC
당일치기,O
여행,O
항아리,B_RES
물회,I_RES
그,O
린카,O
일상브이로그,O
일상,O
ㅡㅡㅡ,ㅡㅡㅡ
여행,O
브이로그,O
일상,O
브이로그,O
직장인,O
브이로그,O
속초,B_LOC
여행,O
대포항,B_TOR
라마다속초,O
국내여행,O
추천,O
봉포머구리,B_RES
대포항,B_TOR
맛집,O
속초,B_LOC
막국수,O
먹로그,O
30대,O
일상,O
ㅡㅡㅡ,ㅡㅡㅡ
강원도,B_LOC
여행,O
브이로그,O
양양,B_LOC
속초,B_LOC
강릉,B_LOC
2일차,O
속초,B_CAF
시드누아,I_CAF
식물원,B_TOR
중앙닭강정,B_RES
더마크속초,O
ㅡㅡㅡ,ㅡㅡㅡ
브이로그,O
4,O
속초,B_LOC
2편,O
맛집,O
추천,O
앵커커피,B_CAF
카페,O
영금정,B_TOR
속초,B_TOR
등대,I_TOR
전망대,I_TOR
속초홍게쓰버거,B_RES
캔앤캔,B_CAF
카페,O
데이트,O
브이로그,O
ㅡㅡㅡ,ㅡㅡㅡ
남자친구,O
가,O
편집한,O
속초,B_LOC
여행,O
브이로그,O
1,O
청초수물회,B_RES
속초해수욕장,B_TOR
온더버튼,B_CAF
속초시장,B_TOR
티박스펜션,O
ㅡㅡㅡ,ㅡㅡㅡ
1박2일,O
속초,B_LOC
브이로그,O
여름,O
브이로,O
그,O
물놀이,O
속초해수욕장,B_TOR
함흥냉면옥,B_RES
신다신,B_RES
속초중앙시장,B_TOR
시드누아,B_CAF
항아리물회,B_RES
속초,B_LOC
맛집,O
속초,B_LOC
카페,O
ㅡㅡㅡ,ㅡㅡㅡ
속초,B_LOC
여행,O
속초,B_LOC
브이로그,O
설악항,B_TOR
대포항,B_TOR
외옹치해변,B_TOR
둘레길,O
속초,B_LOC
롯데리조트,O
영금정,B_TOR
동명활어유통센터,B_TOR
ㅡㅡㅡ,ㅡㅡㅡ
속초,B_LOC
브이로그,O
집,O
정리하기,O
속초,B_LOC
맛집,O
봉브레드,B_CAF
장칼국수,O
만석닭강정,B_RES
대게,O
ㅡㅡㅡ,ㅡㅡㅡ
2주년,O
기념,O
당일치기,O
속초,B_LOC
여행,O
브이로그,O
아바이마을,B_TOR
벽화마을,B_TOR
등대사진관,B_TOR
청초수물회,B_RES
속초해수욕장,B_TOR
속초중앙시장,B_TOR
대게,O
맛집,O
ㅡㅡㅡ,ㅡㅡㅡ
속초,B_LOC
여행,O
모녀,O
여행,O
브이로그,O
대포항,B_TOR
맛집,O
현희네활어횟집,B_RES
대게파티,O
대게,O
해산물,O
매운탕,O
게딱지비빔밥,O
속초,B_LOC
에가면,O
꼭,O
먹어야하는,O
맛집,O
1박2일,O
ㅡㅡㅡ,ㅡㅡㅡ
3월,O
1박2일,O
속초,B_LOC
여행,O
브이로그,O
영금정,B_TOR
카페추천,O
속초중앙시장,B_TOR
물회,O
일상,O
브이로그,O
ㅡㅡㅡ,ㅡㅡㅡ
속초브이로그,O
속초,B_LOC
88생선구이,B_RES
보사노바커피로스터스,B_CAF
중앙시장,B_TOR
속초,B_LOC
오션뷰,O
펜션,O
추천,O
듀플렉스펜션,O
포장마차거리,B_TOR
일출,O
영광정,B_TOR
메밀국수,O
봉브레드,B_CAF
ㅡㅡㅡ,ㅡㅡㅡ
속초,B_LOC
여행,O
브이로그,O
양양,B_LOC
여행,O
속초,B_LOC
맛집,O
속초중앙시장,B_TOR
만석닭강정,B_RES
봉브레드,B_CAF
아바이순대,O
양양,B_LOC
숙소,O
제임슨하이볼,O
1박2일,O
여행,O
브이로그,O
ㅡㅡㅡ,ㅡㅡㅡ
브이로그,O
바다를,O
보면,O
기부니가,O
조크둥요,O
속초,B_LOC
여행,O
당일치기,O
속초해변,B_TOR
바다정원카페,O
청초수물회,B_RES
ㅡㅡㅡ,ㅡㅡㅡ
강원도,B_LOC
속초,B_LOC
여행,O
브이로그,O
속초,B_LOC
가볼만한곳,O
속초,B_LOC
여행코스,O
원조함흥냉면옥,B_RES
속초항,B_TOR
오션뷰브릭스블럭482,B_CAF
영금정,B_TOR
등대전망대,I_TOR
속초,B_LOC
더클래스300호텔,O
속초,B_TOR
중앙시장,I_TOR
속초,B_RES
진짜순대,I_RES
ㅡㅡㅡ,ㅡㅡㅡ
언니,O
와,O
떠난,O
1박2일,O
속초,B_LOC
여행,O
브이로그,O
자매,O
브이로그,O
속초,B_LOC
드라이브,O
청초수물회,B_RES
대게,O
와,O
광어,O
뇸뇸,O
옛날수제비,O
카페투어,O
ㅡㅡㅡ,ㅡㅡㅡ
1박2일,O
속초,B_LOC
브이로그,O
잠실프렌즈,O
와,O
강원도,B_LOC
여행,O
속초,B_LOC
유명,O
맛집,O
투어,O
감자옹심이,O
만석,B_RES
닭강정,I_RES
오호흐브이로그,O
5,O
ㅡㅡㅡ,ㅡㅡㅡ
헌터퐝,O
결혼식,O
브이로그,O
강원도,B_LOC
속초,B_LOC
여행,O
속초,B_LOC
아바이,B_TOR
순대마을,I_TOR
비,O
오는,O
날,O
캠핑,O
속초해수욕장,B_TOR
에서,O
군소,O
잡기,O
트루민쇼,O
02,O
ㅡㅡㅡ,ㅡㅡㅡ
속초,B_LOC
숙소,O
맛집,O
해변,O
카페,O
추천,O
2박3일,O
속초,B_LOC
여행,O
브이로그,O
첫,O
결혼기념일,O
썬라이즈호텔,O
더테라블루,O
속초케이크,O
보사노바,B_CAF
구구집,B_RES
ㅡㅡㅡ,ㅡㅡㅡ
여행,O
속초여행브이로그,O
칠성조선소,B_CAF
항아리,B_RES
물회,I_RES
온더버튼,B_CAF
ㅡㅡㅡ,ㅡㅡㅡ
속초,B_LOC
랜선여행,O
메이트힐,B_CAF
로스터리,O
카페,O
아스트로,O
대포항,B_TOR
라마다호텔,O
오션뷰,O
대게,O
오징어회,O
맛집,O
영금정,B_TOR
강원도,B_LOC
1박2일,O
ㅡㅡㅡ,ㅡㅡㅡ
