﻿word,ner
화질은,O
1080,O
으로,O
설정해주시면,O
보다,O
선명하게,O
시청하실,O
수,O
있습니다,O
ㅡㅡㅡ,ㅡㅡㅡ
해당,O
영상은,O
집합금지,O
명령이,O
있기,O
전이였던,O
11월초,O
영상이예요,O
ㅡㅡㅡ,ㅡㅡㅡ
궁금하신게,O
있으시거나,O
ㅡㅡㅡ,ㅡㅡㅡ
위치가,O
궁금하신,O
가게는,O
댓글,O
달아주세요,O
ㅡㅡㅡ,ㅡㅡㅡ
업로드가,O
너무,O
늦어졌죠,O
ㅠㅠ,O
ㅡㅡㅡ,ㅡㅡㅡ
그래도,O
예뻤던,O
곳이,O
너무,O
많이서,O
그냥,O
지나,O
칠,O
수가,O
없어서,O
ㅡㅡㅡ,ㅡㅡㅡ
빠르게,O
편집해서,O
들고왔어요,O
ㅡㅡㅡ,ㅡㅡㅡ
수원,B_LOC
카페투어,O
카페브이로그,O
일상브이로그,O
백수브이로그,O
먹방로그,O
ㅡㅡㅡ,ㅡㅡㅡ
라피에나,B_CAF
평지담,B_CAF
비브르사비,O
라프란스,B_RES
ㅡㅡㅡ,ㅡㅡㅡ
25,O
ㅡㅡㅡ,ㅡㅡㅡ
90,O
ㅡㅡㅡ,ㅡㅡㅡ
행궁동,B_LOC
수원화성,B_TOR
방화수류정,B_TOR
광교호수공원,B_TOR
인계동,B_LOC
ㅡㅡㅡ,ㅡㅡㅡ
가보고,O
싶었던,O
수원,B_LOC
방화수류정,B_TOR
과,O
화성행궁,O
을,O
다녀왔어요,O
ㅡㅡㅡ,ㅡㅡㅡ
시청해주셔서,O
감사합니다,O
ㅡㅡㅡ,ㅡㅡㅡ
8,O
ㅡㅡㅡ,ㅡㅡㅡ
수원,B_LOC
소품샵,O
소품샵,O
신상카페,O
ㅡㅡㅡ,ㅡㅡㅡ
안녕하세요,O
ㅡㅡㅡ,ㅡㅡㅡ
오늘,O
은,O
수원,B_LOC
에,O
있는,O
소품샵나들이,O
브이로그입니다,O
ㅎㅎ,O
ㅡㅡㅡ,ㅡㅡㅡ
그런데,O
이게,O
왠,O
ㅡㅡㅡ,ㅡㅡㅡ
제가,O
가려던,O
곳들이,O
다,O
문을,O
닫아버렸지,O
뭡니까,O
ㅡㅡㅡ,ㅡㅡㅡ
그래도,O
제가,O
가장,O
기대하고,O
가보고,O
싶었던,O
ㅡㅡㅡ,ㅡㅡㅡ
토끼네잡화상점,B_TOR
은,O
갈,O
수,O
있어서,O
너무나,O
다행이었습니다,O
ㅡㅡㅡ,ㅡㅡㅡ
바이러스,O
가,O
좀,O
누그러지면,O
다시한번,O
가서,O
여러분들께,O
ㅡㅡㅡ,ㅡㅡㅡ
소개해드리겠습니다,O
ㅎㅎ,O
ㅡㅡㅡ,ㅡㅡㅡ
그럼,O
모두,O
마스크,O
꼭,O
착용하시고,O
건강조심하세요,O
ㅡㅡㅡ,ㅡㅡㅡ
1,O
히얼유아,O
소품샵,O
ㅡㅡㅡ,ㅡㅡㅡ
주소,O
ㅡㅡㅡ,ㅡㅡㅡ
경기도,B_LOC
수원시,B_LOC
팔달구,B_LOC
신풍로,B_LOC
67,O
ㅡㅡㅡ,ㅡㅡㅡ
영업시간,O
ㅡㅡㅡ,ㅡㅡㅡ
평일,O
100800,O
토,O
200000,O
일,O
400800,O
ㅡㅡㅡ,ㅡㅡㅡ
2,O
소곤소곤,O
카페샵,O
ㅡㅡㅡ,ㅡㅡㅡ
주소,O
ㅡㅡㅡ,ㅡㅡㅡ
경기도,O
수원시,B_LOC
팔달구,B_LOC
교동,O
6111,O
1층,O
유림회관,O
향교,O
옆,O
ㅡㅡㅡ,ㅡㅡㅡ
영업시간,O
ㅡㅡㅡ,ㅡㅡㅡ
화요일,O
수요일,O
휴무,O
1200,O
2100,O
ㅡㅡㅡ,ㅡㅡㅡ
3,O
삐삐네,O
ㅡㅡㅡ,ㅡㅡㅡ
주소,O
영통구,O
광교호수공원로,O
80,O
ㅡㅡㅡ,ㅡㅡㅡ
4,O
베를린팥문,O
점,O
ㅡㅡㅡ,ㅡㅡㅡ
주소,O
ㅡㅡㅡ,ㅡㅡㅡ
경기도,O
수원시,O
영통구,O
광교호수공원로,O
80,O
앨리웨이마슬마켓,O
ㅡㅡㅡ,ㅡㅡㅡ
5,O
토끼네잡화상점,B_TOR
택배가능,O
ㅡㅡㅡ,ㅡㅡㅡ
주소,O
ㅡㅡㅡ,ㅡㅡㅡ
경기도,B_LOC
수원시,B_LOC
영통구,B_LOC
신동,B_LOC
권선로,O
882번길,O
3124,O
ㅡㅡㅡ,ㅡㅡㅡ
영업시간,O
ㅡㅡㅡ,ㅡㅡㅡ
휴무,O
평일,O
1420,O
토,O
1321,O
일,O
1320,O
ㅡㅡㅡ,ㅡㅡㅡ
1,O
히얼유아,O
소품샵,O
ㅡㅡㅡ,ㅡㅡㅡ
안녕하세요,O
ㅡㅡㅡ,ㅡㅡㅡ
오늘,O
은,O
수원,B_LOC
에,O
있는,O
소품샵나들이,O
브이로그입니다,O
ㅎㅎ,O
ㅡㅡㅡ,ㅡㅡㅡ
그런데,O
이게,O
왠,O
ㅡㅡㅡ,ㅡㅡㅡ
제가,O
가려던,O
곳들이,O
다,O
문을,O
닫아버렸지,O
뭡니까,O
ㅡㅡㅡ,ㅡㅡㅡ
그래도,O
제가,O
가장,O
기대하고,O
가보고,O
싶었던,O
ㅡㅡㅡ,ㅡㅡㅡ
토끼네잡화상점,B_TOR
은,O
갈,O
수,O
있어서,O
너무나,O
다행이었습니다,O
ㅡㅡㅡ,ㅡㅡㅡ
바이러스,O
가,O
좀,O
누그러지면,O
다시한번,O
가서,O
여러분들께,O
ㅡㅡㅡ,ㅡㅡㅡ
소개해드리겠습니다,O
ㅎㅎ,O
ㅡㅡㅡ,ㅡㅡㅡ
그럼,O
모두,O
마스크,O
꼭,O
착용하시고,O
건강조심하세요,O
ㅡㅡㅡ,ㅡㅡㅡ
주소,O
ㅡㅡㅡ,ㅡㅡㅡ
경기도,B_LOC
수원시,B_LOC
팔달구,B_LOC
신풍로,B_LOC
67,O
ㅡㅡㅡ,ㅡㅡㅡ
영업시간,O
ㅡㅡㅡ,ㅡㅡㅡ
평일,O
100800,O
토,O
200000,O
일,O
400800,O
ㅡㅡㅡ,ㅡㅡㅡ
2,O
소곤소곤,O
카페샵,O
ㅡㅡㅡ,ㅡㅡㅡ
주소,O
ㅡㅡㅡ,ㅡㅡㅡ
경기도,B_LOC
수원시,B_LOC
팔달구,B_LOC
교동,O
6111,O
1층,O
유림회관,O
향교,O
옆,O
ㅡㅡㅡ,ㅡㅡㅡ
영업시간,O
ㅡㅡㅡ,ㅡㅡㅡ
화요일,O
수요일,O
휴무,O
1200,O
2100,O
ㅡㅡㅡ,ㅡㅡㅡ
3,O
삐삐네,O
ㅡㅡㅡ,ㅡㅡㅡ
주소,O
영통구,O
광교호수공원로,O
80,O
ㅡㅡㅡ,ㅡㅡㅡ
4,O
베를린팥문,O
점,O
ㅡㅡㅡ,ㅡㅡㅡ
주소,O
ㅡㅡㅡ,ㅡㅡㅡ
경기도,O
수원시,O
영통구,O
광교호수공원로,O
80,O
앨리웨이마슬마켓,O
ㅡㅡㅡ,ㅡㅡㅡ
5,O
토끼네잡화상점,B_TOR
택배가능,O
ㅡㅡㅡ,ㅡㅡㅡ
주소,O
ㅡㅡㅡ,ㅡㅡㅡ
경기도,O
수원시,O
영통구,O
신동,O
권선로,O
882번길,O
3124,O
ㅡㅡㅡ,ㅡㅡㅡ
영업시간,O
ㅡㅡㅡ,ㅡㅡㅡ
휴무,O
평일,O
1420,O
토,O
1321,O
일,O
1320,O
ㅡㅡㅡ,ㅡㅡㅡ
콧바람쌀랑,O
첫번째,O
여행지는,O
바로,O
수원,O
ㅡㅡㅡ,ㅡㅡㅡ
경주,B_LOC
다음으로,O
가장,O
가고싶었던,O
여행지가,O
바로,O
수원,O
인데,O
어머,O
ㅡㅡㅡ,ㅡㅡㅡ
생각보다,O
진짜,O
좋더라구요,O
경주,B_LOC
보다,O
쪼끔,O
더,O
좋았을정도로,O
ㅡㅡㅡ,ㅡㅡㅡ
수원화성,B_TOR
에서부터,O
시작해,O
산책할,O
수,O
있는,O
길,O
인생샷,O
여러개,O
건질,O
수,O
있는,O
월화원,B_TOR
살랑살랑,O
바람,O
운좋게,O
볼,O
수,O
있었던,O
헤리티지,O
콘서트까지,O
날씨부터,O
완벽했던,O
ㅡㅡㅡ,ㅡㅡㅡ
우리,O
부부,O
의,O
수원,O
여행에,O
여러분들을,O
초대할게요,O
키키,O
ㅡㅡㅡ,ㅡㅡㅡ
더,O
많은,O
쏭냥스러운,O
일상이,O
궁금하다면,O
ㅡㅡㅡ,ㅡㅡㅡ
3,O
ㅡㅡㅡ,ㅡㅡㅡ
ㅡㅡㅡ,ㅡㅡㅡ
4,O
ㅡㅡㅡ,ㅡㅡㅡ
ㅡㅡㅡ,ㅡㅡㅡ
ㅡㅡㅡ,ㅡㅡㅡ
ㅡㅡㅡ,ㅡㅡㅡ
ㅡㅡㅡ,ㅡㅡㅡ
쏭냥의,O
라이프,O
브이로그,O
ㅡㅡㅡ,ㅡㅡㅡ
훌쩍어디론가가고싶을때좋은,O
여행브이로그,O
ㅡㅡㅡ,ㅡㅡㅡ
광주,O
편,O
맛있는게,O
많아,O
행복했던,O
광주,B_LOC
여행,O
광주,B_LOC
맛집,O
최애,O
파스타,O
파스타,O
먹방,O
ㅡㅡㅡ,ㅡㅡㅡ
ㅡㅡㅡ,ㅡㅡㅡ
수원,B_LOC
편,O
콧바람쌀랑,O
수원,B_LOC
여행,O
브이로그,O
분위기폭발,O
데이트브이로그,O
ㅡㅡㅡ,ㅡㅡㅡ
ㅡㅡㅡ,ㅡㅡㅡ
홍대,B_LOC
인천,B_LOC
편,O
남편,O
얼굴,O
초상화로,O
공개,O
서울,B_LOC
데이트,O
에,O
이어,O
인천,B_LOC
데이트,O
ㅡㅡㅡ,ㅡㅡㅡ
54,O
ㅡㅡㅡ,ㅡㅡㅡ
대구,B_LOC
편,O
싸웠지만,O
그래도,O
부부,O
니까,O
대구,B_LOC
여행,O
잊지못할카페,O
김광석길,O
ㅡㅡㅡ,ㅡㅡㅡ
48,O
ㅡㅡㅡ,ㅡㅡㅡ
해방촌,O
편,O
신혼브이로그,O
첫번째,O
결혼기념일,O
철든책방,O
해방촌,O
꽃한송이,O
ㅡㅡㅡ,ㅡㅡㅡ
ㅡㅡㅡ,ㅡㅡㅡ
종로,B_LOC
편,O
먹는건,O
언제나,O
즐거워,O
남동생,O
과,O
데이트,O
이마트트레이더스,O
ㅡㅡㅡ,ㅡㅡㅡ
7,O
ㅡㅡㅡ,ㅡㅡㅡ
대천편,O
계획없이,O
급떠난,O
대천여행,O
여행브이로그,O
당일치기여행,O
ㅡㅡㅡ,ㅡㅡㅡ
ㅡㅡㅡ,ㅡㅡㅡ
강릉,B_LOC
편,O
1박2일동안,O
할거,O
다하고온,O
강릉,B_LOC
여행,O
브이로그,O
강릉,B_LOC
강릉,B_LOC
먹방,O
ㅡㅡㅡ,ㅡㅡㅡ
9,O
ㅡㅡㅡ,ㅡㅡㅡ
롯데월드,O
편,O
데이트코스로,O
추천하는,O
봄,O
소풍,O
가던,O
어느,O
날,O
여의도,O
롯데월드,O
팔당댐,O
ㅡㅡㅡ,ㅡㅡㅡ
1,O
ㅡㅡㅡ,ㅡㅡㅡ
유럽,O
여행편,O
오들오들,O
추운,O
겨울,O
에,O
다녀온,O
유럽,O
여행,O
영국,O
벨기에,O
독일,O
오스트리아,O
이탈리아,O
ㅡㅡㅡ,ㅡㅡㅡ
66586499,O
ㅡㅡㅡ,ㅡㅡㅡ
제주도,O
편,O
차,O
없이,O
뚜벅이,O
가족,O
여행,O
면허없음실화,O
제주도,O
맛집,O
제주,O
도뚜벅이,O
ㅡㅡㅡ,ㅡㅡㅡ
0,O
66586499,O
ㅡㅡㅡ,ㅡㅡㅡ
방콕,O
편,O
먹고,O
놀기만하고온,O
방콕,O
여행,O
여자둘이자유,O
여행,O
방콕자,O
유여행,O
ㅡㅡㅡ,ㅡㅡㅡ
38,O
ㅡㅡㅡ,ㅡㅡㅡ
도쿄,O
편,O
신혼여행이후,O
둘,O
이서,O
첫,O
해외여행,O
도쿄,O
먹방,O
부부,O
도쿄,O
여행,O
부부,O
여행,O
ㅡㅡㅡ,ㅡㅡㅡ
8,O
66586499,O
ㅡㅡㅡ,ㅡㅡㅡ
유부쏭냥의,O
일상이,O
보고싶다면,O
ㅡㅡㅡ,ㅡㅡㅡ
유부,O
쏭냥,O
예비,O
새댁,O
의,O
바쁜,O
일상,O
설레는,O
드레스투어,O
스튜디오촬영,O
곱창,O
먹방,O
이모,O
생일파티,O
ㅡㅡㅡ,ㅡㅡㅡ
253,O
ㅡㅡㅡ,ㅡㅡㅡ
유부쏭냥,O
함께해,O
더욱,O
행복했던,O
일주일,O
빅스라비,O
익선동데이트,O
서울,O
데이트,O
ㅡㅡㅡ,ㅡㅡㅡ
581,O
ㅡㅡㅡ,ㅡㅡㅡ
유부,O
쏭냥,O
평범해보이지만,O
평범하지않았던,O
참치죽,O
만들기,O
에이바이봄,O
염색,O
대전성심당,B_CAF
뷰티크리에이터,O
ㅡㅡㅡ,ㅡㅡㅡ
0,O
ㅡㅡㅡ,ㅡㅡㅡ
유부,O
쏭냥,O
유부초밥,O
으로,O
돌아온,O
쏭냥,O
의,O
라스베가스,O
신혼일기,O
라스베가스,O
여행,O
신혼여행,O
ㅡㅡㅡ,ㅡㅡㅡ
ㅡㅡㅡ,ㅡㅡㅡ
쏭냥이,O
아닌,O
송지혜,O
의,O
일상이,O
보고싶어요,O
ㅡㅡㅡ,ㅡㅡㅡ
넷플릭스,O
추천,O
마음,O
달달해지는,O
노래,O
어플추천,O
책추천,O
ㅡㅡㅡ,ㅡㅡㅡ
ㅡㅡㅡ,ㅡㅡㅡ
혼자,O
쉬고,O
싶은,O
날,O
프리랜서,O
의,O
휴가,O
에캉스,O
책추천,O
ㅡㅡㅡ,ㅡㅡㅡ
6,O
ㅡㅡㅡ,ㅡㅡㅡ
혼자,O
잘먹고,O
잘노는,O
쏭냥,O
송지혜,O
브이로그,O
다이어트샐러드,O
친구,O
생일파티,O
쇼핑,O
ㅡㅡㅡ,ㅡㅡㅡ
8,O
ㅡㅡㅡ,ㅡㅡㅡ
별일없이,O
잘살고있는,O
쏭냥,O
브이로그,O
불가리,O
뷰티,O
유튜버,O
촬영,O
중국어,O
공부,O
ㅡㅡㅡ,ㅡㅡㅡ
ㅡㅡㅡ,ㅡㅡㅡ
영상은,O
1080,O
로,O
보시길,O
춫찬,O
ㅡㅡㅡ,ㅡㅡㅡ
안녕하세요,O
ㅡㅡㅡ,ㅡㅡㅡ
휴무,O
날,O
혼자,O
공원도,O
걷고,O
카페가서,O
시간,O
보내고,O
왔어요,O
ㅡㅡㅡ,ㅡㅡㅡ
사람들,O
만나는,O
것도,O
좋지만,O
가끔,O
혼자,O
시간,O
보내면서,O
ㅡㅡㅡ,ㅡㅡㅡ
쉬는,O
것도,O
에너지,O
충전되고,O
참,O
좋더라구요,O
ㅡㅡㅡ,ㅡㅡㅡ
오늘,O
도,O
영상,O
봐주셔서,O
감사해요,O
ㅡㅡㅡ,ㅡㅡㅡ
키토스스튜디오,B_CAF
ㅡㅡㅡ,ㅡㅡㅡ
경기,B_LOC
수원시,B_LOC
장안구,O
정조로,O
1053번길,O
53,O
ㅡㅡㅡ,ㅡㅡㅡ
는,O
핀란드어,O
로,O
고마워,O
라고,O
네이버,O
에,O
써있네요,O
희희,O
ㅡㅡㅡ,ㅡㅡㅡ
음악팀,O
ㅡㅡㅡ,ㅡㅡㅡ
5,O
ㅡㅡㅡ,ㅡㅡㅡ
7186,O
ㅡㅡㅡ,ㅡㅡㅡ
수원,O
카페,O
카페브이로그,O
직장인,O
브이로그,O
ㅡㅡㅡ,ㅡㅡㅡ
직장인,O
브이로그,O
직장인,O
화성행궁,B_TOR
ㅡㅡㅡ,ㅡㅡㅡ
행궁동,B_LOC
행궁동,B_LOC
데이트,O
수원,B_LOC
데이트,O
행궁동,B_LOC
브이로그,O
ㅡㅡㅡ,ㅡㅡㅡ
화성행궁,B_TOR
데이트,O
브이로그,O
수원,O
행궁동,B_LOC
데이트,O
코스,O
행궁동,B_LOC
카페,O
행궁동,B_LOC
맛집,O
추천,O
화성행궁,B_TOR
브이로그,O
ㅡㅡㅡ,ㅡㅡㅡ
안녕하세요,O
여러분,O
보트,O
입니다,O
ㅡㅡㅡ,ㅡㅡㅡ
이번주,O
도,O
소소하게,O
한주간,O
의,O
영상으로,O
찾아왔습니다,O
ㅡㅡㅡ,ㅡㅡㅡ
저는,O
요즘,O
수원,O
화성행궁,B_TOR
에,O
빠졌어요ㅠ,O
ㅡㅡㅡ,ㅡㅡㅡ
행궁동,B_LOC
에,O
정말,O
핫플레이스로,O
꼽을,O
수,O
있는,O
ㅡㅡㅡ,ㅡㅡㅡ
맛집카페가,O
많다는걸,O
깨달았답니다,O
행궁동,O
러브,O
ㅡㅡㅡ,ㅡㅡㅡ
오늘,O
도,O
함께해주셔서,O
감사합니다,O
ㅡㅡㅡ,ㅡㅡㅡ
다음주,O
도,O
우리,O
화이팅해요,O
ㅡㅡㅡ,ㅡㅡㅡ
2,O
ㅡㅡㅡ,ㅡㅡㅡ
ㅡㅡㅡ,ㅡㅡㅡ
촬영,O
캐논,O
72,O
ㅡㅡㅡ,ㅡㅡㅡ
ㅡㅡㅡ,ㅡㅡㅡ
ㅡㅡㅡ,ㅡㅡㅡ
ㅡㅡㅡ,ㅡㅡㅡ
방화수류정데이트,O
ㅡㅡㅡ,ㅡㅡㅡ
나만,O
몰랐던,O
여행지,O
수원,B_TOR
을,O
다녀왔어요,O
ㅡㅡㅡ,ㅡㅡㅡ
생각보다,O
엄청,O
가까운데,O
ㅡㅡㅡ,ㅡㅡㅡ
관광지같이,O
여행기분을,O
낼수있더라구요,O
ㅡㅡㅡ,ㅡㅡㅡ
한강,O
한방울,O
에,O
경주,B_LOC
한방울,O
같은,O
ㅡㅡㅡ,ㅡㅡㅡ
수원,B_LOC
방화수류정,O
의,O
데이트를,O
담아왔어요,O
ㅡㅡㅡ,ㅡㅡㅡ
아니,O
그리고,O
셰프스위트,B_RES
진짜,O
맛있다,O
또,O
갈테야ㅠㅠ,O
ㅡㅡㅡ,ㅡㅡㅡ
수원화성,B_TOR
일부구간과,O
화성행궁,B_TOR
을,O
다녀온,O
기록입니다,O
ㅡㅡㅡ,ㅡㅡㅡ
영영,O
자매,O
수원,O
행궁동,O
데이트,O
ㅡㅡㅡ,ㅡㅡㅡ
날씨,O
좋은,O
날,O
행궁동,O
데이트를,O
했어요,O
ㅡㅡㅡ,ㅡㅡㅡ
방화수류정,B_TOR
에,O
들러,O
잠시,O
바람도,O
쐬고,O
ㅡㅡㅡ,ㅡㅡㅡ
예쁜,O
카페에,O
가서,O
수다도,O
떨고,O
ㅡㅡㅡ,ㅡㅡㅡ
벚꽃,O
이,O
지기전에,O
짧게,O
벚꽃,O
구경도,O
하고,O
왔어요,O
ㅡㅡㅡ,ㅡㅡㅡ
진짜,O
완벽,O
데이트코스,O
ㅡㅡㅡ,ㅡㅡㅡ
이번,O
영상은,O
생각보다,O
길어서,O
편집,O
증맬,O
열심히,O
했어요,O
ㅡㅡㅡ,ㅡㅡㅡ
끝까지,O
재밌게,O
봐주세요,O
ㅡㅡㅡ,ㅡㅡㅡ
인스타그램,O
ㅡㅡㅡ,ㅡㅡㅡ
블로그,O
ㅡㅡㅡ,ㅡㅡㅡ
일상브이로그,O
자매브이로그,O
행궁동,O
데이트,O
ㅡㅡㅡ,ㅡㅡㅡ
안녕하세요,O
문쓰입니다,O
이번에,O
고추,O
둘,O
이서,O
수원화성행궁,B_TOR
갔다,O
왔어요,O
데이트,O
코스를,O
고추,O
둘,O
이서,O
데이트코스를,O
남자끼리,O
ㅡㅡㅡ,ㅡㅡㅡ
근데,O
재미잇엇네요,O
별기대,O
안하고,O
갓는데,O
되게,O
좋았습니다,O
ㅡㅡㅡ,ㅡㅡㅡ
그리고,O
저,O
보신,O
구독자,O
님,O
나중에,O
보게,O
되면,O
꼭,O
인사,O
해주세요,O
커피,O
라도,O
한잔,O
사드릴께요,O
ㅡㅡㅡ,ㅡㅡㅡ
영상,O
잼있게,O
시청해주세요,O
ㅡㅡㅡ,ㅡㅡㅡ
화성행궁,B_TOR
데이트코스,O
암낫게이,O
ㅡㅡㅡ,ㅡㅡㅡ
ㅡㅡㅡ,ㅡㅡㅡ
1673,O
ㅡㅡㅡ,ㅡㅡㅡ
ㅡㅡㅡ,ㅡㅡㅡ
ㅡㅡㅡ,ㅡㅡㅡ
브금,O
대통령,O
ㅡㅡㅡ,ㅡㅡㅡ
추억이,O
되어버린,O
시간,O
35714,O
ㅡㅡㅡ,ㅡㅡㅡ
피크닉,O
ㅡㅡㅡ,ㅡㅡㅡ
방화수류정,B_TOR
ㅡㅡㅡ,ㅡㅡㅡ
행궁동카페,O
ㅡㅡㅡ,ㅡㅡㅡ
이번,O
브이로그부터는,O
몽마렛,O
업데이트,O
상품과,O
예정제품들도,O
ㅡㅡㅡ,ㅡㅡㅡ
자세히,O
보실,O
수,O
있도록,O
준비영상도,O
함께,O
만들어보았어요,O
ㅡㅡㅡ,ㅡㅡㅡ
요번,O
영상은,O
수원화성,B_TOR
영상으로만,O
보여드리고,O
싶어서,O
ㅡㅡㅡ,ㅡㅡㅡ
하루,O
일상만,O
따로,O
편집했는데,O
재밌게,O
보셨나요,O
ㅡㅡㅡ,ㅡㅡㅡ
다음,O
영상도,O
로하코디,O
와,O
함께,O
즐거운,O
일상,O
보여드릴께요,O
ㅡㅡㅡ,ㅡㅡㅡ
오늘,O
도,O
시청해주셔서,O
감사합니다,O
ㅡㅡㅡ,ㅡㅡㅡ
영상에,O
정보,O
나와있는데,O
한번,O
더,O
적어둘께요,O
ㅡㅡㅡ,ㅡㅡㅡ
착장룩은,O
모두,O
몽마렛,O
제품이며,O
ㅡㅡㅡ,ㅡㅡㅡ
노카라체크울자켓,O
업데이트,O
ㅡㅡㅡ,ㅡㅡㅡ
슬릿중청데님,O
업데이트예정,O
ㅡㅡㅡ,ㅡㅡㅡ
ㅡㅡㅡ,ㅡㅡㅡ
0308,O
ㅡㅡㅡ,ㅡㅡㅡ
ㅡㅡㅡ,ㅡㅡㅡ
일상브이로그브이로그,O
ㅡㅡㅡ,ㅡㅡㅡ
안녕하세요,O
ㅡㅡㅡ,ㅡㅡㅡ
설연휴,O
가,O
지나고,O
요즘,O
핫한,O
수원,O
행궁동,O
으로,O
카페투어,O
한,O
ㅡㅡㅡ,ㅡㅡㅡ
일상,O
브이로그입니다,O
편안하게,O
봐주세요,O
ㅡㅡㅡ,ㅡㅡㅡ
행궁동카페투어,O
ㅡㅡㅡ,ㅡㅡㅡ
수원,B_LOC
행궁동카페,O
ㅡㅡㅡ,ㅡㅡㅡ
패터슨커피,B_CAF
ㅡㅡㅡ,ㅡㅡㅡ
시즌잇,O
ㅡㅡㅡ,ㅡㅡㅡ
소곤소곤카페,O
ㅡㅡㅡ,ㅡㅡㅡ
418,O
ㅡㅡㅡ,ㅡㅡㅡ
여러분,O
수원화성,B_TOR
가보셨나요,O
안가보셨으면,O
꼭,O
가보세요,O
ㅡㅡㅡ,ㅡㅡㅡ
수원,O
경치,O
만점,O
그리고,O
행카,O
라는,O
걸,O
타면,O
아저씨들이,O
친절한,O
설명,O
까지,O
1석,O
2조,O
ㅡㅡㅡ,ㅡㅡㅡ
빨리,O
예약,O
하세요,O
ㅡㅡㅡ,ㅡㅡㅡ
친구,O
랑,O
행궁동,O
나들이,O
브이로그,O
입니다,O
0,O
ㅡㅡㅡ,ㅡㅡㅡ
영상,O
장소,O
ㅡㅡㅡ,ㅡㅡㅡ
카페,O
콜링우드,O
어고흐,O
ㅡㅡㅡ,ㅡㅡㅡ
소품샵,O
히얼유아,O
ㅡㅡㅡ,ㅡㅡㅡ
펍,O
신도시양조회,O
ㅡㅡㅡ,ㅡㅡㅡ
카메라,O
아이폰11,O
ㅡㅡㅡ,ㅡㅡㅡ
편집,O
ㅡㅡㅡ,ㅡㅡㅡ
키마인스타,O
ㅡㅡㅡ,ㅡㅡㅡ
행궁동,B_LOC
브이로그,O
행궁동,B_LOC
행리단길,B_LOC
행궁동,B_LOC
맛집,O
행궁동,B_LOC
카페,O
행궁동,B_LOC
소품샵,O
행궁동,B_LOC
펍,O
포토이즘,O
콜링우드,O
어고흐,O
히얼유아,O
신도시양조회,O
브이로그,O
ㅡㅡㅡ,ㅡㅡㅡ
수원,B_LOC
에,O
오래,O
살았고,O
근처에서,O
쭉,O
살고,O
있는데,O
ㅡㅡㅡ,ㅡㅡㅡ
플라잉,O
수원,O
은,O
이번에,O
처음,O
알았어요,O
ㅡㅡㅡ,ㅡㅡㅡ
아빠,O
가,O
계획했던,O
주말,O
우리,O
가족,O
모두,O
넘,O
즐거웠던,O
ㅡㅡㅡ,ㅡㅡㅡ
완벽했던,O
하루,O
였습니다,O
ㅡㅡㅡ,ㅡㅡㅡ
화성행궁,B_TOR
야,O
간개장,O
기간,O
동안,O
꼬옥,O
다녀오세요,O
ㅡㅡㅡ,ㅡㅡㅡ
아이가,O
매일,O
매일,O
가고,O
싶다고,O
했답니다,O
ㅎㅎ,O
ㅡㅡㅡ,ㅡㅡㅡ
예쁜,O
노을,O
신기한,O
열기구,O
멋진,O
성곽,O
ㅡㅡㅡ,ㅡㅡㅡ
모두,O
좋았어요,O
ㅡㅡㅡ,ㅡㅡㅡ
화성행궁,B_TOR
창룡문,O
열기구,O
플라잉수원,O
브이로그,O
가족,O
나들이,O
ㅡㅡㅡ,ㅡㅡㅡ
ㅡㅡㅡ,ㅡㅡㅡ
혹시라도,O
화질이,O
좋지,O
않게,O
나온다면,O
ㅡㅡㅡ,ㅡㅡㅡ
1,O
영상,O
위쪽,O
오른편,O
에,O
설정,O
톱니바퀴모양,O
클릭,O
ㅡㅡㅡ,ㅡㅡㅡ
2,O
화질,O
720이상,O
으로,O
선택,O
ㅡㅡㅡ,ㅡㅡㅡ
이대로,O
하시면,O
더욱,O
선명하게,O
보실,O
수,O
있습니다,O
ㅡㅡㅡ,ㅡㅡㅡ
평범한,O
일상도,O
예쁘게,O
봐주셔서,O
감사합니다,O
ㅡㅡㅡ,ㅡㅡㅡ
일상브이로그,O
수원,O
여행,O
화성행궁,O
ㅡㅡㅡ,ㅡㅡㅡ
ㅡㅡㅡ,ㅡㅡㅡ
1,O
0,O
ㅡㅡㅡ,ㅡㅡㅡ
778,O
ㅡㅡㅡ,ㅡㅡㅡ
0,O
ㅡㅡㅡ,ㅡㅡㅡ
0,O
ㅡㅡㅡ,ㅡㅡㅡ
0,O
ㅡㅡㅡ,ㅡㅡㅡ
ㅡㅡㅡ,ㅡㅡㅡ
ㅡㅡㅡ,ㅡㅡㅡ
안녕하세요,O
여러분,O
ㅡㅡㅡ,ㅡㅡㅡ
이번,O
브이로그는,O
8월,O
에,O
가족,O
여행으로,O
다녀온,O
수원,B_LOC
화성행궁,B_TOR
야행기에요,O
ㅡㅡㅡ,ㅡㅡㅡ
기록하는,O
걸,O
좋아하는,O
제가,O
이렇게,O
가족,O
들과,O
함께,O
보낸,O
시간을,O
영상으로,O
담아,O
올릴,O
수,O
있어서,O
마음이,O
몽글몽글,O
너무,O
소중해요,O
ㅡㅡㅡ,ㅡㅡㅡ
유독,O
이번,O
여행에서,O
찍은,O
사진들을,O
보면서,O
우리,O
가족,O
은,O
참,O
많이,O
닮아있구나라는,O
생각이,O
들었어요,O
ㅡㅡㅡ,ㅡㅡㅡ
여행하면서,O
설렜던,O
기분도,O
새록새록,O
나요,O
ㅡㅡㅡ,ㅡㅡㅡ
그때의,O
그곳에,O
그,O
시간에,O
있던,O
우리,O
다시,O
보기,O
ㅡㅡㅡ,ㅡㅡㅡ
8월,O
의,O
여름,O
밤,O
야행기,O
편안하게,O
봐주세요,O
ㅡㅡㅡ,ㅡㅡㅡ
오늘,O
도,O
보러,O
와주셔서,O
감사합니다,O
ㅡㅡㅡ,ㅡㅡㅡ
ㅡㅡㅡ,ㅡㅡㅡ
ㅡㅡㅡ,ㅡㅡㅡ
ㅡㅡㅡ,ㅡㅡㅡ
2,O
ㅡㅡㅡ,ㅡㅡㅡ
플리즈브이로그,O
여행브이로그,O
수원화성행궁,B_TOR
수원,B_LOC
브이로그,O
ㅡㅡㅡ,ㅡㅡㅡ
안녕하세요,O
ㅡㅡㅡ,ㅡㅡㅡ
오늘,O
도,O
어김없이,O
델다,O
입니다,O
ㅡㅡㅡ,ㅡㅡㅡ
사실,O
이번,O
행궁동,O
영상은,O
찍은지,O
무지무지,O
오래됐는데,O
ㅡㅡㅡ,ㅡㅡㅡ
편집하면서,O
너무,O
재미없을,O
것,O
같아서,O
고민을,O
많이했어요,O
ㅠㅠ,O
ㅡㅡㅡ,ㅡㅡㅡ
밀린,O
영상들도,O
많고,O
ㅡㅡㅡ,ㅡㅡㅡ
지금부랴부랴,O
하나둘씩,O
편집,O
중이니까,O
많이,O
기대해주셔도,O
좋을,O
듯,O
싶어요,O
ㅡㅡㅡ,ㅡㅡㅡ
앗,O
그리고,O
저에게,O
디엠,O
보내주시는,O
분들이,O
정말,O
계시더라구요,O
ㅡㅡㅡ,ㅡㅡㅡ
생전,O
첫,O
응원도,O
받아보고,O
원하시는,O
영상도,O
좋은,O
말,O
많이,O
해주셔서,O
ㅡㅡㅡ,ㅡㅡㅡ
생각치도,O
못한,O
감동이였다고나,O
할까요,O
ㅡㅡㅡ,ㅡㅡㅡ
유튜브,O
하고,O
별다른,O
반응이,O
없어서,O
그만두고,O
싶었는데,O
ㅡㅡㅡ,ㅡㅡㅡ
다시,O
이,O
불끈,O
나더라구요,O
감사해요,O
ㅡㅡㅡ,ㅡㅡㅡ
그럼,O
조만간,O
또,O
영상,O
들고,O
올테니,O
많은,O
관심,O
부탁드려요,O
ㅡㅡㅡ,ㅡㅡㅡ
오늘,O
도,O
봐주셔서,O
감사합니다,O
ㅡㅡㅡ,ㅡㅡㅡ
다들,O
코로나,O
조심,O
또,O
조심,O
마스크,O
꼭,O
하고,O
다니기,O
ㅡㅡㅡ,ㅡㅡㅡ
ㅡㅡㅡ,ㅡㅡㅡ
화성행궁,B_TOR
수원,B_LOC
21살,O
갬성,O
ㅡㅡㅡ,ㅡㅡㅡ
일상,O
일상브이로그,O
음주로그,O
수원,O
인계동,B_LOC
인계동,B_LOC
술집,O
수원,O
칵테일,O
ㅡㅡㅡ,ㅡㅡㅡ
근데,O
이제,O
더비로그,O
에리로그,O
를,O
살짝,O
곁들인,O
ㅡㅡㅡ,ㅡㅡㅡ
1,O
인계동,B_LOC
더티래빗,B_RES
칵테일,O
피자,O
ㅡㅡㅡ,ㅡㅡㅡ
2,O
인계동,O
1943,O
메로나,O
에,O
이슬,O
핫도그,O
어쩌구,O
기억안남,O
ㅡㅡㅡ,ㅡㅡㅡ
3,O
영통,O
에서,O
이슬톡톡,O
홀짝,O
ㅡㅡㅡ,ㅡㅡㅡ
편집하면서도,O
아,O
내가,O
약간,O
정신이,O
나갔긴,O
했구나를,O
느낀,O
그런,O
영상,O
ㅡㅡㅡ,ㅡㅡㅡ
칵테일,O
은,O
너무,O
맛있었고,O
인계동,O
은,O
꿀잼이었다,O
ㅡㅡㅡ,ㅡㅡㅡ
다들,O
인계동,O
가서,O
술안주,O
공짜로,O
줄,O
테니,O
들어오세요,O
한,O
번,O
들어봐,O
재밌더라,O
근데,O
살짝,O
무서웠음ㅋ,O
ㅡㅡㅡ,ㅡㅡㅡ
22,O
ㅡㅡㅡ,ㅡㅡㅡ
22,O
ㅡㅡㅡ,ㅡㅡㅡ
구독ㅣ좋아요ㅣ,O
댓글ㅣ알림설정까지,O
부탁드려요,O
ㅡㅡㅡ,ㅡㅡㅡ
안녕하세요,O
희원다움,O
희원,O
이에요,O
ㅡㅡㅡ,ㅡㅡㅡ
여러분은,O
주말,O
에,O
뭐하셨어요,O
저는,O
몇주간,O
내내,O
집에,O
있었더니,O
너무,O
답답해서,O
ㅡㅡㅡ,ㅡㅡㅡ
이번엔,O
뛰쳐나가버렸어요ㅎㅎㅎ,O
그래도,O
마스크,O
랑,O
끼고,O
손,O
소독도,O
중간중간,O
해줘서,O
무사히,O
ㅡㅡㅡ,ㅡㅡㅡ
잘,O
놀고,O
왔어요,O
평택,B_LOC
에서,O
가까운,O
수원,B_LOC
으로,O
놀러갔는데,O
화성행궁,B_TOR
을,O
한바퀴,O
돌고,O
남문시장,B_TOR
을,O
구경했어요,O
시장에서,O
쇼핑이,O
지대로더라구요,O
신발가게에서,O
운동화,O
11만9천원짜리,O
를,O
단돈,O
만원,O
에,O
구입한거있죠ㅎㅎㅎ,O
저와,O
함께,O
수원,B_LOC
구경해용,O
ㅡㅡㅡ,ㅡㅡㅡ
오늘,O
도,O
영상,O
봐주셔서,O
정말,O
감사합니다,O
ㅡㅡㅡ,ㅡㅡㅡ
수원,B_LOC
행궁동,O
수원화성,B_TOR
수원,B_LOC
데이트,O
주말,O
브이로그,O
주말,O
수원화성,B_TOR
브이로그,O
다이소선반,O
다이소싱크대선반,O
찹쌀,O
도넛츠,O
신발,O
수원남문시장,B_TOR
운동화후기,O
ㅡㅡㅡ,ㅡㅡㅡ
블로그,O
3731,O
ㅡㅡㅡ,ㅡㅡㅡ
브런치,O
26431,O
인,O
ㅡㅡㅡ,ㅡㅡㅡ
인스타,O
26431,O
ㅡㅡㅡ,ㅡㅡㅡ
네이버,O
26431,O
ㅡㅡㅡ,ㅡㅡㅡ
행궁동카페투어,O
행리단길,B_LOC
대학생,O
브이로그,O
ㅡㅡㅡ,ㅡㅡㅡ
행궁동,O
에,O
친구,O
추천으로,O
가보게,O
되었어요,O
ㅡㅡㅡ,ㅡㅡㅡ
날씨가,O
덥긴해도,O
놀러다니기는,O
좋은것,O
같아요,O
ㅡㅡㅡ,ㅡㅡㅡ
제가,O
가본,O
곳들은,O
ㅡㅡㅡ,ㅡㅡㅡ
모나미카레,B_RES
017,O
ㅡㅡㅡ,ㅡㅡㅡ
하이헤이호,O
149,O
ㅡㅡㅡ,ㅡㅡㅡ
오카롱,O
842,O
ㅡㅡㅡ,ㅡㅡㅡ
이렇게,O
세군데,O
에요,O
영상에,O
가격도,O
함께,O
설명드렸어요,O
ㅡㅡㅡ,ㅡㅡㅡ
문의,O
2,O
ㅡㅡㅡ,ㅡㅡㅡ
꿀잼보장,O
호캉스,O
브이로그,O
파티즈호텔,O
수원화성,B_RES
화성행궁,B_RES
ㅡㅡㅡ,ㅡㅡㅡ
ㅡㅡㅡ,ㅡㅡㅡ
동영상,O
화질을,O
1080,O
로,O
설정하고,O
봐주세요,O
ㅡㅡㅡ,ㅡㅡㅡ
1080,O
ㅡㅡㅡ,ㅡㅡㅡ
안녕하세요,O
이번영상은,O
호캉스,O
갔다온,O
기록을,O
담았습니다,O
ㅡㅡㅡ,ㅡㅡㅡ
룸안에,O
노래방하고,O
사우나하고,O
스파까지,O
있어서,O
아주,O
요양갔다온,O
느낌이었네요,O
그리고,O
다음날,O
수원화성,B_TOR
과,O
화성행궁,B_TOR
탐방기까지,O
살짝,O
담아봤어요,O
시청해주셔서,O
감사하고,O
다들,O
건강조심하세요,O
ㅡㅡㅡ,ㅡㅡㅡ
2021021720210218,O
기록완료,O
ㅡㅡㅡ,ㅡㅡㅡ
05,O
ㅡㅡㅡ,ㅡㅡㅡ
꿀잼보장,O
호캉스브이로그,O
파티즈호텔,O
수원화성,B_TOR
화성행궁,B_TOR
ㅡㅡㅡ,ㅡㅡㅡ
안녕하세요,O
저번주말,O
에는,O
수원,B_LOC
에,O
있는,O
방화수류정,B_TOR
에,O
다녀왔어요,O
ㅡㅡㅡ,ㅡㅡㅡ
에,O
많이,O
올라왔던,O
곳이라서,O
기대를,O
하고,O
갔었는데,O
기대만큼,O
예쁘고,O
좋았어요,O
ㅡㅡㅡ,ㅡㅡㅡ
다만,O
카메라,O
설정을,O
잘못해서,O
화질이,O
많이,O
뭉개지네요ㅠㅠ,O
ㅡㅡㅡ,ㅡㅡㅡ
앞으로,O
매주,O
주말,O
에,O
놀러가고,O
주중,O
에,O
편집을,O
해서,O
올릴,O
예정입니다ㅎㅎ,O
ㅡㅡㅡ,ㅡㅡㅡ
자주,O
놀러와주세요,O
ㅡㅡㅡ,ㅡㅡㅡ
다음부터는,O
촬영한,O
날짜가,O
언제인지도,O
적어야겠어요,O
ㅡㅡㅡ,ㅡㅡㅡ
ㅡㅡㅡ,ㅡㅡㅡ
ㅡㅡㅡ,ㅡㅡㅡ
ㅡㅡㅡ,ㅡㅡㅡ
307,O
ㅡㅡㅡ,ㅡㅡㅡ
ㅡㅡㅡ,ㅡㅡㅡ
6400,O
ㅡㅡㅡ,ㅡㅡㅡ
18105,O
4,O
ㅡㅡㅡ,ㅡㅡㅡ
ㅡㅡㅡ,ㅡㅡㅡ
브이로그감성브이로그,O
방화수류정,B_TOR
ㅡㅡㅡ,ㅡㅡㅡ
안녕하세요,O
전,O
반갑수아,O
입니다,O
ㅡㅡㅡ,ㅡㅡㅡ
재미로,O
인스타,O
에서,O
동영상,O
편집을,O
하다가,O
어설프게,O
ㅡㅡㅡ,ㅡㅡㅡ
첫,O
브이로그까지,O
해보았어요,O
너무나도,O
평범한,O
수다스런,O
ㅡㅡㅡ,ㅡㅡㅡ
일상을,O
어설프게,O
담아보았어요,O
여전히,O
나이를,O
먹어도,O
ㅡㅡㅡ,ㅡㅡㅡ
먹는것과,O
노는것과,O
즐기는것과,O
배우는건,O
참,O
잼있어요,O
ㅡㅡㅡ,ㅡㅡㅡ
자주,O
보러와주세요,O
ㅡㅡㅡ,ㅡㅡㅡ
스토어팜,O
계정,O
ㅡㅡㅡ,ㅡㅡㅡ
일상,O
반갑수아,O
수원,O
수원,O
카페,O
광교,O
광교카페거리,O
수다,O
백금당,O
피부과,O
삐에스몽테,B_CAF
ㅡㅡㅡ,ㅡㅡㅡ
팁변번외편,O
4,O
신개념,O
변호사,O
브이로그,O
ㅡㅡㅡ,ㅡㅡㅡ
팁변,O
1,O
2,O
가,O
출정하다,O
ㅡㅡㅡ,ㅡㅡㅡ
가면,O
갈수록,O
진화하는,O
변호사,O
브이로그,O
ㅡㅡㅡ,ㅡㅡㅡ
그,O
병맛의,O
마력에,O
빠져,O
보실랍니까,O
ㅡㅡㅡ,ㅡㅡㅡ
티라노,O
변호사,O
변호사,O
ㅡㅡㅡ,ㅡㅡㅡ
재판변론기일,O
왕갈비,O
수원,O
맛집,O
수원화성,O
먹방,O
변호사,O
일상,O
4,O
영상,O
ㅡㅡㅡ,ㅡㅡㅡ
1,O
2020,O
ㅡㅡㅡ,ㅡㅡㅡ
ㅡㅡㅡ,ㅡㅡㅡ
ㅡㅡㅡ,ㅡㅡㅡ
한국,O
브이로그,O
첫번째,O
2020년10월,O
에,O
촬영,O
ㅡㅡㅡ,ㅡㅡㅡ
짝꿍,O
과,O
수원,O
행궁동,O
투어를,O
했어요,O
ㅡㅡㅡ,ㅡㅡㅡ
재밌게,O
봐주세요,O
ㅡㅡㅡ,ㅡㅡㅡ
ㅡㅡㅡ,ㅡㅡㅡ
ㅡㅡㅡ,ㅡㅡㅡ
5202898348,O
ㅡㅡㅡ,ㅡㅡㅡ
ㅡㅡㅡ,ㅡㅡㅡ
ㅡㅡㅡ,ㅡㅡㅡ
ㅡㅡㅡ,ㅡㅡㅡ
ㅡㅡㅡ,ㅡㅡㅡ
ㅡㅡㅡ,ㅡㅡㅡ
ㅡㅡㅡ,ㅡㅡㅡ
ㅡㅡㅡ,ㅡㅡㅡ
ㅡㅡㅡ,ㅡㅡㅡ
2021,O
ㅡㅡㅡ,ㅡㅡㅡ
수원,O
브이로그,O
행궁동,O
데이트,O
방화수류정,B_TOR
일상브이로그,O
수원,O
데이트브이로그,O
한,O
국브이로그,O
뉴요커,O
한국,O
투어,O
방화수류정,B_TOR
이트,O
행궁동,O
카페,O
행궁동,O
맛집,O
운멜로,B_TOR
운멜로,O
화성행궁,B_TOR
수원화성,B_TOR
연무동,O
방화수류정,B_TOR
수원,B_LOC
데이트,O
뉴욕,O
직장인,O
뉴욕,O
한국,O
여행,O
ㅡㅡㅡ,ㅡㅡㅡ
수원화성,B_TOR
앞,O
에서,O
관종짓,O
ㅡㅡㅡ,ㅡㅡㅡ
따라해보세요,O
ㅡㅡㅡ,ㅡㅡㅡ
예전부터,O
너무너무,O
가보고,O
싶었던,O
ㅡㅡㅡ,ㅡㅡㅡ
수원,O
에,O
드디어,O
다녀왔습니다,O
ㅡㅡㅡ,ㅡㅡㅡ
제일,O
큰,O
목적은,O
플라잉수원,O
열기구였어요,O
ㅡㅡㅡ,ㅡㅡㅡ
처음에,O
바람이,O
많이,O
불어서,O
ㅡㅡㅡ,ㅡㅡㅡ
못,O
탈뻔,O
했지만ㅜㅜ,O
ㅡㅡㅡ,ㅡㅡㅡ
다행이도,O
탈,O
수,O
있었어요,O
ㅡㅡㅡ,ㅡㅡㅡ
온라인에서,O
예매한,O
표는,O
주말,O
에,O
사용이,O
불가능,O
ㅡㅡㅡ,ㅡㅡㅡ
하다고,O
합니다,O
ㅡㅡㅡ,ㅡㅡㅡ
혹시,O
주말,O
에,O
타러,O
오시는,O
분들은,O
참고하세요,O
ㅡㅡㅡ,ㅡㅡㅡ
비행시간,O
10분,O
ㅡㅡㅡ,ㅡㅡㅡ
열기구,O
수원,O
여행,O
우정,O
플라잉수원,O
힐링,O
ㅡㅡㅡ,ㅡㅡㅡ
안녕하세요,O
여행작가,O
를,O
꿈꾸는,O
만두아빠,O
입니다,O
ㅡㅡㅡ,ㅡㅡㅡ
수원,O
에는,O
화성행궁,B_TOR
이,O
있습니다,O
ㅡㅡㅡ,ㅡㅡㅡ
2019년1월,O
너무나,O
추웠던,O
겨울,O
ㅡㅡㅡ,ㅡㅡㅡ
시기를,O
놓치고,O
벌써,O
1년,O
이,O
지나버렸어요,O
ㅡㅡㅡ,ㅡㅡㅡ
지난,O
추억을,O
회상하며,O
겨울,O
산책,O
브이로그를,O
만들었어요,O
ㅡㅡㅡ,ㅡㅡㅡ
해질녘,O
성곽길은,O
참,O
예쁩니다,O
ㅡㅡㅡ,ㅡㅡㅡ
수원,O
에,O
오시면,O
화성행궁,O
성곽길,O
한번,O
걸어보시면,O
어떨까요,O
ㅡㅡㅡ,ㅡㅡㅡ
후원은,O
ㅡㅡㅡ,ㅡㅡㅡ
인스타그램,O
ㅡㅡㅡ,ㅡㅡㅡ
네이버블로그,O
1004,O
ㅡㅡㅡ,ㅡㅡㅡ
중요,O
추측성,O
댓글,O
또는,O
영상과,O
관련,O
없는,O
댓글은,O
사양합니다,O
ㅡㅡㅡ,ㅡㅡㅡ
요즘,O
같이,O
빡빡한,O
세상에,O
살아가는,O
우리,O
ㅡㅡㅡ,ㅡㅡㅡ
서로,O
격려해주고,O
따뜻한,O
말,O
한마디,O
나누는,O
것이,O
어떨까요,O
ㅡㅡㅡ,ㅡㅡㅡ
수원화성행궁,B_TOR
수원,O
가볼만한곳,O
수원,O
여행코스,O
ㅡㅡㅡ,ㅡㅡㅡ
만두,O
아빠,O
만두,O
엄마,O
만두,O
부부,O
ㅡㅡㅡ,ㅡㅡㅡ
여행,O
작가,O
여행기록,O
여행크리에이터,O
ㅡㅡㅡ,ㅡㅡㅡ
여행,O
유튜버,O
여,O
행,O
유튜브,O
여행,O
블로거,O
여행블로그,O
ㅡㅡㅡ,ㅡㅡㅡ
여행브이로그,O
산책브이로그,O
겨울,O
여행,O
ㅡㅡㅡ,ㅡㅡㅡ
친구,O
들이,O
짓굳지만,O
다,O
장난입니다,O
ㅡㅡㅡ,ㅡㅡㅡ
장안통닭,B_RES
통닭거리,B_TOR
ㅡㅡㅡ,ㅡㅡㅡ
수원,B_LOC
에,O
유명한,O
명소,O
통닭,O
거리,O
ㅡㅡㅡ,ㅡㅡㅡ
통닭,O
집이,O
굉장히,O
많은데,O
ㅡㅡㅡ,ㅡㅡㅡ
저희는,O
쩡,O
의,O
단골집,O
장안통닭,B_RES
에,O
들어갔어요,O
ㅡㅡㅡ,ㅡㅡㅡ
원래는,O
사람이,O
굉장히,O
많다고,O
하는데,O
ㅡㅡㅡ,ㅡㅡㅡ
저희가,O
늦은,O
점심,O
을,O
먹어서,O
한적했네요,O
ㅡㅡㅡ,ㅡㅡㅡ
기본으로,O
주는,O
닭똥집튀김,O
구이,O
굉장히,O
꿀맛,O
ㅠㅠ,O
ㅡㅡㅡ,ㅡㅡㅡ
양념,O
도,O
요즘,O
보기,O
든,O
옛날,O
달달한,O
양념,O
이었고,O
ㅡㅡㅡ,ㅡㅡㅡ
후라이드,O
도,O
바삭해서,O
맛있었어요,O
ㅡㅡㅡ,ㅡㅡㅡ
일단,O
양이,O
넉넉해,O
ㅡㅡㅡ,ㅡㅡㅡ
수원,O
수원,O
카페,O
밀실,O
밀실카페,O
ㅡㅡㅡ,ㅡㅡㅡ
초코라떼,O
맛집이었어요,O
청포도에이드,O
도,O
진짜,O
꿀맛,O
ㅠㅠ,O
ㅡㅡㅡ,ㅡㅡㅡ
치즈파운드케이크,O
은,O
평범했습니다,O
ㅡㅡㅡ,ㅡㅡㅡ
브라우니,O
도,O
평범했습니다,O
ㅡㅡㅡ,ㅡㅡㅡ
마카롱,O
이,O
맛있었는데,O
특히,O
초코마카롱,O
이,O
좋았어요,O
ㅡㅡㅡ,ㅡㅡㅡ
이렇게,O
적어놓고,O
보니까,O
엄청,O
먹었네요,O
ㅡㅡㅡ,ㅡㅡㅡ
배,O
가,O
부를만하네,O
ㅡㅡㅡ,ㅡㅡㅡ
여기,O
카페가,O
문이,O
안,O
보이는,O
컨셉이에요,O
ㅡㅡㅡ,ㅡㅡㅡ
특이하죠,O
인기가,O
많아서,O
앉을,O
곳이,O
없을,O
정도,O
ㅡㅡㅡ,ㅡㅡㅡ
드라이아이스가,O
들어간,O
박스에,O
음료를,O
담아줘요,O
ㅡㅡㅡ,ㅡㅡㅡ
악보를,O
찢어서,O
같이,O
주는,O
것도,O
싱기방기,O
ㅡㅡㅡ,ㅡㅡㅡ
인스타,O
사진,O
찍기,O
좋은,O
카페,O
ㅡㅡㅡ,ㅡㅡㅡ
핑크,O
팬더,O
ㅡㅡㅡ,ㅡㅡㅡ
귀엽죠ㅠㅠ,O
ㅡㅡㅡ,ㅡㅡㅡ
쩡이,O
갖고,O
노는데,O
핵,O
귀욤,O
ㅡㅡㅡ,ㅡㅡㅡ
이번,O
영상,O
편집은,O
생각보다,O
시간이,O
오래,O
걸렸네요,O
ㅡㅡㅡ,ㅡㅡㅡ
ㅠㅠㅠㅠ,O
다음,O
영상은,O
좀,O
더,O
빨리,O
올게요,O
ㅡㅡㅡ,ㅡㅡㅡ
오늘,O
눈도,O
많이,O
내렸는데,O
ㅡㅡㅡ,ㅡㅡㅡ
눈,O
길,O
조심하세요,O
다치지,O
말구,O
ㅡㅡㅡ,ㅡㅡㅡ
썬메일,O
ㅡㅡㅡ,ㅡㅡㅡ
썬스타그램,O
ㅡㅡㅡ,ㅡㅡㅡ
안녕하세요,O
ㅡㅡㅡ,ㅡㅡㅡ
한일,O
부부,O
일본인,O
아내,O
미치용,O
입니다,O
ㅡㅡㅡ,ㅡㅡㅡ
지난주말,O
에,O
남편,O
이랑,O
같이,O
수원,O
에,O
다녀왔습니다,O
ㅡㅡㅡ,ㅡㅡㅡ
예쁜,O
수원화성,O
수원행궁,O
그리고,O
밤,O
에,O
열리는,O
미이어아트쇼,O
ㅡㅡㅡ,ㅡㅡㅡ
수원,O
은,O
볼거리도,O
많아서,O
너무너무,O
재밌었어요,O
ㅡㅡㅡ,ㅡㅡㅡ
그럼,O
재밌게,O
시청해주시면,O
감사합니다,O
ㅡㅡㅡ,ㅡㅡㅡ
ㅡㅡㅡ,ㅡㅡㅡ
韓,O
在住日韓夫婦,O
日本人,O
妻,O
ㅡㅡㅡ,ㅡㅡㅡ
先週日曜日夫水原行,O
ㅡㅡㅡ,ㅡㅡㅡ
水原華城,O
水原,O
行宮夜開,O
ㅡㅡㅡ,ㅡㅡㅡ
水原,O
ㅡㅡㅡ,ㅡㅡㅡ
視頂幸,O
ㅡㅡㅡ,ㅡㅡㅡ
大統領,O
ㅡㅡㅡ,ㅡㅡㅡ
0,O
ㅡㅡㅡ,ㅡㅡㅡ
국제,O
커플,O
한일,O
커플,O
한일,O
부부,O
ㅡㅡㅡ,ㅡㅡㅡ
日韓夫婦,O
일본인,O
아내,O
한국,O
생활,O
일상브이로그,O
ㅡㅡㅡ,ㅡㅡㅡ
안녕하세요,O
ㅡㅡㅡ,ㅡㅡㅡ
어느덧,O
10월,O
이,O
와버렸네요,O
ㅡㅡㅡ,ㅡㅡㅡ
저는,O
요즘,O
비염,O
으로,O
코찔찔이랍니다,O
ㅡㅡㅡ,ㅡㅡㅡ
이번에,O
수원,O
행궁동,O
에,O
갔다,O
왔어요,O
ㅡㅡㅡ,ㅡㅡㅡ
첨으로,O
피크닉세트도,O
대여해보고,O
방화수류정,B_TOR
앞,O
에서,O
피크닉을,O
즐겼답니다,O
ㅡㅡㅡ,ㅡㅡㅡ
행궁동,O
은,O
좋은,O
곳이,O
많은,O
거,O
같아요,O
갬성넘치는,O
카페들,O
귀여운,O
소품샵들도,O
많고,O
ㅡㅡㅡ,ㅡㅡㅡ
열기구,O
도,O
무섭긴,O
했는데,O
진짜,O
재밌어요직접,O
봐야하는데,O
심장,O
쫄깃해지는,O
경험강추,O
ㅡㅡㅡ,ㅡㅡㅡ
영어,O
자막을,O
달아봤는데번역기의,O
을,O
빌려서,O
어색해도,O
넘어가주세요,O
ㅡㅡㅡ,ㅡㅡㅡ
영상이,O
괜찮았다면,O
좋아요,O
랑,O
구독,O
부탁드려요,O
ㅡㅡㅡ,ㅡㅡㅡ
다음,O
영상에서,O
만나요,O
많,O
관부,O
ㅡㅡㅡ,ㅡㅡㅡ
촬영,O
12,O
ㅡㅡㅡ,ㅡㅡㅡ
ㅡㅡㅡ,ㅡㅡㅡ
ㅡㅡㅡ,ㅡㅡㅡ
ㅡㅡㅡ,ㅡㅡㅡ
ㅡㅡㅡ,ㅡㅡㅡ
ㅡㅡㅡ,ㅡㅡㅡ
ㅡㅡㅡ,ㅡㅡㅡ
ㅡㅡㅡ,ㅡㅡㅡ
ㅡㅡㅡ,ㅡㅡㅡ
ㅡㅡㅡ,ㅡㅡㅡ
ㅡㅡㅡ,ㅡㅡㅡ
12,O
ㅡㅡㅡ,ㅡㅡㅡ
요즘,O
저는,O
치열한,O
나날들을,O
보내고,O
있답니다,O
열정좌,O
자매,O
님,O
모시는,O
브이로그,O
입니다ㅎ,O
ㅡㅡㅡ,ㅡㅡㅡ
수원시,B_LOC
행궁동,O
방화수류정,B_TOR
ㅡㅡㅡ,ㅡㅡㅡ
광교,O
성수미술관,B_TOR
ㅡㅡㅡ,ㅡㅡㅡ
광교식물원,B_TOR
ㅡㅡㅡ,ㅡㅡㅡ
수원,B_LOC
늑대집,O
ㅡㅡㅡ,ㅡㅡㅡ
수원,B_LOC
행궁동,O
방화수류정,B_TOR
방화수류정,B_TOR
광교,O
데이트,O
수원,B_LOC
데이트,O
광교앨리웨이,B_TOR
광교성수미술관,B_TOR
성수미술관,B_TOR
광교식물원,B_TOR
퇴사브이로그,O
퇴사일기,O
행궁동,B_LOC
데이트,O
자매브이로그,O
ㅡㅡㅡ,ㅡㅡㅡ
ㅡㅡㅡ,ㅡㅡㅡ
안녕하세요,O
상호의,O
입니다,O
ㅡㅡㅡ,ㅡㅡㅡ
방학동안,O
열심히,O
하려고,O
이것저것,O
준비를,O
했는데,O
날씨도,O
춥고,O
전염병,O
이,O
기승을,O
부리는,O
탓에,O
너무,O
오랜만에,O
돌아오게,O
되었어요죄송합니다ㅠㅠ,O
ㅡㅡㅡ,ㅡㅡㅡ
이번에는,O
개강을,O
맞아,O
브이로그를,O
찍어보았어요,O
수업도,O
듣고,O
알바도,O
갔지만,O
ㅡㅡㅡ,ㅡㅡㅡ
메인,O
이벤트는,O
세계문화유산,O
수원화성,B_TOR
에,O
간,O
것이었어요,O
ㅡㅡㅡ,ㅡㅡㅡ
어릴,O
때부터,O
수원화성,B_TOR
에,O
엄청,O
가보고,O
싶었는데,O
대학생,O
이,O
되어서도,O
너무,O
멀다는,O
핑계로,O
한번,O
도,O
못가봤어요,O
언젠간,O
가야지,O
하면서,O
미루고,O
미루다,O
날씨가,O
딱,O
좋아진,O
그,O
날,O
3월18일,O
가게,O
되었네요ㅎㅎ,O
ㅡㅡㅡ,ㅡㅡㅡ
아프지,O
말아요,O
여러분,O
나의,O
작은,O
행동이,O
본의,O
아니게,O
엄청난,O
피해를,O
줄,O
수,O
있는,O
만큼,O
서로,O
조금만,O
더,O
조심해요,O
이,O
모든,O
상황을,O
잘,O
이겨낼,O
수,O
있으면,O
좋겠습니다,O
건강하세요,O
ㅡㅡㅡ,ㅡㅡㅡ
출처,O
ㅡㅡㅡ,ㅡㅡㅡ
1,O
브금,O
대통령,O
717,O
ㅡㅡㅡ,ㅡㅡㅡ
2,O
기대,O
359,O
ㅡㅡㅡ,ㅡㅡㅡ
3,O
브금,O
대통령,O
765,O
ㅡㅡㅡ,ㅡㅡㅡ
안녕하세요,O
주미닛,O
입니다,O
날씨가,O
벌써,O
덥네요,O
ㅡㅡㅡ,ㅡㅡㅡ
13번째,O
브이로그,O
업로드,O
하였습니다,O
251명,O
의,O
구독자,O
들께,O
먼저,O
감사드리고,O
앞으로,O
시청해주시는,O
분들께도,O
감사드립니다,O
이번영상두,O
힐링되셨으면,O
좋겠습니당,O
ㅡㅡㅡ,ㅡㅡㅡ
이번주,O
에는,O
수원,O
행궁동,B_LOC
에,O
행리단길,B_LOC
이라는,O
핫플레이스에,O
다녀왔는데요,O
저는,O
카페가,O
많다고,O
들었는데,O
생각보다,O
볼거리도,O
많고,O
맛집도,O
많고,O
굉장히,O
넓었어요,O
수원화성,B_TOR
성곽들도,O
멋있고,O
산책하며,O
힐링하고,O
온,O
것,O
같아서,O
넘,O
좋았답니다,O
ㅡㅡㅡ,ㅡㅡㅡ
참고로,O
영상에,O
노란색자판기,O
는,O
가게문이였다는,O
사실,O
이제,O
알았네요ㅎㅎ,O
ㅡㅡㅡ,ㅡㅡㅡ
수원화성,B_TOR
ㅡㅡㅡ,ㅡㅡㅡ
행궁동,B_LOC
ㅡㅡㅡ,ㅡㅡㅡ
행리단길,B_LOC
ㅡㅡㅡ,ㅡㅡㅡ
행궁동,B_LOC
맛집,O
ㅡㅡㅡ,ㅡㅡㅡ
행궁동카페,O
ㅡㅡㅡ,ㅡㅡㅡ
정지영로스터즈,B_CAF
ㅡㅡㅡ,ㅡㅡㅡ
낭만셰프,B_RES
ㅡㅡㅡ,ㅡㅡㅡ
바닐라스위트,B_CAF
ㅡㅡㅡ,ㅡㅡㅡ
키친숲,B_CAF
ㅡㅡㅡ,ㅡㅡㅡ
마켓컬리,O
ㅡㅡㅡ,ㅡㅡㅡ
토마토스파게티,O
만들기,O
ㅡㅡㅡ,ㅡㅡㅡ
매주,O
월요일,O
에,O
업데이트,O
됩니다,O
ㅡㅡㅡ,ㅡㅡㅡ
보셨다면,O
댓글남겨주시고,O
진정한,O
구독,O
좋아요,O
알람,O
꾹,O
눌러주세요,O
ㅡㅡㅡ,ㅡㅡㅡ
인스타,O
친구,O
도,O
해용,O
ㅡㅡㅡ,ㅡㅡㅡ
ㅡㅡㅡ,ㅡㅡㅡ
72,O
ㅡㅡㅡ,ㅡㅡㅡ
ㅡㅡㅡ,ㅡㅡㅡ
2002,O
ㅡㅡㅡ,ㅡㅡㅡ
ㅡㅡㅡ,ㅡㅡㅡ
안녕하세요,O
봄,O
히입니다,O
ㅡㅡㅡ,ㅡㅡㅡ
코로나,O
덕에,O
어딜,O
잘,O
나가지를,O
않고,O
집에선,O
누워만,O
있는,O
게을러,O
터진,O
인간이라,O
ㅡㅡㅡ,ㅡㅡㅡ
업로드가,O
굉장히,O
늦어졌어요,O
ㅡㅡㅡ,ㅡㅡㅡ
회사,O
창립기념일,O
덕에,O
월요일,O
에,O
휴무가,O
생겼는데요,O
ㅡㅡㅡ,ㅡㅡㅡ
덕질메이트,O
밍투어,O
와,O
함께,O
수원,O
행궁동,O
나들이를,O
다녀왔습니다,O
ㅡㅡㅡ,ㅡㅡㅡ
정말,O
가고싶었던,O
운멜로랩부터,O
ㅡㅡㅡ,ㅡㅡㅡ
피크닉하기,O
딱,O
좋은,O
물론,O
코로나,O
가,O
끝나면ㅠ,O
방화수류정,O
ㅡㅡㅡ,ㅡㅡㅡ
예쁜,O
카페투어까지,O
ㅡㅡㅡ,ㅡㅡㅡ
짧고,O
간단하게,O
찍어보았어요,O
ㅡㅡㅡ,ㅡㅡㅡ
영상,O
재밌게,O
봐주시고,O
ㅡㅡㅡ,ㅡㅡㅡ
좋아요,O
와,O
구독,O
부탁드립니다,O
ㅡㅡㅡ,ㅡㅡㅡ
ㅡㅡㅡ,ㅡㅡㅡ
1993,O
ㅡㅡㅡ,ㅡㅡㅡ
1993,O
ㅡㅡㅡ,ㅡㅡㅡ
행궁동,B_LOC
행궁동,B_LOC
브이로그,O
수원,B_LOC
나들이,O
행궁동,B_LOC
나들이,O
행궁동,B_LOC
카페,O
운멜로랩,B_RES
방화수류정,B_TOR
매,O
트그린,O
수원,B_LOC
카페,O
행궁동,B_LOC
카페,O
행궁동,B_LOC
맛집,O
ㅡㅡㅡ,ㅡㅡㅡ
ㅡㅡㅡ,ㅡㅡㅡ
ㅡㅡㅡ,ㅡㅡㅡ
수원화성,B_TOR
브이로그,O
수원,B_LOC
맛집,O
수원,B_LOC
가볼만한곳,O
ㅡㅡㅡ,ㅡㅡㅡ
수원,B_LOC
가을,O
풍경,O
ㅡㅡㅡ,ㅡㅡㅡ
9년차,O
커플,O
브이로그,O
데이트,O
ㅡㅡㅡ,ㅡㅡㅡ
하루종일,O
수원시,O
대표,O
데이트,O
장소들,O
다녀왔습니다,O
ㅡㅡㅡ,ㅡㅡㅡ
ㅡㅡㅡ,ㅡㅡㅡ
005,O
화성행궁,B_LOC
수제버거,O
맛집,O
버거스테이지,B_RES
ㅡㅡㅡ,ㅡㅡㅡ
055,O
화성행궁,B_TOR
성곽길,O
ㅡㅡㅡ,ㅡㅡㅡ
150,O
화성행궁,B_TOR
용연,O
ㅡㅡㅡ,ㅡㅡㅡ
215,O
화성행궁,B_TOR
카페,O
사맛디커피실록,B_CAF
ㅡㅡㅡ,ㅡㅡㅡ
400,O
광교호수공원,B_TOR
ㅡㅡㅡ,ㅡㅡㅡ
423,O
광교갤러리아,O
ㅡㅡㅡ,ㅡㅡㅡ
435,O
수원,O
왕갈비,O
본수원갈비,B_RES
ㅡㅡㅡ,ㅡㅡㅡ
안녕하세요,O
오늘,O
은,O
수원,O
의,O
자랑,O
화성행궁,B_TOR
에,O
놀러간,O
브이로그를,O
담아봤어요ㅎㅎㅎ,O
수원,O
에는,O
이렇게,O
예쁜,O
곳이,O
많답니다ㅎㅎㅎㅎ,O
다들,O
수원,O
많이,O
놀러오세요,O
그럼,O
오늘,O
영상도,O
재밌게,O
봐주세요,O
ㅡㅡㅡ,ㅡㅡㅡ
인스타그램,O
아이디,O
ㅡㅡㅡ,ㅡㅡㅡ
ㅡㅡㅡ,ㅡㅡㅡ
ㅡㅡㅡ,ㅡㅡㅡ
안녕하세요,O
ㅡㅡㅡ,ㅡㅡㅡ
오늘,O
영상도,O
역시,O
남편,O
이랑,O
소소하게,O
보내는,O
주말,O
일상이에요,O
ㅡㅡㅡ,ㅡㅡㅡ
수원,O
행궁동,O
에,O
모나미카레,B_RES
오픈해서,O
맛있는,O
카레,O
도,O
먹고,O
제가,O
제일,O
애정하는,O
카페에,O
가서,O
맛있는,O
커피,O
와,O
디저트,O
들도,O
먹고,O
저녁,O
은,O
너무,O
맛있는,O
족발,O
을,O
먹으면,O
남편,O
이랑,O
즐겁게,O
보냈네요,O
ㅡㅡㅡ,ㅡㅡㅡ
영상,O
편안하게,O
봐주세요,O
ㅡㅡㅡ,ㅡㅡㅡ
수원,O
여행,O
수원,O
맛집,O
행궁동,O
ㅡㅡㅡ,ㅡㅡㅡ
위,O
영상은,O
코로나,O
2단계,O
격상,O
전,O
방역,O
지침에,O
따라,O
촬영,O
된,O
영상입니다,O
ㅡㅡㅡ,ㅡㅡㅡ
이번에,O
경기관광공사,O
에서,O
주관하는,O
ㅡㅡㅡ,ㅡㅡㅡ
경기도,O
인생여행,O
프로그램을,O
물나하,O
고,O
다녀왔어요,O
ㅡㅡㅡ,ㅡㅡㅡ
참가비,O
15500원,O
에,O
아침부터,O
점심,O
저녁,O
야경까지,O
알찬,O
시간,O
보내고,O
왔어요,O
ㅡㅡㅡ,ㅡㅡㅡ
제가,O
다녀,O
온,O
곳들은,O
보시기,O
편하라고,O
아래,O
에,O
정리해놨습니다,O
ㅡㅡㅡ,ㅡㅡㅡ
영상,O
속,O
장소,O
총,O
정리,O
ㅡㅡㅡ,ㅡㅡㅡ
융건릉,B_TOR
ㅡㅡㅡ,ㅡㅡㅡ
조선,O
의,O
제22대,O
임금,O
정조,O
의,O
지극한,O
마음과,O
효성을,O
엿볼,O
수,O
있는,O
왕릉,O
ㅡㅡㅡ,ㅡㅡㅡ
경기,O
화성시,O
안녕동,O
18739,O
ㅡㅡㅡ,ㅡㅡㅡ
입장료성인,O
1000원,O
ㅡㅡㅡ,ㅡㅡㅡ
화성행궁,B_TOR
ㅡㅡㅡ,ㅡㅡㅡ
우리나라,O
성곽문화의,O
백미,O
윤네스코,O
세계문화유산,O
에도,O
등재된,O
수원,B_TOR
의,O
자랑,O
ㅡㅡㅡ,ㅡㅡㅡ
경기,B_LOC
수원시,B_LOC
팔달구,B_LOC
정조로,O
825,O
ㅡㅡㅡ,ㅡㅡㅡ
매일,O
09001800,O
연중무휴,O
ㅡㅡㅡ,ㅡㅡㅡ
입장료성인,O
1500원,O
ㅡㅡㅡ,ㅡㅡㅡ
행궁공방거리,B_TOR
ㅡㅡㅡ,ㅡㅡㅡ
쭉,O
이어진,O
벽화와,O
함께,O
다양하고,O
아기자기한,O
전통공예,O
공방이,O
모여있는,O
곳,O
ㅡㅡㅡ,ㅡㅡㅡ
경기,B_LOC
수원시,B_LOC
팔달구,B_LOC
남창동,B_LOC
ㅡㅡㅡ,ㅡㅡㅡ
일월,O
공방,O
ㅡㅡㅡ,ㅡㅡㅡ
무,O
형문화재,O
장인,O
전수자,O
와,O
함께,O
민화,O
를,O
그리는,O
체험을,O
할,O
수,O
있는,O
곳,O
ㅡㅡㅡ,ㅡㅡㅡ
경기,B_LOC
수원시,B_LOC
팔달구,B_LOC
행궁로,B_LOC
37,O
ㅡㅡㅡ,ㅡㅡㅡ
매일,O
11002000,O
월요일,O
휴무,O
ㅡㅡㅡ,ㅡㅡㅡ
전통민화체험,O
30000원,O
ㅡㅡㅡ,ㅡㅡㅡ
화청갈비,B_RES
ㅡㅡㅡ,ㅡㅡㅡ
전복,O
한마리,O
를,O
넣은,O
갈비탕,O
한우양념갈비,O
가,O
유명한,O
갈비,O
전문점,O
ㅡㅡㅡ,ㅡㅡㅡ
경기,B_LOC
수원시,B_LOC
팔달구,B_LOC
창룡대로,B_LOC
41번길,O
12,O
ㅡㅡㅡ,ㅡㅡㅡ
매일,O
11002200,O
명절,O
휴무,O
ㅡㅡㅡ,ㅡㅡㅡ
전복갈비탕,O
11000원,O
전복우거지탕,O
10000,O
ㅡㅡㅡ,ㅡㅡㅡ
플라잉수원,O
ㅡㅡㅡ,ㅡㅡㅡ
최대,O
150,O
상공에서,O
수원화성,O
전체를,O
조망할,O
수,O
있는,O
이색,O
체험,O
ㅡㅡㅡ,ㅡㅡㅡ
경기,O
수원시,O
팔달구,O
지동,O
2554,O
ㅡㅡㅡ,ㅡㅡㅡ
주중,O
13002200,O
주말,O
11002200,O
ㅡㅡㅡ,ㅡㅡㅡ
네이버,O
예매,O
시,O
17000원,O
ㅡㅡㅡ,ㅡㅡㅡ
수원화성,B_TOR
야경코스,O
ㅡㅡㅡ,ㅡㅡㅡ
수원화성,B_TOR
창룡문,B_TOR
화홍문,B_TOR
방화수류정,B_TOR
을,O
도는,O
대표,O
야경,O
코스,O
ㅡㅡㅡ,ㅡㅡㅡ
경기,B_LOC
수원시,B_LOC
팔달구,B_LOC
경수대로,O
697,O
ㅡㅡㅡ,ㅡㅡㅡ
추가로,O
궁금한,O
핫플은,O
댓글,O
남겨주세요,O
허니블링이,O
직접,O
갑니다,O
ㅡㅡㅡ,ㅡㅡㅡ
이,O
영상은,O
경기관광공사,O
의,O
지원을,O
받아,O
제작되었습니다,O
ㅡㅡㅡ,ㅡㅡㅡ
ㅡㅡㅡ,ㅡㅡㅡ
허니블링,O
모든,O
한눈에,O
보기,O
ㅡㅡㅡ,ㅡㅡㅡ
ㅡㅡㅡ,ㅡㅡㅡ
ㅡㅡㅡ,ㅡㅡㅡ
비즈니스강연,O
문의,O
ㅡㅡㅡ,ㅡㅡㅡ
수원,B_LOC
데이트,O
수원,B_LOC
화성,B_LOC
수원통닭거리,B_TOR
ㅡㅡㅡ,ㅡㅡㅡ
코로나19,O
로,O
집콕만,O
하다가,O
가깝고,O
아기자기한,O
ㅡㅡㅡ,ㅡㅡㅡ
수원화성,B_TOR
으로,O
야외데이트를,O
다녀왔어요,O
ㅡㅡㅡ,ㅡㅡㅡ
수원화성,B_TOR
의,O
멋스러움과,O
ㅡㅡㅡ,ㅡㅡㅡ
초록자연,O
ㅡㅡㅡ,ㅡㅡㅡ
그리고,O
통닭거리,O
ㅡㅡㅡ,ㅡㅡㅡ
수원,B_LOC
의,O
핫플레이스,O
화성행궁,B_TOR
ㅡㅡㅡ,ㅡㅡㅡ
드디어,O
가봤습니다,O
ㅡㅡㅡ,ㅡㅡㅡ
ㅡㅡㅡ,ㅡㅡㅡ
구독하기,O
ㅡㅡㅡ,ㅡㅡㅡ
인스타그램,O
ㅡㅡㅡ,ㅡㅡㅡ
리,O
트리,O
버,O
나무,O
ㅡㅡㅡ,ㅡㅡㅡ
하운드,O
나라,O
ㅡㅡㅡ,ㅡㅡㅡ
사모예드,O
모찌,O
ㅡㅡㅡ,ㅡㅡㅡ
잭러셀테리어,O
녹두,O
숙주,O
ㅡㅡㅡ,ㅡㅡㅡ
시바견,O
두유,O
보리,O
대원,O
ㅡㅡㅡ,ㅡㅡㅡ
동물농장,O
887회,O
방송출연,O
ㅡㅡㅡ,ㅡㅡㅡ
순간포착,O
세상에,O
이런일이,O
1015회,O
방송출연,O
ㅡㅡㅡ,ㅡㅡㅡ
ㅡㅡㅡ,ㅡㅡㅡ
강아지,O
와,O
함께하는,O
삶이,O
행복합니다,O
ㅡㅡㅡ,ㅡㅡㅡ
군인,O
남자친구,O
휴가,O
곰신,O
데이트,O
수원,B_LOC
여행,O
화성행궁,B_TOR
방화수류정,B_TOR
정,O
일상,O
일상브이로그,O
커플,O
커플브이로그,O
커,O
플여행,O
ㅡㅡㅡ,ㅡㅡㅡ
먹방브이로그,O
방화수류정,B_TOR
행궁동,O
ㅡㅡㅡ,ㅡㅡㅡ
118,O
도담샐러드,B_CAF
ㅡㅡㅡ,ㅡㅡㅡ
320,O
공간상점,O
카페,O
ㅡㅡㅡ,ㅡㅡㅡ
424,O
남문통닭,B_RES
ㅡㅡㅡ,ㅡㅡㅡ
정조,O
화성행궁,B_TOR
브이로그,O
ㅡㅡㅡ,ㅡㅡㅡ
효성이,O
지극했던,O
정조,O
대왕,O
은,O
아버지,O
장헌세자,O
사도세자,O
의,O
묘소를,O
현륭원,B_TOR
현재의,O
융릉,B_TOR
으로,O
옮기면서,O
수원,B_LOC
신도시를,O
건설하고,O
수원화성,B_TOR
성곽을,O
축조하면서,O
화성행궁,B_TOR
을,O
건립했습니다,O
화성행궁,B_TOR
은,O
화성,B_LOC
안에,O
자리하고,O
있으며,O
조선,O
행궁,O
중,O
규모나,O
기능면에서,O
단연,O
으뜸으로,O
꼽니다,O
평상시에는,O
수원부,O
관아로,O
사용되다가,O
정조,O
대왕,O
행차,O
시에는,O
화성행궁,B_TOR
에서,O
머무르며,O
진찬연,B_TOR
및,O
과거시험,O
등,O
여러,O
행사를,O
거행하였습니다,O
그러나,O
일제강점기,O
낙남헌,B_TOR
을,O
제외한,O
시설이,O
일제,O
의,O
민족문화와,O
역사,O
말살,O
정책으로,O
사라졌습니다,O
ㅡㅡㅡ,ㅡㅡㅡ
1996년,O
1단계,O
복원공사가,O
시작되어,O
2003년10월,O
일반에게,O
공개되었으며,O
현재도,O
복원공사가,O
진행,O
중입니다,O
최근에는,O
한류의,O
중심지로,O
대장금,O
이산,O
왕의남자,O
구르미그린달빛,O
등,O
영화와,O
드라마에서도,O
화성행궁,B_TOR
의,O
아름다움을,O
담고,O
있습니다,O
ㅡㅡㅡ,ㅡㅡㅡ
주말,O
에,O
아빠,O
따라서,O
수원,O
에,O
다녀왔어요,O
ㅡㅡㅡ,ㅡㅡㅡ
결혼식장에가서,O
밥,O
먹고,O
수원,O
화성행궁,B_TOR
구경하고,O
어차,O
타고,O
ㅡㅡㅡ,ㅡㅡㅡ
저녁,O
에는,O
통닭,O
까지,O
먹고,O
쉬다,O
왔습니다,O
ㅡㅡㅡ,ㅡㅡㅡ
돌아와서는,O
어린이박물관,O
에,O
들려서,O
놀다왔지요,O
ㅡㅡㅡ,ㅡㅡㅡ
댓글창은,O
커뮤니티를,O
열어둘게요,O
ㅡㅡㅡ,ㅡㅡㅡ
수원,O
방화수류정,O
피크닉,O
브이로그,O
ㅡㅡㅡ,ㅡㅡㅡ
친구,O
랑,O
10월초,O
에,O
수원,O
방화수류정,B_TOR
으로,O
피크닉간,O
영상입니다,O
ㅡㅡㅡ,ㅡㅡㅡ
많이,O
부족하지만,O
재밌게,O
봐주세용,O
ㅡㅡㅡ,ㅡㅡㅡ
브금,O
대통령,O
ㅡㅡㅡ,ㅡㅡㅡ
2,O
ㅡㅡㅡ,ㅡㅡㅡ
브금,O
대통령,O
ㅡㅡㅡ,ㅡㅡㅡ
시골,O
버스,O
정류장,O
4,O
ㅡㅡㅡ,ㅡㅡㅡ
브금,O
대통령,O
ㅡㅡㅡ,ㅡㅡㅡ
또,O
하루,O
멀어져,O
간다,O
0,O
ㅡㅡㅡ,ㅡㅡㅡ
수원,O
화성,O
행궁,O
나들이를,O
했어요,O
ㅡㅡㅡ,ㅡㅡㅡ
공기,O
좋은,O
곳에서,O
산책을,O
하고,O
ㅡㅡㅡ,ㅡㅡㅡ
행궁동공방,O
거리에서,O
달고나,O
만들기도,O
했어요,O
ㅡㅡㅡ,ㅡㅡㅡ
환이윤,O
이와,O
가족,O
나들이를,O
떠나요,O
ㅡㅡㅡ,ㅡㅡㅡ
수원화성,B_TOR
여행브이로그,O
가족,O
여행,O
ㅡㅡㅡ,ㅡㅡㅡ
2021,O
세계식량의날,O
기념,O
제로헝거런,O
1024,O
에,O
참여한,O
브이로그입니다,O
ㅡㅡㅡ,ㅡㅡㅡ
여유로운,O
수원,O
산책,O
풍경,O
함께,O
즐겨요,O
ㅡㅡㅡ,ㅡㅡㅡ
20211,O
ㅡㅡㅡ,ㅡㅡㅡ
세계식량의날챌린지,O
제,O
로헝거런,O
42,O
수원천,O
수원화성,B_TOR
광교,O
광교공원,B_TOR
브이로그,O
ㅡㅡㅡ,ㅡㅡㅡ
안녕하세요,O
갬성은,O
입니다,O
ㅡㅡㅡ,ㅡㅡㅡ
이번,O
영상은,O
요즘,O
계속,O
떠오르는,O
피크닉,O
성지,O
방화수류정,B_TOR
을,O
다녀왔던,O
영상입니다,O
ㅡㅡㅡ,ㅡㅡㅡ
이번,O
영상도,O
재미있게,O
봐주세요,O
ㅡㅡㅡ,ㅡㅡㅡ
감사합니다,O
ㅡㅡㅡ,ㅡㅡㅡ
세번째,O
일기,O
ㅡㅡㅡ,ㅡㅡㅡ
수원,O
장안문,B_TOR
화서공원,B_TOR
행궁거리,B_TOR
와,O
팔달산,B_TOR
을,O
살짝,O
돌았네요,O
ㅡㅡㅡ,ㅡㅡㅡ
날씨가,O
너무,O
좋아서,O
든,O
줄도,O
모르고,O
1시간가량,O
산책,O
했어요,O
ㅡㅡㅡ,ㅡㅡㅡ
자주는,O
못오지만,O
올때마다,O
정말,O
괜찮은,O
곳이라고,O
생각,O
합니다,O
ㅡㅡㅡ,ㅡㅡㅡ
짐벌을,O
사용했는데,O
페이유6,O
입니다,O
ㅡㅡㅡ,ㅡㅡㅡ
축을,O
잘,O
못맞췄는지,O
자주,O
흔들려서,O
편집을,O
많이했네요,O
ㅡㅡㅡ,ㅡㅡㅡ
많은,O
연습을,O
해야,O
겠어요,O
ㅡㅡㅡ,ㅡㅡㅡ
구독과,O
좋아요,O
눌러주시면,O
더,O
열심히,O
만들어,O
보겠습니다,O
ㅡㅡㅡ,ㅡㅡㅡ
ㅡㅡㅡ,ㅡㅡㅡ
수원화성,B_TOR
브이로그,O
행궁거,O
리,O
수원,O
데이트코스,O
ㅡㅡㅡ,ㅡㅡㅡ
안녕하세요,O
혜선,O
입니다,O
ㅡㅡㅡ,ㅡㅡㅡ
ㅡㅡㅡ,ㅡㅡㅡ
오늘,O
은,O
2020년,O
의,O
마지막날,O
입니다,O
올해,O
의,O
마지막일,O
줄,O
모르고,O
다녀온,O
수원화성,B_TOR
여행,O
브이로그입니다,O
집에서의,O
무료한,O
일상,O
속,O
저의,O
영상이,O
여러분들께,O
도움이,O
되었으면,O
좋겠습니다,O
또한,O
한국,O
의,O
문화와,O
멋을,O
알리기,O
위해,O
영어,O
자막을,O
달았습니다,O
ㅡㅡㅡ,ㅡㅡㅡ
2020,O
ㅡㅡㅡ,ㅡㅡㅡ
올한해,O
여러분들,O
모두,O
수고,O
많으셨습니다,O
전,O
여러분들,O
덕분에,O
2020년,O
을,O
잊지,O
못할,O
것,O
같습니다,O
올해,O
유튜브,O
를,O
다시,O
시작하여,O
여러분들의,O
관심과,O
사랑을,O
받게,O
되어,O
너무나,O
기쁘게,O
생각합니다,O
새해,O
복,O
많이,O
받으세요,O
ㅡㅡㅡ,ㅡㅡㅡ
2020,O
ㅡㅡㅡ,ㅡㅡㅡ
2382,O
ㅡㅡㅡ,ㅡㅡㅡ
103,O
ㅡㅡㅡ,ㅡㅡㅡ
수원,O
에,O
사는,O
친구,O
랑,O
같이,O
요즘,O
핫한,O
수원,B_LOC
행궁동,B_LOC
당일치기,O
나들이를,O
갔습니다,O
ㅡㅡㅡ,ㅡㅡㅡ
우리나라의,O
전통적,O
건축물을,O
보며,O
수원,B_LOC
에,O
대해,O
새로운,O
경험을,O
즐겨봤답니다,O
ㅡㅡㅡ,ㅡㅡㅡ
물론,O
맛집,O
카페는,O
기본이죠,O
ㅡㅡㅡ,ㅡㅡㅡ
수원,B_LOC
여행,O
방화수류정,B_TOR
화성행궁,B_TOR
ㅡㅡㅡ,ㅡㅡㅡ
브금,O
대통령,O
ㅡㅡㅡ,ㅡㅡㅡ
지구,O
에는,O
항상,O
꽃이,O
피어나지,O
4,O
ㅡㅡㅡ,ㅡㅡㅡ
브금,O
대통령,O
ㅡㅡㅡ,ㅡㅡㅡ
지구,O
에는,O
항상,O
태양,O
이,O
비추다,O
ㅡㅡㅡ,ㅡㅡㅡ
오늘의,O
일기,O
ㅡㅡㅡ,ㅡㅡㅡ
1,O
ㅡㅡㅡ,ㅡㅡㅡ
ㅡㅡㅡ,ㅡㅡㅡ
ㅡㅡㅡ,ㅡㅡㅡ
여러분,O
안녕하세용,O
드디어,O
수원화성,B_TOR
에서,O
찍은,O
영상,O
올리게,O
됐습니다,O
라이브방송,O
시청하신,O
분들,O
기억하시죠ㅎㅎㅎ,O
이번에,O
수원화성,B_TOR
에서,O
열린,O
수원화성문화제,B_TOR
와,O
세계유산축전,O
보러,O
갔는데요,O
다양한,O
전시프로그램들도,O
보고,O
구경하면서,O
수원화성,B_TOR
에,O
대해,O
많이,O
알게,O
됐어요,O
볼거리가,O
이렇게,O
많을,O
줄,O
몰랐어요,O
이번,O
축제가,O
10월24일까지,O
진행하고,O
있는데,O
여러분,O
축제,O
보러,O
가지,O
못,O
하셨다면,O
오늘,O
제가,O
가이드,O
해드릴게요,O
ㅡㅡㅡ,ㅡㅡㅡ
수원화성,B_TOR
문화제,O
브이로그,O
ㅡㅡㅡ,ㅡㅡㅡ
ㅡㅡㅡ,ㅡㅡㅡ
98,O
ㅡㅡㅡ,ㅡㅡㅡ
85895,O
ㅡㅡㅡ,ㅡㅡㅡ
0,O
01316,O
ㅡㅡㅡ,ㅡㅡㅡ
수원시,B_LOC
의,O
대표적,O
관광상품은,O
화성행궁,B_TOR
방화수류정,B_TOR
남문통닭거리,B_TOR
가,O
있다,O
ㅡㅡㅡ,ㅡㅡㅡ
화성행궁,B_TOR
과,O
방화수류정,B_TOR
은,O
사진,O
찍기,O
좋은,O
문화재로,O
로,O
화제가,O
됐고,O
ㅡㅡㅡ,ㅡㅡㅡ
남문,O
통닭거리는,O
영화,O
극,O
한직,O
업에,O
등장해,O
많은,O
인기를,O
끌었지만,O
수원,B_LOC
은,O
관광도시로,O
많이,O
알려지지,O
못하였다,O
ㅡㅡㅡ,ㅡㅡㅡ
구글폼,O
으로,O
설문조사를,O
한,O
결과,O
볼,O
것이,O
별로,O
없다,O
관광하러,O
가기엔,O
아쉬운,O
도시이다,O
라는,O
ㅡㅡㅡ,ㅡㅡㅡ
수원,B_LOC
에,O
대해,O
이해도가,O
높지,O
않은,O
의견이,O
많이,O
나온다는걸,O
확인,O
할,O
수,O
있었다,O
ㅡㅡㅡ,ㅡㅡㅡ
우리는,O
수원화성,B_TOR
뿐,O
아닌,O
수원역,O
광교,O
인계동,O
등,O
10대,O
부터,O
60대,O
까지,O
ㅡㅡㅡ,ㅡㅡㅡ
다양한,O
연령층의,O
사람들이,O
즐길,O
수,O
있는,O
코스와,O
뿐,O
만,O
아닌,O
ㅡㅡㅡ,ㅡㅡㅡ
장애인,O
과,O
노약자,O
들이,O
체험할,O
수,O
있는,O
배리어프리,O
구역을,O
탐색하여,O
ㅡㅡㅡ,ㅡㅡㅡ
와,O
홈페이지를,O
제작과,O
기획을,O
통해,O
경기도,O
수원시,O
를,O
관광도시로,O
활성화,O
시킬,O
의도로,O
제작하였다,O
ㅡㅡㅡ,ㅡㅡㅡ
대림대학교,O
비서사무행정학부,O
사무행정전공,O
졸업작품,O
어라라즈,O
ㅡㅡㅡ,ㅡㅡㅡ
안녕하세요,O
레몽드,O
입니당,O
ㅡㅡㅡ,ㅡㅡㅡ
이번에는,O
가을,O
단풍을,O
만끽하러,O
ㅡㅡㅡ,ㅡㅡㅡ
수원,O
행궁동,O
방화수류정,B_TOR
으로,O
나들이를,O
다녀왔는데요,O
ㅡㅡㅡ,ㅡㅡㅡ
가을,O
이,O
아닌,O
겨울,O
같은,O
날씨였지만,O
ㅡㅡㅡ,ㅡㅡㅡ
추운,O
날씨에도,O
풍경이,O
정말,O
좋았습니다,O
ㅡㅡㅡ,ㅡㅡㅡ
아직,O
부족하지만,O
더,O
열심히,O
하겠습니다,O
ㅡㅡㅡ,ㅡㅡㅡ
감사합니당,O
ㅡㅡㅡ,ㅡㅡㅡ
폰트,O
ㅡㅡㅡ,ㅡㅡㅡ
폰트,O
저작권자,O
유토이미지,O
ㅡㅡㅡ,ㅡㅡㅡ
샛별,O
버킷리스트,O
698,O
ㅡㅡㅡ,ㅡㅡㅡ
샛별,O
슈가비치,O
5,O
ㅡㅡㅡ,ㅡㅡㅡ
샛별,O
솜뭉치,O
0,O
ㅡㅡㅡ,ㅡㅡㅡ
오늘의,O
일기,O
ㅡㅡㅡ,ㅡㅡㅡ
ㅡㅡㅡ,ㅡㅡㅡ
ㅡㅡㅡ,ㅡㅡㅡ
