﻿word,ner
39,O
수원,B_LOC
행궁동,B_LOC
브이로그,O
당일치기,O
수원,B_LOC
여행,O
방화수류정,B_TOR
온새미로,B_RES
소소한소품가게,B_TOR
팔레센트,B_CAF
플라잉수원,B_TOR
창룡문,B_TOR
ㅡㅡㅡ,ㅡㅡㅡ
혼자,O
수원,B_LOC
여행,O
브이로그,O
보영만두,B_RES
장안문,B_TOR
수원,B_LOC
소품샵,O
추천,O
방화수류정,B_TOR
용연,B_TOR
수원시립아이파크미술관,B_TOR
ㅡㅡㅡ,ㅡㅡㅡ
알차게,O
돌아다닌,O
수원,B_LOC
행궁동,B_LOC
브이로그,O
행궁동,B_LOC
카페,O
소품샵,O
방화수류정,B_TOR
포토이즘,O
ㅡㅡㅡ,ㅡㅡㅡ
감성,O
가득,O
눌러,O
담은,O
1박2일,O
수원,B_LOC
브이로그,O
광교,B_LOC
앨리웨이,B_TOR
에서,O
데이트하는,O
일상,O
책발전소,B_TOR
아우어베이커리,B_CAF
형훈텐동,B_RES
수원,B_LOC
여행,O
감성로그,O
일상,O
ㅡㅡㅡ,ㅡㅡㅡ
데이트,O
브이로그,O
수원화성,B_TOR
데이트,O
수원,B_LOC
행궁동,B_LOC
나들이,O
방화수류정,B_TOR
피크닉,O
수원,B_LOC
왕갈비,O
먹방,O
화성행궁,B_TOR
야간,O
개장,O
ㅡㅡㅡ,ㅡㅡㅡ
행궁동,B_LOC
카페투어,O
데이트,O
브이로그,O
수원,B_LOC
행궁동,B_LOC
맛집,O
카페,O
방화,B_TOR
수류정,I_TOR
소품샵,O
추천,O
ㅡㅡㅡ,ㅡㅡㅡ
일상,O
브이로그,O
수원,B_LOC
맛집,O
나들이,O
아르바이트,O
브이로그,O
ㅡㅡㅡ,ㅡㅡㅡ
ㅣ,O
9월,O
의,O
3번째,O
일상,O
브이로그,O
수원,B_LOC
카페,O
라피에나카페,B_CAF
정지영커피,B_CAF
카페,I_CAF
프렌치토스트샌드위치,O
ㅡㅡㅡ,ㅡㅡㅡ
하주,O
행궁동,B_LOC
에서,O
8시간,O
보내기,O
함께해요,O
수원브이로그,O
긱,O
사,O
룸메이트,O
였던,O
와,O
행리단길,B_TOR
데이뜨,O
하은주연,O
ㅡㅡㅡ,ㅡㅡㅡ
데이트,O
브이로그,O
커플,O
브이로그,O
수원,B_LOC
행궁동,B_LOC
광교,B_TOR
호수공원,I_TOR
데이트,O
행궁동,B_LOC
소품샵,O
탭인테리어,O
소품콜링우드일상,O
브이로그,O
커플,O
데이트코스,O
커플,O
일상,O
남자친구,O
의,O
깜짝,O
선물,O
ㅡㅡㅡ,ㅡㅡㅡ
감성,O
가득,O
담긴,O
수원,B_LOC
행궁동,B_LOC
당일치기,O
브이로그,O
행리단길,B_TOR
꿀코스로,O
함께해요,O
행궁동,B_LOC
맛집,O
행궁동,B_LOC
루프탑,O
카페,O
운멜로랩,B_RES
소품샵,O
수원화성,B_TOR
ㅡㅡㅡ,ㅡㅡㅡ
3,O
수원,B_LOC
브이로그ㅣ일상,O
브이로그ㅣ,O
라프란스,B_RES
ㅣ,O
버드커피브루어스,B_CAF
ㅣ오피스텔,O
자취,O
ㅡㅡㅡ,ㅡㅡㅡ
일상,O
브이로그,O
수원,B_LOC
카페투어,O
제이엘6274,B_CAF
버드커피브루어스,B_CAF
라피에나,B_CAF
매트커피,B_CAF
수원,B_LOC
브이로그,O
ㅡㅡㅡ,ㅡㅡㅡ
친구,O
들이랑,O
기분전환,O
행궁동,B_LOC
나들이,O
브이로그,O
수원,B_LOC
행궁동,B_LOC
운멜로,B_RES
하이헤이호,B_CAF
비원,B_RES
ㅡㅡㅡ,ㅡㅡㅡ
쇼핑하러,O
간,O
수원,B_LOC
브이로그,O
일상,O
브이로그,O
ㅡㅡㅡ,ㅡㅡㅡ
23살,O
대학생,O
브이로그,O
일상브이로그,O
데이트브이로그,O
수원,B_LOC
행궁동,B_LOC
콜링우,B_CAF
드,I_CAF
오테이블,O
먹로그,O
크로플,O
휘낭시에,O
명란오일파스타,O
크림리조또,O
버거킹,O
ㅡㅡㅡ,ㅡㅡㅡ
수원,B_LOC
여행브이로그,O
수원통닭먹고싶어떠난여행,O
1박2일,O
국내여행,O
코트야드메리어트호텔,O
진미통닭,B_RES
엉클스보라카이,B_RES
방화수류정,B_TOR
화성행궁,B_TOR
팔달문,B_TOR
커플,O
여행,O
ㅡㅡㅡ,ㅡㅡㅡ
고2,O
수원외고,O
브이로그,O
04년생,O
수원외고,O
외고브이로그,O
외고생,O
학교브이로그,O
ㅡㅡㅡ,ㅡㅡㅡ
빈틈없이,O
돌아다닌,O
일상,O
브이로그ㅣ,O
수원,B_LOC
방문ㅣ,O
방화수류정,B_TOR
ㅣ,O
정지영커피로스터즈,B_CAF
ㅣ,O
행궁애,B_RES
ㅣ혼자,O
영화ㅣ,O
닭갈비,O
ㅡㅡㅡ,ㅡㅡㅡ
직장인,O
브이로그일상,O
브이로그,O
수원,B_LOC
브이로그,O
행궁동,B_LOC
맛집,O
존앤진피자,B_RES
초안카페,B_CAF
먹방,O
땀땀,B_RES
새들러하우스,B_CAF
뭉티기,O
엽떡,O
간호사일상브이로그,O
ㅡㅡㅡ,ㅡㅡㅡ
ㅣ,O
대학생,O
브이로그ㅣ,O
17년차,O
수원,B_LOC
토박이와,O
함께하는,O
화성행궁,B_TOR
ㅡㅡㅡ,ㅡㅡㅡ
수원,B_LOC
행궁동,B_LOC
데이트,O
브이로그,O
행궁동,B_LOC
투어,O
행궁동,B_LOC
카페,O
소품샵,O
롱플레이어,O
플라잉수원,B_TOR
대량구매,O
ㅡㅡㅡ,ㅡㅡㅡ
주말,O
부부,O
브이로그,O
수원,B_LOC
티철판요리,O
파스타,O
먹기,O
광교호수공원,B_TOR
산책,O
ㅡㅡㅡ,ㅡㅡㅡ
수원,B_LOC
브이로그,O
널담은,B_CAF
공간,I_CAF
추천,O
1년뒤,O
나에게,O
남기는,O
편지일상,O
브이로그,O
ㅡㅡㅡ,ㅡㅡㅡ
일상,O
브이로그,O
서울,B_LOC
에서,O
수원,B_LOC
까지,O
운전,O
수원,B_LOC
광교,B_TOR
카페거리,I_TOR
호수공원,B_TOR
소품,O
감성,O
카페,O
초보운전,O
감성타코,B_RES
ㅡㅡㅡ,ㅡㅡㅡ
감성,O
뿜뿜,O
봄날,O
의,O
수원,B_LOC
행궁동,B_LOC
브이로그,O
오피큐알,B_RES
덕영올림,B_CAF
방화수류정,B_TOR
소영,O
달빛할,O
때,O
빛,O
ㅡㅡㅡ,ㅡㅡㅡ
수원,B_LOC
행궁동,B_LOC
브이로그,O
친구,O
없는,O
친구,O
네,O
집,O
가기,O
39,O
행궁애,B_RES
39,O
39,O
정지영커피,B_CAF
39,O
인생네컷,O
ㅡㅡㅡ,ㅡㅡㅡ
23,O
나의,O
생일,O
브이로그,O
2탄,O
수원,B_LOC
브이로그,O
수원,B_LOC
도자기,O
공방,O
수원,B_LOC
피자,O
맛집,O
라피에나,B_CAF
카페,O
소품샵,O
추천,O
생일,O
선물,O
언박싱,O
ㅡㅡㅡ,ㅡㅡㅡ
일상브이로그,O
수원,B_LOC
펫쇼,O
광교호수공원,B_TOR
ㅡㅡㅡ,ㅡㅡㅡ
여행브이로그,O
수원,B_LOC
당일치기,O
효원공원,B_TOR
월화원,B_TOR
방화수류정,B_TOR
수원화성,B_TOR
이나경,B_RES
송탄부대찌개,I_RES
한남동,B_LOC
드,B_TOR
파운,I_TOR
드,O
쇼룸카페,O
사운즈한남,B_TOR
서점,O
모카포트로,O
커피,O
내리는,O
방법,O
ㅡㅡㅡ,ㅡㅡㅡ
수원,B_LOC
서울,B_LOC
1박2일,O
브이로그,O
삼성라이온즈,O
선수,O
들,O
싸인받기,O
수원위즈파크,B_LOC
출퇴근길,O
진미통닭,B_RES
보영만두,B_RES
김사부샤브샤브,B_RES
아우프글렛,B_CAF
남대문,B_RES
갈치조림,I_RES
ㅡㅡㅡ,ㅡㅡㅡ
남자친구,O
와,O
수원,B_LOC
1박2일,O
데이트,O
브이로그,O
대포집,B_RES
후기,O
행궁동,B_LOC
카페추천,O
ㅡㅡㅡ,ㅡㅡㅡ
수원,B_LOC
브이로그,O
광교앨리웨이,B_TOR
에서,O
수원행궁,B_TOR
그리고,O
또,O
다시,O
광교호수공원,B_TOR
부제,O
광교의늪,O
ㅡㅡㅡ,ㅡㅡㅡ
여행,O
수원,B_LOC
여행,O
수원,B_TOR
화성,I_TOR
수원,B_LOC
카페투어,O
ㅡㅡㅡ,ㅡㅡㅡ
수원,B_CAF
햇살맛집카페,O
혼자,O
놀기,O
브이로그,O
키토스스튜디오,B_CAF
ㅡㅡㅡ,ㅡㅡㅡ
요즘,O
핫하다는,O
셀프스튜디오에,O
다녀왔어요,O
수원,B_TOR
화성,I_TOR
브이로그,O
셀프흑백사진관,O
ㅡㅡㅡ,ㅡㅡㅡ
수원,B_LOC
행궁동,B_LOC
나들이,O
브이로그,O
팜투하녹,B_CAF
브로콜리숲,B_TOR
정지영커피,B_CAF
방화수류정,B_TOR
ㅡㅡㅡ,ㅡㅡㅡ
화성행궁,B_TOR
데이트,O
브이로그,O
수원,B_LOC
행궁동,B_LOC
데이트,O
코스,O
행궁동,B_LOC
카페,O
행궁동,B_LOC
맛집,O
추천,O
주말,O
화성행궁,B_TOR
ㅡㅡㅡ,ㅡㅡㅡ
피크닉,O
한강,O
서울,B_LOC
근교,O
여행기분,O
낼수있는,O
방화수류정,B_TOR
행궁동,B_LOC
수원,B_LOC
데이트브이로그,O
셰프,B_RES
스위트,I_RES
방화수류정,B_TOR
맛집,O
방화수류정,B_TOR
카페,O
정지영커피로스터즈,B_CAF
ㅡㅡㅡ,ㅡㅡㅡ
수원화성,B_TOR
화성행궁,B_TOR
브이로그,O
ㅡㅡㅡ,ㅡㅡㅡ
행궁동,B_LOC
맛집카페로,O
힐링한,O
브이로그,O
카자구루마,B_RES
정지영커피로스터즈,B_CAF
방화수류정,B_TOR
수원화성,B_TOR
행궁동,B_LOC
나들이,O
ㅡㅡㅡ,ㅡㅡㅡ
자매브이로그,O
수원,B_LOC
행궁동,B_LOC
데이트,O
꿀,O
코스,O
방화수류정,B_TOR
행궁동,B_LOC
카페,O
수원,B_LOC
데이트,O
일상,O
영영,O
자매,O
ㅡㅡㅡ,ㅡㅡㅡ
17,O
수원,B_LOC
행궁동,B_LOC
화성행궁,B_TOR
브이로그,O
카페,O
골목,O
투어,O
완전,O
데이트코스,O
인데,O
ㅡㅡㅡ,ㅡㅡㅡ
행궁동,B_LOC
카페,O
수원,B_LOC
행궁동,B_LOC
데이트,O
브이로그,O
정지영,B_CAF
커피로스터즈,I_CAF
행궁길,B_LOC
ㅡㅡㅡ,ㅡㅡㅡ
일상,O
브이로그,O
수원,B_LOC
행궁동,B_LOC
나들이,O
방화수류정,B_TOR
피크닉,O
ㅡㅡㅡ,ㅡㅡㅡ
혼자서,O
잘먹고,O
잘사는,O
자취,O
집밥,O
브이로그,O
수원,B_RES
코끼리만두,I_RES
수원,B_RES
진미통닭,I_RES
집에서,O
로메인,O
깻잎,O
키우기,O
오리불고기,O
박막례,O
비빔국수,O
ㅡㅡㅡ,ㅡㅡㅡ
브이로그,O
수원은예뻤다편,O
수원화성,B_TOR
나들이,O
화성,B_TOR
맛집,O
정지영커피로스터즈,B_CAF
방화수류정,B_TOR
진미통닭,B_RES
오늘의착장,O
광교신도시,O
ㅡㅡㅡ,ㅡㅡㅡ
일상,O
브이로그,O
수원,B_LOC
행궁동,B_LOC
카페투어,O
패터슨커피,B_CAF
시즌잇,B_CAF
소곤소곤카페샵,B_CAF
ㅡㅡㅡ,ㅡㅡㅡ
수원,B_TOR
화성,I_TOR
미니,O
브이로그,O
ㅡㅡㅡ,ㅡㅡㅡ
카페,O
카페,O
사장,O
님의하루,O
개인카페,O
카페브이로그,O
수원카페,O
밍쇼커피,B_CAF
1080,O
ㅡㅡㅡ,ㅡㅡㅡ
감성,O
브이로그,O
광교호수공원,B_TOR
브이로그,O
수원,B_LOC
광교,B_LOC
데이트,O
저무눈,O
브이로그,O
ㅡㅡㅡ,ㅡㅡㅡ
일상,O
브이로그,O
수원,B_TOR
수산물시장,I_TOR
킹크랩,O
도다리,O
먹로그,O
수원,B_TOR
농수산물도매시장,I_TOR
ㅡㅡㅡ,ㅡㅡㅡ
수원,B_LOC
행궁동,B_LOC
당일치기,O
브이로그,O
콜링우드,B_CAF
카페,I_CAF
히얼유아,B_TOR
소품샵,I_TOR
포토이즘,O
신도시양조회,B_RES
펍,I_RES
어고흐,B_CAF
카페,I_CAF
ㅡㅡㅡ,ㅡㅡㅡ
주말,O
브이로그,O
화성행궁,B_TOR
야간,O
개장,O
플라잉수원,B_TOR
창룡문,B_TOR
진미통닭,B_RES
가족,O
나들이,O
ㅡㅡㅡ,ㅡㅡㅡ
일상,O
브이로그,O
고향에서,O
보내는,O
일상,O
주말,O
드라이브,O
수원행궁,B_TOR
노을이,O
빠지지,O
않는,O
하루,O
들,O
ㅡㅡㅡ,ㅡㅡㅡ
친구,O
들이랑,O
수원,B_LOC
행궁동,B_LOC
카페투어,O
브이로그,O
존앤진피자,B_RES
펍,I_RES
카페,O
타포린,B_CAF
노스목위닷파,B_CAF
ㅡㅡㅡ,ㅡㅡㅡ
일상,O
브이로그,O
수원,B_LOC
방화수류정,B_TOR
카츠오모이,B_RES
김포,B_LOC
라베니체,B_TOR
데이트,O
직장인,O
먹방,O
ㅡㅡㅡ,ㅡㅡㅡ
피크닉,O
브이로그ㅣ도시락,O
싸서,O
수원,B_LOC
방화수류정,B_TOR
에서,O
피크닉,O
즐기기ㅣ,O
헬로샤인트립,O
ㅣ,O
꽃,O
도,O
주는,O
피크닉,O
대여,O
ㅡㅡㅡ,ㅡㅡㅡ
카페,O
사장,O
브이로그,O
초코케이크,O
베이킹,O
수원,B_LOC
행궁동,B_LOC
투어,O
행궁동,B_LOC
맛집,O
카페,O
어고흐,B_CAF
카페,O
온도룸,B_CAF
수원,B_LOC
카페투어,O
수원,B_LOC
맛집,O
ㅡㅡㅡ,ㅡㅡㅡ
수원,B_LOC
인계동,B_LOC
브이로그ㅣ,O
수원,B_LOC
칵테일,O
바ㅣ,O
인계동,B_LOC
술집ㅣ,O
더티래빗,B_RES
ㅣ,O
1943,O
ㅡㅡㅡ,ㅡㅡㅡ
수원,B_LOC
행궁동,B_LOC
나들이,O
브이로그,O
행궁동,B_LOC
카페,O
포토이즘,O
방화수류정,B_TOR
ㅡㅡㅡ,ㅡㅡㅡ
수원,B_LOC
브이로그,O
행궁동,B_LOC
나들이,O
남문,O
맛집,O
삼춘옥,B_RES
수원,B_LOC
행궁동,B_LOC
카페,O
콜링우드,B_CAF
방화수류정,B_TOR
통닭,O
거리,O
용성통닭,B_RES
ㅡㅡㅡ,ㅡㅡㅡ
수원,B_LOC
데이트코스,O
행궁동,B_LOC
화성,B_TOR
남문시장,B_TOR
털이,O
주말,O
브이로그,O
ㅡㅡㅡ,ㅡㅡㅡ
일상브이로그,O
수원화성,B_TOR
쥬시,O
수원,B_LOC
맛집,O
보영만두,B_RES
수원행궁,B_TOR
수원통닭거리,B_TOR
진미통닭,B_RES
어고흐,B_CAF
루미큐브,O
ㅡㅡㅡ,ㅡㅡㅡ
행궁동,B_LOC
카페,O
브이로그,O
수원,B_LOC
데이트,O
추천,O
장소,O
모나미카레,B_RES
하이헤이호,B_CAF
오카롱,B_CAF
ㅡㅡㅡ,ㅡㅡㅡ
사업가,O
브이로그ㅣ,O
수원시장,O
수원시장,O
맛집,O
전통시장,O
코끼리만두,B_RES
못골시장,B_TOR
지동시장,B_TOR
팔달문시장,B_TOR
남문시장,B_TOR
수원,B_LOC
맛집,O
만두,O
맛집,O
ㅡㅡㅡ,ㅡㅡㅡ
꿀잼보장호캉스,O
브이로그,O
스파와,O
사우나까지,O
수원화성,B_TOR
여행,O
가성비갑,O
호텔추천,O
ㅡㅡㅡ,ㅡㅡㅡ
감성,O
브이로그,O
수원,B_LOC
방화수류정,B_TOR
데이트,O
노을,O
야경감성,O
저무눈,O
브이로그,O
ㅡㅡㅡ,ㅡㅡㅡ
수원,B_LOC
맛집,O
촬영,O
카페디아즈,B_CAF
카페브이로그,O
딸기케이크,O
딸기,O
디저트,O
ㅡㅡㅡ,ㅡㅡㅡ
수원,B_LOC
에서의,O
일주일,O
행궁동,B_LOC
방화수류정,B_TOR
그냥미팅하고,O
한능검,O
공부하는,O
휴학생,O
일상,O
성균관대,O
디도,O
드라이브,O
대학생,O
브이로그,O
ㅡㅡㅡ,ㅡㅡㅡ
일상브이로그장거리,O
커플,O
브이로그데이트브이로그,O
수원광교,B_LOC
아쿠아플라넷광교점,B_TOR
아쿠아리움,O
광교갤러리아,O
ㅡㅡㅡ,ㅡㅡㅡ
맛집,O
브이로그,O
수원,B_LOC
토박이가,O
추천하는,O
만두,O
맛집,O
보영만두,B_RES
리뷰,O
ㅡㅡㅡ,ㅡㅡㅡ
일상브이로그,O
2,O
수원,B_LOC
행궁동,B_LOC
행궁동,B_LOC
투어,O
수원,B_TOR
화성,I_TOR
정지영커피로스터즈,B_CAF
새마을식당,B_RES
카페,O
밀실,B_CAF
ㅡㅡㅡ,ㅡㅡㅡ
야구장데이트,O
브이로그,O
수원야구장,O
가서,O
응원,O
수원,B_LOC
명물,O
진미통닭,B_RES
에,O
맥주,O
ㅡㅡㅡ,ㅡㅡㅡ
뉴요커,O
들의,O
수원,B_LOC
행궁동,B_LOC
데이트,O
방화수류정,B_TOR
데이트,O
행궁동,B_LOC
카페,O
운멜로,B_CAF
일상,O
브이로그,O
ㅡㅡㅡ,ㅡㅡㅡ
쉬는,O
날,O
수원,B_LOC
러의,O
행궁동,B_LOC
브이로그,O
올라메히꼬,B_RES
테이티드카페,B_CAF
포토이즘,O
망해서셀픽스,O
ㅡㅡㅡ,ㅡㅡㅡ
브이로그,O
수원,B_LOC
여행,O
플라잉수원,B_TOR
열기구,O
수원화성,B_TOR
뚜벅이여행국내여행우정여행,O
ㅡㅡㅡ,ㅡㅡㅡ
수원,B_LOC
화성행궁,B_TOR
추석,O
브이로그,O
ㅡㅡㅡ,ㅡㅡㅡ
수원,B_LOC
화성행궁,B_TOR
겨울,O
산책,O
브이로그,O
수원,B_LOC
가볼만한곳,O
ㅡㅡㅡ,ㅡㅡㅡ
일상,O
카페투어,O
브이로그,O
수원,B_TOR
신동카페거리,I_TOR
티라미수,O
맛집,O
카페,O
프로마쥬블랑,B_CAF
ㅡㅡㅡ,ㅡㅡㅡ
수원,B_LOC
에서,O
유명한,O
밀실,B_CAF
이라는,O
카페를,O
아시나요,O
브이로그,O
수원,B_LOC
ㅡㅡㅡ,ㅡㅡㅡ
국제,O
커플,O
한일,O
커플,O
한일,O
부부,O
수원,B_LOC
행궁동,B_LOC
브이로그,O
방화수류정,B_TOR
피크닉,O
화성행궁,B_TOR
야간,O
개장,O
수원화성,B_TOR
미디어아트쇼,O
ㅡㅡㅡ,ㅡㅡㅡ
수원,B_LOC
행궁동,B_LOC
브이로그,O
방화수류정,B_TOR
피크닉은,O
필수,O
행리단길,B_TOR
카페,O
소품샵,O
플라잉수원,B_TOR
열기구,O
길냥이들,O
간식주기,O
일상브이로그,O
ㅡㅡㅡ,ㅡㅡㅡ
퇴사브이로그04,O
휴가나온,O
자매,O
님과,O
데이트,O
수원,B_LOC
행궁동,B_LOC
산책,O
방화수류정,B_TOR
광교,B_TOR
앨리웨이,I_TOR
성수미술관,B_TOR
식물원,O
모녀,O
끼리,O
술,O
한잔,O
두잔,O
세잔,O
ㅡㅡㅡ,ㅡㅡㅡ
브이로그,O
14,O
일상기록,O
수원,B_LOC
데이트,O
친구,O
들,O
만나기,O
커플케이스,O
운멜로랩,B_RES
브루와츠커피,B_CAF
심야영화,O
덮밥,O
맛집,O
천원안주,O
ㅡㅡㅡ,ㅡㅡㅡ
대학생,O
브이로그,O
행궁동,B_LOC
에서,O
맞이하는,O
봄,O
수원화성,B_TOR
카페원모어,B_CAF
꽃처방,B_TOR
존앤진피자펍,B_RES
피맥,O
서장대,O
산책,O
ㅡㅡㅡ,ㅡㅡㅡ
브이로그,O
연대생,O
의,O
하루,O
대학생,O
브이로그,O
나홀로,O
수원,B_TOR
화성,I_TOR
개강맞이,O
브이로그,O
역사학,O
을,O
사랑하는,O
정치외교학과,O
대학생,O
연세대학교,O
ㅡㅡㅡ,ㅡㅡㅡ
13,O
일상,O
브이로그,O
수원,B_LOC
행궁동,B_LOC
행리단길,B_TOR
핫플레이스,O
행궁동,B_LOC
맛집,O
행궁동,B_LOC
카페,O
정지영로스터즈,B_CAF
낭만셰프,B_RES
ㅡㅡㅡ,ㅡㅡㅡ
수원,B_LOC
행궁동,B_LOC
데이트,O
브이로그,O
행리단길,B_TOR
운멜로,B_RES
평지담,B_CAF
셀픽스,O
ㅡㅡㅡ,ㅡㅡㅡ
창립기념일,O
기념,O
수원,B_LOC
나들이ㅣ,O
행궁동,B_LOC
브이로그ㅣ,O
운멜로랩,B_RES
ㅣ,O
방화수류정,B_TOR
ㅣ,O
매트그린,B_CAF
ㅣ,O
화성행궁,B_TOR
ㅡㅡㅡ,ㅡㅡㅡ
카페투어,O
수원,B_LOC
카페,O
월화원,B_TOR
직장인,O
브이로그데일리룩출근룩,O
도넛,O
맛집데이트,O
디올,O
ㅡㅡㅡ,ㅡㅡㅡ
수원,B_LOC
화성,B_TOR
브이로그,O
화성행궁,B_TOR
화서문,B_TOR
장안문,B_TOR
화홍문,B_TOR
방화수류정,B_TOR
단일치기코스,O
ㅡㅡㅡ,ㅡㅡㅡ
맛집,O
브이로그,O
수원,B_LOC
5,O
안에,O
드는,O
유명한,O
갈,O
비집을,O
갔어요,O
본수원,B_RES
갈비,I_RES
리뷰,O
ㅡㅡㅡ,ㅡㅡㅡ
브이로그,O
행궁동,B_LOC
알짜배기편,O
오늘의착장,O
수원,B_LOC
가서,O
운멜로랩,B_RES
파스타,O
맛집카페투어독립서점,O
아날로그,O
가게,O
필름카메라,O
ㅡㅡㅡ,ㅡㅡㅡ
커플브이로그,O
수원시,B_LOC
핫플,O
데이트,O
일상,O
화성행궁,B_TOR
광교호수공원,B_TOR
수원,B_RES
왕갈비,I_RES
3144,O
ㅡㅡㅡ,ㅡㅡㅡ
행궁동,B_LOC
브이로그,O
행궁동,B_LOC
맛집,O
행궁동,B_LOC
카페,O
수원,B_LOC
카페,O
수원,B_LOC
맛집,O
슈나미,B_CAF
어고흐,B_CAF
살루드볼,B_RES
행궁동샐러드,O
행궁동,B_LOC
데이트,O
코스,O
ㅡㅡㅡ,ㅡㅡㅡ
무드,O
주부,O
브이로그신혼일상,O
수원,B_LOC
행궁동,B_LOC
모나미카레,B_RES
수원,B_LOC
카페,O
키코프,B_CAF
커피스튜디오,B_CAF
통족발,O
썰어먹는,O
주말,O
일상,O
ㅡㅡㅡ,ㅡㅡㅡ
20211016,O
수원화성,B_TOR
가을,O
여행,O
브이로그,O
ㅡㅡㅡ,ㅡㅡㅡ
일상브이로그,O
수원,B_LOC
신동,B_LOC
포레디,B_RES
팟타이,O
푸팟퐁커리,O
화상영어,O
콩영어,O
슬의2,O
막방,O
아벤느미스트,O
포로리,O
스시,O
ㅡㅡㅡ,ㅡㅡㅡ
딩크족브이로그,O
수원화성,B_TOR
수원,B_TOR
통닭거리,I_TOR
11년차,O
부부,O
의,O
찐,O
데이트,O
ㅡㅡㅡ,ㅡㅡㅡ
스토리위즈,O
수원,B_LOC
의,O
정상에서,O
정조선,O
황제,O
를,O
외치다,O
브이로그,O
서장대,B_TOR
수원화성,B_TOR
ㅡㅡㅡ,ㅡㅡㅡ
강아지,O
와,O
함께,O
수원화성,B_TOR
산책하기,O
대형견,O
일상,O
브이로그,O
수원,B_LOC
심야데이트,O
카,B_CAF
페,I_CAF
두유,I_CAF
애견카페,O
강아지,O
ㅡㅡㅡ,ㅡㅡㅡ
아이폰11,O
프로,O
브이로그,O
수원,B_LOC
장안공원,B_TOR
나들이,O
진미통닭,B_RES
광교호수공원,B_TOR
평범한,O
일상,O
소소한,O
행복,O
ㅡㅡㅡ,ㅡㅡㅡ
상근,O
남자친구,O
휴가,O
브이로그,O
수원,B_LOC
데이트,O
화성행궁,B_TOR
방화수류정,B_TOR
피크닉,O
ㅡㅡㅡ,ㅡㅡㅡ
카페브이로그,O
수원,B_LOC
아주대삼거리,O
디저트,O
카페,O
투유랑랑,B_CAF
라떼,O
바스크치즈케이크,O
ㅡㅡㅡ,ㅡㅡㅡ
기분,O
전환,O
수원,B_LOC
나들이ㅣ,O
행궁동,B_LOC
카페ㅣ,O
방화수류정,B_TOR
피크닉ㅣ,O
수원왕갈비통닭,B_RES
ㅣ먹방,O
브이로그,O
ㅡㅡㅡ,ㅡㅡㅡ
맛집,O
찾아,O
브이로그,O
갠지스,B_RES
인도요리,O
수원광교카페거리,B_TOR
ㅡㅡㅡ,ㅡㅡㅡ
브이로그,O
수원,B_LOC
나들이,O
화성,B_TOR
행궁,I_TOR
매운,O
오뎅,O
브이로그ㅣ,O
ㅡㅡㅡ,ㅡㅡㅡ
브이로그,O
유명한,O
수원왕갈비,O
맛집,O
가보정,B_RES
수지,O
점,O
딱새우,O
와,O
연어그라브락스,O
30대,O
여자,O
주말일상,O
고양이,O
ㅡㅡㅡ,ㅡㅡㅡ
수원,B_LOC
행궁동,B_LOC
브이로그,O
행궁동,B_LOC
맛집,O
운멜로,B_RES
행궁동,B_LOC
카페,O
홍라드,B_CAF
행궁동,B_LOC
꽃집,O
꽃처방,B_TOR
극한직업,O
ㅡㅡㅡ,ㅡㅡㅡ
자전거브이로,O
그,O
서울,B_LOC
에는,O
따릉이,O
가,O
있다면,O
수원,B_LOC
에는,O
타조,O
가있다,O
신동카페거리,B_TOR
수원,B_LOC
맛집,O
수원,B_LOC
돈카츠,O
수원,B_LOC
마라탕,O
마라샹궈,O
라파,O
팝업스토어,O
하오고개,O
왕복,O
3회전,O
ㅡㅡㅡ,ㅡㅡㅡ
2,O
행리단길,B_TOR
나들이,O
수원,B_LOC
행궁동,B_LOC
행리단길,B_TOR
맛집,O
용정바른얼굴식당,B_RES
카페메이븐,B_CAF
소품샵,O
히어유아,B_TOR
베어룸,B_TOR
수원화성,B_TOR
눈,O
내린,O
2021년,O
대학원생,O
브이로그,O
ㅡㅡㅡ,ㅡㅡㅡ
수원,B_LOC
인계동,B_LOC
긴자,B_RES
에서,O
일식,O
코스요리,O
먹방,O
브이로그,O
초코쌤,O
ㅡㅡㅡ,ㅡㅡㅡ
일상,O
브이로그,O
행궁동,B_LOC
카페,O
어고흐,B_CAF
수원,B_LOC
맛집,O
춘천메밀막국수,B_RES
카페,O
서천,O
ㅡㅡㅡ,ㅡㅡㅡ
워크숍,O
브이로그,O
2편,O
ㅣ,O
수원,B_LOC
은,O
나무,O
가,O
네모ㅣ,O
수제비,O
장인,O
을,O
모셨습니다,O
ㅡㅡㅡ,ㅡㅡㅡ
설,O
특집,O
수원,B_TOR
남문시장,I_TOR
브이로그,O
명랑유니,O
채널,O
ㅡㅡㅡ,ㅡㅡㅡ
브이로그,O
잡러,O
수원,O
행궁동,B_LOC
소소한일상,O
존앤진,B_RES
신라호텔,O
망고빙수,O
ㅡㅡㅡ,ㅡㅡㅡ
친구,O
랑,O
수원,B_LOC
에서,O
힐링,O
브이로그,O
방화수류정,B_TOR
피크닉,O
ㅡㅡㅡ,ㅡㅡㅡ
커플브이로그,O
남자친구,O
질투,O
유발하기,O
몰카,O
수원,B_LOC
방화수류정,B_TOR
데이트,O
ㅡㅡㅡ,ㅡㅡㅡ
주,O
부일상브이로그,O
수원,B_LOC
행궁동,B_LOC
데이트ㅣ,O
팜투하녹,B_CAF
브런치,O
ㅣ,O
홍라드카페,B_CAF
ㅣ,O
주말,O
간단히아침먹기ㅣ,O
유키,O
랑,O
산책,O
ㅡㅡㅡ,ㅡㅡㅡ
수원,B_LOC
화성행궁,B_TOR
2탄,O
공원브이로그,O
ㅡㅡㅡ,ㅡㅡㅡ
까먹는애,O
11,O
주말,O
브이로그,O
수원,B_LOC
빵집,O
하얀풍차,B_RES
같이가요,O
수원,B_LOC
빵집,O
빵지순례,O
빵집추천,O
빵추천,O
빵박싱,O
빵,O
언박싱,O
빵먹방,O
ㅡㅡㅡ,ㅡㅡㅡ
수원,B_LOC
의,O
핫플,O
행궁동,B_LOC
맛집도,O
가고,O
전시도,O
본,O
일상,O
브이로그,O
ㅡㅡㅡ,ㅡㅡㅡ
직장인,O
브이로그,O
일상,O
브이로그,O
수원,B_LOC
신동카페거리,B_TOR
아빠가만든전복장,B_RES
아장아장,I_RES
사당,O
카페,O
태양커피,B_CAF
헬무트커피,B_CAF
영풍문고,B_TOR
다이어리,O
ㅡㅡㅡ,ㅡㅡㅡ
남하고매,O
일상,O
1,O
남매,O
의,O
일상,O
브이로그,O
수원,B_LOC
행궁동,B_LOC
존앤진피자,B_RES
ㅡㅡㅡ,ㅡㅡㅡ
브이로그,O
수원,B_LOC
광교,B_TOR
앨리웨이,I_TOR
광교호수공원,B_TOR
광교,B_LOC
드라이브,O
광교,B_LOC
카페,O
연남방앗간,B_CAF
낙찌하다,B_RES
미드나잇,B_CAF
마슬마켓,B_TOR
ㅡㅡㅡ,ㅡㅡㅡ
수원,B_LOC
방화수류정,B_TOR
피크닉,O
브이로그,O
수원,B_LOC
방화수류정,B_TOR
피크닉,O
미닝풀,B_CAF
피크닉,I_CAF
장안문,B_TOR
피크닉,O
예약,O
피크닉,O
대여,O
꿀팁,O
브이로그,O
ㅡㅡㅡ,ㅡㅡㅡ
커플,O
의,O
연애초반,O
일상브이로그,O
아그로랜,B_TOR
드,I_TOR
도자기공방,O
원데이클래스,O
수원,B_LOC
방화,B_TOR
수류정,I_TOR
나의,O
첫,O
자전거,O
커플,O
ㅡㅡㅡ,ㅡㅡㅡ
행궁동,B_LOC
맛집,O
카페,O
먹방,O
수원,B_LOC
데이트,O
운멜로랩,B_RES
하이헤이호,B_CAF
먹방,O
브이로그,O
ㅡㅡㅡ,ㅡㅡㅡ
치킨,O
수원,B_TOR
통닭골목,I_TOR
매행통닭,B_RES
에서,O
야식,O
먹방,O
브이로그,O
수원,B_LOC
별이,O
ㅡㅡㅡ,ㅡㅡㅡ
육아브이로그,O
겨울왕국2,O
개봉을,O
앞두고,O
수원,B_TOR
똥박물관,I_TOR
해우재,I_TOR
시크릿쥬쥬,O
아이린드레스,O
ㅡㅡㅡ,ㅡㅡㅡ
가을,O
하늘ㅣ일상ㅣ,O
수원,B_LOC
카페,O
포커스온나우,B_CAF
ㅣ,O
롯데몰,O
ㅣ,O
인계동,B_LOC
카페ㅣ남자브이로그ㅣ,O
이정준,O
ㅣ브이로그,O
ㅡㅡㅡ,ㅡㅡㅡ
친구,O
들과,O
행궁동,B_LOC
브이로그,O
대학동기,O
친구,O
들,O
수원,B_LOC
행궁동,B_LOC
카페,O
공간상점,B_CAF
덕영올림,B_CAF
낭만셰프,B_RES
비프덮밥,O
사진찍고,O
수다떨고,O
놀고,O
먹기,O
오늘,O
의,O
갬성은,O
조금,O
있었다,O
ㅡㅡㅡ,ㅡㅡㅡ
수원,B_LOC
광교산,B_TOR
형제봉,B_TOR
등산브이로그,O
노스페이스슈즈,O
ㅡㅡㅡ,ㅡㅡㅡ
행궁동브이로그,O
맛집,O
거문고,B_RES
카페,O
페터슨,B_CAF
수원,O
화성행궁,B_TOR
빌라마이레아,B_CAF
ㅡㅡㅡ,ㅡㅡㅡ
맛집,O
찾아,O
브이로그,O
바울아저씨,B_RES
수원화서동,B_LOC
ㅡㅡㅡ,ㅡㅡㅡ
마카롱,O
먹방,O
수원,B_LOC
존맛,O
마카롱집에,O
가다,O
카페두리두리,B_CAF
망포마카롱,O
수원,B_LOC
마카롱,O
브이로그,O
ㅡㅡㅡ,ㅡㅡㅡ
당일치기,O
수원화성,B_TOR
여행,O
브이로그,O
2020년,O
마지막,O
여행,O
ㅡㅡㅡ,ㅡㅡㅡ
집에,O
안,O
가고,O
계속,O
놀고,O
싶은,O
인간들의,O
수원,B_TOR
화성,I_TOR
여행브이로그,O
ㅡㅡㅡ,ㅡㅡㅡ
수원행궁동마실,O
광교라멘,O
맛집,O
백금당,B_CAF
수원카페,O
여름과,O
가을사이,O
ㅡㅡㅡ,ㅡㅡㅡ
조호두,O
수원,B_LOC
당일치기,O
수원,B_LOC
애견동반,O
마담마담,B_RES
장안공원,B_TOR
어반벨리801,B_CAF
한식,B_RES
대가,I_RES
서서갈비,I_RES
강아지,O
브이로그,O
ㅡㅡㅡ,ㅡㅡㅡ
002,O
멜,B_CAF
트어웨이,I_CAF
수원,B_LOC
카페,O
신동카페거리,B_TOR
조커,O
데이트로그,O
브이로그,O
ㅡㅡㅡ,ㅡㅡㅡ
수원,B_TOR
화성,I_TOR
곳곳의,O
찍기만하면,O
인생샷가능,O
포토존,O
언니,O
랑,O
브이로그,O
ㅡㅡㅡ,ㅡㅡㅡ
수원,B_TOR
행궁,I_TOR
ㅣ벽화마을,O
예술공간,B_TOR
봄,I_TOR
수원,B_LOC
갤러리,O
카페ㅣ개인전,O
그림,O
전시,O
설치,O
작가,O
브이로그,O
ㅡㅡㅡ,ㅡㅡㅡ
수원,B_LOC
행궁동,B_LOC
당일치기,O
여행,O
역사,O
나들이,O
하고,O
왔어요,O
화성행궁,B_TOR
방화수류정,B_TOR
ㅡㅡㅡ,ㅡㅡㅡ
수원,B_LOC
가보정,B_RES
에서,O
한우생갈비,O
먹기,O
1인분,O
에,O
7만6천원,O
한국,O
휴가,O
5,O
카타르,O
한필,O
가족,O
브이로그,O
ㅡㅡㅡ,ㅡㅡㅡ
여름,O
과,O
가을,O
그,O
사이,O
어디쯤,O
늦여름,O
브이로그,O
광교산,B_TOR
산행기,O
광교산,B_RES
형제농원,I_RES
삼겹살구이,O
수원,B_LOC
쌀국수,O
맛집,O
ㅡㅡㅡ,ㅡㅡㅡ
하누싸장,O
휴무,O
휴무브이로그,O
가을,O
날씨,O
수원,B_LOC
여행,O
용화사,B_TOR
방문,O
보드게임,O
맛집,O
오징어게임,O
같은,O
추억의,O
게임,O
할리,O
갈리,O
도둑잡기,O
ㅡㅡㅡ,ㅡㅡㅡ
커플,O
수원,B_LOC
행궁동,B_LOC
에서,O
소소한,O
일상,O
브이로그,O
방화수류정,B_TOR
드디어,O
다녀오다,O
가을,O
이,O
아닌,O
겨울,O
유독,O
식욕이,O
넘쳤던,O
먹방하루,O
카페디저트,O
ㅡㅡㅡ,ㅡㅡㅡ
