﻿word,ner
안녕하세요,O
애프터스쿨,O
과,O
프로듀스48,O
출신,O
이가은,O
의,O
전라남도,O
순천,B_LOC
랜선여행입니다,O
ㅡㅡㅡ,ㅡㅡㅡ
이가은,O
과,O
함께,O
떠나는,O
전남,O
여행,O
시작해볼까요,O
ㅡㅡㅡ,ㅡㅡㅡ
인싸갑,O
9,O
한국관광공사,O
ㅡㅡㅡ,ㅡㅡㅡ
인싸갑,O
인싸,O
여행,O
시리즈,O
마지막,O
ㅡㅡㅡ,ㅡㅡㅡ
9,O
과,O
뉴트로,O
감성,O
여행,O
ㅡㅡㅡ,ㅡㅡㅡ
간단하게,O
말할게,O
순천,B_LOC
편,O
꿀잼이니까,O
보러,O
온나,O
ㅡㅡㅡ,ㅡㅡㅡ
완전,O
친구,O
먹은,O
9,O
인성,O
재윤,O
갑수형,O
ㅡㅡㅡ,ㅡㅡㅡ
함께,O
있을,O
때,O
우린,O
아무것도,O
두려울,O
것이,O
없었다,O
ㅡㅡㅡ,ㅡㅡㅡ
끝나지,O
않는,O
먹방,O
겜방,O
술방,O
ㅡㅡㅡ,ㅡㅡㅡ
마이,O
무겄다,O
아이가,O
고마해라,O
ㅡㅡㅡ,ㅡㅡㅡ
뉴ㅡ트로,O
감성으로,O
도배한,O
인싸,O
여행,O
마지막,O
이야기,O
ㅡㅡㅡ,ㅡㅡㅡ
이틀동안,O
정든,O
인성이,O
재윤,O
이,O
ㅡㅡㅡ,ㅡㅡㅡ
1,O
뭐,O
해,O
보고싶다,O
ㅡㅡㅡ,ㅡㅡㅡ
1,O
톡,O
줘,O
ㅡㅡㅡ,ㅡㅡㅡ
명품,O
배우,O
김갑수,O
의,O
인싸,O
되기,O
챌린지,O
ㅡㅡㅡ,ㅡㅡㅡ
인싸갑,O
매주,O
금요일,O
7시,O
업로드,O
ㅡㅡㅡ,ㅡㅡㅡ
ㅡㅡㅡ,ㅡㅡㅡ
입니다,O
ㅡㅡㅡ,ㅡㅡㅡ
이번주주말,O
에는,O
할머니,O
댁에,O
갔다,O
왔어요,O
ㅡㅡㅡ,ㅡㅡㅡ
할모니,O
가,O
너무,O
보고싶어서,O
평일,O
에,O
가족,O
들과,O
급,O
기차티켓팅,O
ㅡㅡㅡ,ㅡㅡㅡ
서울,O
에서,O
타고,O
가면,O
2시간30분정도,O
걸리는,O
순천,B_LOC
은,O
울,O
아부지,O
의,O
고향입니다,O
ㅡㅡㅡ,ㅡㅡㅡ
순간을,O
소중히,O
담고,O
싶은,O
요즘,O
시골냄새나는,O
브이로그를,O
한번,O
만들어,O
봤습니당,O
ㅡㅡㅡ,ㅡㅡㅡ
좋아요,O
와,O
구독은,O
큰,O
이,O
됩니다,O
ㅡㅡㅡ,ㅡㅡㅡ
ㅡㅡㅡ,ㅡㅡㅡ
안녕하세요,O
밤밤,O
부부,O
입니다,O
오늘,O
은,O
2021년1월1일,O
이에요,O
모두,O
새해,O
복많이,O
받으시고,O
올해,O
에는,O
행복한,O
일만,O
가득하길,O
기도할께요,O
오늘,O
도,O
시청해,O
주셔서,O
감사합니다,O
ㅡㅡㅡ,ㅡㅡㅡ
1,O
2021,O
ㅡㅡㅡ,ㅡㅡㅡ
ㅡㅡㅡ,ㅡㅡㅡ
ㅡㅡㅡ,ㅡㅡㅡ
ㅡㅡㅡ,ㅡㅡㅡ
1,O
부구미,O
ㅡㅡㅡ,ㅡㅡㅡ
2,O
부구미,O
ㅡㅡㅡ,ㅡㅡㅡ
6669,O
ㅡㅡㅡ,ㅡㅡㅡ
안녕하세요,O
리앤,O
입니다,O
ㅡㅡㅡ,ㅡㅡㅡ
벌써,O
새싹이,O
를,O
낳은지,O
80일,O
이,O
다가오고,O
있어요,O
ㅡㅡㅡ,ㅡㅡㅡ
문득문득,O
내가,O
아기에게,O
잘,O
하고,O
있는,O
걸까,O
부족한,O
것이,O
없을까,O
고민에,O
빠집니다,O
ㅡㅡㅡ,ㅡㅡㅡ
그러면서도,O
피로가,O
쌓이니,O
게을러질,O
때가,O
많네요ㅜㅜ,O
ㅡㅡㅡ,ㅡㅡㅡ
출산하고,O
얼마,O
되지,O
않았을,O
땐,O
조리원,O
의,O
소중함을,O
몰랐는데,O
ㅡㅡㅡ,ㅡㅡㅡ
지난,O
영상들을,O
모아보니,O
참,O
많은,O
도움을,O
받았구나,O
싶습니다,O
ㅡㅡㅡ,ㅡㅡㅡ
그럼,O
편안한,O
시청되세요,O
ㅡㅡㅡ,ㅡㅡㅡ
안내,O
ㅡㅡㅡ,ㅡㅡㅡ
자막이,O
겹쳐보이시면,O
영상,O
설정에서,O
사용안함을,O
꾹,O
눌러주세요,O
ㅡㅡㅡ,ㅡㅡㅡ
영상,O
설정에서,O
화질을,O
1080,O
로,O
설정하시면,O
더,O
선명하게,O
보실,O
수,O
있습니다,O
ㅡㅡㅡ,ㅡㅡㅡ
음악,O
ㅡㅡㅡ,ㅡㅡㅡ
브금,O
대통령,O
3138,O
ㅡㅡㅡ,ㅡㅡㅡ
6,O
ㅡㅡㅡ,ㅡㅡㅡ
8,O
ㅡㅡㅡ,ㅡㅡㅡ
샛별,O
이런,O
계란후라이,O
2,O
ㅡㅡㅡ,ㅡㅡㅡ
계란꽃,O
ㅡㅡㅡ,ㅡㅡㅡ
조,O
리원브이로그,O
산후조리원일상,O
신생아브이로그,O
ㅡㅡㅡ,ㅡㅡㅡ
ㅡㅡㅡ,ㅡㅡㅡ
매주,O
일요일,O
업로드,O
ㅡㅡㅡ,ㅡㅡㅡ
추석연휴전,O
1박2일동안,O
보성,O
순천,B_LOC
남도,O
여행을,O
갔던,O
여행,O
브이로그,O
ㅡㅡㅡ,ㅡㅡㅡ
차,O
없이,O
기차,O
와,O
버스,O
로만,O
다닌,O
뚜벅이,O
여행이제,O
시원하겠지,O
했는데,O
습하고,O
더운,O
날씨에,O
들었지만,O
ㅡㅡㅡ,ㅡㅡㅡ
그래도,O
꼭,O
가보고,O
싶었던,O
보성,O
녹차밭,O
이랑,O
순천만습지,B_TOR
를,O
마침내,O
보고,O
와서,O
좋았던,O
시간이었습니다,O
ㅡㅡㅡ,ㅡㅡㅡ
그럼,O
이번에도,O
편안하게,O
봐주시고,O
즐거운,O
주말,O
보내세요,O
ㅡㅡㅡ,ㅡㅡㅡ
영상에대한피드백이나궁금한점이있으시면언제든지댓글남겨주세요,O
ㅡㅡㅡ,ㅡㅡㅡ
참고로,O
순천,B_LOC
하루,O
잡고,O
다음날,O
보성가,O
는,O
경로가,O
괜찮은,O
것,O
같아요,O
저희는,O
이날,O
서울,O
순천,B_LOC
가는,O
가,O
만석이였어서ㅠ,O
이렇게,O
애매하게,O
잡게,O
되었습니당,O
ㅡㅡㅡ,ㅡㅡㅡ
ㅡㅡㅡ,ㅡㅡㅡ
ㅡㅡㅡ,ㅡㅡㅡ
녹차떡갈비,O
특미관,O
ㅡㅡㅡ,ㅡㅡㅡ
대한다원,O
보성,O
녹차밭,O
성인,O
4000원,O
ㅡㅡㅡ,ㅡㅡㅡ
순천만습지,B_TOR
성인,O
7000원,O
본,O
티켓으로,O
다음날까지,O
순천만정원,B_TOR
관람,O
가능,O
ㅡㅡㅡ,ㅡㅡㅡ
호텔지뜨,O
스탠다드룸,O
ㅡㅡㅡ,ㅡㅡㅡ
구입후,O
1달뒤,O
에,O
한국,O
서해안,O
남해안,O
오토바이,O
여행,O
ㅡㅡㅡ,ㅡㅡㅡ
서산,O
대천해수욕장,O
변산반도,O
신안군,O
목포,O
진도,O
완도,O
여수,O
부여,O
ㅡㅡㅡ,ㅡㅡㅡ
오토바이,O
여행,O
순천낙안읍성,B_TOR
ㅡㅡㅡ,ㅡㅡㅡ
인기,O
크리에이터,O
와,O
함께하는,O
관광콘텐츠,O
제작,O
1,O
ㅡㅡㅡ,ㅡㅡㅡ
순천시,B_LOC
관광과,O
여수뉴미디어센터,O
공동,O
프로젝트,O
ㅡㅡㅡ,ㅡㅡㅡ
순천,B_LOC
가을,O
여행,O
우잉푸,O
해외,O
크리에이터,O
ㅡㅡㅡ,ㅡㅡㅡ
우잉푸,O
유튜브,O
채널에서도,O
보실,O
수,O
있습니다,O
ㅡㅡㅡ,ㅡㅡㅡ
817,O
430,O
ㅡㅡㅡ,ㅡㅡㅡ
순천,B_LOC
여행,O
브이로그,O
48,O
와온해변,B_TOR
차박,O
ㅣ,O
웃장,O
국밥,O
거리,O
괴목국밥,B_RES
7천원,O
에,O
수육,O
서비스,O
ㅣ,O
순천만,B_TOR
국가정원,I_TOR
드론,O
영상,O
ㅣ,O
지름길,O
따라,O
용산전망대,B_TOR
일몰,O
ㅡㅡㅡ,ㅡㅡㅡ
000,O
순천,B_LOC
용산전망대,B_TOR
일몰,O
ㅡㅡㅡ,ㅡㅡㅡ
022,O
순천,B_LOC
와온해변,B_TOR
차박,O
ㅡㅡㅡ,ㅡㅡㅡ
151,O
순천,B_LOC
웃장국밥,O
거리,O
괴목국밥,B_RES
ㅡㅡㅡ,ㅡㅡㅡ
7천원,O
가격,O
에,O
믿기지,O
않는,O
수육,O
서비스,O
ㅡㅡㅡ,ㅡㅡㅡ
436,O
순천만,B_TOR
국가정원,I_TOR
ㅡㅡㅡ,ㅡㅡㅡ
555,O
용산전망대,B_TOR
가는길,O
지름길,O
ㅡㅡㅡ,ㅡㅡㅡ
802,O
순천만,B_TOR
일몰명소,O
용산전망대,B_TOR
일몰,O
ㅡㅡㅡ,ㅡㅡㅡ
서울,O
에,O
일이,O
있어서,O
잠시,O
제주,O
를,O
떠나왔어요,O
육지에서,O
일이,O
끝나면,O
다시,O
제주,O
로,O
돌아가,O
새로운,O
제주,O
브이로그,O
이어갈테니,O
구독,O
좋아요,O
댓글로,O
많은,O
응원,O
계속,O
부탁드려요,O
육지에서도,O
브이로그는,O
계속,O
됩니다,O
ㅡㅡㅡ,ㅡㅡㅡ
이,O
영상,O
속,O
모든,O
드론,O
촬영은,O
순천시청,O
홍보실,O
미디어홍보팀의,O
사전,O
승인을,O
받고,O
순천시,B_LOC
의,O
지침에,O
따라,O
촬영되었습니다,O
ㅡㅡㅡ,ㅡㅡㅡ
안녕하세요,O
금조조입니다,O
ㅡㅡㅡ,ㅡㅡㅡ
이번,O
영상은,O
여행,O
브이로그입니다,O
ㅡㅡㅡ,ㅡㅡㅡ
그런데,O
제가,O
카메라,O
배터리,O
를,O
두고,O
가서,O
핸드폰,O
으로,O
찍었답니다ㅠㅠ,O
ㅡㅡㅡ,ㅡㅡㅡ
빗소리를,O
좋아하신다면,O
볼륨을,O
키우고,O
봐주세요,O
ㅡㅡㅡ,ㅡㅡㅡ
감사합니다,O
ㅡㅡㅡ,ㅡㅡㅡ
여행브이로그,O
순천,B_LOC
여수,O
ㅡㅡㅡ,ㅡㅡㅡ
데일리그램,O
24,O
ㅡㅡㅡ,ㅡㅡㅡ
패션뷰티그램,O
ㅡㅡㅡ,ㅡㅡㅡ
본,O
컨텐츠는,O
프리메라,O
와,O
함께합니다,O
ㅡㅡㅡ,ㅡㅡㅡ
안녕,O
라이들,O
미아입니다,O
ㅡㅡㅡ,ㅡㅡㅡ
오늘,O
은,O
지난주,O
에,O
다녀왔던,O
순천만,B_TOR
브이로그,O
겸,O
ㅡㅡㅡ,ㅡㅡㅡ
겟레디윗미,O
를,O
들고,O
와,O
보았답니다,O
ㅡㅡㅡ,ㅡㅡㅡ
좋은,O
캠페인을,O
많은,O
분들과,O
함께할,O
수,O
있어,O
좋았고,O
ㅡㅡㅡ,ㅡㅡㅡ
그,O
많은,O
분들이,O
우리,O
라이들이라,O
더,O
좋았고,O
ㅡㅡㅡ,ㅡㅡㅡ
날씨도,O
좋아서,O
좋았고,O
ㅡㅡㅡ,ㅡㅡㅡ
여러모로,O
기억에,O
남고,O
행복했던,O
시간이었다고,O
생각해요,O
ㅡㅡㅡ,ㅡㅡㅡ
함께,O
다녀왔던,O
분들께도,O
좋은,O
기억으로,O
ㅡㅡㅡ,ㅡㅡㅡ
영상을,O
지금,O
보고,O
계신,O
분들께도,O
좋은,O
기억이,O
되길,O
바라구,O
ㅡㅡㅡ,ㅡㅡㅡ
오늘,O
도,O
이렇게,O
제,O
채널에,O
방문해주셔서,O
감사드립니다,O
ㅡㅡㅡ,ㅡㅡㅡ
모두들,O
주말,O
잘,O
보내세요,O
ㅡㅡㅡ,ㅡㅡㅡ
저는,O
더,O
재미있고,O
더,O
새로운,O
컨텐츠로,O
돌아올테니,O
ㅡㅡㅡ,ㅡㅡㅡ
우리,O
다음,O
영상에서도,O
꼭,O
다시,O
만나요,O
안녕,O
ㅡㅡㅡ,ㅡㅡㅡ
ㅡㅡㅡ,ㅡㅡㅡ
일본,O
ㅡㅡㅡ,ㅡㅡㅡ
오렌즈,O
ㅡㅡㅡ,ㅡㅡㅡ
좌,O
시크리스3콘,O
내추럴브라운,O
ㅡㅡㅡ,ㅡㅡㅡ
우,O
시크리스3콘,O
코랄브라운,O
ㅡㅡㅡ,ㅡㅡㅡ
정신없이,O
나가느라,O
양쪽,O
을,O
짝짝이로,O
착용하고,O
다녔더랬죠,O
ㅋㅋㅋ,O
ㅡㅡㅡ,ㅡㅡㅡ
모코로코,O
ㅡㅡㅡ,ㅡㅡㅡ
츄,O
ㅡㅡㅡ,ㅡㅡㅡ
알,O
슈,O
ㅡㅡㅡ,ㅡㅡㅡ
데이라이프,O
ㅡㅡㅡ,ㅡㅡㅡ
사용,O
어플리케이터들,O
ㅡㅡㅡ,ㅡㅡㅡ
약손명가,O
교정밴드,O
ㅡㅡㅡ,ㅡㅡㅡ
다이소,O
퍼프,O
ㅡㅡㅡ,ㅡㅡㅡ
정샘물파우더브러쉬,O
ㅡㅡㅡ,ㅡㅡㅡ
마이다스툴,O
컨투어브러쉬,O
ㅡㅡㅡ,ㅡㅡㅡ
마이다스툴블러셔,O
브러쉬,O
ㅡㅡㅡ,ㅡㅡㅡ
레보네,O
앵글,O
브러쉬,O
ㅡㅡㅡ,ㅡㅡㅡ
벨라몬스터포어아웃솔루션패드,O
17000,O
ㅡㅡㅡ,ㅡㅡㅡ
ㅡㅡㅡ,ㅡㅡㅡ
바르는,O
순간,O
화한,O
쿨링감이,O
확실한,O
제품이라,O
ㅡㅡㅡ,ㅡㅡㅡ
슬슬,O
더워지는,O
지금부터,O
딱,O
쓰기,O
좋은,O
것,O
같아요,O
ㅡㅡㅡ,ㅡㅡㅡ
여름,O
에,O
완전,O
꿀템일듯,O
ㅋ,O
ㅡㅡㅡ,ㅡㅡㅡ
프리메라알파인베리워터리크림,O
57000,O
ㅡㅡㅡ,ㅡㅡㅡ
ㅡㅡㅡ,ㅡㅡㅡ
무지,O
촉촉하고,O
속까지,O
쫀쫀해서,O
건성분들께,O
특히,O
강추,O
ㅡㅡㅡ,ㅡㅡㅡ
지성분들도,O
밤,O
에,O
바르고,O
자면,O
다음날,O
아침,O
촉촉한,O
피부를,O
느끼시리라,O
생각됩니다,O
그리고,O
이,O
제품은,O
수익금의,O
일부가,O
생태습지,O
보호를,O
위해,O
쓰인다고,O
하니,O
ㅡㅡㅡ,ㅡㅡㅡ
뿌듯함까지,O
더해져서,O
좋더라구요,O
헿,O
ㅡㅡㅡ,ㅡㅡㅡ
프리메라스킨릴리프데일리선쿠션,O
33,O
25000,O
ㅡㅡㅡ,ㅡㅡㅡ
33,O
ㅡㅡㅡ,ㅡㅡㅡ
뽀송한,O
마무리감의,O
백탁현상있는,O
선,O
쿠션,O
ㅡㅡㅡ,ㅡㅡㅡ
프리메라,O
답게,O
순하고,O
부담없이,O
바르기,O
좋은,O
제품,O
ㅡㅡㅡ,ㅡㅡㅡ
에뛰드하우스,O
더블래스팅파운데이션,O
34,O
뉴트럴베이지,O
18000,O
ㅡㅡㅡ,ㅡㅡㅡ
34,O
ㅡㅡㅡ,ㅡㅡㅡ
에뛰드,O
덕후,O
로써,O
에뛰드,O
베스트,O
5안,O
에,O
들어가는,O
초,O
강추템이라고,O
생각합니다,O
ㅋㅋ,O
커버력,O
지속력,O
밀착력,O
게다가,O
다양한,O
쉐이드까지,O
넘,O
좋아여,O
헤헷,O
ㅡㅡㅡ,ㅡㅡㅡ
에뛰드하우스,O
더블래스팅쿠션,O
34,O
뉴트럴바닐라,O
23000,O
ㅡㅡㅡ,ㅡㅡㅡ
34,O
ㅡㅡㅡ,ㅡㅡㅡ
안,O
그래도,O
더블래스팅,O
파데쓰면서,O
쿠션도,O
있으면,O
좋겠다고,O
생각했는데,O
ㅡㅡㅡ,ㅡㅡㅡ
파데,O
만큼,O
파데,O
보다,O
조금,O
더,O
잘,O
나온,O
제품이라고,O
생각합니다,O
ㅡㅡㅡ,ㅡㅡㅡ
스킨푸드,O
피치뽀송멀티피니시파우더,O
소용량,O
6000,O
ㅡㅡㅡ,ㅡㅡㅡ
ㅡㅡㅡ,ㅡㅡㅡ
막,O
쓰기,O
좋은,O
노세범파우더,O
에,O
피치향이,O
솔솔,O
ㅡㅡㅡ,ㅡㅡㅡ
에뛰드하우스,O
음영,O
컨투어,O
휠,O
2,O
딥컨투어링,O
14000,O
ㅡㅡㅡ,ㅡㅡㅡ
02,O
ㅡㅡㅡ,ㅡㅡㅡ
진짜,O
요즘,O
매일쓰는,O
데일리템,O
은은하고,O
붉은기없는,O
짱짱템,O
ㅡㅡㅡ,ㅡㅡㅡ
페리페라,O
잉크,O
피팅,O
컬러,O
팔레트,O
1,O
비마이초콜릿,O
22000,O
ㅡㅡㅡ,ㅡㅡㅡ
01,O
ㅡㅡㅡ,ㅡㅡㅡ
정가로,O
사면,O
조금,O
비싸다는,O
생각을,O
지울,O
수,O
없지만,O
ㅡㅡㅡ,ㅡㅡㅡ
색,O
구성이,O
진짜,O
최고,O
블러셔,O
색감도,O
너무,O
예쁘고,O
ㅡㅡㅡ,ㅡㅡㅡ
웜톤,O
분들께,O
강추합니당,O
ㅋㅋㅋㅋ,O
왠지,O
깨질,O
것,O
같은,O
케이스가,O
유일한,O
단점,O
ㅡㅡㅡ,ㅡㅡㅡ
에뛰드하우스,O
매트시크립라커,O
상큼하조이자몽,O
12000,O
ㅡㅡㅡ,ㅡㅡㅡ
20,O
1,O
ㅡㅡㅡ,ㅡㅡㅡ
처음에,O
단독으로,O
써봤을,O
때,O
뭔가,O
픽싱력이,O
너무,O
심해서,O
불편하고,O
ㅡㅡㅡ,ㅡㅡㅡ
어렵다는,O
느낌이었는데,O
베이스로,O
다른,O
색,O
깔고,O
쓰니까,O
조합용으로,O
ㅡㅡㅡ,ㅡㅡㅡ
너무,O
예쁘더라구요,O
양,O
조절만,O
잘하면,O
은근,O
꿀템,O
ㅡㅡㅡ,ㅡㅡㅡ
맥레트로매트리퀴드,O
립,O
컬러,O
리치앤레스트레스,O
32000,O
ㅡㅡㅡ,ㅡㅡㅡ
ㅡㅡㅡ,ㅡㅡㅡ
컬러,O
진짜,O
너무,O
예쁨,O
미친,O
지속력,O
ㅡㅡㅡ,ㅡㅡㅡ
매트,O
덕후신가요,O
그렇다면,O
무조건,O
사세여,O
으핰ㅋㅋ,O
ㅡㅡㅡ,ㅡㅡㅡ
스킨푸드,O
미네랄래쉬라이너,O
로스팅,O
2,O
더치브라운,O
9000,O
ㅡㅡㅡ,ㅡㅡㅡ
02,O
ㅡㅡㅡ,ㅡㅡㅡ
무난하게,O
쓰기,O
좋은,O
타입,O
ㅡㅡㅡ,ㅡㅡㅡ
더페이스샵,O
21,O
볼륨,O
마스카,O
라,O
블랙,O
15000,O
ㅡㅡㅡ,ㅡㅡㅡ
2,O
1,O
ㅡㅡㅡ,ㅡㅡㅡ
두종류,O
의,O
어플리케이터로,O
구성되어,O
있어서,O
언더까지,O
사용하기,O
좋음,O
ㅡㅡㅡ,ㅡㅡㅡ
비바이바닐라,O
트루트릭브로우팔레트,O
01샌드,O
18000,O
ㅡㅡㅡ,ㅡㅡㅡ
ㅡㅡㅡ,ㅡㅡㅡ
처음엔,O
그냥,O
타,O
제품들과,O
비슷하다고,O
생각했는데,O
자꾸만,O
손,O
이,O
가는,O
제품,O
ㅡㅡㅡ,ㅡㅡㅡ
밝은,O
머리컬러,O
가진,O
분들께,O
추천,O
ㅡㅡㅡ,ㅡㅡㅡ
릴리바이레드,O
스키니브로우펜슬,O
1,O
라이트브라운,O
7000,O
ㅡㅡㅡ,ㅡㅡㅡ
01,O
ㅡㅡㅡ,ㅡㅡㅡ
얇고,O
컬러도,O
예쁘고,O
짱,O
좋음,O
ㅡㅡㅡ,ㅡㅡㅡ
릴리바이레드스키니메스브로우카라,O
1,O
라이트브라운,O
9000,O
ㅡㅡㅡ,ㅡㅡㅡ
01,O
ㅡㅡㅡ,ㅡㅡㅡ
스키니브로우펜슬,O
과,O
찰떡궁합,O
ㅡㅡㅡ,ㅡㅡㅡ
아리따움,O
유니크매직트윙클아이샤이너,O
1,O
스파클링허니,O
9500,O
ㅡㅡㅡ,ㅡㅡㅡ
01,O
ㅡㅡㅡ,ㅡㅡㅡ
영상에선,O
안,O
나왔는데,O
파워,O
애교살,O
만들기,O
좋은,O
제품이라,O
ㅡㅡㅡ,ㅡㅡㅡ
욕심나서,O
조금,O
덧발랐어요,O
ㅋㅋㅋㅋ,O
ㅡㅡㅡ,ㅡㅡㅡ
4월,O
의,O
끝자락에서,O
ㅡㅡㅡ,ㅡㅡㅡ
안녕하세요,O
ㅡㅡㅡ,ㅡㅡㅡ
무더운,O
여름,O
날씨에,O
지쳐서,O
포근했던,O
봄,O
이,O
ㅡㅡㅡ,ㅡㅡㅡ
너무나도,O
그리워서,O
이렇게,O
영상을,O
만들었어요,O
ㅡㅡㅡ,ㅡㅡㅡ
이쁘게,O
봐주세요,O
ㅡㅡㅡ,ㅡㅡㅡ
ㅡㅡㅡ,ㅡㅡㅡ
브이로그,O
왕벚꽃,O
봄,O
ㅡㅡㅡ,ㅡㅡㅡ
순천,B_LOC
여행일정,O
정리,O
입니다,O
ㅡㅡㅡ,ㅡㅡㅡ
1,O
수원역,O
친구,O
네에서,O
순천역,B_TOR
까지,O
무궁화호,O
탑승,O
4시간이상,O
걸림,O
ㅡㅡㅡ,ㅡㅡㅡ
2,O
게스트하우스,O
순천게스트하우스정원,O
ㅡㅡㅡ,ㅡㅡㅡ
3,O
곱창골목,O
솔밭식당,B_RES
ㅡㅡㅡ,ㅡㅡㅡ
5,O
순천만국가정원,B_TOR
갔지만,O
영상에,O
안,O
넣었어요,O
ㅎㅎ,O
ㅡㅡㅡ,ㅡㅡㅡ
순천만,B_TOR
국가정원,I_TOR
입장권으로,O
순천만,B_TOR
습지,I_TOR
무료입장,O
가능합니다,O
ㅎㅎ,O
ㅡㅡㅡ,ㅡㅡㅡ
6,O
순천만습지,B_TOR
저녁6시,O
가,O
마감입니다,O
넘,O
늦게가지,O
마세용,O
ㅡㅡㅡ,ㅡㅡㅡ
7,O
꼬막정식,O
일품,B_RES
순천만,B_TOR
습지,I_TOR
근처,O
ㅡㅡㅡ,ㅡㅡㅡ
잔잔하면서,O
감성이,O
가득한,O
순천,B_LOC
여행이었어요,O
ㅡㅡㅡ,ㅡㅡㅡ
그리고,O
저희가,O
묵었던,O
게스트하우스,O
라운지가,O
참,O
예쁘고,O
좋았답니다,O
ㅡㅡㅡ,ㅡㅡㅡ
게하라운지,O
노래선곡이,O
참,O
좋더라고요,O
ㅋㅋ,O
추억속,O
음악이,O
많이,O
나왔어요,O
ㅡㅡㅡ,ㅡㅡㅡ
아무튼,O
다음번에는,O
여수,O
여행기로,O
돌아오겠습니다,O
ㅡㅡㅡ,ㅡㅡㅡ
ㅡㅡㅡ,ㅡㅡㅡ
음악,O
ㅡㅡㅡ,ㅡㅡㅡ
ㅡㅡㅡ,ㅡㅡㅡ
ㅡㅡㅡ,ㅡㅡㅡ
ㅡㅡㅡ,ㅡㅡㅡ
카메라,O
ㅡㅡㅡ,ㅡㅡㅡ
72,O
ㅡㅡㅡ,ㅡㅡㅡ
편집,O
프로그램,O
파,O
이널,O
컷,O
ㅡㅡㅡ,ㅡㅡㅡ
촬영편집,O
박금서,O
ㅡㅡㅡ,ㅡㅡㅡ
ㅡㅡㅡ,ㅡㅡㅡ
국내여행,O
홀로여행,O
순천,B_LOC
여행,O
ㅡㅡㅡ,ㅡㅡㅡ
주의,O
5시간,O
이니까,O
좋은,O
신발,O
신고,O
걸으세요,O
ㅡㅡㅡ,ㅡㅡㅡ
마르코,O
홀로,O
ㅡㅡㅡ,ㅡㅡㅡ
오늘,O
도,O
봐주셔서,O
감사합니다,O
ㅡㅡㅡ,ㅡㅡㅡ
ㅡㅡㅡ,ㅡㅡㅡ
설정에서,O
자막을,O
활성화,O
해주세요,O
ㅡㅡㅡ,ㅡㅡㅡ
日本語,O
繁體字,O
简体字,O
ㅡㅡㅡ,ㅡㅡㅡ
ㅡㅡㅡ,ㅡㅡㅡ
設定字幕,O
ㅡㅡㅡ,ㅡㅡㅡ
請您在設定打開字幕,O
ㅡㅡㅡ,ㅡㅡㅡ
请您在设定打开字幕,O
ㅡㅡㅡ,ㅡㅡㅡ
ㅡㅡㅡ,ㅡㅡㅡ
ㅡㅡㅡ,ㅡㅡㅡ
ㅡㅡㅡ,ㅡㅡㅡ
ㅡㅡㅡ,ㅡㅡㅡ
ㅡㅡㅡ,ㅡㅡㅡ
ㅡㅡㅡ,ㅡㅡㅡ
199223,O
ㅡㅡㅡ,ㅡㅡㅡ
김현정,O
1992330,O
ㅡㅡㅡ,ㅡㅡㅡ
199233,O
ㅡㅡㅡ,ㅡㅡㅡ
야외로,O
열심히,O
돌아다닌,O
당일치기,O
순천,B_LOC
여행,O
ㅡㅡㅡ,ㅡㅡㅡ
당일치기,O
순천,B_LOC
여행,O
여행브이로그,O
국내여행,O
ㅡㅡㅡ,ㅡㅡㅡ
전라도,O
여행,O
첫번째,O
여수,O
순천,B_LOC
ㅡㅡㅡ,ㅡㅡㅡ
촬영,O
갤럭시노트8,O
ㅡㅡㅡ,ㅡㅡㅡ
편집,O
ㅡㅡㅡ,ㅡㅡㅡ
인기,O
크리에이터,O
와,O
함께하는,O
관광콘텐츠,O
제작,O
3,O
ㅡㅡㅡ,ㅡㅡㅡ
순천시,B_LOC
관광과,O
여수뉴미디어센터,O
공동,O
프로젝트,O
ㅡㅡㅡ,ㅡㅡㅡ
순천,B_LOC
가을,O
여행,O
해외,O
크리에이터,O
ㅡㅡㅡ,ㅡㅡㅡ
우잉푸,O
유튜브,O
채널에서도,O
보실,O
수,O
있습니다,O
ㅡㅡㅡ,ㅡㅡㅡ
2,O
ㅡㅡㅡ,ㅡㅡㅡ
4월,O
에,O
맑은,O
날씨,O
따스한,O
햇살,O
향긋한,O
꽃내음이,O
풍기는,O
ㅡㅡㅡ,ㅡㅡㅡ
순천만국가정원,B_TOR
으로,O
정훈,O
이와,O
함께,O
떠나요,O
ㅡㅡㅡ,ㅡㅡㅡ
ㅡㅡㅡ,ㅡㅡㅡ
ㅡㅡㅡ,ㅡㅡㅡ
안녕하세요,O
ㅡㅡㅡ,ㅡㅡㅡ
조금,O
예전에,O
다녀온,O
순천,B_LOC
여행이예요,O
ㅡㅡㅡ,ㅡㅡㅡ
말이,O
여행이지,O
많이,O
돌아다니지,O
않고,O
한옥에,O
뜨뜻한,O
온돌방에서,O
이리뒹굴,O
저리뒹굴,O
하다가,O
순만천습지,B_TOR
산책,O
다녀왔어요,O
ㅎㅎ,O
ㅡㅡㅡ,ㅡㅡㅡ
원래는,O
일박,O
만,O
할려다가,O
한옥,O
너무,O
좋아서,O
하루,O
연장해서,O
2박,O
했어요,O
ㅡㅡㅡ,ㅡㅡㅡ
오늘,O
도,O
시청해,O
주셔서,O
감사합니다,O
ㅡㅡㅡ,ㅡㅡㅡ
인스타,O
1620,O
ㅡㅡㅡ,ㅡㅡㅡ
여행,O
브이로그,O
먹방,O
ㅡㅡㅡ,ㅡㅡㅡ
쭈,O
의,O
일상,O
ㅡㅡㅡ,ㅡㅡㅡ
027,O
여수,O
바다,O
일출,O
ㅡㅡㅡ,ㅡㅡㅡ
043,O
메이크업,O
및,O
준비하기,O
ㅡㅡㅡ,ㅡㅡㅡ
107,O
여수,O
엠블호텔,O
의,O
조식,O
ㅡㅡㅡ,ㅡㅡㅡ
237,O
여수당,O
의,O
쑥아이스크림,O
ㅡㅡㅡ,ㅡㅡㅡ
300,O
순천,B_LOC
의,O
낙안읍성,B_TOR
ㅡㅡㅡ,ㅡㅡㅡ
411,O
집사부일체,O
순천,B_LOC
한정식,O
맛집,O
대원식당,B_RES
먹방,O
ㅡㅡㅡ,ㅡㅡㅡ
920,O
순천만습지,B_TOR
ㅡㅡㅡ,ㅡㅡㅡ
미료,O
유튜브,O
채널에,O
오신,O
걸,O
환영합니다,O
좋은,O
하루,O
되세요,O
ㅡㅡㅡ,ㅡㅡㅡ
ㅡㅡㅡ,ㅡㅡㅡ
미료,O
의,O
새,O
싱글,O
가,O
나왔어용,O
ㅡㅡㅡ,ㅡㅡㅡ
지금,O
모든,O
음원,O
사이트에서,O
들으실,O
수,O
있으십니다,O
ㅡㅡㅡ,ㅡㅡㅡ
화본,O
순천,B_LOC
여행,O
순천만국가정원,B_TOR
ㅡㅡㅡ,ㅡㅡㅡ
안녕하세요,O
화본,O
입니다,O
전라남도,O
사천,O
과,O
순천,B_LOC
으로,O
여행을,O
다녀온,O
영상입니다,O
ㅡㅡㅡ,ㅡㅡㅡ
예쁜,O
카페와,O
순천만국가정원,B_TOR
에서,O
많은,O
꽃들을,O
보며,O
힐링할,O
수,O
있었던,O
시간이었습니다,O
ㅡㅡㅡ,ㅡㅡㅡ
특히,O
순천만,B_TOR
국가정원,I_TOR
은,O
넓기때문에,O
입구에서,O
지도를,O
꼭,O
들고,O
구경하세요,O
ㅡㅡㅡ,ㅡㅡㅡ
011,O
사천,O
토끼와거북이,O
펜션,O
ㅡㅡㅡ,ㅡㅡㅡ
200,O
갤러리카페,O
라안,O
ㅡㅡㅡ,ㅡㅡㅡ
339,O
코끼리,O
바위못찾음,O
ㅡㅡㅡ,ㅡㅡㅡ
352,O
풍미통닭,B_RES
ㅡㅡㅡ,ㅡㅡㅡ
425,O
순천만,B_TOR
국가정원,I_TOR
ㅡㅡㅡ,ㅡㅡㅡ
728,O
순천만국가정원,B_TOR
내,O
한국정원,O
ㅡㅡㅡ,ㅡㅡㅡ
구독과,O
좋아요는,O
많은,O
이,O
됩니다,O
피드백도,O
감사합니다,O
ㅡㅡㅡ,ㅡㅡㅡ
화본,O
구독하기,O
ㅡㅡㅡ,ㅡㅡㅡ
감사합니다,O
ㅡㅡㅡ,ㅡㅡㅡ
구독과,O
좋아요,O
는,O
영상제작에,O
큰,O
이,O
됩니다,O
ㅡㅡㅡ,ㅡㅡㅡ
라니,O
와,O
15번째,O
이야기는,O
순천만습지,B_TOR
에,O
다녀온,O
이야기입니다,O
설날이후,O
부모,O
님을,O
뵙지,O
못해,O
마음이,O
무거웠는데,O
오랜만에,O
엄마,O
가,O
해주신,O
집밥,O
을,O
먹으며,O
편안한,O
시간을,O
보내고,O
왔어요,O
고향에,O
내려가,O
동생,O
과,O
동네,O
한바퀴,O
를,O
산책한것만으로도,O
힐링이,O
되었답니다,O
ㅡㅡㅡ,ㅡㅡㅡ
이번,O
영상은,O
마음이,O
편해지는,O
휴식이,O
되는,O
영상으로,O
만들고,O
싶었어요,O
칠게,O
농게,O
짱뚱어,O
등,O
갯벌에서,O
움직이고,O
있는,O
많은,O
친구,O
들을,O
담아봤는데요,O
환경을,O
정화시켜주는,O
갈대,O
와,O
습지에서,O
움직이는,O
많은,O
생물들이,O
지구,O
환경을,O
지켜준다고하니,O
정말,O
감사한,O
마음입니다,O
바람이,O
너무,O
많이,O
불어서,O
소리를,O
제대로,O
담아내지,O
못해,O
조금,O
아쉬움이,O
있어요,O
오늘,O
도,O
함께,O
해주셔서,O
너무,O
감사합니다,O
ㅡㅡㅡ,ㅡㅡㅡ
순천만습지,B_TOR
힐링여행여행,O
ㅡㅡㅡ,ㅡㅡㅡ
샛별,O
8,O
ㅡㅡㅡ,ㅡㅡㅡ
브금,O
대통령,O
ㅡㅡㅡ,ㅡㅡㅡ
지구,O
에는,O
항상,O
태양,O
이,O
비추다,O
둘레길,O
산책,O
1,O
너와나,O
아침,O
0,O
추억이,O
되어버린,O
시간,O
35714,O
ㅡㅡㅡ,ㅡㅡㅡ
안녕하세요,O
여러분,O
ㅡㅡㅡ,ㅡㅡㅡ
분량조절실패로인,O
해,O
여행브이로그,O
2탄,O
입니다ㅎㅎ,O
ㅡㅡㅡ,ㅡㅡㅡ
본격적인,O
순천,B_LOC
여행,O
ㅡㅡㅡ,ㅡㅡㅡ
그럼,O
오늘,O
도,O
봐주셔서,O
감사하구,O
ㅡㅡㅡ,ㅡㅡㅡ
담에,O
또봐요,O
ㅡㅡㅡ,ㅡㅡㅡ
국내여행,O
순천,B_LOC
여행,O
여수,O
여행,O
즉흥여행,O
ㅡㅡㅡ,ㅡㅡㅡ
안녕하세요,O
여러분,O
ㅡㅡㅡ,ㅡㅡㅡ
분량조절실패로인,O
해,O
여행브이로그,O
2탄,O
입니다ㅎㅎ,O
ㅡㅡㅡ,ㅡㅡㅡ
본격적인,O
순천,B_LOC
여행,O
ㅡㅡㅡ,ㅡㅡㅡ
그럼,O
오늘,O
도,O
봐주셔서,O
감사하구,O
ㅡㅡㅡ,ㅡㅡㅡ
담에,O
또봐요,O
ㅡㅡㅡ,ㅡㅡㅡ
국내여행,O
순천,B_LOC
여행,O
여수,O
여행,O
즉흥여행,O
ㅡㅡㅡ,ㅡㅡㅡ
옐로우마켓,O
은,O
순천문화의거리,B_TOR
에서,O
3월부터,O
매달,O
열리는,O
프리마켓,O
입니다,O
ㅡㅡㅡ,ㅡㅡㅡ
순천시청소년수련관,O
앞마당에서,O
열린,O
프리버스킹을,O
소개합니다,O
ㅡㅡㅡ,ㅡㅡㅡ
2019년3월,O
셀러,O
및,O
공연,O
팀을,O
3월20일,O
수,O
까지,O
모집합니다,O
ㅡㅡㅡ,ㅡㅡㅡ
옐로우마켓,O
홈페이지에서,O
신청해주세요,O
ㅡㅡㅡ,ㅡㅡㅡ
ㅡㅡㅡ,ㅡㅡㅡ
ㅡㅡㅡ,ㅡㅡㅡ
순수다,O
순천,B_LOC
문화,O
채널,O
구독,O
좋아요,O
댓글,O
부탁드립니다,O
ㅡㅡㅡ,ㅡㅡㅡ
순수다,O
순수다,O
순천마을방송,O
순천방송,O
순천,B_LOC
순천시,B_LOC
순천문화의거리,B_TOR
순천시,O
문화도시사업추진단,O
순천문화도시,O
ㅡㅡㅡ,ㅡㅡㅡ
ㅡㅡㅡ,ㅡㅡㅡ
안녕하세요,O
ㅡㅡㅡ,ㅡㅡㅡ
이번,O
영상은,O
낙안읍성,B_TOR
나들이랑,O
구례,O
오일장,O
다녀온,O
ㅡㅡㅡ,ㅡㅡㅡ
브이로그,O
올렸어요,O
ㅡㅡㅡ,ㅡㅡㅡ
날씨,O
좋은날,O
나들이가서,O
신나게,O
놀고왔답니다ㅎㅎ,O
ㅡㅡㅡ,ㅡㅡㅡ
영상,O
즐겁게,O
보시고,O
좋아요,O
구독,O
부탁드려요,O
ㅡㅡㅡ,ㅡㅡㅡ
육아브이로그,O
육아,O
브이로그,O
20대,O
주부,O
ㅡㅡㅡ,ㅡㅡㅡ
오늘,O
은,O
순천,B_LOC
가볼만한,O
곳,O
다섯곳,O
을,O
추천해드리려고,O
하는데요,O
더불어,O
여행을,O
편안하게,O
하는,O
방법도,O
알려드립니다,O
ㅡㅡㅡ,ㅡㅡㅡ
바로,O
로이쿠투어택시,O
를,O
타고,O
가는,O
것인데,O
간단한,O
로이쿠,O
사용법에,O
대해서도,O
소개해드렸으니,O
참고,O
부탁드립니다,O
ㅡㅡㅡ,ㅡㅡㅡ
영상에서,O
말씀드린,O
낙안읍성민속마을,B_TOR
민박정보는,O
하기에서,O
참고,O
부탁드립니다,O
ㅡㅡㅡ,ㅡㅡㅡ
00020005,O
ㅡㅡㅡ,ㅡㅡㅡ
빵,O
이네,O
구독하시면,O
캠핑과,O
여행에,O
대한,O
생생한,O
정보를,O
바로바로,O
받아보실,O
수,O
있습니다,O
ㅡㅡㅡ,ㅡㅡㅡ
빵이네,O
구독하기,O
ㅡㅡㅡ,ㅡㅡㅡ
86,O
1,O
ㅡㅡㅡ,ㅡㅡㅡ
재밌게,O
보시고,O
좋아요,O
와,O
구독하기,O
부탁드립니다,O
ㅡㅡㅡ,ㅡㅡㅡ
여러분의,O
댓글과,O
의견은,O
제작하는데,O
많은,O
도움이,O
됩니다,O
추가로,O
필요한,O
정보가,O
있거나,O
궁금한,O
내용이,O
있으면,O
댓글로,O
알려주세요,O
ㅡㅡㅡ,ㅡㅡㅡ
아래,O
재생목록에서,O
더,O
많은,O
영상들을,O
보실,O
수,O
있습니다,O
ㅡㅡㅡ,ㅡㅡㅡ
월별,O
가볼만한곳,O
ㅡㅡㅡ,ㅡㅡㅡ
7640913,O
ㅡㅡㅡ,ㅡㅡㅡ
캠핑이야기,O
ㅡㅡㅡ,ㅡㅡㅡ
7645,O
ㅡㅡㅡ,ㅡㅡㅡ
서울,O
여행정보,O
ㅡㅡㅡ,ㅡㅡㅡ
761,O
ㅡㅡㅡ,ㅡㅡㅡ
경기도,O
여행정보,O
ㅡㅡㅡ,ㅡㅡㅡ
767220,O
ㅡㅡㅡ,ㅡㅡㅡ
충북,O
여행정보,O
ㅡㅡㅡ,ㅡㅡㅡ
7639,O
ㅡㅡㅡ,ㅡㅡㅡ
경북,O
여행정보,O
ㅡㅡㅡ,ㅡㅡㅡ
76319040,O
ㅡㅡㅡ,ㅡㅡㅡ
전북,O
여행정보,O
ㅡㅡㅡ,ㅡㅡㅡ
76055880,O
ㅡㅡㅡ,ㅡㅡㅡ
제주도,O
여행정보,O
ㅡㅡㅡ,ㅡㅡㅡ
76130,O
감사합니다,O
ㅡㅡㅡ,ㅡㅡㅡ
문의,O
5420,O
ㅡㅡㅡ,ㅡㅡㅡ
꽤,O
어렸을때,O
신문에,O
실린,O
순천만,B_TOR
습지,I_TOR
철새,O
들,O
모습을,O
본,O
이후로,O
꼭,O
한,O
번,O
꼭,O
가보고,O
싶었던,O
여행지,O
ㅡㅡㅡ,ㅡㅡㅡ
여수반도,O
와,O
고흥반도,O
사이,O
끝없는,O
갈대,O
밭,O
습지로,O
널리,O
알려진,O
순천만,B_TOR
을,O
다녀왔음요,O
ㅡㅡㅡ,ㅡㅡㅡ
풀밭을,O
한가로이,O
거닐고,O
있는,O
게,O
뻘,O
위를,O
통통,O
튀어다니는,O
짱뚱어,O
들,O
고고한,O
자태를,O
뽐내며,O
유유히,O
비상하는,O
흑두루미,O
까지,O
순천만,B_TOR
엔,O
없는게,O
드문듯ㅎㅎ,O
ㅡㅡㅡ,ㅡㅡㅡ
한컷,O
의,O
일몰을,O
찍기,O
위해,O
한시간,O
넘게,O
걸어,O
용산전망대,B_TOR
를,O
찾은,O
사람들서로,O
와,O
감탄을,O
자아내던,O
습지,O
풍경이란ㅋ,O
ㅡㅡㅡ,ㅡㅡㅡ
미니스커트,O
에,O
저고리,O
걸친,O
할아저씨의,O
구수한,O
장구가락,O
외줄을,O
낭심으로,O
통통,O
튀어오르며,O
총각이라,O
보호해야,O
한다던,O
남사당패,O
ㅡㅡㅡ,ㅡㅡㅡ
지역주민,O
들이,O
한마음으로,O
뭉친,O
전통공연까지,O
ㅡㅡㅡ,ㅡㅡㅡ
볼꺼리와,O
즐길꺼리가,O
소소한,O
풍경과,O
어우러진,O
낙안읍성,B_TOR
정말,O
재미지고,O
멋졌음둥,O
ㅡㅡㅡ,ㅡㅡㅡ
외에도,O
수,O
많은,O
드라마와,O
영화의,O
촬영지로,O
잘,O
알려진,O
드라마촬영장,O
예쁜,O
계곡과,O
산사가,O
어우러진,O
선암사,B_TOR
국밥,O
과,O
야시장이,O
인상,O
깊었던,O
즐거운,O
웃장,B_TOR
아랫장,B_TOR
ㅡㅡㅡ,ㅡㅡㅡ
자연의,O
위대함과,O
친절하고,O
넉넉한,O
인심의,O
주민,O
들,O
그리고,O
전통과,O
환경을,O
지키며,O
가꿔가는,O
순천,B_LOC
문화특별한,O
생동감을,O
불러주는,O
추천,O
여행지임둥,O
ㅡㅡㅡ,ㅡㅡㅡ
즐건,O
감상되시쇼잉,O
ㅡㅡㅡ,ㅡㅡㅡ
순천,B_LOC
ㅡㅡㅡ,ㅡㅡㅡ
지난1월,O
배낭과,O
카메라,O
만을,O
들고,O
여행을,O
시작했어요,O
ㅡㅡㅡ,ㅡㅡㅡ
숙소도,O
구체적인,O
계획도,O
없이,O
시작한,O
여행이지만,O
참,O
많은,O
것을,O
보고,O
느낄,O
수,O
있었습니다,O
ㅡㅡㅡ,ㅡㅡㅡ
여행을,O
떠난,O
첫날,O
에,O
바라본,O
순천,B_LOC
의,O
모습을,O
담았습니다,O
ㅡㅡㅡ,ㅡㅡㅡ
여행,O
사진은,O
인스타그램,O
에서,O
볼,O
수,O
있습니다,O
ㅡㅡㅡ,ㅡㅡㅡ
ㅡㅡㅡ,ㅡㅡㅡ
ㅡㅡㅡ,ㅡㅡㅡ
ㅡㅡㅡ,ㅡㅡㅡ
ㅡㅡㅡ,ㅡㅡㅡ
ㅡㅡㅡ,ㅡㅡㅡ
ㅡㅡㅡ,ㅡㅡㅡ
발길가는대로,O
순천,B_LOC
브이로그,O
ㅡㅡㅡ,ㅡㅡㅡ
2020년1월10일금,O
ㅡㅡㅡ,ㅡㅡㅡ
인플루언서,O
들을,O
초대한,O
순천,B_LOC
보성팸투어,O
에,O
참여해서,O
첫,O
코스로,O
드라마촬영장,B_TOR
을,O
방문했습니다,O
실제로는,O
1시간,O
넘게,O
둘러본,O
거,O
같은데,O
15분정도,O
로,O
정리했습니다,O
여기는,O
역사박물관,O
같은,O
곳은,O
아닌지라,O
역사고증이,O
목적인,O
곳은,O
아니구요,O
근현대,O
동네풍경들을,O
담아놓은,O
촬영장이라,O
추가되는,O
작품에,O
따라,O
매번,O
조금씩,O
달라지기도,O
한다네요,O
ㅡㅡㅡ,ㅡㅡㅡ
달동네를,O
집중적으로,O
좀,O
더,O
살펴보고,O
싶었는데,O
아무래도,O
단체관광이라,O
시간이,O
부족한,O
게,O
살짝,O
아쉬웠구요,O
날,O
좋은,O
때에,O
방문해서,O
천천히,O
둘러보면,O
나쁘지,O
않겠습니다만,O
지금보다,O
스토리텔링이,O
조금만,O
더,O
가미되고,O
각종,O
미디어를,O
활용해서,O
촬영했던,O
드라마나,O
영화의,O
장면들을,O
셋트,O
앞,O
에,O
마련해둔다면,O
작품을,O
직접,O
관람하지,O
못했던,O
이들에게도,O
친절한,O
설명도,O
되고,O
감동도,O
주고,O
그러지,O
않을까,O
싶네요,O
ㅡㅡㅡ,ㅡㅡㅡ
순천드라마촬영장,B_TOR
ㅡㅡㅡ,ㅡㅡㅡ
2,O
ㅡㅡㅡ,ㅡㅡㅡ
ㅡㅡㅡ,ㅡㅡㅡ
360,O
ㅡㅡㅡ,ㅡㅡㅡ
360,O
360,O
ㅡㅡㅡ,ㅡㅡㅡ
650,O
ㅡㅡㅡ,ㅡㅡㅡ
650,O
ㅡㅡㅡ,ㅡㅡㅡ
순천,B_LOC
팸투어,O
드라마촬영장,O
360,O
인스타360,O
ㅡㅡㅡ,ㅡㅡㅡ
순천,B_LOC
은,O
언제나,O
훈훈한,O
향기를,O
ㅡㅡㅡ,ㅡㅡㅡ
가득,O
담아,O
갈,O
수,O
있는,O
곳,O
ㅡㅡㅡ,ㅡㅡㅡ
가는,O
곳마다,O
온기가,O
넘쳐나는,O
곳입니다,O
ㅡㅡㅡ,ㅡㅡㅡ
요,O
며칠간,O
남쪽,O
엔,O
많은,O
눈이,O
내렸었는데,O
ㅡㅡㅡ,ㅡㅡㅡ
내린,O
눈은,O
맥없이,O
사라지고,O
ㅡㅡㅡ,ㅡㅡㅡ
따뜻한,O
순천만,B_TOR
을,O
찾아,O
온,O
철새,O
들의,O
울음소리가,O
ㅡㅡㅡ,ㅡㅡㅡ
이곳을,O
찾는,O
여행객,O
들을,O
반겨줍니다,O
ㅡㅡㅡ,ㅡㅡㅡ
겨울,O
은,O
이리도,O
깊어가는데,O
ㅡㅡㅡ,ㅡㅡㅡ
따뜻한,O
바람,O
솔솔,O
부는,O
순천만,B_TOR
은,O
아직도,O
가을,O
인,O
듯,O
ㅡㅡㅡ,ㅡㅡㅡ
오랜만에,O
순천만,B_TOR
을,O
찾아,O
ㅡㅡㅡ,ㅡㅡㅡ
새,O
소리,O
바람소리,O
갈대,O
우는,O
소리,O
ㅡㅡㅡ,ㅡㅡㅡ
겨울,O
로,O
가는,O
소리를,O
ㅡㅡㅡ,ㅡㅡㅡ
순천만,B_TOR
의,O
노을이,O
지는,O
풍경과,O
ㅡㅡㅡ,ㅡㅡㅡ
가장,O
아름다운,O
낙조를,O
볼,O
수,O
있는,O
곳,O
와온해변,B_TOR
영상에,O
담아봤습니다,O
ㅡㅡㅡ,ㅡㅡㅡ
제가,O
제일,O
좋아하는,O
와온해변,B_TOR
의,O
낙조를,O
담기위해,O
ㅡㅡㅡ,ㅡㅡㅡ
순천만,B_TOR
을,O
빠져,O
나와,O
ㅡㅡㅡ,ㅡㅡㅡ
미친,O
듯,O
그쪽으로,O
달려,O
갔었는데,O
ㅡㅡㅡ,ㅡㅡㅡ
황사로,O
인해,O
아름다운,O
낙조를,O
담아내지,O
못해,O
얼마나,O
속상했는지,O
ㅡㅡㅡ,ㅡㅡㅡ
순천,B_LOC
여수,O
쪽,O
여행을,O
계획하신,O
분들은,O
ㅡㅡㅡ,ㅡㅡㅡ
많이,O
알려지지,O
않은,O
와온해변,B_TOR
의,O
낙조를,O
꼭,O
감상해,O
보시길,O
ㅡㅡㅡ,ㅡㅡㅡ
추천드립니다,O
ㅡㅡㅡ,ㅡㅡㅡ
0025,O
순천만,B_TOR
ㅡㅡㅡ,ㅡㅡㅡ
0428,O
순천만,B_TOR
자연의,O
소리를,O
들어볼까요,O
ㅡㅡㅡ,ㅡㅡㅡ
0518,O
와온해변,B_TOR
ㅡㅡㅡ,ㅡㅡㅡ
배경음악,O
ㅡㅡㅡ,ㅡㅡㅡ
40,O
ㅡㅡㅡ,ㅡㅡㅡ
출처,O
1100611,O
ㅡㅡㅡ,ㅡㅡㅡ
순천,B_LOC
여행,O
순천향교,O
순천향교공적비,O
순천우국충절,O
천여년,O
흘러,O
흘러,O
공자,O
와,O
더불어,O
왜적,O
일제,O
악당을,O
물리치며,O
구국독립운동,O
여태껏,O
펼치고,O
있쿠나,O
ㅡㅡㅡ,ㅡㅡㅡ
순천향교,O
순천향교공적비,O
순천,O
문화재,O
ㅡㅡㅡ,ㅡㅡㅡ
영상영역,O
위,O
아래,O
오른쪽,O
에,O
자막,O
표시를,O
설정하여,O
시청해주시와여,O
ㅡㅡㅡ,ㅡㅡㅡ
이,O
영상으로,O
즐거운,O
복이,O
되시고,O
꾸똑,O
쫗아요,O
꼭,O
꾹,O
맘껏,O
눌러주세염,O
제게,O
엄청,O
좋은,O
얼쑤氣가,O
됩니데이,O
꼬맙쑵니당,O
ㅡㅡㅡ,ㅡㅡㅡ
ㅡㅡㅡ,ㅡㅡㅡ
즐건탐,O
채널꾸똑,O
9054,O
ㅡㅡㅡ,ㅡㅡㅡ
안녕하세염,O
즐겅탐즐거운,O
탐방탐,O
탐,O
탐입니당,O
ㅡㅡㅡ,ㅡㅡㅡ
그림일기,O
ㅡㅡㅡ,ㅡㅡㅡ
알록달록,O
단풍이,O
한창일,O
때,O
순천,B_LOC
에,O
다녀왔어요,O
ㅡㅡㅡ,ㅡㅡㅡ
순천만습지,B_TOR
는처음,O
가보는,O
곳이었는데,O
ㅡㅡㅡ,ㅡㅡㅡ
드넓게,O
펼쳐진,O
억새,O
와,O
갈대,O
밭에,O
넋을,O
잃고,O
감탄했습니다,O
ㅡㅡㅡ,ㅡㅡㅡ
그때,O
느꼈던,O
감동을,O
그림으로,O
그려보았어요,O
ㅡㅡㅡ,ㅡㅡㅡ
ㅡㅡㅡ,ㅡㅡㅡ
ㅡㅡㅡ,ㅡㅡㅡ
ㅡㅡㅡ,ㅡㅡㅡ
ㅡㅡㅡ,ㅡㅡㅡ
ㅡㅡㅡ,ㅡㅡㅡ
오랜만에,O
인사,O
드려요,O
ㅡㅡㅡ,ㅡㅡㅡ
하루,O
빨리,O
건강한,O
환경이,O
되기를,O
바랍니다,O
ㅠㅠ,O
ㅡㅡㅡ,ㅡㅡㅡ
어딜가던지,O
예방을,O
위한,O
개인위생,O
수칙을,O
지켰습니다,O
ㅡㅡㅡ,ㅡㅡㅡ
ㅡㅡㅡ,ㅡㅡㅡ
문의,O
161220,O
ㅡㅡㅡ,ㅡㅡㅡ
순천,B_LOC
순천,B_LOC
여행,O
강성훈,O
ㅡㅡㅡ,ㅡㅡㅡ
숙소,O
순천,O
길건너게스트하우스,O
ㅡㅡㅡ,ㅡㅡㅡ
고깃집,O
순천,B_LOC
하르방,O
연탄구이,O
ㅡㅡㅡ,ㅡㅡㅡ
2020년1월10일금,O
ㅡㅡㅡ,ㅡㅡㅡ
순천,B_LOC
이,O
초행은,O
아니었지만,O
드라마촬영소,B_TOR
도,O
그랬고,O
순천만습지,B_TOR
도,O
처음,O
가보는,O
거였습니다,O
2시간,O
안,O
되는,O
시간이,O
주어졌는데,O
기어코,O
용산전망대,B_TOR
를,O
다녀오겠다고,O
해서,O
오가는,O
길이,O
좀,O
버겁긴,O
했습니다만왕복,O
5,O
를,O
걸어갔다,O
오는,O
거니까요,O
엄청나게,O
컸던,O
갈대,O
숲,O
하나,O
만으로도,O
이날,O
통털어,O
가장,O
행복한,O
순간이,O
아니었나,O
싶습니다,O
ㅡㅡㅡ,ㅡㅡㅡ
사실,O
영상,O
초반에,O
나오는,O
공원,O
안에,O
천문대도,O
있고,O
자연생태관도,O
있고,O
해서,O
시간이,O
많았다면,O
이것저것,O
꼼꼼히,O
살펴보고,O
누릴,O
만한,O
것들이,O
많았는데,O
단체관광의,O
단점이,O
이런,O
거겠지요,O
다음에,O
볕,O
좋은,O
때에,O
다시,O
가게,O
된다면,O
더,O
꼼꼼하게,O
둘러보고,O
낙조도,O
카메라,O
에,O
담아오고,O
싶습니다,O
ㅡㅡㅡ,ㅡㅡㅡ
11분짜리,O
영상으로,O
줄이느라,O
잘라낸,O
부분이,O
엄청,O
많습니다,O
뭐,O
이것만으로도,O
충분히,O
맛은,O
보실,O
수,O
있겠지만요,O
매번,O
편집할,O
때가,O
제일,O
아쉬워요,O
너무,O
길어지면,O
보시는,O
분들이,O
드실,O
거고,O
그렇다고,O
다,O
쳐내자니,O
담았던,O
순간들이,O
아깝고,O
하니,O
ㅋ,O
ㅡㅡㅡ,ㅡㅡㅡ
순천만,B_TOR
습지,I_TOR
ㅡㅡㅡ,ㅡㅡㅡ
5,O
ㅡㅡㅡ,ㅡㅡㅡ
순천만,B_TOR
갈대,O
군락지,O
ㅡㅡㅡ,ㅡㅡㅡ
ㅡㅡㅡ,ㅡㅡㅡ
용산전망대,B_TOR
ㅡㅡㅡ,ㅡㅡㅡ
5,O
ㅡㅡㅡ,ㅡㅡㅡ
ㅡㅡㅡ,ㅡㅡㅡ
360,O
ㅡㅡㅡ,ㅡㅡㅡ
360,O
360,O
ㅡㅡㅡ,ㅡㅡㅡ
650,O
ㅡㅡㅡ,ㅡㅡㅡ
650,O
ㅡㅡㅡ,ㅡㅡㅡ
순천,B_LOC
팸투어,O
순천만습지,B_TOR
360,O
인스타360,O
ㅡㅡㅡ,ㅡㅡㅡ
2020년1월11일토,O
ㅡㅡㅡ,ㅡㅡㅡ
보성,O
하면,O
녹,O
차밭인데,O
평생,O
가본,O
적이,O
없었네요,O
이번,O
팸투어로,O
처음,O
방문해봤어요,O
5월,O
같은,O
한참,O
때에,O
갔으면,O
더,O
좋았을테지만,O
어쨌든,O
영상으로만,O
보던,O
곳을,O
직접,O
가보니,O
좋네요,O
ㅡㅡㅡ,ㅡㅡㅡ
개인적으로는,O
녹차밭도,O
좋았지만,O
나오는,O
길에,O
출입구,O
근처에,O
있다해서,O
들른,O
왕대나무숲,O
이,O
더,O
운치,O
있고,O
좋았습니다,O
대나무,O
숲에서의,O
바람소리랑,O
흔들리는,O
풍경을,O
놓치지,O
마세요,O
강추입니다,O
ㅡㅡㅡ,ㅡㅡㅡ
대한다원보성녹차밭,O
ㅡㅡㅡ,ㅡㅡㅡ
1,O
ㅡㅡㅡ,ㅡㅡㅡ
ㅡㅡㅡ,ㅡㅡㅡ
360,O
ㅡㅡㅡ,ㅡㅡㅡ
360,O
360,O
ㅡㅡㅡ,ㅡㅡㅡ
650,O
ㅡㅡㅡ,ㅡㅡㅡ
650,O
ㅡㅡㅡ,ㅡㅡㅡ
보성,O
팸투어,O
대한다원,O
360,O
인스타360,O
ㅡㅡㅡ,ㅡㅡㅡ
53,O
125,O
125,O
ㅡㅡㅡ,ㅡㅡㅡ
20180817,O
ㅡㅡㅡ,ㅡㅡㅡ
오토바이,O
전국일주,O
3일차,O
ㅡㅡㅡ,ㅡㅡㅡ
순천,B_LOC
근처,O
낙안읍성,B_TOR
에,O
들렸다가,O
ㅡㅡㅡ,ㅡㅡㅡ
남해,O
로,O
넘어갔습니다,O
ㅡㅡㅡ,ㅡㅡㅡ
낙안읍성,B_TOR
에는,O
가족,O
단위로,O
많이,O
오시더라고요,O
ㅡㅡㅡ,ㅡㅡㅡ
성벽이,O
있는,O
민속,O
마을이라고,O
할까요,O
ㅡㅡㅡ,ㅡㅡㅡ
실제로,O
지금,O
그,O
안에,O
사는,O
주민,O
들이,O
계시더군요,O
ㅡㅡㅡ,ㅡㅡㅡ
재밌게,O
구경했었습니다,O
ㅡㅡㅡ,ㅡㅡㅡ
그리고,O
남해,O
금산,O
에서,O
바라보는,O
전경은,O
놀라웠어요,O
ㅡㅡㅡ,ㅡㅡㅡ
등산을,O
한,O
적은,O
거의,O
없지만,O
내륙지방의,O
산의,O
경치와는,O
다른,O
ㅡㅡㅡ,ㅡㅡㅡ
바다와,O
여러,O
섬들이,O
보이는,O
경치는,O
정말,O
멋있었습니다,O
ㅡㅡㅡ,ㅡㅡㅡ
남해,O
어딘가에,O
있는,O
도로도,O
굉장히,O
멋졌던,O
걸로,O
기억하는데,O
ㅡㅡㅡ,ㅡㅡㅡ
영상을,O
잃어버려서,O
남아있질,O
않네요,O
ㅡㅡㅡ,ㅡㅡㅡ
000,O
영상,O
시작여행,O
지도,O
ㅡㅡㅡ,ㅡㅡㅡ
029,O
숙소,O
앞,O
에서,O
만난,O
새끼,O
고양이,O
ㅡㅡㅡ,ㅡㅡㅡ
126,O
여행,O
시작,O
하기,O
전,O
밥,O
부터,O
ㅡㅡㅡ,ㅡㅡㅡ
203,O
낙안읍성,B_TOR
ㅡㅡㅡ,ㅡㅡㅡ
236,O
남해,O
가는길,O
ㅡㅡㅡ,ㅡㅡㅡ
253,O
남해,O
금산,O
어딘가,O
ㅡㅡㅡ,ㅡㅡㅡ
여행,O
전국일주,O
오토바이,O
ㅡㅡㅡ,ㅡㅡㅡ
ㅡㅡㅡ,ㅡㅡㅡ
ㅡㅡㅡ,ㅡㅡㅡ
ㅡㅡㅡ,ㅡㅡㅡ
ㅡㅡㅡ,ㅡㅡㅡ
ㅡㅡㅡ,ㅡㅡㅡ
2390,O
ㅡㅡㅡ,ㅡㅡㅡ
ㅡㅡㅡ,ㅡㅡㅡ
안녕하세요,O
아나몽,O
입니다,O
이번,O
동영상은,O
3박4일,O
여수,O
차,O
박,O
캠핑에,O
대한,O
영상입니다,O
좋아요,O
와,O
구독,O
부탁드립니다,O
감사합니다,O
ㅡㅡㅡ,ㅡㅡㅡ
ㅡㅡㅡ,ㅡㅡㅡ
ㅡㅡㅡ,ㅡㅡㅡ
국내여행,O
차박,O
캠핑,O
ㅡㅡㅡ,ㅡㅡㅡ
ㅡㅡㅡ,ㅡㅡㅡ
62018,O
내일로여행,O
을,O
시작하여,O
첫번째,O
이야기,O
여수,O
에서,O
여행하고왔습니다,O
ㅡㅡㅡ,ㅡㅡㅡ
0618,O
ㅡㅡㅡ,ㅡㅡㅡ
2020년1월10일금,O
ㅡㅡㅡ,ㅡㅡㅡ
순천만,B_TOR
국가정원,I_TOR
은,O
두번째,O
방문입니다,O
그래서,O
나라별,O
정원은,O
시간상,O
스킵하고,O
큼직한,O
곳들만,O
방문을,O
했어요,O
뱅글뱅글,O
나선형,O
으로,O
돌아서,O
오르내리는,O
봉화언덕,O
에,O
올라가고,O
꿈의다리,O
를,O
건너,O
다른,O
편으로,O
이동해,O
습지,O
에서,O
노니는,O
오리,O
들을,O
구경하기도,O
했구요,O
한국정원,O
과,O
그,O
근처,O
폭포도,O
살짝,O
방문을,O
했습니다,O
저녁,O
에,O
별빛축제,O
를,O
벌여서,O
습지,O
주변으로,O
예쁜,O
풍경이,O
많았는데,O
어두워서,O
로는,O
담지,O
않았습니다만,O
마지막에,O
대형,O
트리는,O
담았네요,O
이런,O
얘기가,O
좀,O
그렇지만,O
봄,O
이나,O
가을,O
같이,O
좀,O
더,O
풍성하고,O
날,O
좋을,O
시즌에,O
다시,O
가서,O
여유롭게,O
산책하고,O
싶네요,O
ㅡㅡㅡ,ㅡㅡㅡ
봉화언덕,O
ㅡㅡㅡ,ㅡㅡㅡ
5,O
ㅡㅡㅡ,ㅡㅡㅡ
꿈의,O
다리,O
ㅡㅡㅡ,ㅡㅡㅡ
ㅡㅡㅡ,ㅡㅡㅡ
습지,O
ㅡㅡㅡ,ㅡㅡㅡ
ㅡㅡㅡ,ㅡㅡㅡ
한국정원,O
ㅡㅡㅡ,ㅡㅡㅡ
25,O
ㅡㅡㅡ,ㅡㅡㅡ
빛의,O
서문,O
ㅡㅡㅡ,ㅡㅡㅡ
34,O
ㅡㅡㅡ,ㅡㅡㅡ
ㅡㅡㅡ,ㅡㅡㅡ
360,O
ㅡㅡㅡ,ㅡㅡㅡ
360,O
360,O
ㅡㅡㅡ,ㅡㅡㅡ
650,O
ㅡㅡㅡ,ㅡㅡㅡ
650,O
ㅡㅡㅡ,ㅡㅡㅡ
순천,B_LOC
팸투어,O
순천만국가정원,B_TOR
360,O
인스타360,O
ㅡㅡㅡ,ㅡㅡㅡ
한국,O
순천,B_LOC
여행,O
다녀왔어요,O
ㅡㅡㅡ,ㅡㅡㅡ
2020년10월,O
이번추석때,O
가족,O
들이랑,O
ㅡㅡㅡ,ㅡㅡㅡ
순천만,B_TOR
과,O
여수,O
여행,O
다녀왔습니다,O
ㅡㅡㅡ,ㅡㅡㅡ
엄마,O
생일이라서,O
잠시,O
힐링,O
하고왔어요,O
ㅡㅡㅡ,ㅡㅡㅡ
풍경과,O
함께,O
저의,O
영상보시면서,O
잠시나마,O
행복하시길,O
ㅡㅡㅡ,ㅡㅡㅡ
바랍니다,O
ㅡㅡㅡ,ㅡㅡㅡ
영상,O
봐주셔서,O
항상,O
감사합니다,O
ㅡㅡㅡ,ㅡㅡㅡ
더,O
나은,O
영상으로,O
보답해드리겠습다,O
ㅡㅡㅡ,ㅡㅡㅡ
감사합니다,O
ㅡㅡㅡ,ㅡㅡㅡ
2020,O
ㅡㅡㅡ,ㅡㅡㅡ
ㅡㅡㅡ,ㅡㅡㅡ
ㅡㅡㅡ,ㅡㅡㅡ
ㅡㅡㅡ,ㅡㅡㅡ
ㅡㅡㅡ,ㅡㅡㅡ
ㅡㅡㅡ,ㅡㅡㅡ
ㅡㅡㅡ,ㅡㅡㅡ
ㅡㅡㅡ,ㅡㅡㅡ
브금,O
대통령,O
ㅡㅡㅡ,ㅡㅡㅡ
7,O
ㅡㅡㅡ,ㅡㅡㅡ
브금,O
대통령,O
ㅡㅡㅡ,ㅡㅡㅡ
54,O
ㅡㅡㅡ,ㅡㅡㅡ
브금,O
대통령,O
ㅡㅡㅡ,ㅡㅡㅡ
갑자기,O
멍때리기,O
8,O
ㅡㅡㅡ,ㅡㅡㅡ
브금,O
대통령,O
ㅡㅡㅡ,ㅡㅡㅡ
심연,O
ㅡㅡㅡ,ㅡㅡㅡ
여행브이로그,O
순천만,B_TOR
여수,O
전라도,O
여행,O
ㅡㅡㅡ,ㅡㅡㅡ
2020년1월11일토,O
ㅡㅡㅡ,ㅡㅡㅡ
팸투어,O
마지막,O
코스인,O
조정래태백산맥문학관,O
입니다,O
소설,O
을,O
읽으신,O
분들이라면,O
문학관,O
방문이,O
더,O
뜻,O
깊을,O
겁니다,O
저는,O
수년,O
전에,O
이곳을,O
처음,O
방문했는데,O
그,O
당시엔,O
태백산맥,O
을,O
읽기,O
전이었습니다,O
그럼에도,O
전시된,O
여러,O
자료들을,O
보면서,O
이,O
작품에,O
대한,O
관심이,O
생겨났고,O
서울,O
로,O
다시,O
올라와서는,O
미니전집을,O
구매해서,O
읽게,O
되기도,O
했습니다,O
한국,O
근현대사,O
의,O
흐름을,O
이해하는데,O
큰,O
도움이,O
된,O
작품이었네요,O
ㅡㅡㅡ,ㅡㅡㅡ
문학관,O
윗쪽,O
엔,O
소화의집,O
현부자네집,O
이렇게,O
두채,O
의,O
집도,O
있으니,O
꼭,O
들러보시고,O
쉬어가시길,O
바랍니다,O
개인적으로,O
현부자네집,O
이,O
굉장히,O
여유로움과,O
따뜻함을,O
주는,O
공간이라,O
시간이,O
많으면,O
그,O
집,O
마루에,O
걸터앉아서,O
책을,O
읽어도,O
좋겠다,O
싶은,O
곳이에요,O
ㅡㅡㅡ,ㅡㅡㅡ
조정래,O
태백산맥문학관,O
ㅡㅡㅡ,ㅡㅡㅡ
5961,O
ㅡㅡㅡ,ㅡㅡㅡ
ㅡㅡㅡ,ㅡㅡㅡ
360,O
ㅡㅡㅡ,ㅡㅡㅡ
360,O
360,O
ㅡㅡㅡ,ㅡㅡㅡ
650,O
ㅡㅡㅡ,ㅡㅡㅡ
650,O
ㅡㅡㅡ,ㅡㅡㅡ
소설태백산맥,O
조정래,O
현부자네집,O
360,O
인스타360,O
ㅡㅡㅡ,ㅡㅡㅡ
늦은겨울,O
전남,O
순천,B_LOC
에,O
있는,O
송광사,B_TOR
를,O
다녀오기로,O
했습니다,O
ㅡㅡㅡ,ㅡㅡㅡ
송광사,B_TOR
전남,O
여행,O
무소유,O
ㅡㅡㅡ,ㅡㅡㅡ
ㅡㅡㅡ,ㅡㅡㅡ
108사찰기행,O
의,O
이야기가,O
궁금하시다면,O
ㅡㅡㅡ,ㅡㅡㅡ
맛있는,O
삶의,O
사찰기행,O
ㅡㅡㅡ,ㅡㅡㅡ
24,O
64579596032,O
2,O
ㅡㅡㅡ,ㅡㅡㅡ
행복한,O
삶의,O
사찰기행,O
ㅡㅡㅡ,ㅡㅡㅡ
24,O
72120390,O
1,O
ㅡㅡㅡ,ㅡㅡㅡ
ㅡㅡㅡ,ㅡㅡㅡ
맛있는삶의레시피,O
가,O
궁금하시다면,O
ㅡㅡㅡ,ㅡㅡㅡ
24,O
33318741,O
101,O
ㅡㅡㅡ,ㅡㅡㅡ
ㅡㅡㅡ,ㅡㅡㅡ
맛있는,O
호주,O
동남부,O
여행,O
ㅡㅡㅡ,ㅡㅡㅡ
24,O
45470759,O
4,O
ㅡㅡㅡ,ㅡㅡㅡ
ㅡㅡㅡ,ㅡㅡㅡ
2020년1월11일토,O
ㅡㅡㅡ,ㅡㅡㅡ
보성,O
녹차,O
밭을,O
다녀온,O
뒤,O
벌교,O
로,O
가서,O
소설,O
태백산맥,O
에,O
나오는,O
남도여관,O
의,O
실제모델이,O
보성여관,O
을,O
방문했습니다,O
인근,O
거리나,O
건물들도,O
그,O
시절에,O
지어진,O
곳들이,O
제법,O
여럿,O
있었어요,O
하나씩,O
체크하면서,O
벌교,O
투어를,O
해도,O
좋겠다,O
싶더군요,O
ㅡㅡㅡ,ㅡㅡㅡ
바로,O
옆에,O
있는,O
초등학교,O
교사,O
분들이,O
하숙을,O
많이,O
했던,O
곳인데,O
시대가,O
변하고,O
아이들이,O
줄고,O
교사,O
들도,O
줄고,O
하니,O
영업이,O
어려워졌다죠,O
개인이,O
더,O
이상,O
맥,O
을,O
이어갈,O
수,O
없게,O
되자,O
보존,O
차원으로,O
매입,O
되어,O
운영,O
되는,O
걸로,O
알고,O
있습니다,O
지금도,O
숙박업이,O
운영되고,O
있고,O
카페와,O
작은,O
전시관,O
등으로,O
사람들의,O
많은,O
방문을,O
받고,O
있다고,O
합니다,O
ㅡㅡㅡ,ㅡㅡㅡ
보성여관,O
ㅡㅡㅡ,ㅡㅡㅡ
58,O
ㅡㅡㅡ,ㅡㅡㅡ
ㅡㅡㅡ,ㅡㅡㅡ
360,O
ㅡㅡㅡ,ㅡㅡㅡ
360,O
360,O
ㅡㅡㅡ,ㅡㅡㅡ
650,O
ㅡㅡㅡ,ㅡㅡㅡ
650,O
ㅡㅡㅡ,ㅡㅡㅡ
소설태백산맥,O
팸투어,O
남도여관,O
360,O
인스타360,O
ㅡㅡㅡ,ㅡㅡㅡ
전라도,O
순천,B_LOC
순천만,B_TOR
습지,I_TOR
2016,O
ㅡㅡㅡ,ㅡㅡㅡ
얼마전,O
순천,B_LOC
여행,O
갔을,O
때,O
순천국가정원,B_TOR
을,O
가보았어요,O
나라별,O
특색,O
있는,O
정원들과,O
어여쁜,O
꽃들,O
구경도,O
하고,O
산책하는,O
힐링여행이었어요,O
꽃들과,O
풀들의,O
자연,O
그대로의,O
아름다운,O
색감을,O
모두,O
담아낼,O
순,O
없었지만,O
조용하고,O
따뜻한,O
분위기만,O
느끼고,O
가시길,O
바래요,O
요즘,O
영상으로,O
매일,O
일기,O
쓰는,O
마음으로,O
촬영하고,O
일상브이로그를,O
해보려고,O
아이폰,O
으로만,O
영상,O
찍고,O
앱으로,O
편집하는,O
연습중이에요,O
아직,O
부족하지만,O
가끔,O
들러주세요,O
ㅠㅜ,O
ㅡㅡㅡ,ㅡㅡㅡ
일상여행,O
순천,B_LOC
여행,O
ㅡㅡㅡ,ㅡㅡㅡ
ㅡㅡㅡ,ㅡㅡㅡ
ㅡㅡㅡ,ㅡㅡㅡ
ㅡㅡㅡ,ㅡㅡㅡ
사진여행,O
풍경사진,O
ㅡㅡㅡ,ㅡㅡㅡ
10월11월,O
가을,O
출사지,O
여행지로,O
인기있는,O
순천만습지공원,B_TOR
에서,O
갈대,O
를,O
구경하며,O
가을,O
을,O
만끽한다,O
ㅡㅡㅡ,ㅡㅡㅡ
용산,B_TOR
전망대,I_TOR
에서,O
풍경사진으로,O
전경을,O
찍고,O
전망대,O
아래층으로,O
내려와,O
습지로,O
연결된,O
가파른,O
길을,O
따라,O
칠면초,O
를,O
만날,O
수,O
있는,O
곳으로,O
내려온다,O
ㅡㅡㅡ,ㅡㅡㅡ
해가,O
지기,O
시작하고,O
저녁,O
노을에,O
사진을,O
찍는다,O
ㅡㅡㅡ,ㅡㅡㅡ
3일후,O
다시,O
순천만,B_TOR
칠면초,O
가,O
있는,O
곳,O
2,O
거리인,O
와온해변,B_TOR
양쪽,O
을,O
다,O
찾아서,O
사진을,O
찍는다,O
ㅡㅡㅡ,ㅡㅡㅡ
사진,O
게시와,O
클로징,O
인사,O
ㅡㅡㅡ,ㅡㅡㅡ
한국어,O
와,O
영어,O
자막,O
있어요,O
ㅡㅡㅡ,ㅡㅡㅡ
즐겁게,O
감상하세요,O
ㅡㅡㅡ,ㅡㅡㅡ
경주,O
불국사,O
와,O
서산,O
개심사,O
와,O
함께,O
ㅡㅡㅡ,ㅡㅡㅡ
순천,B_LOC
선암사,B_TOR
는,O
3대,O
겹벚꽃,O
풍경,O
명소로,O
매우,O
유명합니다,O
ㅡㅡㅡ,ㅡㅡㅡ
2021년,O
올해봄,O
도,O
선암사,B_TOR
에는,O
아주,O
예쁜,O
겹벚꽃,O
이,O
활짝,O
만개했습니다,O
ㅡㅡㅡ,ㅡㅡㅡ
이제,O
벚꽃,O
은,O
다,O
떨어져,O
아쉬움이,O
있지만,O
ㅡㅡㅡ,ㅡㅡㅡ
벛꽃,O
이,O
지고나서,O
피우는,O
겹벚꽃,O
은,O
더욱,O
풍성하고,O
화려함이,O
있습니다,O
ㅡㅡㅡ,ㅡㅡㅡ
같이,O
랜선타고,O
순천,B_LOC
선암사,B_TOR
로,O
떠나볼까요,O
ㅡㅡㅡ,ㅡㅡㅡ
아이폰,O
은,O
정말,O
영상이,O
예쁘게,O
잘,O
나오는것,O
같아요,O
ㅡㅡㅡ,ㅡㅡㅡ
카메라,O
를,O
가져가도,O
영상은,O
무조건,O
아이폰,O
으로,O
찍고,O
있습니다,O
ㅡㅡㅡ,ㅡㅡㅡ
매빅에어2,O
또한,O
매우,O
만족스러워요,O
ㅡㅡㅡ,ㅡㅡㅡ
2021415,O
ㅡㅡㅡ,ㅡㅡㅡ
12,O
2,O
ㅡㅡㅡ,ㅡㅡㅡ
ㅡㅡㅡ,ㅡㅡㅡ
화질은,O
1080,O
로,O
설정하시면,O
선명하게,O
보실,O
수,O
있습니다,O
ㅡㅡㅡ,ㅡㅡㅡ
안녕하세요,O
ㅡㅡㅡ,ㅡㅡㅡ
2월,O
이,O
눈,O
깜짝할,O
사이에,O
ㅡㅡㅡ,ㅡㅡㅡ
사라져버렸네요,O
ㅡㅡㅡ,ㅡㅡㅡ
3월,O
은,O
더,O
부지런하게,O
보내야겠어요,O
ㅡㅡㅡ,ㅡㅡㅡ
그럼,O
오늘,O
도,O
내일,O
도,O
ㅡㅡㅡ,ㅡㅡㅡ
즐겁게,O
보내보아요,O
ㅡㅡㅡ,ㅡㅡㅡ
ㅡㅡㅡ,ㅡㅡㅡ
ㅡㅡㅡ,ㅡㅡㅡ
769477,O
ㅡㅡㅡ,ㅡㅡㅡ
브이로그,O
뉴발란스,O
언박싱,O
ㅡㅡㅡ,ㅡㅡㅡ
순천만국가정원,B_TOR
전라도,O
여행,O
우리나라여행,O
한국여행,O
ㅡㅡㅡ,ㅡㅡㅡ
전남,O
순천시,B_LOC
풍덕동,O
에,O
위치한,O
정원이다,O
ㅡㅡㅡ,ㅡㅡㅡ
세계정원,O
13개,O
참여정원,O
30개,O
테마정원,O
14개,O
총,O
57개,O
의,O
정원으로,O
꾸며져있다,O
ㅡㅡㅡ,ㅡㅡㅡ
대한민국,O
생태도시,O
순천,B_TOR
은,O
세계,O
5대,O
연안습지인,O
순천만습지,B_TOR
의,O
항구적인,O
보전을,O
위해,O
정원을,O
ㅡㅡㅡ,ㅡㅡㅡ
조성하고,O
2013년,O
순천만국제정원박람회,O
를,O
성공적으로,O
개최하였다,O
ㅡㅡㅡ,ㅡㅡㅡ
그,O
이후,O
제1호,O
국가정원으로,O
지정됨으로써,O
순천만국가정원,B_TOR
은,O
대한민국,O
정원문화,O
산업의,O
메카로,O
ㅡㅡㅡ,ㅡㅡㅡ
자리매김하게,O
되었다,O
ㅡㅡㅡ,ㅡㅡㅡ
2019033020190506까지,O
는,O
순천만국가정원봄꽃향연,O
이,O
개최된다,O
ㅡㅡㅡ,ㅡㅡㅡ
굉장히,O
넓고,O
볼거리도,O
다양해서,O
하루,O
에,O
다,O
돌아보기에는,O
시간이,O
부족하다,O
ㅡㅡㅡ,ㅡㅡㅡ
ㅡㅡㅡ,ㅡㅡㅡ
ㅡㅡㅡ,ㅡㅡㅡ
안녕하세요,O
ㅡㅡㅡ,ㅡㅡㅡ
여행하기,O
그림그리기,O
취미부자,O
안입니다,O
ㅡㅡㅡ,ㅡㅡㅡ
겨울,O
에,O
다녀온,O
순천만국가정원,B_TOR
의,O
모습을,O
담았습니다,O
ㅡㅡㅡ,ㅡㅡㅡ
ㅡㅡㅡ,ㅡㅡㅡ
ㅡㅡㅡ,ㅡㅡㅡ
ㅡㅡㅡ,ㅡㅡㅡ
순천,B_LOC
순천만국가정원,B_TOR
브이로그,O
순천,B_LOC
여행,O
ㅡㅡㅡ,ㅡㅡㅡ
감성브이로그,O
힐링,O
여행,O
ㅡㅡㅡ,ㅡㅡㅡ
노토킹,O
겨울,O
ㅡㅡㅡ,ㅡㅡㅡ
여수,O
여행,O
여수,O
여행추천,O
여수,O
여행코스,O
ㅡㅡㅡ,ㅡㅡㅡ
오늘,O
도,O
영상을,O
시청해주셔서,O
감사합니다,O
ㅡㅡㅡ,ㅡㅡㅡ
구독과,O
좋아요,O
댓글은,O
제가,O
영상을,O
만드는데,O
큰,O
이,O
됩니다,O
ㅡㅡㅡ,ㅡㅡㅡ
여행장려기간이라,O
여름,O
휴가,O
겸,O
여수,O
를,O
다녀왔고,O
ㅡㅡㅡ,ㅡㅡㅡ
개인,O
수칙들,O
지키며,O
안전하게,O
이동했습니다,O
ㅡㅡㅡ,ㅡㅡㅡ
의료진,O
분들께서,O
노력해주신,O
덕에,O
코로나,O
가,O
많이,O
종식됐어요,O
ㅡㅡㅡ,ㅡㅡㅡ
여수,O
에서,O
만난,O
모든,O
분들이,O
방역에,O
신경쓰고,O
계셔서,O
다행이다라고,O
생각했는데,O
ㅡㅡㅡ,ㅡㅡㅡ
이기적인,O
사람들,O
덕분에,O
다시,O
원점으로,O
돌아가네요,O
ㅡㅡㅡ,ㅡㅡㅡ
여러분들도,O
연휴기간,O
때,O
즐거운,O
시간,O
보내시길,O
바랬는데,O
마음이,O
아파요,O
ㅡㅡㅡ,ㅡㅡㅡ
ㅡㅡㅡ,ㅡㅡㅡ
인스타그램,O
98,O
ㅡㅡㅡ,ㅡㅡㅡ
비즈니스,O
메일,O
0525,O
ㅡㅡㅡ,ㅡㅡㅡ
ㅡㅡㅡ,ㅡㅡㅡ
5,O
ㅡㅡㅡ,ㅡㅡㅡ
타임머신을,O
타고,O
1950년1980년대,O
로,O
떠났던,O
하루,O
ㅡㅡㅡ,ㅡㅡㅡ
덥디더운,O
6월,O
감사히,O
보냈던,O
저희,O
부부,O
만의,O
낭만을,O
담아보았습니다,O
ㅡㅡㅡ,ㅡㅡㅡ
행복가득용용,O
부부,O
ㅡㅡㅡ,ㅡㅡㅡ
순천드라마촬영장,B_TOR
ㅡㅡㅡ,ㅡㅡㅡ
브이로그,O
ㅡㅡㅡ,ㅡㅡㅡ
썸네일영상,O
ㅡㅡㅡ,ㅡㅡㅡ
사진,O
ㅡㅡㅡ,ㅡㅡㅡ
2,O
ㅡㅡㅡ,ㅡㅡㅡ
ㅡㅡㅡ,ㅡㅡㅡ
2020,O
용용부부,O
2,O
ㅡㅡㅡ,ㅡㅡㅡ
브금,O
대통령,O
ㅡㅡㅡ,ㅡㅡㅡ
5,O
ㅡㅡㅡ,ㅡㅡㅡ
08,O
ㅡㅡㅡ,ㅡㅡㅡ
여행브이로그,O
내일,O
로,O
종강,O
ㅡㅡㅡ,ㅡㅡㅡ
안녕하세요,O
이번주,O
에는,O
내일,O
로,O
여행을,O
다녀왔습니다ㅎㅎ,O
ㅡㅡㅡ,ㅡㅡㅡ
날은,O
많이,O
더웠지만,O
정말,O
재미있었습니다,O
ㅡㅡㅡ,ㅡㅡㅡ
재밌게,O
봐주세요,O
감사합니다,O
ㅡㅡㅡ,ㅡㅡㅡ
ㅡㅡㅡ,ㅡㅡㅡ
ㅡㅡㅡ,ㅡㅡㅡ
ㅡㅡㅡ,ㅡㅡㅡ
ㅡㅡㅡ,ㅡㅡㅡ
ㅡㅡㅡ,ㅡㅡㅡ
ㅡㅡㅡ,ㅡㅡㅡ
싱스트리,O
트,O
골든차일드,O
홍주찬,O
러블리즈,O
베이비소울,O
류수정,O
ㅡㅡㅡ,ㅡㅡㅡ
순천,B_LOC
여행,O
한글자막,O
ㅡㅡㅡ,ㅡㅡㅡ
이,O
자막은,O
다운캡을,O
통하여,O
생성,O
되었습니다,O
ㅡㅡㅡ,ㅡㅡㅡ
ㅡㅡㅡ,ㅡㅡㅡ
그네,O
벤치,O
순천만국가정원,B_TOR
서울식물원,O
브이로그,O
여행,O
ㅡㅡㅡ,ㅡㅡㅡ
띵이네,O
가족,O
의,O
띵불허전,O
띵튜브,O
ㅡㅡㅡ,ㅡㅡㅡ
시청해,O
주셔서,O
감사합니다,O
ㅡㅡㅡ,ㅡㅡㅡ
구독과,O
좋아요,O
그리고,O
알림까지,O
잊지,O
마세요,O
ㅡㅡㅡ,ㅡㅡㅡ
띵튜브,O
37938,O
ㅡㅡㅡ,ㅡㅡㅡ
순천만,B_TOR
국가정원,I_TOR
네덜란드,O
풍차,O
내가,O
그린,O
뱅글뱅글,O
풍차,O
ㅡㅡㅡ,ㅡㅡㅡ
순천만,B_TOR
국가정원,I_TOR
네덜란드,O
풍차,O
를,O
보고,O
7세,O
꼬마가,O
그렸어요,O
ㅡㅡㅡ,ㅡㅡㅡ
띵이네,O
가족,O
의,O
띵불허전,O
띵튜브,O
ㅡㅡㅡ,ㅡㅡㅡ
시청해,O
주셔서,O
감사합니다,O
ㅡㅡㅡ,ㅡㅡㅡ
구독과,O
좋아요,O
그리고,O
알림까지,O
잊지,O
마세요,O
ㅡㅡㅡ,ㅡㅡㅡ
띵튜브,O
37938,O
ㅡㅡㅡ,ㅡㅡㅡ
순천,B_LOC
여행,O
브이로그,O
1,O
2박3일,O
순천,B_LOC
여행,O
와온해변,B_TOR
국밥,O
노을보기,O
ㅡㅡㅡ,ㅡㅡㅡ
화질은,O
꼭,O
1080,O
로,O
설정해주세요,O
ㅡㅡㅡ,ㅡㅡㅡ
종강을,O
하고,O
떠난,O
순천,B_LOC
여행,O
ㅡㅡㅡ,ㅡㅡㅡ
브이로그로,O
담아본,O
순천,B_LOC
여행기랍니다,O
ㅡㅡㅡ,ㅡㅡㅡ
오늘,O
도,O
시청해주셔서,O
감사합니다,O
ㅡㅡㅡ,ㅡㅡㅡ
ㅡㅡㅡ,ㅡㅡㅡ
0202,O
ㅡㅡㅡ,ㅡㅡㅡ
브이로그,O
일상기록,O
일상,O
여행,O
여행브이로그,O
순천,B_LOC
순천,B_LOC
여행,O
여행기록,O
바다,O
와온해변,B_TOR
카페와온,B_CAF
순천,B_LOC
브이로그,O
오오티디,O
건봉국밥,B_RES
전라도,O
여행,O
전남,O
여행,O
순천,B_LOC
국내여행,O
ㅡㅡㅡ,ㅡㅡㅡ
