﻿word,ner
애프터스쿨,O
출신,O
이가은,O
과,O
함께하는,O
전남,O
랜선,O
여행기,O
순천,B_LOC
편,O
ㅡㅡㅡ,ㅡㅡㅡ
인싸갑,O
07,O
갑수형,O
과,O
9,O
이,O
떠나는,O
인싸여행,O
순천,B_LOC
편,O
ㅣ유료광고포함,O
ㅡㅡㅡ,ㅡㅡㅡ
순천,B_LOC
할머니,O
댁,O
브이로그,O
힐링하기,O
제일,O
좋은,O
곳,O
아빠,O
의,O
고향이자,O
할머니,O
댁이,O
있는,O
순천,B_LOC
에,O
다녀오다,O
ㅡㅡㅡ,ㅡㅡㅡ
구례,O
에서,O
피크닉하고,O
순천,B_LOC
대나무,O
숲,O
사이에서,O
고기,O
먹는,O
일상,O
브이로그,O
ㅡㅡㅡ,ㅡㅡㅡ
산후,O
조리원,O
브이로그,O
순천,B_LOC
더마더힐,O
조리원,O
39,O
ㅡㅡㅡ,ㅡㅡㅡ
1박2일,O
국내여행,O
보성,O
순천,B_LOC
대한다원,O
녹차,O
밭,O
순천만습지,B_TOR
순천만국가정원,B_TOR
ㅡㅡㅡ,ㅡㅡㅡ
125,O
오토바이,O
여행,O
3,O
순천낙안읍성,B_TOR
부여,O
ㅡㅡㅡ,ㅡㅡㅡ
우잉푸,O
베트남,O
유튜버,O
스타,O
순천,B_LOC
여행,O
순천만,B_TOR
습지,I_TOR
와온해변,B_TOR
한국어,O
영어,O
자막,O
ㅡㅡㅡ,ㅡㅡㅡ
순천,B_LOC
여행,O
브이로그,O
48,O
와온해변,B_TOR
차박,O
ㅣ,O
웃장,O
국밥,O
거리,O
괴목국밥,B_RES
7천원,O
에,O
수육,O
서비스,O
ㅣ,O
순천만,B_TOR
국가정원,I_TOR
드론,O
영상,O
ㅣ,O
지름길,O
따라,O
용산전망대,B_TOR
일몰,O
ㅡㅡㅡ,ㅡㅡㅡ
비,O
오는,O
여수,O
순천,B_LOC
여행,O
브이로그,O
오동도,O
순천만습지,B_TOR
순천만,B_TOR
국가정원,I_TOR
ㅡㅡㅡ,ㅡㅡㅡ
상큼,O
자몽,O
밀짚모자,O
메이크업,O
그리고,O
구독자,O
분들과,O
함께한,O
순천만,B_TOR
여행,O
힐링로그,O
프리메라,O
ㅡㅡㅡ,ㅡㅡㅡ
왕,O
크니까왕,O
이쁜,O
왕벚꽃,O
봄,O
브이로그,O
순천,B_LOC
선암사,B_TOR
의,O
봄,O
ㅡㅡㅡ,ㅡㅡㅡ
새벽,O
감성,O
가득한,O
기차,O
타고,O
순천,B_LOC
여행,O
고딩,O
동창,O
과,O
함께,O
ㅡㅡㅡ,ㅡㅡㅡ
11,O
순천,B_LOC
에서,O
와온,B_TOR
해변,I_TOR
까지,O
홀로,O
도보여행,O
순천,B_LOC
노숙,O
자막,O
있음,O
ㅡㅡㅡ,ㅡㅡㅡ
순천,B_LOC
이야기,O
속으로,O
순천,B_LOC
여행,O
순천,B_LOC
맛집,O
여수,O
제주도,O
배,O
참치마요덮밥,O
카드마술,O
ㅡㅡㅡ,ㅡㅡㅡ
여행브이로그,O
약대생,O
의,O
당일치기,O
순천,B_LOC
여행,O
열심히,O
걷고,O
먹고,O
구경한,O
완벽한,O
순천,B_LOC
당일치기,O
코스,O
서점,O
구경,O
빵,O
충동구매,O
순천만,B_LOC
습지,O
와온해변,B_TOR
국밥,O
거리,O
ㅡㅡㅡ,ㅡㅡㅡ
전라도,O
여행,O
첫번째,O
여수,O
순천,B_LOC
ㅡㅡㅡ,ㅡㅡㅡ
우잉푸,O
베트남,O
100만,O
유튜버,O
순천,B_LOC
여행,O
드라마세트장,B_TOR
청춘창고,O
한국어,O
영어,O
자막,O
ㅡㅡㅡ,ㅡㅡㅡ
봄,O
여행의,O
필수코스,O
정훈,O
이와,O
순천국가정원,B_TOR
ㅡㅡㅡ,ㅡㅡㅡ
한프,O
가족,O
첫,O
순천,B_LOC
가족,O
여행,O
순천만습지,B_TOR
한옥,O
여행에서,O
바베큐,O
항정살김치볶음밥,O
바람맛집,O
거제도,O
글라스데코,O
ㅡㅡㅡ,ㅡㅡㅡ
여행,O
순천,B_LOC
여행,O
여수,O
엠블호텔,O
이그제큐티브,O
스위트룸,O
호텔,O
조식,O
여수당,O
순천,O
맛집,O
집사부일체,O
한정식,O
맛집,O
대원식당,B_RES
먹방,O
낙원읍성,B_TOR
순천만습지,B_TOR
ㅡㅡㅡ,ㅡㅡㅡ
순천만,B_TOR
습지,I_TOR
여행,O
ㅡㅡㅡ,ㅡㅡㅡ
전남,O
순천,B_LOC
에서,O
꽃,O
사진,O
잔뜩,O
찍어볼래,O
국내여행,O
추천,O
ㅡㅡㅡ,ㅡㅡㅡ
마음,O
비우기,O
순천만습지,B_TOR
에서,O
만난,O
짱뚱어,O
와,O
게,O
엄마,O
의,O
집밥,O
갈대,O
숲천천히,O
쉬어가기,O
ㅡㅡㅡ,ㅡㅡㅡ
여수,O
순천,B_LOC
여행기첫,O
국내,O
여행,O
엠마씨,O
ㅡㅡㅡ,ㅡㅡㅡ
순천,B_LOC
낙안읍성,B_TOR
에서,O
생긴일,O
국내여행,O
23,O
ㅡㅡㅡ,ㅡㅡㅡ
옐로우마켓,O
프리버스킹,O
프리마켓,O
셀러,O
및,O
공연팀,O
모집,O
순천문화의거리,B_TOR
순천,B_LOC
여행,O
ㅡㅡㅡ,ㅡㅡㅡ
일상,O
순천,B_LOC
일상,O
순천,B_LOC
낙안읍성,B_TOR
에서,O
신나게,O
놀고,O
구례,O
오일장,O
다녀왔어요,O
ㅡㅡㅡ,ㅡㅡㅡ
순천,B_LOC
여행을,O
가장,O
편안하게,O
하는,O
법,O
알려드립니다,O
순천,B_LOC
가볼만한,O
곳,O
5,O
로이쿠투어택시,O
타고,O
다닌,O
순천,B_LOC
여행,O
ㅡㅡㅡ,ㅡㅡㅡ
2019,O
39,O
템버의,O
순천만,B_TOR
여행,O
39,O
ㅡㅡㅡ,ㅡㅡㅡ
순천,B_LOC
발,O
길,O
가는대로,O
01,O
ㅡㅡㅡ,ㅡㅡㅡ
360,O
57,O
165,O
순천,B_LOC
여행,O
순천,B_LOC
보성,O
팸투어,O
1,O
순천드라마촬영장,B_TOR
에덴의동쪽,O
빛과그림자,O
허삼관,O
제빵왕김탁구,O
360,O
ㅡㅡㅡ,ㅡㅡㅡ
순천만,B_TOR
일몰,O
겨울,O
에,O
더,O
볼만한,O
여행지,O
순천만,B_TOR
과,O
와온해변,B_TOR
ㅡㅡㅡ,ㅡㅡㅡ
순천,B_LOC
여행,O
순천향교,O
순천향교공적비,O
순천우국충절,O
천여년,O
흘러,O
흘러,O
공자,O
와,O
더불어,O
왜적,O
일제,O
악당을,O
물리치며,O
구국독립운동,O
여태껏,O
펼치고,O
있쿠나,O
ㅡㅡㅡ,ㅡㅡㅡ
가을,O
순천,B_LOC
여행,O
억새,O
그리기,O
오일파스텔,O
ㅡㅡㅡ,ㅡㅡㅡ
순천,B_LOC
가을,O
여행,O
순천만습지,B_TOR
갈대밭,O
순천만국가정원,B_TOR
화월당,B_CAF
풍미통닭,B_RES
마늘통닭,O
ㅡㅡㅡ,ㅡㅡㅡ
후니로그,O
방황하는,O
바보,O
제주,O
오겹살,O
과,O
핑크뮬리,O
순천,B_LOC
여행,O
ㅡㅡㅡ,ㅡㅡㅡ
360,O
57,O
166,O
순천,B_LOC
여행,O
순천,B_LOC
보성,O
팸투어2,O
순천만습지,B_TOR
람사르광장,O
흑두루미,O
갈대,O
군락지,O
용산전망대,B_TOR
360,O
ㅡㅡㅡ,ㅡㅡㅡ
360,O
57,O
168,O
보성,O
여행,O
순천,B_LOC
보성,O
팸투어4,O
대한다원,O
보성녹차밭,O
기념품샵,O
차밭전망대,O
중앙전망대,O
대나무,O
숲,O
360,O
ㅡㅡㅡ,ㅡㅡㅡ
여행,O
5,O
나홀로,O
전국일주,O
3일차,O
순천,B_LOC
낙안읍성,B_TOR
남해,O
금산,O
125,O
ㅡㅡㅡ,ㅡㅡㅡ
여수,O
캠핑,O
여행,O
순천만국가정원,B_TOR
여수,O
낭도,O
차박,O
ㅡㅡㅡ,ㅡㅡㅡ
여수,O
순천,B_LOC
그리고,O
부산,O
으로,O
내,O
일로여행,O
1,O
ㅡㅡㅡ,ㅡㅡㅡ
360,O
57,O
167,O
순천,B_LOC
여행,O
순천,B_LOC
보성,O
팸투어3,O
순천만국가정원,B_TOR
봉화언덕,O
꿈의,O
다리,O
한국,O
정원,O
별빛축제,O
360,O
ㅡㅡㅡ,ㅡㅡㅡ
한국,O
순천,B_LOC
여행,O
마늘통닭,O
낙안읍성,B_TOR
순천만국가정원,B_TOR
순천만습지,B_TOR
ㅡㅡㅡ,ㅡㅡㅡ
여행브,O
이로그,O
순천만습지,B_TOR
여수,O
ㅡㅡㅡ,ㅡㅡㅡ
360,O
57,O
170,O
벌교,O
여행,O
순천,B_LOC
보성,O
팸투어6,O
태백산맥문학관,O
원형상,O
백두대간의염원,O
소화의집,O
현부자네집,O
360,O
ㅡㅡㅡ,ㅡㅡㅡ
승보종찰,O
순천,B_LOC
송광사,B_TOR
를,O
아시나요,O
국내여행,O
사찰여행,O
사찰기행,O
전남,O
여행,O
순천,B_LOC
여행,O
법정,O
스님,O
무소유,O
불일암,O
ㅡㅡㅡ,ㅡㅡㅡ
360,O
57,O
169,O
벌교,O
여행,O
순천,B_LOC
보성,O
팸투어5,O
보성여관,O
소설,O
39,O
태백산맥,O
39,O
남도여관,O
실제모델,O
360,O
ㅡㅡㅡ,ㅡㅡㅡ
2016,O
전라도,O
순천,B_LOC
순천,B_LOC
여행,O
순천만습지,B_TOR
ㅡㅡㅡ,ㅡㅡㅡ
순천,B_LOC
여행,O
일상여행,O
브이로그,O
ㅡㅡㅡ,ㅡㅡㅡ
순천만습지공원,B_TOR
갈대,O
칠면초,O
와온해변,B_TOR
국내,O
가을,O
여행지,O
출사지,O
ㅡㅡㅡ,ㅡㅡㅡ
2021,O
전남,O
겹벚꽃,O
명소,O
순천,B_LOC
선암사,B_TOR
풍경,O
봄,O
꽃,O
힐링,O
여행,O
떠나요,O
4,O
ㅡㅡㅡ,ㅡㅡㅡ
브이로그,O
뉴발란스530,O
언박싱,O
하울,O
티라미수,O
만들기,O
순천,B_LOC
선암사,B_TOR
다녀오기,O
수제비,O
먹기,O
내,O
사랑,O
마카롱,O
ㅡㅡㅡ,ㅡㅡㅡ
순천만국가정원,B_TOR
전라도,O
여행,O
우리나,O
라여행,O
한국여행,O
대한민국,O
여행,O
ㅡㅡㅡ,ㅡㅡㅡ
1,O
순천,B_LOC
여행,O
브이로그,O
순천만국가정원,B_TOR
겨울여행,O
ㅡㅡㅡ,ㅡㅡㅡ
비,O
내리는,O
여수,O
여행,O
여수,O
여행코스,O
맛집추천,O
루지,O
순천만국가정원,B_TOR
오동도,O
아쿠아플라넷,O
여행,O
브이로그,O
ㅡㅡㅡ,ㅡㅡㅡ
뜨끈뜨끈,O
6월,O
의,O
순천,B_TOR
드라마,I_TOR
촬영장,I_TOR
39,O
고스란히39,O
2,O
ㅡㅡㅡ,ㅡㅡㅡ
국내여행,O
순천만습지,B_TOR
순천만,B_TOR
국가정원,I_TOR
꼬막,O
정식,O
운수,O
창작소,O
여수,O
밤바다,O
하모회,O
갯장어회,O
ㅡㅡㅡ,ㅡㅡㅡ
싱스트리트,O
골든차일드,O
러블리즈,O
순천,B_LOC
여행,O
ㅡㅡㅡ,ㅡㅡㅡ
그네,O
벤치,O
순천만국가정원,B_TOR
서울식물원,O
브이로그,O
여행,O
ㅡㅡㅡ,ㅡㅡㅡ
순천만,B_TOR
국가정원,I_TOR
네덜란드,O
풍차,O
내가,O
그린,O
뱅글뱅글,O
풍차,O
그림,O
브이로그,O
여행,O
ㅡㅡㅡ,ㅡㅡㅡ
순천,B_LOC
여행,O
브이로그,O
1,O
2박3일,O
순천,B_LOC
여행,O
와온해변,B_TOR
국밥,O
노을보기,O
ㅡㅡㅡ,ㅡㅡㅡ
