﻿word,ner
바람도,O
구름도,O
쉬어가는,O
만휴정,B_TOR
ㅡㅡㅡ,ㅡㅡㅡ
만휴정길로,O
올라가다,O
보면,O
묵계계곡,B_TOR
의,O
시원한,O
송암폭포,B_TOR
가,O
인사를,O
합니다,O
ㅡㅡㅡ,ㅡㅡㅡ
폭포,O
소리만,O
들어도,O
힐링이,O
됩니다,O
ㅡㅡㅡ,ㅡㅡㅡ
만휴정,B_TOR
은,O
폭포와,O
흐르는,O
물,O
바람,O
나무,O
그리고,O
구름이,O
함께,O
어우러지는,O
자연의,O
공간입니다,O
ㅡㅡㅡ,ㅡㅡㅡ
만휴정,B_TOR
은,O
조선시대,O
문신,O
김계행,O
이,O
늙어서,O
산책과,O
독서로,O
지낸,O
곳입니다,O
ㅡㅡㅡ,ㅡㅡㅡ
아담한,O
크기의,O
만휴정,B_TOR
ㅡㅡㅡ,ㅡㅡㅡ
드라마,O
미스터션샤인,O
이후,O
많은,O
사람들이,O
만휴정,B_TOR
을,O
찾고,O
있습니다,O
ㅡㅡㅡ,ㅡㅡㅡ
만휴정,B_TOR
에서,O
이곳,O
다리,O
가,O
가장,O
사진,O
찍기,O
좋은곳입니다,O
ㅡㅡㅡ,ㅡㅡㅡ
보는내내,O
저까지,O
행복해,O
합니다,O
ㅡㅡㅡ,ㅡㅡㅡ
저는,O
인생,O
사진이,O
아니라,O
인생,O
영상을,O
찍었답니다,O
ㅡㅡㅡ,ㅡㅡㅡ
물론,O
원격으로,O
셀카이지만요,O
하하하,O
ㅡㅡㅡ,ㅡㅡㅡ
영상,O
편집을,O
하다,O
보니,O
가방을,O
메고,O
안,O
메고,O
엉망입니다,O
하하,O
ㅡㅡㅡ,ㅡㅡㅡ
이해해,O
주세요,O
ㅡㅡㅡ,ㅡㅡㅡ
물에,O
빠져서,O
맨발로,O
다닌다고,O
하네요,O
ㅡㅡㅡ,ㅡㅡㅡ
사투리가,O
정겹네요,O
ㅡㅡㅡ,ㅡㅡㅡ
마치,O
소녀가,O
된,O
듯,O
너무,O
행복해,O
보이지,O
않나요,O
ㅡㅡㅡ,ㅡㅡㅡ
구름다리로,O
인해,O
만휴정,B_TOR
이,O
더욱,O
풍성해집니다,O
ㅡㅡㅡ,ㅡㅡㅡ
ㅡㅡㅡ,ㅡㅡㅡ
평일,O
이었는데,O
불구하고,O
많은,O
여행객,O
들이,O
오네요,O
ㅡㅡㅡ,ㅡㅡㅡ
멋진,O
꼬마,O
친구,O
가,O
조심스럽게,O
계단을,O
내려옵니다,O
ㅡㅡㅡ,ㅡㅡㅡ
촬영,O
협조해,O
주셔서,O
감사합니다,O
ㅡㅡㅡ,ㅡㅡㅡ
문고리,O
하나,O
로,O
멋이,O
느껴집니다,O
ㅡㅡㅡ,ㅡㅡㅡ
여기저기,O
눈치를,O
보시더니,O
ㅡㅡㅡ,ㅡㅡㅡ
역시,O
카플,O
들이,O
많이,O
오네요,O
ㅡㅡㅡ,ㅡㅡㅡ
매번,O
원격으로,O
뭔맨쇼,O
연기를,O
하는,O
제,O
모습이,O
웃습네요,O
ㅡㅡㅡ,ㅡㅡㅡ
드라마,O
미스터션샤인,O
의,O
이병헌,O
김태리,O
씬을,O
찍은,O
그곳입니다,O
ㅡㅡㅡ,ㅡㅡㅡ
물과,O
초록이,O
들이,O
소통하는,O
공간이,O
사랑스럽기만,O
합니다,O
ㅡㅡㅡ,ㅡㅡㅡ
이번,O
촬영은,O
힐링하며,O
여유있게,O
촬영을,O
했답니다,O
ㅡㅡㅡ,ㅡㅡㅡ
자동초점,O
설정을,O
안해서,O
흐리게,O
나왔어요,O
ㅡㅡㅡ,ㅡㅡㅡ
어린,O
꼬마가,O
옵니다,O
ㅡㅡㅡ,ㅡㅡㅡ
일단,O
화면을,O
가리시고하하하,O
ㅡㅡㅡ,ㅡㅡㅡ
어린,O
꼬마를,O
보면서,O
목소리로,O
웃기기,O
ㅡㅡㅡ,ㅡㅡㅡ
안동,B_LOC
으로,O
갑니다,O
평소와는,O
다른,O
목소리,O
ㅡㅡㅡ,ㅡㅡㅡ
ㅋㅋㅋㅋㅋㅋㅋㅋㅋㅋㅋㅋㅋㅋㅋㅋㅋㅋㅋㅋㅋ,O
ㅡㅡㅡ,ㅡㅡㅡ
내레이션처럼,O
예쁜,O
목소리,O
내고,O
싶다,O
ㅡㅡㅡ,ㅡㅡㅡ
가보자,O
ㅡㅡㅡ,ㅡㅡㅡ
날씨,O
좋다,O
ㅡㅡㅡ,ㅡㅡㅡ
같은,O
풍경의,O
반복이라,O
은근히,O
멀게,O
느껴진다,O
ㅡㅡㅡ,ㅡㅡㅡ
예쁜,O
가로수길,O
발견했어요,O
ㅡㅡㅡ,ㅡㅡㅡ
가로수길,O
이,O
예뻐서,O
내렸어요,O
ㅡㅡㅡ,ㅡㅡㅡ
차,O
가,O
없으니,O
더,O
좋다,O
ㅡㅡㅡ,ㅡㅡㅡ
모내기가,O
잘,O
심겼네,O
농사야,O
잘,O
되거라,O
ㅡㅡㅡ,ㅡㅡㅡ
드디어,O
안동,B_LOC
도착했어요,O
ㅡㅡㅡ,ㅡㅡㅡ
부용대,B_TOR
가는,O
길입니다,O
ㅡㅡㅡ,ㅡㅡㅡ
도착하기,O
1분전,O
이에요,O
ㅡㅡㅡ,ㅡㅡㅡ
도착했어요,O
ㅡㅡㅡ,ㅡㅡㅡ
예쁜,O
카페도,O
있어요,O
ㅡㅡㅡ,ㅡㅡㅡ
부용대,B_TOR
올라가는,O
길입니다,O
ㅡㅡㅡ,ㅡㅡㅡ
열심히,O
올라가는중,O
ㅡㅡㅡ,ㅡㅡㅡ
정상이에요,O
ㅡㅡㅡ,ㅡㅡㅡ
안동마을,O
을,O
위에서,O
보니까,O
너무,O
멋졌어요,O
ㅡㅡㅡ,ㅡㅡㅡ
다보고,O
저녁먹으러,O
가는,O
길입니다,O
ㅡㅡㅡ,ㅡㅡㅡ
안동,O
찜닭,O
을,O
먹을거에요,O
ㅡㅡㅡ,ㅡㅡㅡ
너무,O
맛있어요ㅠㅠㅠ,O
진짜,O
가장,O
최고에요,O
ㅡㅡㅡ,ㅡㅡㅡ
처음,O
가본,O
안동,B_LOC
은,O
아주,O
멋진,O
곳이었어요,O
ㅡㅡㅡ,ㅡㅡㅡ
이로써,O
짧았던,O
여행,O
끝입니다,O
ㅡㅡㅡ,ㅡㅡㅡ
문,O
닫니다,O
ㅡㅡㅡ,ㅡㅡㅡ
코로나19,O
방역,O
ㅡㅡㅡ,ㅡㅡㅡ
감사합니다,O
ㅡㅡㅡ,ㅡㅡㅡ
절,O
믿어요,O
ㅡㅡㅡ,ㅡㅡㅡ
네,O
ㅡㅡㅡ,ㅡㅡㅡ
양가태극권,O
ㅡㅡㅡ,ㅡㅡㅡ
손가태극권,O
ㅡㅡㅡ,ㅡㅡㅡ
오,O
ㅡㅡㅡ,ㅡㅡㅡ
아빠,O
그렇다고,O
딱,O
한번만,O
밀어줘,O
ㅡㅡㅡ,ㅡㅡㅡ
돌,O
돌리네,O
ㅡㅡㅡ,ㅡㅡㅡ
안녕하세요,O
ㅡㅡㅡ,ㅡㅡㅡ
도교,O
사원,O
가면,O
지금은,O
모르겠는데,O
그,O
때는,O
도사복,O
입고,O
청소하는,O
사람들이,O
있었는데,O
다,O
직업이라네요,O
ㅡㅡㅡ,ㅡㅡㅡ
아,O
ㅡㅡㅡ,ㅡㅡㅡ
안녕하세요,O
ㅡㅡㅡ,ㅡㅡㅡ
홀뢰태극권,O
ㅡㅡㅡ,ㅡㅡㅡ
봄,O
이네요,O
ㅡㅡㅡ,ㅡㅡㅡ
코비가,O
와,O
아이더,O
의,O
두번째,O
콜라보레이션은,O
안동,B_LOC
에서,O
시작합니다,O
ㅡㅡㅡ,ㅡㅡㅡ
여러분은,O
안동,B_LOC
하면,O
떠오르는,O
곳은,O
어디인가요,O
ㅡㅡㅡ,ㅡㅡㅡ
영월교,B_TOR
ㅡㅡㅡ,ㅡㅡㅡ
도산서원,B_TOR
ㅡㅡㅡ,ㅡㅡㅡ
이번에,O
제가,O
안동,B_LOC
에서,O
준비한,O
콘텐츠는,O
ㅡㅡㅡ,ㅡㅡㅡ
안동,B_LOC
의,O
히든스팟과,O
ㅡㅡㅡ,ㅡㅡㅡ
히든,O
포토존을,O
여러분들께,O
알려드리려고,O
지금,O
제가,O
안동,B_LOC
으로,O
찾아,O
왔거든요,O
ㅡㅡㅡ,ㅡㅡㅡ
그러면,O
저와,O
아이더,O
와,O
함께,O
안동,B_LOC
의,O
곳곳을,O
떠나보겠습니다,O
ㅡㅡㅡ,ㅡㅡㅡ
여기는,O
백운정,B_TOR
건너편에,O
있는,O
송숲길,O
인데요,O
ㅡㅡㅡ,ㅡㅡㅡ
이곳에,O
왜,O
지금,O
주목을,O
받는가하면,O
ㅡㅡㅡ,ㅡㅡㅡ
주변에,O
벚꽃길이,O
정말,O
너무나도,O
아름답습니다,O
ㅡㅡㅡ,ㅡㅡㅡ
봄,O
이네요,O
ㅡㅡㅡ,ㅡㅡㅡ
벚꽃,O
이,O
올해,O
굉장히,O
빨리피고,O
지다,O
보니까,O
지금,O
거의,O
떨어진,O
지역도,O
많은데요,O
ㅡㅡㅡ,ㅡㅡㅡ
아직까지도,O
막바지,O
벚꽃,O
의,O
아름다움을,O
예쁘게,O
뽐내고,O
있습니다,O
ㅡㅡㅡ,ㅡㅡㅡ
이,O
곳의,O
가장,O
큰,O
장점은,O
사람이,O
정말,O
없다는,O
점인데요,O
ㅡㅡㅡ,ㅡㅡㅡ
제가,O
방문했을,O
때도,O
거의,O
아무도,O
없었습니다,O
ㅡㅡㅡ,ㅡㅡㅡ
아무도,O
없는,O
곳에서,O
벚꽃,O
을,O
즐기는게,O
쉽지않은데,O
그게,O
이곳의,O
가장,O
큰,O
매력이라고,O
생각합니다,O
ㅡㅡㅡ,ㅡㅡㅡ
그리고,O
여기,O
뿐만이,O
아니고,O
안쪽,O
으로,O
들어가면,O
또,O
소나무,O
가,O
엄청,O
울창하게,O
있기,O
때문에,O
ㅡㅡㅡ,ㅡㅡㅡ
초록색,O
그리고,O
핑크,O
의,O
조화를,O
느낄,O
수가,O
있는,O
곳이,O
바로,O
백운정,B_TOR
앞,O
에,O
있는,O
송숲길,O
입니다,O
ㅡㅡㅡ,ㅡㅡㅡ
이번에,O
찾아온,O
것은,O
바로,O
병산서원,B_TOR
입니다,O
이,O
뒤에,O
풍경,O
보이세요,O
와,O
너무,O
예쁘죠,O
지금,O
ㅡㅡㅡ,ㅡㅡㅡ
너무나,O
아름다운,O
곳에,O
위치하고,O
있는,O
이,O
병산서원,B_TOR
은,O
특히,O
하늘에,O
구름이,O
예쁜,O
날에,O
정말,O
아름다운,O
곳입니다,O
ㅡㅡㅡ,ㅡㅡㅡ
한옥,O
산,O
그리고,O
구름까지,O
조화가,O
너무나도,O
예쁜데요,O
병산서원,B_TOR
은,O
하회마을,B_TOR
에서,O
그렇게,O
멀지는,O
않은,O
곳에,O
있습니다,O
ㅡㅡㅡ,ㅡㅡㅡ
병산서원,B_TOR
으로,O
들어가면,O
더,O
기분,O
좋은,O
풍경을,O
만날,O
수,O
있는데요,O
서원,O
곳곳에,O
있는,O
꽃,O
과,O
ㅡㅡㅡ,ㅡㅡㅡ
정말,O
아름다운,O
풍경은,O
병산서원,B_TOR
에서,O
앉아서만,O
볼,O
수,O
있는,O
장관입니다,O
ㅡㅡㅡ,ㅡㅡㅡ
아,O
그리고,O
이곳에는,O
백일홍,O
이,O
피는,O
시기가,O
가장,O
예쁘니,O
꼭,O
참고하세요,O
병산서원,B_TOR
의,O
숨은,O
포토존은,O
바로,O
메인,O
건물,O
뒤,O
에서,O
ㅡㅡㅡ,ㅡㅡㅡ
사진의,O
찍는,O
것인데요,O
앞,O
에,O
펼쳐진,O
풍경과,O
어우러져서,O
정말,O
예쁜,O
사진을,O
찍을,O
수,O
있습니다,O
ㅡㅡㅡ,ㅡㅡㅡ
사계절,O
어느,O
때,O
와도,O
이,O
아름다운,O
병산서원,B_TOR
을,O
안동,B_LOC
에,O
가면,O
꼭,O
한번,O
방문해,O
보시기,O
바랍니다,O
ㅡㅡㅡ,ㅡㅡㅡ
오늘,O
은,O
제가,O
아이더트루,O
방풍자켓,O
을,O
입었는데요,O
확실히,O
이렇게,O
일교차가,O
큰,O
봄,O
에는,O
이런,O
자켓,O
이,O
저는,O
필요하다고,O
ㅡㅡㅡ,ㅡㅡㅡ
생각하거든요,O
그리고,O
이,O
아이더자켓,O
이,O
너무,O
가벼워서,O
약간,O
입은,O
ㅡㅡㅡ,ㅡㅡㅡ
느낌도,O
안,O
들,O
정도로,O
지금,O
굉장히,O
가볍습니다,O
또,O
바람도,O
통풍이,O
돼서,O
시원할,O
때,O
굉장히,O
시원하거든요,O
ㅡㅡㅡ,ㅡㅡㅡ
그래서,O
이,O
봄,O
에,O
정말,O
알맞은,O
옷이,O
아닌가,O
저는,O
그렇게,O
생각합니다,O
ㅡㅡㅡ,ㅡㅡㅡ
그,O
다음으로,O
찾아온,O
것은,O
낙강물길공원,B_TOR
입니다,O
사실,O
여기는,O
근처에,O
영월교,B_TOR
가,O
있는데요,O
ㅡㅡㅡ,ㅡㅡㅡ
많은분들이,O
영월교,B_TOR
까지만,O
가고,O
여기까지,O
들어오지,O
않습니다,O
여기는,O
이렇게,O
굉장히,O
좋은,O
공원이,O
조성되어,O
있는데요,O
ㅡㅡㅡ,ㅡㅡㅡ
오늘,O
은,O
아쉽게,O
분수가,O
나오지,O
않네요,O
여기는,O
굉장히,O
조용하고,O
안락한,O
곳입니다,O
ㅡㅡㅡ,ㅡㅡㅡ
영월교,B_TOR
에서,O
북적거리는게,O
싫으시다면,O
물길공원,B_TOR
까지,O
오셔서,O
아주,O
여유로움을,O
느껴,O
보시면,O
ㅡㅡㅡ,ㅡㅡㅡ
좋을,O
것,O
같습니다,O
그런데,O
여기에,O
비밀,O
스팟이,O
있거든요,O
ㅡㅡㅡ,ㅡㅡㅡ
이곳이,O
낙강물길공원,B_TOR
의,O
비밀,O
스팟입니다,O
여기,O
위는,O
정말,O
사람들이,O
잘,O
모르는,O
곳입니다,O
ㅡㅡㅡ,ㅡㅡㅡ
밑에서,O
조금마,O
올라오면,O
의,O
바로,O
이,O
숨겨진,O
포인트를,O
올,O
수,O
있는데요,O
여기는,O
이렇게,O
누워서,O
쉴,O
수,O
있고,O
또,O
여기,O
앞,O
에,O
앉으면,O
뷰가,O
제대로,O
ㅡㅡㅡ,ㅡㅡㅡ
보이더군요,O
답답했던,O
마음이,O
확,O
시원,O
해지는,O
느낌이,O
듭니다,O
ㅡㅡㅡ,ㅡㅡㅡ
그래서,O
저는,O
낙강물길공원,B_TOR
밑도,O
좋고,O
위에도,O
좋지만,O
ㅡㅡㅡ,ㅡㅡㅡ
여기,O
중간에,O
있는,O
비밀,O
스팟에,O
꼭,O
와보시기,O
바랍니다,O
ㅡㅡㅡ,ㅡㅡㅡ
지금,O
제가,O
온,O
곳은,O
부용대,B_TOR
입니다,O
사실,O
부용대,B_TOR
는,O
이름이,O
굉장히,O
익숙하실거에요,O
ㅡㅡㅡ,ㅡㅡㅡ
하회마을,B_TOR
에,O
갔다가,O
부용대,B_TOR
에,O
안오시는,O
분들이,O
있어서,O
제가,O
소개해드리는데요,O
ㅡㅡㅡ,ㅡㅡㅡ
하회마을,B_TOR
주변의,O
벚꽃,O
들이,O
또,O
아름답게,O
보입니다,O
ㅡㅡㅡ,ㅡㅡㅡ
부용대,B_TOR
주차장은,O
사실,O
여기서,O
5분만,O
걸어가면,O
되기,O
때문에,O
어렵지,O
않구요,O
올라오는,O
길도,O
정말,O
어렵지,O
않습니다,O
ㅡㅡㅡ,ㅡㅡㅡ
보통,O
오시면,O
안동,B_LOC
의,O
하회마을,B_TOR
은,O
꼭,O
가시지만,O
부용대,B_TOR
도,O
꼭,O
오셔야,O
ㅡㅡㅡ,ㅡㅡㅡ
아름다운,O
하회마을,B_TOR
과,O
안동,B_LOC
의,O
풍경을,O
더,O
즐길,O
수,O
있으니까,O
놓치지,O
말고,O
꼭,O
보시기,O
바랍니다,O
코비가,O
와,O
아이더,O
의,O
두번째,O
콜라보레이션,O
ㅡㅡㅡ,ㅡㅡㅡ
프로젝트,O
바로,O
이,O
안동,B_LOC
편,O
여러분,O
어떠셨습니까,O
아직까지,O
만개한,O
벚꽃,O
과,O
그리고,O
이,O
아름다운,O
병산서원,B_TOR
ㅡㅡㅡ,ㅡㅡㅡ
또,O
낙강물길공원,B_TOR
과,O
마지막으로,O
부용대,B_TOR
까지,O
안동,B_LOC
의,O
곳곳을,O
살펴보셨는데요,O
ㅡㅡㅡ,ㅡㅡㅡ
제가,O
볼때,O
안동,B_LOC
아직까지도,O
봄,O
의,O
느낌을,O
가득,O
느낄,O
수,O
있는,O
곳입니다,O
아직,O
늦지,O
않습니다,O
여러분,O
안동,B_LOC
을,O
함께,O
출발,O
해,O
보시기,O
바랍니다,O
ㅡㅡㅡ,ㅡㅡㅡ
이번,O
여행을,O
참,O
아이더,O
함께,O
에서,O
덥지도,O
춥지도,O
않고,O
뽀송뽀송한,O
즐거운,O
여행이었는데요,O
ㅡㅡㅡ,ㅡㅡㅡ
아이더,O
와,O
함께,O
하니,O
안동,B_LOC
이,O
너무나도,O
즐거웠습니다,O
그렇다면,O
여러분도,O
안동,B_LOC
으로,O
한번,O
봄,O
을,O
느끼러,O
떠나,O
보시기,O
바랍니다,O
ㅡㅡㅡ,ㅡㅡㅡ
다음에,O
만나요,O
안녕,O
ㅡㅡㅡ,ㅡㅡㅡ
여름,O
내일,O
로,O
여행기,O
ㅡㅡㅡ,ㅡㅡㅡ
둘째날,O
스탓,O
ㅡㅡㅡ,ㅡㅡㅡ
어마어마한,O
풍경의,O
말로만,O
듣던,O
정동진역,O
을,O
지나,O
ㅡㅡㅡ,ㅡㅡㅡ
강릉,B_LOC
안동,B_LOC
구간은,O
직통이,O
없어서,O
동해,B_LOC
에서,O
환승해서,O
가야해요,O
ㅡㅡㅡ,ㅡㅡㅡ
한적한,O
동해역,O
ㅡㅡㅡ,ㅡㅡㅡ
전세냈습니다,O
ㅡㅡㅡ,ㅡㅡㅡ
창밖으로,O
창멍을,O
때려봅니다,O
ㅡㅡㅡ,ㅡㅡㅡ
그러다,O
중간에,O
비도,O
오고,O
ㅡㅡㅡ,ㅡㅡㅡ
멋진,O
풍경도,O
만나고,O
ㅡㅡㅡ,ㅡㅡㅡ
세시간,O
을,O
넘게,O
달려,O
드디어,O
도착,O
ㅜㅜ,O
ㅡㅡㅡ,ㅡㅡㅡ
역시,O
쏘카,O
빌렸음둥,O
ㅡㅡㅡ,ㅡㅡㅡ
마침,O
딱,O
숙소,O
근처에,O
있는,O
맛집으로,O
갑니당,O
ㅡㅡㅡ,ㅡㅡㅡ
말로만,O
듣던,O
안동,B_LOC
간고등어,O
시식을,O
앞두고,O
있는,O
상황,O
ㅡㅡㅡ,ㅡㅡㅡ
바삭하게,O
구우면,O
평타는,O
치는,O
고등어,O
와,O
비빔밥,O
말,O
모,O
ㅡㅡㅡ,ㅡㅡㅡ
바삭하게,O
구우면,O
평타는,O
치는,O
고등어,O
와,O
비빔밥,O
말,O
모,O
ㅡㅡㅡ,ㅡㅡㅡ
고등어,O
한입,O
먹고,O
ㅡㅡㅡ,ㅡㅡㅡ
된장찌개,O
한숟갈,O
끝,O
ㅡㅡㅡ,ㅡㅡㅡ
존맛,O
ㅡㅡㅡ,ㅡㅡㅡ
후식,O
먹으러,O
왔습니더,O
ㅡㅡㅡ,ㅡㅡㅡ
여러가지,O
가,O
있는,O
한옥,O
카페였읍니당,O
ㅡㅡㅡ,ㅡㅡㅡ
날이,O
조금만,O
선선했어도,O
야외에서,O
먹는,O
건데,O
말이죠,O
ㅡㅡㅡ,ㅡㅡㅡ
명당자리,O
보이자마자,O
바로,O
겟,O
ㅡㅡㅡ,ㅡㅡㅡ
밀크티,O
와,O
과일티,O
가래떡구이,O
주문했어요,O
ㅡㅡㅡ,ㅡㅡㅡ
파마산치즈,O
가득,O
겉바속촉,O
가래떡구이,O
존맛,O
ㅡㅡㅡ,ㅡㅡㅡ
상콤,O
ㅡㅡㅡ,ㅡㅡㅡ
치즈,O
는,O
항시,O
사방,O
팔방으로,O
묻히자,O
ㅡㅡㅡ,ㅡㅡㅡ
이것은,O
살구,O
일까요,O
ㅡㅡㅡ,ㅡㅡㅡ
괜히,O
맴찢,O
ㅜㅜ,O
ㅡㅡㅡ,ㅡㅡㅡ
든든하게,O
노곤하니,O
배,O
도,O
채웠고,O
본격적으로,O
스텝을,O
밟아봅니다,O
ㅡㅡㅡ,ㅡㅡㅡ
정말,O
비밀의,O
숲에,O
온,O
것,O
같은,O
느낌,O
ㅡㅡㅡ,ㅡㅡㅡ
인생샷,O
백만개,O
건지고,O
군자마을,B_TOR
로,O
두둑히,O
갑니다,O
ㅡㅡㅡ,ㅡㅡㅡ
주차만,O
했을,O
뿐인데,O
뷰,O
맛집으로,O
등극,O
ㅡㅡㅡ,ㅡㅡㅡ
한번,O
들어가,O
볼까유,O
ㅡㅡㅡ,ㅡㅡㅡ
하회마을,B_TOR
까지는,O
조금,O
거리가,O
있어서,O
간택당한,O
군자마을,B_TOR
ㅡㅡㅡ,ㅡㅡㅡ
보니까,O
고택에서,O
숙박도,O
가능하더라고요,O
ㅡㅡㅡ,ㅡㅡㅡ
여기서,O
숙박해보기,O
여행,O
버킷리스트에,O
추가했습니다,O
ㅡㅡㅡ,ㅡㅡㅡ
실제로,O
거주하시는,O
고택도,O
있더라고요,O
ㅡㅡㅡ,ㅡㅡㅡ
작은,O
마을이지만,O
너무,O
예뻐서,O
한시간,O
을,O
넘게,O
돌아다녔어요,O
ㅡㅡㅡ,ㅡㅡㅡ
너무,O
아름다운,O
다운다운다운,O
ㅡㅡㅡ,ㅡㅡㅡ
어,O
우,O
ㅡㅡㅡ,ㅡㅡㅡ
이런,O
뭉툭한,O
서까래가,O
참,O
좋아요,O
ㅡㅡㅡ,ㅡㅡㅡ
고즈넉한,O
마을에는,O
꽃도,O
참,O
예쁘게,O
피었어요,O
ㅡㅡㅡ,ㅡㅡㅡ
후,O
불고,O
싶었지만,O
마스크,O
로,O
인하여,O
아숩,O
ㅡㅡㅡ,ㅡㅡㅡ
바쁜,O
벌꿀,O
꿀벌,O
ㅡㅡㅡ,ㅡㅡㅡ
중년,O
갬성이,O
제게도,O
생겼는지,O
꽃만,O
보면,O
접사로,O
들이댐,O
ㅡㅡㅡ,ㅡㅡㅡ
흡사,O
트메이러,O
ㅡㅡㅡ,ㅡㅡㅡ
다음코스는,O
선성수상길,B_TOR
입니다,O
ㅡㅡㅡ,ㅡㅡㅡ
갑자기,O
바람과,O
함께,O
사라지고,O
싶은데요,O
ㅡㅡㅡ,ㅡㅡㅡ
바람에,O
실려,O
두둥실,O
전망대까지,O
가보렵니더,O
ㅡㅡㅡ,ㅡㅡㅡ
임금님,O
귀,O
는,O
당나귀,O
귀,O
외쳐야,O
될,O
판,O
ㅡㅡㅡ,ㅡㅡㅡ
도착했는데,O
약간,O
허무,O
ㅡㅡㅡ,ㅡㅡㅡ
온,O
김에,O
접사나,O
한번,O
땡기고,O
가렵니다,O
ㅡㅡㅡ,ㅡㅡㅡ
자,O
자,O
모이세요,O
갑니다,O
ㅡㅡㅡ,ㅡㅡㅡ
저기,O
끝까지,O
세상,O
끝까지,O
ㅡㅡㅡ,ㅡㅡㅡ
요약,O
다리,O
는,O
땅에,O
박힌게,O
아니다,O
물에,O
떠있다,O
ㅡㅡㅡ,ㅡㅡㅡ
저기,O
있는,O
줄이,O
다리,O
를,O
지탱하는,O
것,O
같아요,O
ㅡㅡㅡ,ㅡㅡㅡ
다리,O
가,O
물결에,O
흔들리니까,O
약간,O
현기증,O
이,O
나면서,O
라면,O
끓여주,O
ㅡㅡㅡ,ㅡㅡㅡ
아주,O
예전에,O
봤던,O
김,O
씨,O
표류기,O
생각남,O
ㅡㅡㅡ,ㅡㅡㅡ
이,O
자리에,O
있었던,O
국민학교를,O
기리기,O
위한,O
조형물이에요,O
ㅡㅡㅡ,ㅡㅡㅡ
걷다가,O
보니,O
서서히,O
해가,O
지기,O
시작했어요,O
ㅡㅡㅡ,ㅡㅡㅡ
음악,O
분수,O
보러,O
왔어요,O
ㅡㅡㅡ,ㅡㅡㅡ
음악도,O
나오고,O
두둠칫,O
리듬도,O
탑니다,O
ㅡㅡㅡ,ㅡㅡㅡ
이제,O
마무리,O
코스인,O
월령교,B_TOR
로,O
향합니다,O
ㅡㅡㅡ,ㅡㅡㅡ
안동,B_LOC
의,O
밤,O
이,O
서서히,O
저물어,O
갑니다,O
ㅡㅡㅡ,ㅡㅡㅡ
온통,O
초록색,O
으로,O
덮인,O
안동,B_LOC
에서의,O
하루,O
는,O
정말,O
행복했습니다,O
ㅡㅡㅡ,ㅡㅡㅡ
구독과,O
좋아요,O
부탁드려요,O
ㅡㅡㅡ,ㅡㅡㅡ
1,O
유진찜닭,B_RES
안동시,B_LOC
주소,O
경북,O
안동시,B_LOC
번영길,O
12,O
연락처,O
0548546019,O
영업시간09302200,O
정기휴무,O
둘째,O
넷째,O
화요일,O
ㅡㅡㅡ,ㅡㅡㅡ
찜닭,O
한마리,O
28000원,O
ㅡㅡㅡ,ㅡㅡㅡ
깔끔한,O
매운맛과,O
느끼함이,O
덜한,O
맛있는,O
찜닭,O
입니다,O
ㅡㅡㅡ,ㅡㅡㅡ
2,O
가현쌈밥,B_RES
상주시,B_LOC
주소,O
경북,O
상주시,B_LOC
북상주로,O
185,O
연락처,O
0545338835,O
영업시간11002000,O
15001700,O
정기휴무,O
첫째,O
셋째,O
월요일,O
ㅡㅡㅡ,ㅡㅡㅡ
이,O
곳은,O
상주,B_LOC
에서,O
유명한,O
맛집입니다,O
ㅡㅡㅡ,ㅡㅡㅡ
가성비가,O
굉장히,O
좋은,O
곳입니다,O
ㅡㅡㅡ,ㅡㅡㅡ
반찬들은,O
하나,O
하나,O
가,O
맛깔스럽습니다,O
ㅡㅡㅡ,ㅡㅡㅡ
브레이크시간이,O
있으니,O
꼭,O
참고하셔야,O
합니다,O
ㅡㅡㅡ,ㅡㅡㅡ
이,O
곳의,O
주메뉴는,O
우렁쌈밥정식,O
입니다,O
ㅡㅡㅡ,ㅡㅡㅡ
2인분이상,O
주문가능합니다,O
ㅡㅡㅡ,ㅡㅡㅡ
즉석홍합밥,O
메뉴도,O
있습니다,O
ㅡㅡㅡ,ㅡㅡㅡ
주메뉴인,O
우렁쌈밥정식,O
을,O
주문했습니다,O
ㅡㅡㅡ,ㅡㅡㅡ
우렁쌈밥정식,O
11000원,O
ㅡㅡㅡ,ㅡㅡㅡ
가격에,O
비해서,O
음식의,O
종류와,O
맛이,O
정말,O
좋습니다,O
ㅡㅡㅡ,ㅡㅡㅡ
반찬,O
하나,O
하나,O
가,O
다,O
맛있습니다,O
ㅡㅡㅡ,ㅡㅡㅡ
젓가락이,O
쉴새없이,O
반찬으로,O
향합니다,O
ㅡㅡㅡ,ㅡㅡㅡ
원래,O
손맛이,O
좋으신가,O
봅니다,O
ㅡㅡㅡ,ㅡㅡㅡ
상주,B_LOC
에,O
가신다면,O
정말,O
강추입니다,O
ㅡㅡㅡ,ㅡㅡㅡ
단,O
손님,O
이,O
많으니,O
참고하세요,O
ㅡㅡㅡ,ㅡㅡㅡ
생선튀김,O
이,O
바삭바삭한게,O
정말,O
맛있었어요,O
ㅡㅡㅡ,ㅡㅡㅡ
쌈채소도,O
신선합니다,O
ㅡㅡㅡ,ㅡㅡㅡ
우렁쌈장,O
입니다,O
ㅡㅡㅡ,ㅡㅡㅡ
고기,O
를,O
쌈싸서,O
먹으면,O
정말,O
꿀맛입니다,O
ㅡㅡㅡ,ㅡㅡㅡ
된장찌개,O
도,O
꿀맛입니다,O
ㅡㅡㅡ,ㅡㅡㅡ
1930년,O
으로,O
떠나는,O
군산,B_LOC
시간여행,O
ㅡㅡㅡ,ㅡㅡㅡ
오늘,O
이와,O
함께,O
떠나보실까요,O
ㅡㅡㅡ,ㅡㅡㅡ
오늘,O
아,O
ㅡㅡㅡ,ㅡㅡㅡ
속으로,O
ㅡㅡㅡ,ㅡㅡㅡ
들어,O
가자,O
ㅡㅡㅡ,ㅡㅡㅡ
좋아요,O
구독,O
꾸욱,O
눌러주세요,O
ㅡㅡㅡ,ㅡㅡㅡ
1930년,O
엔,O
가게에,O
무엇을,O
팔았을까요,O
ㅡㅡㅡ,ㅡㅡㅡ
오늘,O
아,O
이게,O
요강이야,O
ㅡㅡㅡ,ㅡㅡㅡ
요강,O
아니야,O
ㅡㅡㅡ,ㅡㅡㅡ
도자기야,O
이건,O
ㅡㅡㅡ,ㅡㅡㅡ
요강도,O
도자기로,O
만들었는데,O
ㅡㅡㅡ,ㅡㅡㅡ
그렇긴,O
한데,O
여기에,O
어떻게,O
앉냐,O
ㅡㅡㅡ,ㅡㅡㅡ
이거는,O
ㅡㅡㅡ,ㅡㅡㅡ
항아리,O
ㅡㅡㅡ,ㅡㅡㅡ
고무신,O
가게야,O
ㅡㅡㅡ,ㅡㅡㅡ
신발,O
골라봐,O
아빠,O
가,O
다,O
사줄게,O
ㅡㅡㅡ,ㅡㅡㅡ
신발들이,O
요새,O
신발들,O
아니야,O
ㅡㅡㅡ,ㅡㅡㅡ
이건,O
뭐야,O
ㅡㅡㅡ,ㅡㅡㅡ
저건,O
공기청정기,O
야,O
미래에서,O
온,O
공기청정기,O
ㅡㅡㅡ,ㅡㅡㅡ
오늘,O
아,O
바닷가다,O
ㅡㅡㅡ,ㅡㅡㅡ
아,O
바다,O
향기,O
ㅡㅡㅡ,ㅡㅡㅡ
오늘,O
아,O
이렇게,O
한,O
다음에,O
ㅡㅡㅡ,ㅡㅡㅡ
덤,O
더,O
주고,O
ㅡㅡㅡ,ㅡㅡㅡ
더,O
주고,O
ㅡㅡㅡ,ㅡㅡㅡ
극장에서,O
상영하는,O
최신영화인가,O
봐요,O
ㅡㅡㅡ,ㅡㅡㅡ
한눈에,O
보는,O
1930년,O
군산,B_LOC
전경,O
ㅡㅡㅡ,ㅡㅡㅡ
여기에,O
바른,O
다음에,O
ㅡㅡㅡ,ㅡㅡㅡ
알아,O
ㅡㅡㅡ,ㅡㅡㅡ
태극기를,O
만들었으니,O
ㅡㅡㅡ,ㅡㅡㅡ
독립운동,O
을,O
하러,O
가볼까요,O
ㅡㅡㅡ,ㅡㅡㅡ
대,O
한독립만세,O
ㅡㅡㅡ,ㅡㅡㅡ
만세,O
ㅡㅡㅡ,ㅡㅡㅡ
교실에,O
앉으니,O
자동으로,O
나오는,O
하품,O
ㅡㅡㅡ,ㅡㅡㅡ
하품한,O
학생,O
나와,O
ㅡㅡㅡ,ㅡㅡㅡ
조오늘,O
선생님,O
ㅡㅡㅡ,ㅡㅡㅡ
수업,O
좀,O
해주세요,O
ㅡㅡㅡ,ㅡㅡㅡ
주산,O
해라,O
ㅡㅡㅡ,ㅡㅡㅡ
선생님,O
앞으로,O
30년뒤,O
에는,O
전자계산기,O
가,O
나올,O
겁니다,O
ㅡㅡㅡ,ㅡㅡㅡ
이,O
주판,O
따위는,O
필요,O
없을,O
겁니다,O
ㅡㅡㅡ,ㅡㅡㅡ
말도,O
안,O
되는,O
소리,O
말고,O
ㅡㅡㅡ,ㅡㅡㅡ
앞으로,O
70년,O
이,O
지나면,O
ㅡㅡㅡ,ㅡㅡㅡ
손,O
으로,O
드는,O
컴퓨터,O
가,O
있습니다,O
ㅡㅡㅡ,ㅡㅡㅡ
말도,O
안,O
되는,O
소리,O
하지,O
마라,O
ㅡㅡㅡ,ㅡㅡㅡ
그런,O
게,O
어디,O
있냐,O
ㅡㅡㅡ,ㅡㅡㅡ
있습니다,O
ㅡㅡㅡ,ㅡㅡㅡ
주판은,O
과거의,O
유물입니다,O
ㅡㅡㅡ,ㅡㅡㅡ
필요,O
없습니다,O
ㅡㅡㅡ,ㅡㅡㅡ
지금이,O
무슨,O
과거냐,O
ㅡㅡㅡ,ㅡㅡㅡ
선생님,O
일본인,O
선생님,O
이죠,O
ㅡㅡㅡ,ㅡㅡㅡ
아뇨,O
ㅡㅡㅡ,ㅡㅡㅡ
일본인,O
선생님,O
을,O
무찌르자,O
ㅡㅡㅡ,ㅡㅡㅡ
무찌르자,O
ㅡㅡㅡ,ㅡㅡㅡ
1930년,O
과거,O
시간여행,O
재미있으셨나요,O
ㅡㅡㅡ,ㅡㅡㅡ
오늘,O
아,O
ㅡㅡㅡ,ㅡㅡㅡ
전국일주,O
ㅡㅡㅡ,ㅡㅡㅡ
가자,O
ㅡㅡㅡ,ㅡㅡㅡ
옛,O
군산세관,O
ㅡㅡㅡ,ㅡㅡㅡ
명품들,O
양주,O
이런,O
걸,O
밀수를,O
많이,O
했구나,O
ㅡㅡㅡ,ㅡㅡㅡ
앵무새,O
를,O
생수통에,O
넣어서,O
하다가,O
잡혔대,O
ㅡㅡㅡ,ㅡㅡㅡ
앵무새,O
를,O
왜,O
그렇게,O
데려와,O
ㅡㅡㅡ,ㅡㅡㅡ
수입이,O
금지됐나,O
보지,O
ㅡㅡㅡ,ㅡㅡㅡ
누구냐,O
ㅡㅡㅡ,ㅡㅡㅡ
들어오라고도,O
안,O
했는데,O
왜,O
들어오나,O
ㅡㅡㅡ,ㅡㅡㅡ
세관장,O
님,O
ㅡㅡㅡ,ㅡㅡㅡ
무슨,O
일이냐,O
ㅡㅡㅡ,ㅡㅡㅡ
보고하겠습니다,O
ㅡㅡㅡ,ㅡㅡㅡ
어떤,O
나쁜,O
사람들이,O
앵무새,O
를,O
페트병에,O
넣고,O
밀수를,O
하다,O
잡혔습니다,O
ㅡㅡㅡ,ㅡㅡㅡ
앵무새,O
들이,O
똥을,O
하도,O
많이,O
싸서,O
페트병에,O
똥이,O
한가득입니다,O
ㅡㅡㅡ,ㅡㅡㅡ
앵무새,O
는,O
죽었는가,O
ㅡㅡㅡ,ㅡㅡㅡ
앵무새,O
는,O
다행히,O
무사히,O
구했습니다,O
ㅡㅡㅡ,ㅡㅡㅡ
앵무새,O
살인,O
미수,O
죄로,O
ㅡㅡㅡ,ㅡㅡㅡ
알겠습니다,O
경찰,O
에,O
신고하겠습니다,O
세관,O
ㅡㅡㅡ,ㅡㅡㅡ
오늘,O
이,O
당황했어,O
ㅡㅡㅡ,ㅡㅡㅡ
나쁜,O
사람도,O
동상을,O
만들어놓네,O
ㅡㅡㅡ,ㅡㅡㅡ
간통을,O
하다가,O
남편,O
에게,O
들켜,O
맞아,O
죽었대,O
ㅡㅡㅡ,ㅡㅡㅡ
고태수,O
씨,O
ㅡㅡㅡ,ㅡㅡㅡ
그,O
아저씨,O
안고,O
뭐,O
해,O
ㅡㅡㅡ,ㅡㅡㅡ
나쁜,O
사람,O
안고,O
뭐,O
해,O
ㅡㅡㅡ,ㅡㅡㅡ
공연장이야,O
장미,O
공연장,O
ㅡㅡㅡ,ㅡㅡㅡ
그렇구나,O
ㅡㅡㅡ,ㅡㅡㅡ
아빠,O
랑,O
키가,O
비슷하다,O
ㅡㅡㅡ,ㅡㅡㅡ
이분은,O
좋은,O
일을,O
하신,O
사람이야,O
ㅡㅡㅡ,ㅡㅡㅡ
여기,O
있었네요,O
ㅡㅡㅡ,ㅡㅡㅡ
소설,O
탁류,O
의,O
내용이었대,O
아까,O
ㅡㅡㅡ,ㅡㅡㅡ
채만식,O
의,O
탁류,O
ㅡㅡㅡ,ㅡㅡㅡ
채만식,O
의,O
삼대,O
를,O
고등학교,O
때,O
배울걸,O
ㅡㅡㅡ,ㅡㅡㅡ
탁류에,O
나오는,O
캐릭터들이었어,O
ㅡㅡㅡ,ㅡㅡㅡ
아,O
염상섭,O
의,O
삼대,O
였어,O
오늘,O
아,O
미안해,O
ㅡㅡㅡ,ㅡㅡㅡ
채만식,O
은,O
운수,O
좋은,O
날인가,O
ㅡㅡㅡ,ㅡㅡㅡ
아니,O
ㅡㅡㅡ,ㅡㅡㅡ
현진건,O
이지,O
ㅡㅡㅡ,ㅡㅡㅡ
채만식,O
유명한대,O
ㅡㅡㅡ,ㅡㅡㅡ
일본식인데,O
너무,O
현대식이야,O
ㅡㅡㅡ,ㅡㅡㅡ
일본식이,O
약간,O
근대식이라도,O
해야지,O
ㅡㅡㅡ,ㅡㅡㅡ
우리,O
뭐,O
먹을,O
거야,O
ㅡㅡㅡ,ㅡㅡㅡ
가,O
봐야,O
알,O
것,O
같아,O
ㅡㅡㅡ,ㅡㅡㅡ
빨리,O
가자,O
ㅡㅡㅡ,ㅡㅡㅡ
딴짓,O
좀,O
하지,O
말고,O
ㅡㅡㅡ,ㅡㅡㅡ
알았어,O
미안해,O
ㅡㅡㅡ,ㅡㅡㅡ
택시기사,O
님이,O
강력추천한,O
안동집,B_RES
ㅡㅡㅡ,ㅡㅡㅡ
군산,B_LOC
인데,O
안동집,B_RES
ㅡㅡㅡ,ㅡㅡㅡ
기사,O
님을,O
믿고,O
들어가,O
볼까요,O
ㅡㅡㅡ,ㅡㅡㅡ
군산,B_LOC
에,O
왔는데,O
안동집,B_RES
삼겹살,O
집에,O
왔네요,O
ㅡㅡㅡ,ㅡㅡㅡ
택시기사,O
님이,O
강추한,O
삼겹살,O
집입니다,O
ㅡㅡㅡ,ㅡㅡㅡ
여기,O
블로그에,O
많이,O
안,O
나오잖아,O
ㅡㅡㅡ,ㅡㅡㅡ
사람도,O
엄청,O
많고,O
분위기도,O
좋잖아,O
ㅡㅡㅡ,ㅡㅡㅡ
그러니까,O
우리가,O
이렇게,O
소개해주는,O
거지,O
ㅡㅡㅡ,ㅡㅡㅡ
공기밥,O
을,O
왜,O
이렇게,O
줘,O
ㅡㅡㅡ,ㅡㅡㅡ
대구,B_LOC
가,O
고향,O
많이,O
묵으라,O
ㅡㅡㅡ,ㅡㅡㅡ
많이,O
먹어,O
ㅡㅡㅡ,ㅡㅡㅡ
근데,O
말이야,O
ㅡㅡㅡ,ㅡㅡㅡ
외국에는,O
이거,O
시키고,O
따로,O
ㅡㅡㅡ,ㅡㅡㅡ
이것,O
주세요,O
이것,O
주세요,O
해야,O
된대,O
ㅡㅡㅡ,ㅡㅡㅡ
이렇게,O
반찬,O
많이,O
나오는,O
나라가,O
우리나라,O
밖에,O
없어,O
ㅡㅡㅡ,ㅡㅡㅡ
소리,O
별로,O
안,O
나고,O
아늑한,O
게,O
좋아,O
ㅡㅡㅡ,ㅡㅡㅡ
여긴,O
안,O
아늑해,O
ㅡㅡㅡ,ㅡㅡㅡ
아늑하긴,O
한데,O
너무,O
시끄럽잖아,O
ㅡㅡㅡ,ㅡㅡㅡ
잠시,O
삼겹살,O
지글거리는,O
소리를,O
감상해보실까요,O
ㅡㅡㅡ,ㅡㅡㅡ
된장찌개,O
가,O
공짜로,O
나오네요,O
ㅡㅡㅡ,ㅡㅡㅡ
시켜야,O
될,O
줄,O
알았는데,O
ㅡㅡㅡ,ㅡㅡㅡ
두부,O
가,O
정말,O
많이,O
들어있어요,O
ㅡㅡㅡ,ㅡㅡㅡ
아빠,O
도,O
하나,O
먹어,O
봅시다,O
ㅡㅡㅡ,ㅡㅡㅡ
맛있다,O
ㅡㅡㅡ,ㅡㅡㅡ
오빠,O
좋아하는,O
게,O
다,O
있네,O
ㅡㅡㅡ,ㅡㅡㅡ
진로,O
ㅡㅡㅡ,ㅡㅡㅡ
요즘,O
진로가,O
진짜,O
맛있더라구요,O
ㅡㅡㅡ,ㅡㅡㅡ
맛이,O
달라진,O
건지,O
예뻐서,O
맛있는,O
건지,O
ㅡㅡㅡ,ㅡㅡㅡ
소주,O
도,O
나왔으니,O
이제,O
공격적으로,O
먹어,O
볼까요,O
ㅡㅡㅡ,ㅡㅡㅡ
소주,O
랑,O
가게랑,O
분위기가,O
엄청,O
잘,O
어울린다,O
ㅡㅡㅡ,ㅡㅡㅡ
여기,O
두부,O
를,O
판으로,O
사다,O
놓더라구요,O
ㅡㅡㅡ,ㅡㅡㅡ
여기,O
있는,O
걸,O
다,O
섞어서,O
볶더라,O
ㅡㅡㅡ,ㅡㅡㅡ
엄마,O
가,O
화장실에,O
가서,O
볶는,O
걸,O
촬영을,O
못,O
했어요,O
볶아서,O
오는,O
게,O
아니라,O
여기,O
있는,O
다,O
집어넣었어,O
ㅡㅡㅡ,ㅡㅡㅡ
핸드폰,O
으로,O
찍지,O
그랬어,O
ㅡㅡㅡ,ㅡㅡㅡ
그래,O
생각을,O
못,O
했네,O
ㅡㅡㅡ,ㅡㅡㅡ
오늘,O
이는,O
섞은,O
걸,O
안,O
좋아해요,O
ㅡㅡㅡ,ㅡㅡㅡ
왜,O
김치볶음밥,O
좋아하는데,O
ㅡㅡㅡ,ㅡㅡㅡ
이거,O
김치볶음밥,O
인데,O
ㅡㅡㅡ,ㅡㅡㅡ
의자,O
봐,O
ㅡㅡㅡ,ㅡㅡㅡ
똑같은,O
의자가,O
하나도,O
없어,O
ㅡㅡㅡ,ㅡㅡㅡ
세월인가,O
ㅡㅡㅡ,ㅡㅡㅡ
부러지면,O
하나,O
사고,O
ㅡㅡㅡ,ㅡㅡㅡ
예쁜,O
거,O
있으면,O
하나,O
사고,O
ㅡㅡㅡ,ㅡㅡㅡ
일부러,O
한,O
거랑,O
다르네요,O
ㅡㅡㅡ,ㅡㅡㅡ
일부러,O
촌스러운,O
거랑,O
진짜,O
촌스러운,O
게,O
다르다는,O
게,O
ㅡㅡㅡ,ㅡㅡㅡ
얼마,O
남지,O
않은,O
볶음밥,O
을,O
저렇게,O
종이컵에,O
챙겨가고,O
있습니다,O
ㅡㅡㅡ,ㅡㅡㅡ
없어,O
보여,O
ㅡㅡㅡ,ㅡㅡㅡ
아니,O
맛있어,O
보여,O
ㅡㅡㅡ,ㅡㅡㅡ
얼마나,O
맛있으면,O
볶음밥,O
을,O
챙겨,O
갑니다,O
ㅡㅡㅡ,ㅡㅡㅡ
고기,O
보다,O
볶음밥,O
이,O
더,O
맛있는,O
것,O
같아,O
ㅡㅡㅡ,ㅡㅡㅡ
쌀,O
한톨,O
도,O
아까워,O
ㅡㅡㅡ,ㅡㅡㅡ
이게,O
최고의,O
맛이거든,O
ㅡㅡㅡ,ㅡㅡㅡ
이거,O
다,O
내,O
꺼야,O
ㅡㅡㅡ,ㅡㅡㅡ
뚜껑을,O
ㅡㅡㅡ,ㅡㅡㅡ
들킬까,O
ㅡㅡㅡ,ㅡㅡㅡ
죄,O
짓는,O
것도,O
아닌데,O
오늘,O
아,O
ㅡㅡㅡ,ㅡㅡㅡ
오늘,O
아,O
이거,O
훔쳐가는,O
거,O
아닌데,O
ㅡㅡㅡ,ㅡㅡㅡ
이거,O
좋은,O
거야,O
ㅡㅡㅡ,ㅡㅡㅡ
음식물,O
쓰레기인데,O
ㅡㅡㅡ,ㅡㅡㅡ
버리게,O
돼,O
ㅡㅡㅡ,ㅡㅡㅡ
여전히,O
볶음밥,O
을,O
훔쳐,O
온,O
거라,O
생각하는,O
오늘,O
이,O
ㅡㅡㅡ,ㅡㅡㅡ
그거,O
신경,O
쓰고,O
있었어,O
ㅡㅡㅡ,ㅡㅡㅡ
여기,O
진짜,O
특이해,O
ㅡㅡㅡ,ㅡㅡㅡ
뭘,O
먹었는지,O
물어보고,O
ㅡㅡㅡ,ㅡㅡㅡ
내가,O
말한,O
대로,O
계산해,O
ㅡㅡㅡ,ㅡㅡㅡ
어디,O
적어놓지도,O
않아,O
ㅡㅡㅡ,ㅡㅡㅡ
그냥,O
뻥치면,O
ㅡㅡㅡ,ㅡㅡㅡ
믿고서,O
하는,O
거지,O
ㅡㅡㅡ,ㅡㅡㅡ
실수는,O
할,O
수,O
있을,O
텐데,O
ㅡㅡㅡ,ㅡㅡㅡ
아니면,O
다,O
알면서,O
물어보는,O
건가,O
ㅡㅡㅡ,ㅡㅡㅡ
양심을,O
테스트,O
해보기,O
위해,O
ㅡㅡㅡ,ㅡㅡㅡ
좋은,O
손님,O
인지,O
나쁜,O
손님,O
인지,O
테스트,O
해보는,O
건가,O
ㅡㅡㅡ,ㅡㅡㅡ
이성당,B_CAF
으로,O
가봅시다,O
ㅡㅡㅡ,ㅡㅡㅡ
이성당,B_CAF
으로,O
갑시다,O
ㅡㅡㅡ,ㅡㅡㅡ
이성당,B_CAF
에,O
갈까,O
저성당에,O
갈까,O
ㅡㅡㅡ,ㅡㅡㅡ
이성당,B_CAF
에,O
가자,O
ㅡㅡㅡ,ㅡㅡㅡ
이성당,B_CAF
에,O
가,O
ㅡㅡㅡ,ㅡㅡㅡ
삼성당,O
은,O
어때,O
ㅡㅡㅡ,ㅡㅡㅡ
오늘,O
아,O
ㅡㅡㅡ,ㅡㅡㅡ
이성당,B_CAF
에,O
ㅡㅡㅡ,ㅡㅡㅡ
가자,O
ㅡㅡㅡ,ㅡㅡㅡ
옛날에는,O
지도만,O
보고도,O
ㅡㅡㅡ,ㅡㅡㅡ
기억해서,O
찾아갔거든,O
ㅡㅡㅡ,ㅡㅡㅡ
이정표만,O
보고도,O
다,O
찾아갔어,O
ㅡㅡㅡ,ㅡㅡㅡ
근데,O
왜,O
이렇게,O
됐어,O
ㅡㅡㅡ,ㅡㅡㅡ
퇴화가,O
너무,O
심한,O
거,O
아냐,O
ㅡㅡㅡ,ㅡㅡㅡ
디지털치매,O
ㅡㅡㅡ,ㅡㅡㅡ
군산,B_LOC
에,O
와서,O
이성당,B_CAF
을,O
안,O
들릴,O
순,O
없죠,O
ㅡㅡㅡ,ㅡㅡㅡ
늦은,O
시간이라,O
한산한,O
편이네요,O
ㅡㅡㅡ,ㅡㅡㅡ
빵,O
이,O
지금,O
거의,O
없어요,O
ㅡㅡㅡ,ㅡㅡㅡ
아빠,O
는,O
단팥빵,O
ㅡㅡㅡ,ㅡㅡㅡ
단팥빵,O
두개,O
사,O
ㅡㅡㅡ,ㅡㅡㅡ
오늘,O
이는,O
내일,O
아침,O
에,O
뭐,O
먹을,O
거야,O
ㅡㅡㅡ,ㅡㅡㅡ
단팥빵,O
말고,O
ㅡㅡㅡ,ㅡㅡㅡ
번데기처럼,O
생겼네,O
ㅡㅡㅡ,ㅡㅡㅡ
엄마,O
꺼,O
ㅡㅡㅡ,ㅡㅡㅡ
아빠,O
꺼,O
엄마,O
꺼,O
ㅡㅡㅡ,ㅡㅡㅡ
오늘,O
저녁,O
ㅡㅡㅡ,ㅡㅡㅡ
내일,O
아침,O
ㅡㅡㅡ,ㅡㅡㅡ
다,O
됐다,O
ㅡㅡㅡ,ㅡㅡㅡ
엄마,O
아이스크림,O
판대,O
ㅡㅡㅡ,ㅡㅡㅡ
어,O
무겁다,O
ㅡㅡㅡ,ㅡㅡㅡ
맥도널드,O
소프트콘,O
이랑,O
조금,O
다른대,O
ㅡㅡㅡ,ㅡㅡㅡ
소프트콘,O
보다,O
훨씬,O
묵직하네,O
ㅡㅡㅡ,ㅡㅡㅡ
옛날,O
아이스크림,O
맛이다,O
ㅡㅡㅡ,ㅡㅡㅡ
먹어,O
본,O
맛이야,O
ㅡㅡㅡ,ㅡㅡㅡ
먹어,O
본,O
맛이야,O
ㅡㅡㅡ,ㅡㅡㅡ
어렸을,O
때,O
먹어,O
본,O
맛인데,O
ㅡㅡㅡ,ㅡㅡㅡ
소프트콘,O
이랑,O
맛이,O
전혀,O
달라,O
ㅡㅡㅡ,ㅡㅡㅡ
처음,O
먹어,O
본,O
맛이야,O
ㅡㅡㅡ,ㅡㅡㅡ
아,O
보석바다,O
ㅡㅡㅡ,ㅡㅡㅡ
캔디바,O
아래쪽,O
맛도,O
맞고,O
ㅡㅡㅡ,ㅡㅡㅡ
보석바,O
도,O
비슷한,O
맛이야,O
ㅡㅡㅡ,ㅡㅡㅡ
캔디바,O
아래쪽,O
맛,O
ㅡㅡㅡ,ㅡㅡㅡ
캔디바,O
아래쪽,O
하얀색,O
맛,O
ㅡㅡㅡ,ㅡㅡㅡ
이성당,B_CAF
아이스크림,O
의,O
맛은,O
ㅡㅡㅡ,ㅡㅡㅡ
캔디바,O
파란,O
부분,O
말고,O
ㅡㅡㅡ,ㅡㅡㅡ
하얀,O
부분,O
맛하고,O
똑같네요,O
ㅡㅡㅡ,ㅡㅡㅡ
오늘,O
아,O
ㅡㅡㅡ,ㅡㅡㅡ
숙소로,O
ㅡㅡㅡ,ㅡㅡㅡ
가자,O
ㅡㅡㅡ,ㅡㅡㅡ
들다,O
ㅡㅡㅡ,ㅡㅡㅡ
오늘,O
이와,O
함께,O
전국일주를,O
하고,O
싶다면,O
ㅡㅡㅡ,ㅡㅡㅡ
구독과,O
좋아요를,O
꾸욱,O
눌러주세요,O
ㅡㅡㅡ,ㅡㅡㅡ
다음,O
편도,O
기대해주세요,O
ㅡㅡㅡ,ㅡㅡㅡ
도탐,O
유후,O
ㅡㅡㅡ,ㅡㅡㅡ
오늘,O
은,O
조금,O
특별한,O
친구,O
가,O
찾아왔어요,O
ㅡㅡㅡ,ㅡㅡㅡ
오늘,O
둘러볼,O
곳,O
ㅡㅡㅡ,ㅡㅡㅡ
먼저,O
들른,O
곳은,O
동네가,O
훤히,O
보이는,O
위치에,O
자리,O
잡은,O
카페,B_CAF
짙은,I_CAF
입니다,O
ㅡㅡㅡ,ㅡㅡㅡ
개성,O
넘치는,O
카페의,O
느낌처럼,O
메뉴들도,O
하나,O
같이,O
멋져요,O
ㅡㅡㅡ,ㅡㅡㅡ
그저,O
가만히,O
앉아있는,O
것만으로도,O
충전되는,O
이곳은,O
카페,B_CAF
짙은,I_CAF
ㅡㅡㅡ,ㅡㅡㅡ
햇살이,O
따뜻하게,O
내리쬐는,O
공간에서,O
댕댕이,O
냥이,O
들과,O
함께,O
할,O
수,O
있는,O
곳,O
ㅡㅡㅡ,ㅡㅡㅡ
지하와,O
옥상,O
공간도,O
자유롭게,O
즐길,O
수,O
있어요,O
ㅡㅡㅡ,ㅡㅡㅡ
편안한,O
카페,O
분위기에,O
맛있는,O
음료,O
한잔,O
ㅡㅡㅡ,ㅡㅡㅡ
일상에서,O
받은,O
스트레스와,O
응어리진,O
마음들이,O
사르르,O
풀리며,O
녹아내리는,O
느낌이에요,O
ㅡㅡㅡ,ㅡㅡㅡ
다음으로는,O
사진공방,B_TOR
소조,I_TOR
에,O
들렀어요,O
ㅡㅡㅡ,ㅡㅡㅡ
웅부공원,B_TOR
뒤,O
사거리에,O
있어서,O
찾기가,O
너무,O
쉽죠,O
ㅡㅡㅡ,ㅡㅡㅡ
안녕하세요,O
ㅡㅡㅡ,ㅡㅡㅡ
사장,O
님,O
예약하신,O
분,O
맞으세요,O
강지현,O
님,O
맞으시죠,O
ㅡㅡㅡ,ㅡㅡㅡ
네,O
맞아요,O
ㅡㅡㅡ,ㅡㅡㅡ
이곳은,O
손님,O
들이,O
직접,O
촬영할,O
수,O
있어서,O
더,O
특별한,O
사진관,O
이에요,O
ㅡㅡㅡ,ㅡㅡㅡ
사장,O
님,O
이렇게,O
누르시면서,O
20분동안,O
촬영,O
횟수,O
제한없이,O
자유롭게,O
촬영하시면,O
되세요,O
ㅡㅡㅡ,ㅡㅡㅡ
사장,O
님,O
여기,O
있는,O
소품들,O
같은,O
거,O
잘,O
이용하셔서,O
촬영하시면,O
되시거든요,O
ㅡㅡㅡ,ㅡㅡㅡ
사장,O
님,O
신발,O
벗고,O
오셔서,O
촬영도,O
가능하시니까,O
가지고,O
오셔도,O
돼요,O
ㅡㅡㅡ,ㅡㅡㅡ
사장,O
님,O
그럼,O
즐거운,O
촬영,O
되세요,O
ㅡㅡㅡ,ㅡㅡㅡ
신기하다,O
ㅡㅡㅡ,ㅡㅡㅡ
대박,O
ㅡㅡㅡ,ㅡㅡㅡ
둘만,O
몰래,O
찍으니,O
더,O
재미있게,O
연출도,O
해보고요,O
ㅡㅡㅡ,ㅡㅡㅡ
사장,O
님,O
맘에,O
드시는,O
사진,O
한장씩,O
고르셔서,O
여기다,O
번호,O
적어주시면,O
되세요,O
ㅡㅡㅡ,ㅡㅡㅡ
사장,O
님,O
보정,O
정도랑,O
선택해주시면,O
되시고요,O
ㅡㅡㅡ,ㅡㅡㅡ
보정,O
정도,O
ㅡㅡㅡ,ㅡㅡㅡ
직접,O
사진을,O
선택해,O
사장,O
님께,O
말씀,O
드리면,O
ㅡㅡㅡ,ㅡㅡㅡ
짜잔,O
잠시,O
후,O
사진이,O
완성됩니다,O
ㅡㅡㅡ,ㅡㅡㅡ
30분,O
도,O
채,O
걸리지,O
않은,O
것,O
같아요,O
ㅡㅡㅡ,ㅡㅡㅡ
이곳에서는,O
셀프사진,O
뿐만,O
아니라,O
가족,O
사진,O
증명사진도,O
찍을,O
수,O
있다고,O
하니,O
ㅡㅡㅡ,ㅡㅡㅡ
편하게,O
들를,O
수,O
있는,O
동네,O
사진관,O
하나,O
더,O
추가요,O
ㅡㅡㅡ,ㅡㅡㅡ
그리고,O
사진관,O
바로,O
옆,O
에는,O
에서도,O
유명한,O
카페,B_CAF
볕,I_CAF
이,O
있습니다,O
ㅡㅡㅡ,ㅡㅡㅡ
모던한,O
외관이지만,O
문을,O
열고,O
들어가면,O
한옥이,O
펼쳐지는,O
반전,O
카페,O
ㅡㅡㅡ,ㅡㅡㅡ
사장,O
님이,O
안동,B_LOC
을,O
알리고,O
싶어,O
오픈했다는데요,O
ㅡㅡㅡ,ㅡㅡㅡ
안동,B_LOC
을,O
알릴,O
수,O
있는,O
다양한,O
기념품과,O
특산품도,O
진열되어,O
있어요,O
ㅡㅡㅡ,ㅡㅡㅡ
한옥이지만,O
남녀노소,O
모두,O
편안히,O
즐길,O
수,O
있는,O
메뉴와,O
분위기,O
때문에,O
실제로,O
이곳을,O
찾는,O
고객,O
들의,O
연령층도,O
다양해요,O
ㅡㅡㅡ,ㅡㅡㅡ
2층,O
을,O
올라가면,O
빈티지,O
의류,O
안동,B_LOC
의,O
풍경그림,O
등을,O
진열한,O
빈티지샵이,O
있어요,O
ㅡㅡㅡ,ㅡㅡㅡ
세라,O
와,O
함께,O
둘러본,O
한옥마을,B_TOR
투어,O
어떠셨어요,O
ㅡㅡㅡ,ㅡㅡㅡ
새롭게,O
한옥마을,B_TOR
로,O
단장한,O
동네를,O
친구,O
와,O
함께,O
둘러,O
보니,O
너무,O
즐거웠고,O
ㅡㅡㅡ,ㅡㅡㅡ
다음에,O
다른,O
친구,O
가,O
안동,B_LOC
에,O
오면,O
또,O
함께,O
오고,O
싶은,O
그런,O
동네예요,O
ㅡㅡㅡ,ㅡㅡㅡ
여러분,O
안동,B_LOC
에,O
있는,O
중구동,O
한옥마을,B_TOR
로,O
놀러,O
오세요,O
ㅡㅡㅡ,ㅡㅡㅡ
안녕하세요,O
여러분,O
ㅡㅡㅡ,ㅡㅡㅡ
이번,O
영상은,O
안동,B_LOC
여름,O
휴가,O
브이로그에요,O
ㅡㅡㅡ,ㅡㅡㅡ
5일정도,O
연차를,O
내고,O
푹,O
쉬다가,O
오려구요,O
ㅡㅡㅡ,ㅡㅡㅡ
퇴근하자마자,O
바로,O
기차,O
타고,O
가는중이에요,O
ㅡㅡㅡ,ㅡㅡㅡ
이제,O
서울,B_LOC
에서,O
두시간,O
이면,O
가지만,O
ㅡㅡㅡ,ㅡㅡㅡ
오랜만에,O
가는,O
안동,B_LOC
이라,O
재밌을거같아요,O
ㅡㅡㅡ,ㅡㅡㅡ
책,O
얼마,O
못,O
읽었는데,O
벌써,O
내릴시간,O
ㅡㅡㅡ,ㅡㅡㅡ
평일,O
저녁,O
이라,O
아무래도,O
한적하네요,O
ㅡㅡㅡ,ㅡㅡㅡ
여행의,O
시작은,O
오고싶던,O
한옥카페에,O
왔어요,O
ㅡㅡㅡ,ㅡㅡㅡ
안동,B_LOC
시청,O
뒷골목에,O
있는데,O
ㅡㅡㅡ,ㅡㅡㅡ
들어가는,O
골목부터,O
너무,O
예쁘네요,O
ㅡㅡㅡ,ㅡㅡㅡ
나예누리,B_CAF
라는,O
한옥카페에요,O
ㅡㅡㅡ,ㅡㅡㅡ
마당을,O
중심으로,O
한옥이,O
ㄷ,O
자,O
형태로,O
둘러져,O
있어요,O
ㅡㅡㅡ,ㅡㅡㅡ
아담할,O
줄,O
알았는데,O
공간이,O
꽤,O
넓고,O
앉을,O
곳도,O
많았어요,O
ㅡㅡㅡ,ㅡㅡㅡ
분위기가,O
너무,O
좋아요,O
ㅡㅡㅡ,ㅡㅡㅡ
평일,O
오전,O
이라,O
사람,O
없어서,O
더,O
좋네요,O
ㅡㅡㅡ,ㅡㅡㅡ
인테리어가,O
한옥과,O
잘,O
어울려요,O
ㅡㅡㅡ,ㅡㅡㅡ
여기,O
보이는,O
마당이,O
포토,O
스팟인가봐요,O
ㅡㅡㅡ,ㅡㅡㅡ
날씨가,O
너무,O
더워서,O
아이스아메리카노,O
ㅡㅡㅡ,ㅡㅡㅡ
어제,O
기차,O
에서,O
읽다만,O
책도,O
읽고,O
ㅡㅡㅡ,ㅡㅡㅡ
오랜만에,O
여유있는,O
시간이네요,O
ㅡㅡㅡ,ㅡㅡㅡ
저녁,O
은,O
퇴근한,O
가족,O
들이랑,O
갈비,O
먹으러,O
왔어요,O
ㅡㅡㅡ,ㅡㅡㅡ
가끔,O
안동,B_LOC
오면,O
꼭,O
먹고,O
가는,O
것,O
같아요,O
추천,O
ㅡㅡㅡ,ㅡㅡㅡ
몰랐는데,O
안동,B_LOC
한우,O
가,O
유명하더라구요,O
ㅡㅡㅡ,ㅡㅡㅡ
3인분이상,O
을,O
시키면,O
갈비찜,O
까지,O
나와요,O
굿,O
ㅡㅡㅡ,ㅡㅡㅡ
휴가,O
첫날부터,O
배부르게,O
ㅡㅡㅡ,ㅡㅡㅡ
오늘,O
은,O
일찍부터,O
가족,O
들이랑,O
나왔어요,O
ㅡㅡㅡ,ㅡㅡㅡ
낙동강,B_TOR
뷰,O
ㅡㅡㅡ,ㅡㅡㅡ
아빠,O
주말,O
농장에,O
따라왔는데,O
핵,O
더움,O
ㅡㅡㅡ,ㅡㅡㅡ
하늘은,O
예쁘네요,O
ㅡㅡㅡ,ㅡㅡㅡ
영화,O
리틀포레스트,O
가,O
생각나는,O
뷰에요,O
ㅡㅡㅡ,ㅡㅡㅡ
여기서,O
점심,O
저녁,O
도,O
해먹고,O
과일도,O
먹고,O
ㅡㅡㅡ,ㅡㅡㅡ
아무도,O
없는,O
곳에서,O
하루동안,O
편하게,O
쉬었어요,O
ㅡㅡㅡ,ㅡㅡㅡ
가끔,O
혼자있고,O
싶을,O
때,O
딱,O
좋은,O
곳,O
ㅡㅡㅡ,ㅡㅡㅡ
둘째날,O
은,O
힐링으로,O
마무리,O
ㅡㅡㅡ,ㅡㅡㅡ
오늘,O
은,O
어쩌다보니,O
포항,B_LOC
에,O
왔네요,O
ㅡㅡㅡ,ㅡㅡㅡ
안동,B_LOC
에서,O
차,O
로,O
금방,O
올,O
수,O
있는,O
거리다보니,O
ㅡㅡㅡ,ㅡㅡㅡ
점심,O
에,O
물회,O
가,O
먹고,O
싶어서,O
바람도,O
쐴,O
겸,O
나왔어요,O
ㅡㅡㅡ,ㅡㅡㅡ
안동,B_LOC
에서,O
제일,O
가까운,O
바다랄까,O
ㅡㅡㅡ,ㅡㅡㅡ
물회,O
짱맛,O
또,O
생각나는,O
맛,O
ㅡㅡㅡ,ㅡㅡㅡ
횟집,O
근처,O
카페로,O
왔어요,O
ㅡㅡㅡ,ㅡㅡㅡ
해수욕장,O
앞,O
이라,O
서핑강습하는,O
카페가,O
있네요,O
ㅡㅡㅡ,ㅡㅡㅡ
나중에,O
오게,O
되면,O
서핑,O
도,O
배우고,O
싶다,O
생각함,O
ㅡㅡㅡ,ㅡㅡㅡ
바다보이는,O
카페,O
넘,O
힐링스,O
ㅡㅡㅡ,ㅡㅡㅡ
크로플,O
까지,O
야무지게,O
먹고,O
ㅡㅡㅡ,ㅡㅡㅡ
영덕,B_TOR
풍력발전단지,I_TOR
도,O
들렀다가,O
하루,O
마무리,O
ㅡㅡㅡ,ㅡㅡㅡ
오늘,O
은,O
예전부터,O
가고,O
싶다고,O
킵해둔,O
북카페에,O
왔어요,O
ㅡㅡㅡ,ㅡㅡㅡ
구름에,O
하는,O
한옥,O
리조트,O
안에,O
있는,O
북카페에요,O
ㅡㅡㅡ,ㅡㅡㅡ
제가,O
생각했던,O
것보단,O
꽤,O
큰,O
면적이네요,O
ㅡㅡㅡ,ㅡㅡㅡ
리조트,O
주차장부터,O
걸어가는데,O
꽤,O
멀더라구요,O
ㅡㅡㅡ,ㅡㅡㅡ
그래도,O
한옥,O
스테이,O
구경하면서,O
열심히,O
걸어가봅니다,O
ㅡㅡㅡ,ㅡㅡㅡ
비가,O
조금씩,O
내리고,O
있는데,O
ㅡㅡㅡ,ㅡㅡㅡ
생각보다,O
날씨가,O
맑은,O
편,O
ㅡㅡㅡ,ㅡㅡㅡ
계단,O
올라왔더니,O
사진으로,O
보던,O
너무,O
예쁜,O
뷰에요,O
ㅡㅡㅡ,ㅡㅡㅡ
새,O
소리도,O
넘,O
좋아요,O
한적한,O
시골느낌,O
ㅡㅡㅡ,ㅡㅡㅡ
하,O
넘좋다,O
정말,O
ㅡㅡㅡ,ㅡㅡㅡ
올라오느라,O
조금,O
들었지만,O
넘,O
행복하네요,O
ㅡㅡㅡ,ㅡㅡㅡ
일단,O
들어가봅니다,O
ㅡㅡㅡ,ㅡㅡㅡ
들어오니,O
일단,O
사람이,O
꽤,O
있네요,O
ㅡㅡㅡ,ㅡㅡㅡ
북카페치고는,O
좀,O
시끄럽지만,O
워낙,O
유명한,O
곳이니,O
ㅡㅡㅡ,ㅡㅡㅡ
이해해봅니다,O
ㅡㅡㅡ,ㅡㅡㅡ
구비된,O
책이,O
분야별로,O
많네요,O
ㅡㅡㅡ,ㅡㅡㅡ
생각보다,O
읽고,O
싶은,O
책이,O
많아서,O
좋았어요,O
ㅡㅡㅡ,ㅡㅡㅡ
오늘,O
은,O
여기서,O
시간을,O
좀,O
보내려구요,O
ㅡㅡㅡ,ㅡㅡㅡ
늘,O
그렇듯,O
아이스아메리카노,O
한잔,O
시키고,O
ㅡㅡㅡ,ㅡㅡㅡ
자리,O
탐색중,O
ㅡㅡㅡ,ㅡㅡㅡ
제가,O
가구회사를,O
다니다보니,O
아무래도,O
ㅡㅡㅡ,ㅡㅡㅡ
이런,O
책들이,O
재밌어보이더라구요,O
ㅡㅡㅡ,ㅡㅡㅡ
일단,O
여기선,O
집중해서,O
읽긴,O
들,O
거,O
같아서,O
ㅡㅡㅡ,ㅡㅡㅡ
가구,O
공부할,O
겸,O
이미지가,O
많은,O
책,O
당첨,O
ㅡㅡㅡ,ㅡㅡㅡ
제가,O
제일,O
좋아하는,O
3가지,O
조합이에요,O
행복,O
ㅡㅡㅡ,ㅡㅡㅡ
휴가,O
최고,O
ㅡㅡㅡ,ㅡㅡㅡ
창가,O
자리,O
뷰,O
좋다,O
ㅡㅡㅡ,ㅡㅡㅡ
이쯤되면,O
안동,B_LOC
홍보대사,O
ㅡㅡㅡ,ㅡㅡㅡ
창가뷰,O
차지하고,O
여유롭게,O
책,O
읽는,O
중,O
ㅡㅡㅡ,ㅡㅡㅡ
책,O
읽다보니,O
사람들이,O
많이,O
가고,O
조용해졌네요,O
ㅡㅡㅡ,ㅡㅡㅡ
다들,O
독서중이심,O
ㅡㅡㅡ,ㅡㅡㅡ
3권,O
완독,O
ㅡㅡㅡ,ㅡㅡㅡ
안동,B_LOC
에,O
이런,O
북카페가,O
있는,O
게,O
넘,O
좋네요,O
ㅡㅡㅡ,ㅡㅡㅡ
가을,O
이나,O
겨울,O
에,O
와도,O
좋을,O
듯,O
해요,O
ㅡㅡㅡ,ㅡㅡㅡ
책,O
잘,O
읽고,O
갑니다,O
생각나면,O
또,O
올거같아요,O
ㅡㅡㅡ,ㅡㅡㅡ
게절,O
바뀌면,O
또,O
오려구요,O
ㅡㅡㅡ,ㅡㅡㅡ
가는,O
게,O
아쉽지만,O
저녁,O
이라,O
맥주,O
마시러,O
갈거에요,O
ㅡㅡㅡ,ㅡㅡㅡ
아까,O
걸어온,O
길,O
다시,O
내려가는,O
중,O
ㅡㅡㅡ,ㅡㅡㅡ
위치도,O
나름,O
한적한,O
곳에,O
있어서,O
ㅡㅡㅡ,ㅡㅡㅡ
하루쯤,O
한옥스테이,O
하면,O
좋을,O
거,O
같아요,O
ㅡㅡㅡ,ㅡㅡㅡ
비가,O
와서,O
강,O
위에,O
물안개가,O
ㅡㅡㅡ,ㅡㅡㅡ
저녁,O
은,O
피맥하러,O
왔어요,O
ㅡㅡㅡ,ㅡㅡㅡ
오래된,O
한옥을,O
개조해서,O
만든,O
펍인가,O
봐요,O
ㅡㅡㅡ,ㅡㅡㅡ
안동,B_LOC
여행,O
오면,O
온다고,O
회사,O
친구,O
가,O
추천해준,O
곳인데,O
ㅡㅡㅡ,ㅡㅡㅡ
맥주,O
종류도,O
꽤,O
다양하게,O
많네요,O
ㅡㅡㅡ,ㅡㅡㅡ
정작,O
안동,B_LOC
친구,O
들은,O
잘,O
모르던,O
곳,O
ㅡㅡㅡ,ㅡㅡㅡ
주문,O
완료,O
ㅡㅡㅡ,ㅡㅡㅡ
다시,O
짠,O
해줌,O
ㅡㅡㅡ,ㅡㅡㅡ
피자,O
는,O
페퍼로니,O
가,O
진리,O
ㅡㅡㅡ,ㅡㅡㅡ
눈꽃교자,O
도,O
시켰는데,O
맥주,O
랑,O
꿀조합이에요,O
ㅡㅡㅡ,ㅡㅡㅡ
오늘,O
은,O
특별하게,O
연차를,O
써준,O
동생,O
과,O
ㅡㅡㅡ,ㅡㅡㅡ
안동,B_LOC
투어하기로,O
결정,O
ㅡㅡㅡ,ㅡㅡㅡ
일단,O
만나자마자,O
배고프니까,O
ㅡㅡㅡ,ㅡㅡㅡ
베이커리,O
카페,O
왔어요,O
ㅡㅡㅡ,ㅡㅡㅡ
이런건,O
또,O
언제,O
생겼담,O
ㅡㅡㅡ,ㅡㅡㅡ
빵,O
종류,O
넘,O
다양해서,O
고르기,O
들었다,O
ㅡㅡㅡ,ㅡㅡㅡ
주문하고,O
2층,O
으로,O
ㅡㅡㅡ,ㅡㅡㅡ
전체적으로,O
매장이,O
깔끔하고,O
넓은,O
편이네요,O
ㅡㅡㅡ,ㅡㅡㅡ
약간,O
제주도,O
에,O
있을,O
법한,O
카페,O
인테리어,O
ㅡㅡㅡ,ㅡㅡㅡ
창,O
밖,O
뷰가,O
나쁘진,O
않지만,O
3층,O
으로,O
가봅니다,O
ㅡㅡㅡ,ㅡㅡㅡ
3층,O
엔,O
이런,O
테라스,O
공간이,O
있고,O
ㅡㅡㅡ,ㅡㅡㅡ
내부도,O
있네요,O
ㅡㅡㅡ,ㅡㅡㅡ
2층,O
과,O
비슷한,O
분위기지만,O
좀,O
더,O
좁은,O
느낌,O
ㅡㅡㅡ,ㅡㅡㅡ
결국,O
다시,O
2층,O
으로,O
ㅡㅡㅡ,ㅡㅡㅡ
크림,O
같은,O
거,O
들었을,O
줄,O
알았는,O
데,O
ㅡㅡㅡ,ㅡㅡㅡ
그냥,O
페,O
스츄리라,O
약간,O
실망,O
ㅡㅡㅡ,ㅡㅡㅡ
그래도,O
둘,O
다,O
맛있었어요,O
ㅡㅡㅡ,ㅡㅡㅡ
소파도,O
엄청,O
푹신하고,O
ㅡㅡㅡ,ㅡㅡㅡ
뷰도,O
좋고,O
괜찮았어요,O
ㅡㅡㅡ,ㅡㅡㅡ
오늘,O
도,O
카페,O
여유,O
ㅡㅡㅡ,ㅡㅡㅡ
거울보면,O
못,O
지나치지,O
ㅡㅡㅡ,ㅡㅡㅡ
이제,O
40분정도,O
가야하는,O
하회마을,B_TOR
근처로,O
갈거에요,O
ㅡㅡㅡ,ㅡㅡㅡ
열심히,O
달리다가,O
ㅡㅡㅡ,ㅡㅡㅡ
뭔가,O
무서운,O
도로,O
발견,O
펜스가,O
하나도,O
없음,O
ㅡㅡㅡ,ㅡㅡㅡ
네비,O
가,O
이런,O
길로,O
알려줘서,O
멀미할,O
뻔,O
했어요,O
ㅡㅡㅡ,ㅡㅡㅡ
드디어,O
도착,O
ㅡㅡㅡ,ㅡㅡㅡ
하회마을,B_TOR
로,O
가기엔,O
넘,O
더울,O
것,O
같고,O
ㅡㅡㅡ,ㅡㅡㅡ
근처로,O
찾다보니,O
이,O
곳까지,O
오게,O
되었어요,O
ㅡㅡㅡ,ㅡㅡㅡ
그냥,O
문화재,O
같은,O
느낌이,O
물씬나서,O
ㅡㅡㅡ,ㅡㅡㅡ
여기가,O
맞나,O
두리번거렸는데,O
ㅡㅡㅡ,ㅡㅡㅡ
다행히도,O
잘,O
찾아옴,O
ㅡㅡㅡ,ㅡㅡㅡ
문화재고,O
관리하시면서,O
카페로,O
소소하게,O
운영하시는,O
듯,O
했어요,O
ㅡㅡㅡ,ㅡㅡㅡ
이렇게,O
매실차,O
도,O
마시고,O
ㅡㅡㅡ,ㅡㅡㅡ
생각보다,O
시원했어요,O
ㅡㅡㅡ,ㅡㅡㅡ
저기,O
가리키고,O
있는,O
강건넛,O
편이,O
하회마을,B_TOR
이에요,O
ㅡㅡㅡ,ㅡㅡㅡ
여기는,O
부용대,B_TOR
랑,O
더,O
가까운,O
곳에,O
위치해,O
있어요,O
ㅡㅡㅡ,ㅡㅡㅡ
여름,O
이라,O
매미,O
소리가,O
되게,O
시끄러워서,O
아쉬웠어요,O
ㅡㅡㅡ,ㅡㅡㅡ
여름,O
도,O
좋지만,O
가을,O
이,O
정말,O
예쁠,O
것,O
같아요,O
ㅡㅡㅡ,ㅡㅡㅡ
하회마을,B_TOR
들리실,O
때,O
추천드립니다,O
ㅡㅡㅡ,ㅡㅡㅡ
이제,O
늦은,O
점심,O
먹으러,O
가요,O
ㅡㅡㅡ,ㅡㅡㅡ
여긴,O
하회마을,B_TOR
에서,O
10분,O
거리에,O
ㅡㅡㅡ,ㅡㅡㅡ
풍산,O
에,O
있는,O
브런치,O
카페에요,O
ㅡㅡㅡ,ㅡㅡㅡ
훈제,O
연여가,O
들어간,O
에그베네,O
딕트랑,O
ㅡㅡㅡ,ㅡㅡㅡ
안동,O
참마,O
크림파스타,O
인데,O
ㅡㅡㅡ,ㅡㅡㅡ
파스타,O
완전,O
맛있음,O
ㅡㅡㅡ,ㅡㅡㅡ
풍전,B_CAF
을,O
마지막으로,O
안동,B_LOC
투어는,O
마무리에요,O
ㅡㅡㅡ,ㅡㅡㅡ
이제는,O
다시,O
서울,B_LOC
로,O
갈,O
시간,O
ㅡㅡㅡ,ㅡㅡㅡ
5일,O
여름,O
휴가가,O
5초,O
처럼,O
지나갔네요,O
ㅡㅡㅡ,ㅡㅡㅡ
끝까지,O
봐주셔서,O
감사합니다,O
안녕,O
ㅡㅡㅡ,ㅡㅡㅡ
현재시각,O
새벽0606분,O
ㅡㅡㅡ,ㅡㅡㅡ
아일하기,O
싫다,O
ㅡㅡㅡ,ㅡㅡㅡ
6일째,O
같은,O
옷을,O
단디,O
입고,O
ㅡㅡㅡ,ㅡㅡㅡ
6일째,O
똑같은,O
편의점,O
커피,O
ㅡㅡㅡ,ㅡㅡㅡ
2021년2월23일,O
안녕하세요,O
ㅡㅡㅡ,ㅡㅡㅡ
오늘,O
은,O
돈까스,O
생선까스,O
함박스테이크,O
모두,O
땡기는,O
날임당,O
ㅡㅡㅡ,ㅡㅡㅡ
마늘가루,O
소금,O
후추,O
로,O
간해요,O
ㅡㅡㅡ,ㅡㅡㅡ
울,O
귀남이,O
기상하셨네요,O
ㅡㅡㅡ,ㅡㅡㅡ
밀가루,O
계란,O
빵가루,O
순서로,O
옷,O
입혀요,O
ㅡㅡㅡ,ㅡㅡㅡ
함박스테이크,O
레시피는,O
예전,O
영상에,O
있어요,O
헤헤헤,O
낮,O
에,O
만들었지용,O
ㅡㅡㅡ,ㅡㅡㅡ
함박스테이크,O
가운데,O
는,O
움푹,O
들어가게,O
눌러야,O
구웠을,O
때,O
두께가,O
같아요,O
ㅡㅡㅡ,ㅡㅡㅡ
중약불로,O
후라이,O
팬에서,O
구워줍니다,O
ㅡㅡㅡ,ㅡㅡㅡ
양배추,O
올려주고,O
ㅡㅡㅡ,ㅡㅡㅡ
단무지,O
ㅡㅡㅡ,ㅡㅡㅡ
사과,O
ㅡㅡㅡ,ㅡㅡㅡ
돈까스,O
도,O
튀겨,O
줍니다,O
낮,O
에,O
만들었어요,O
레시피는,O
예전,O
업로드,O
영상에,O
있어용,O
ㅡㅡㅡ,ㅡㅡㅡ
생선까스,O
도,O
튀겨주고,O
ㅡㅡㅡ,ㅡㅡㅡ
함박스테이크,O
올리고,O
ㅡㅡㅡ,ㅡㅡㅡ
돈까스,O
도,O
올리고,O
ㅡㅡㅡ,ㅡㅡㅡ
친구,O
들,O
옆에,O
생선가스,O
도,O
올리고,O
셋,O
이,O
삼총사,O
ㅡㅡㅡ,ㅡㅡㅡ
늘,O
데코,O
실력이,O
떨어지는,O
어머니,O
헤헤헤,O
ㅡㅡㅡ,ㅡㅡㅡ
돈까스,O
함박스테이크소스,O
오뚜기,O
돈까스소스,O
케첩,O
물,O
조금,O
ㅡㅡㅡ,ㅡㅡㅡ
왜,O
편집은,O
아침,O
일찍,O
하는,O
지,O
ㅠㅜ,O
배고파,O
드네요,O
편집이고,O
뭐고,O
기냥,O
또,O
해먹을까,O
어머니,O
발동,O
걸려요,O
ㅡㅡㅡ,ㅡㅡㅡ
타르타르소스,O
마요네스,O
3,O
머스터드소스,O
조금,O
간양파,O
2,O
피클,O
조금,O
레몬즙,O
조금,O
ㅡㅡㅡ,ㅡㅡㅡ
계란,O
후라이,O
ㅡㅡㅡ,ㅡㅡㅡ
천섬소스,O
갑니다,O
헤헤헤,O
케찹,O
마요네즈,O
ㅡㅡㅡ,ㅡㅡㅡ
배,O
는,O
왜이리,O
자주,O
고픈지,O
얘들아,O
어머니,O
들다,O
ㅠ,O
ㅜ,O
ㅡㅡㅡ,ㅡㅡㅡ
우리집,O
저녁,O
메뉴,O
정식,O
ㅡㅡㅡ,ㅡㅡㅡ
이것,O
다이어트,O
식단,O
맞죠,O
ㅋㅋㅋ,O
ㅡㅡㅡ,ㅡㅡㅡ
왜,O
맨날,O
먹을,O
것,O
생각을,O
하는지,O
ㅋㅋㅋ,O
밤12시,O
에,O
잠은,O
안자고,O
ㅡㅡㅡ,ㅡㅡㅡ
절대,O
고민하지,O
않아요,O
다,O
만들어,O
먹자,O
헤헤헤,O
ㅡㅡㅡ,ㅡㅡㅡ
생선까스,O
1년7개월만,O
에,O
먹네요,O
뭔들,O
다,O
맛있답니다,O
ㅡㅡㅡ,ㅡㅡㅡ
어차피,O
죽으면,O
빈손으로,O
간다는,O
어머니,O
다,O
그릇,O
산다는데,O
누가,O
좀,O
말려줘요,O
ㅋㅋㅋ,O
ㅡㅡㅡ,ㅡㅡㅡ
원래,O
그릇의,O
세계는,O
끝이,O
없답니다,O
ㅡㅡㅡ,ㅡㅡㅡ
2021년02월24일,O
오늘,O
큰아이가,O
한국,O
으로,O
돌아갔어요,O
ㅡㅡㅡ,ㅡㅡㅡ
무쇠솥에,O
씻은,O
쌀,O
넣고,O
30분정도,O
불려,O
밥,O
합니다,O
ㅡㅡㅡ,ㅡㅡㅡ
저는,O
밥물은,O
항상,O
씻은,O
쌀,O
에서,O
1정도,O
올라오게,O
부어요,O
ㅡㅡㅡ,ㅡㅡㅡ
황태채,O
무침,O
합니다,O
ㅡㅡㅡ,ㅡㅡㅡ
분무기에,O
맛술,O
과,O
물,O
섞어,O
골고루,O
뿌려,O
줍니다,O
촉촉하게,O
만들어,O
놓아요,O
ㅡㅡㅡ,ㅡㅡㅡ
황태채무침양념,O
고추장,O
고춧가루,O
매실액기스,O
참기름,O
통깨,O
꿀,O
마늘가루,O
ㅡㅡㅡ,ㅡㅡㅡ
잘,O
섞섞섞,O
ㅡㅡㅡ,ㅡㅡㅡ
짜잔,O
완성,O
메모리카드,O
가,O
다찬줄,O
모르고,O
혼자,O
떠들고,O
있었네요,O
ㅡㅡㅡ,ㅡㅡㅡ
찜닭,O
만들어요,O
코스트코,O
닭봉,O
두봉지,O
ㅡㅡㅡ,ㅡㅡㅡ
다들,O
아시죠,O
샘표,O
안동찜닭,O
양념,O
최고,O
ㅡㅡㅡ,ㅡㅡㅡ
뒷면,O
설명서,O
참고하세요,O
ㅡㅡㅡ,ㅡㅡㅡ
밥,O
도,O
불에,O
올리고,O
중불,O
ㅡㅡㅡ,ㅡㅡㅡ
15분정도,O
끓인,O
후,O
뚜껑,O
열고,O
감자,O
투하하하하,O
ㅡㅡㅡ,ㅡㅡㅡ
기호에,O
따라,O
간장,O
설탕,O
더,O
추가하세요,O
ㅡㅡㅡ,ㅡㅡㅡ
저는,O
간장,O
추가추가추가추가,O
ㅡㅡㅡ,ㅡㅡㅡ
흑설탕,O
추가,O
색을,O
더,O
찐하게,O
만들어,O
줍니다,O
ㅡㅡㅡ,ㅡㅡㅡ
밥,O
도,O
한번,O
저어주고,O
약불로,O
1015분,O
더,O
끓여,O
줍니다,O
ㅡㅡㅡ,ㅡㅡㅡ
대파,O
큼직,O
양파,O
큼직,O
청양고추,O
쫑쫑쫑,O
ㅡㅡㅡ,ㅡㅡㅡ
납작당면,O
불린,O
것,O
넣어주고,O
ㅡㅡㅡ,ㅡㅡㅡ
참기름,O
휘리릭,O
ㅡㅡㅡ,ㅡㅡㅡ
큰,O
웍을,O
한손,O
으로,O
절대,O
들지,O
마세요,O
ㅡㅡㅡ,ㅡㅡㅡ
저의,O
어깨,O
는,O
모두,O
고장,O
수리중입니다,O
조심조심,O
ㅡㅡㅡ,ㅡㅡㅡ
밥,O
도,O
퀴노아밥,O
ㅡㅡㅡ,ㅡㅡㅡ
민똥이,O
큰딸,O
한국,O
가고,O
우리끼리만,O
먹어,O
쏘리,O
하네요,O
ㅡㅡㅡ,ㅡㅡㅡ
손,O
은,O
빨라지고,O
말,O
은,O
없어지는,O
시간,O
ㅡㅡㅡ,ㅡㅡㅡ
밥,O
먹느라,O
집중해서,O
부인,O
말이,O
들리지도,O
않는,O
허,O
니씨,O
이성을,O
찾으시오,O
주상,O
ㅡㅡㅡ,ㅡㅡㅡ
민똥이,O
큰딸,O
흉내,O
내,O
봅니다,O
ㅡㅡㅡ,ㅡㅡㅡ
코로나,O
로,O
인해,O
매일,O
집밥이,O
넘쳐나네요,O
ㅡㅡㅡ,ㅡㅡㅡ
2021년02월25일,O
오늘,O
도,O
저녁식사,O
준비합니다,O
ㅡㅡㅡ,ㅡㅡㅡ
어묵볶음,O
만들어요,O
파,O
도,O
큼직,O
양파,O
도,O
큼직,O
ㅡㅡㅡ,ㅡㅡㅡ
미소된장국,O
에,O
넣을,O
파,O
쫑쫑,O
두부,O
쫑쫑,O
썰어,O
줍니다,O
ㅡㅡㅡ,ㅡㅡㅡ
어묵,O
에,O
물,O
진간장,O
카놀라유,O
넣고,O
볶볶볶,O
ㅡㅡㅡ,ㅡㅡㅡ
양파,O
파,O
넣어,O
줍니다,O
ㅡㅡㅡ,ㅡㅡㅡ
고춧가루,O
마늘가루,O
후추,O
설탕,O
넣어,O
줍니다,O
ㅡㅡㅡ,ㅡㅡㅡ
꿀,O
통깨,O
넣어,O
줍니다,O
ㅡㅡㅡ,ㅡㅡㅡ
미소된장국,O
만들어요,O
ㅡㅡㅡ,ㅡㅡㅡ
황태가루,O
멸치,O
로,O
국물,O
우려,O
냅니다,O
ㅡㅡㅡ,ㅡㅡㅡ
두부,O
두부,O
두부,O
두부,O
ㅡㅡㅡ,ㅡㅡㅡ
명란젓,O
의,O
껍질을,O
제거해,O
줍니다,O
ㅡㅡㅡ,ㅡㅡㅡ
들기름,O
깨소금,O
넣어,O
줍니다,O
ㅡㅡㅡ,ㅡㅡㅡ
아보카도,O
ㅡㅡㅡ,ㅡㅡㅡ
아보카도,O
명란,O
계란,O
깨소금,O
올려줍니다,O
ㅡㅡㅡ,ㅡㅡㅡ
먹는,O
것을,O
너무,O
좋아해서,O
몸무게,O
유지가,O
드네요,O
ㅡㅡㅡ,ㅡㅡㅡ
민똥이,O
최애,O
메뉴,O
명란아보카도덮밥,O
ㅡㅡㅡ,ㅡㅡㅡ
간장게장,O
이랑,O
친구,O
밥,O
도둑,O
ㅡㅡㅡ,ㅡㅡㅡ
2월,O
의,O
마지막날,O
이네요,O
28일,O
봄,O
비가,O
내려요,O
ㅡㅡㅡ,ㅡㅡㅡ
모두,O
건강하신,O
거죠,O
봄,O
비에,O
코로나,O
도,O
다,O
씻겨,O
갔으면,O
하는,O
바램을,O
가져,O
봅니다,O
시청해,O
주셔서,O
감사합니다,O
가시는,O
길에,O
좋아요,O
구독,O
꾸욱,O
눌러,O
주이소,O
ㅡㅡㅡ,ㅡㅡㅡ
ㅡㅡㅡ,ㅡㅡㅡ
벽화마을,O
중에,O
가장,O
완벽한,O
마을,O
ㅡㅡㅡ,ㅡㅡㅡ
경북,O
안동,B_LOC
ㅡㅡㅡ,ㅡㅡㅡ
신세동,B_TOR
그림애문화마을,I_TOR
ㅡㅡㅡ,ㅡㅡㅡ
영화같은,O
감성스토리,O
ㅡㅡㅡ,ㅡㅡㅡ
감성근육,O
1020,O
ㅡㅡㅡ,ㅡㅡㅡ
전통과,O
역사의,O
도시,O
안동,B_LOC
ㅡㅡㅡ,ㅡㅡㅡ
안동,B_LOC
하면,O
하회마을,B_TOR
이나,O
서원과,O
같은,O
전통적인,O
부분도,O
있지만,O
사람의,O
향기를,O
그대로,O
그림에서,O
느낄,O
수,O
있는,O
벽화마을이,O
있다,O
ㅡㅡㅡ,ㅡㅡㅡ
그,O
벽화마을은,O
신세동벽화마을,B_TOR
이다,O
ㅡㅡㅡ,ㅡㅡㅡ
모두,O
신세동,B_TOR
벽화마을,I_TOR
의,O
주민,O
얼굴,O
이다,O
ㅡㅡㅡ,ㅡㅡㅡ
신세동벽화마을,B_TOR
을,O
산비탈을,O
따라,O
옹기종기,O
작은,O
집들이,O
모여서,O
마을을,O
이루는,O
곳이다,O
ㅡㅡㅡ,ㅡㅡㅡ
좁고,O
경사진,O
골목길을,O
따라가면,O
보는,O
이의,O
감성을,O
자극하고,O
있는,O
다양한,O
벽화를,O
볼,O
수,O
있고,O
이곳,O
주민,O
의,O
일상생활,O
모습도,O
엿볼,O
수,O
있다,O
ㅡㅡㅡ,ㅡㅡㅡ
벽화마을,O
들어오는,O
표지판에는,O
성진골벽화마을,B_TOR
이라고,O
되어,O
있는데,O
ㅡㅡㅡ,ㅡㅡㅡ
신세동,B_TOR
벽화마을,I_TOR
이,O
위치한,O
곳이,O
성진골,O
에,O
있다보니,O
또다른,O
이름으로도,O
불리고,O
있다,O
ㅡㅡㅡ,ㅡㅡㅡ
하지만,O
많은이들은,O
신세동,B_TOR
벽화마을,I_TOR
로,O
부르고,O
있다,O
ㅡㅡㅡ,ㅡㅡㅡ
벽화,O
그림이,O
섬세하게,O
그렸다,O
ㅡㅡㅡ,ㅡㅡㅡ
마치,O
실제의,O
모습을,O
보는,O
것,O
같다,O
ㅡㅡㅡ,ㅡㅡㅡ
신세동벽화마을,B_TOR
엔,O
토끼,O
그림과,O
토끼,O
조형물을,O
많이,O
만날,O
수,O
있는데,O
달,O
에서,O
가장,O
가까운,O
달동네라서,O
그렇다고,O
한다,O
ㅡㅡㅡ,ㅡㅡㅡ
보름,O
달이,O
가장,O
크게,O
뜨는,O
밤,O
이면,O
달,O
에서,O
놀던,O
12마리,O
토끼,O
가,O
이곳에,O
내려와,O
뛰어놀다,O
가는,O
곳이라는,O
이야기가,O
전해온다,O
ㅡㅡㅡ,ㅡㅡㅡ
신세동,B_TOR
벽화마을,I_TOR
의,O
특징은,O
이곳에,O
현재,O
살고,O
있는,O
주민,O
들의,O
얼굴,O
이나,O
사물과,O
동물들을,O
그린게,O
특징이다,O
ㅡㅡㅡ,ㅡㅡㅡ
그래서,O
그림,O
하나,O
하나,O
볼,O
때,O
마다,O
재미있는,O
요소가,O
담겨져,O
있다,O
ㅡㅡㅡ,ㅡㅡㅡ
저기,O
앞,O
에,O
있는,O
남자,O
친구,O
가,O
여기,O
할머니,O
손자,O
라고,O
합니다,O
ㅡㅡㅡ,ㅡㅡㅡ
그럼,O
몇,O
살,O
때,O
인가요,O
ㅡㅡㅡ,ㅡㅡㅡ
그러니깐,O
유치원,O
다니고,O
있을때,O
7살,O
때,O
여자,O
아이는,O
초등학교때,O
입니다,O
ㅡㅡㅡ,ㅡㅡㅡ
또,O
손자,O
는,O
초등학교,O
다니고,O
ㅡㅡㅡ,ㅡㅡㅡ
그럼,O
지금은,O
몇학년인가요,O
ㅡㅡㅡ,ㅡㅡㅡ
손자,O
들이,O
고등학교,O
3학년,O
그리고,O
중학교,O
1학년,O
입니다,O
ㅡㅡㅡ,ㅡㅡㅡ
그리고,O
여자,O
친구,O
는,O
지금,O
돈,O
벌고,O
있어요,O
ㅡㅡㅡ,ㅡㅡㅡ
벌써,O
오래됐어요,O
ㅡㅡㅡ,ㅡㅡㅡ
저,O
할머니,O
는,O
나,O
입니다,O
ㅡㅡㅡ,ㅡㅡㅡ
아,O
진짜요,O
ㅡㅡㅡ,ㅡㅡㅡ
몰랐어요,O
ㅡㅡㅡ,ㅡㅡㅡ
할머님,O
손,O
한,O
번,O
흔들어,O
주세요,O
ㅡㅡㅡ,ㅡㅡㅡ
이름은,O
김화순,O
근데,O
여기서는,O
복덩이,O
할머님,O
으로,O
부르고,O
있어요,O
ㅡㅡㅡ,ㅡㅡㅡ
감사합니다,O
ㅡㅡㅡ,ㅡㅡㅡ
여기,O
보이는,O
그림이,O
할머님,O
입니다,O
ㅡㅡㅡ,ㅡㅡㅡ
운이,O
좋아서,O
할머님,O
을,O
뵈었네요,O
ㅡㅡㅡ,ㅡㅡㅡ
세월이,O
느껴지는,O
지붕,O
ㅡㅡㅡ,ㅡㅡㅡ
벽화들이,O
크고,O
작은,O
것들이,O
조화롭게,O
꾸며져,O
있다,O
ㅡㅡㅡ,ㅡㅡㅡ
내가,O
마음에,O
들었던,O
벽화입니다,O
ㅡㅡㅡ,ㅡㅡㅡ
우물,O
체험을,O
할,O
수,O
있게,O
만든,O
곳,O
ㅡㅡㅡ,ㅡㅡㅡ
오래된,O
마차,O
도,O
있었다,O
ㅡㅡㅡ,ㅡㅡㅡ
내가,O
좋아하는,O
피사체이다,O
그림자,O
초록색,O
동물,O
사람,O
ㅡㅡㅡ,ㅡㅡㅡ
전망대에서,O
쉬고,O
있으면서,O
할머님,O
과,O
함께,O
잠시,O
대화를,O
나눴어요,O
ㅡㅡㅡ,ㅡㅡㅡ
할머님,O
건강,O
하세요,O
ㅡㅡㅡ,ㅡㅡㅡ
이,O
우물은,O
1000년전,O
우물이라고,O
하는데,O
심한,O
장마나,O
가뭄에도,O
늘,O
같은,O
높이를,O
유지하고,O
이,O
우물에서,O
손,O
을,O
씻으면,O
인연줄이,O
생겨서,O
소중한,O
인연을,O
맺어진다고,O
한다,O
ㅡㅡㅡ,ㅡㅡㅡ
안동동부초등학교,O
ㅡㅡㅡ,ㅡㅡㅡ
전교생이,O
6070명정도,O
이다,O
ㅡㅡㅡ,ㅡㅡㅡ
벽화마을,O
전망대에,O
올라,O
마을을,O
내려다보면,O
안동시,B_LOC
가,O
한눈에,O
잡힐,O
듯,O
눈,O
에,O
들어온다,O
ㅡㅡㅡ,ㅡㅡㅡ
전망대에서,O
보는,O
풍경이,O
내,O
마음을,O
사로잡았다,O
ㅡㅡㅡ,ㅡㅡㅡ
이곳에,O
살고,O
싶다,O
ㅡㅡㅡ,ㅡㅡㅡ
바로,O
여기야,O
ㅡㅡㅡ,ㅡㅡㅡ
오늘,O
은,O
여기서,O
ㅡㅡㅡ,ㅡㅡㅡ
빨래,O
건조대까지도,O
산책을,O
나왔어요,O
ㅡㅡㅡ,ㅡㅡㅡ
고양이,O
들이,O
너무,O
자연스럽게,O
행동,O
한다,O
마치,O
집처럼,O
ㅡㅡㅡ,ㅡㅡㅡ
마치,O
이야기가,O
있는,O
듯한,O
그림,O
ㅡㅡㅡ,ㅡㅡㅡ
이곳,O
신세동,B_TOR
벽화마을,I_TOR
그림은,O
정말,O
내,O
마음까지,O
위로해,O
준다,O
ㅡㅡㅡ,ㅡㅡㅡ
이곳도,O
봄,O
을,O
속삭인다,O
ㅡㅡㅡ,ㅡㅡㅡ
빨래를,O
널고,O
계시는,O
할머님,O
모습도,O
살아,O
있는,O
그림이다,O
ㅡㅡㅡ,ㅡㅡㅡ
이른,O
아침,O
이라서,O
그런지,O
새소리가,O
크게,O
들린다,O
ㅡㅡㅡ,ㅡㅡㅡ
마음에,O
따뜻한,O
온기가,O
필요하거나,O
느린,O
걸음이,O
생각나는,O
분들은,O
안동,O
신세동벽화마을,B_TOR
로,O
가면,O
좋을,O
듯,O
싶다,O
ㅡㅡㅡ,ㅡㅡㅡ
골목길에서,O
만난,O
간식서랍,O
ㅡㅡㅡ,ㅡㅡㅡ
주인장,O
이,O
직접,O
만든,O
간식거리,O
ㅡㅡㅡ,ㅡㅡㅡ
건강한,O
간식거리가,O
느껴진다,O
ㅡㅡㅡ,ㅡㅡㅡ
구입해서,O
집에서,O
먹었는데,O
정말,O
맛있었다,O
ㅡㅡㅡ,ㅡㅡㅡ
또,O
다시,O
먹고,O
싶다,O
ㅡㅡㅡ,ㅡㅡㅡ
내가,O
머문,O
게스트하우스,O
ㅡㅡㅡ,ㅡㅡㅡ
아담한게,O
더,O
좋은,O
푸근한,O
게스트하우스,O
ㅡㅡㅡ,ㅡㅡㅡ
외국인,O
분들도,O
많이,O
오시는,O
듯,O
하다,O
ㅡㅡㅡ,ㅡㅡㅡ
이런,O
느낌,O
정말,O
좋다,O
ㅡㅡㅡ,ㅡㅡㅡ
주인장,O
께서,O
친절하고,O
꼼꼼한,O
성격을,O
가지고,O
있는,O
것,O
같다,O
ㅡㅡㅡ,ㅡㅡㅡ
잘,O
머물다,O
갑니다,O
감사했어요,O
ㅡㅡㅡ,ㅡㅡㅡ
여러,O
식물들이,O
가지런히,O
놓여,O
있다,O
ㅡㅡㅡ,ㅡㅡㅡ
카메라,O
를,O
끈,O
줄,O
알았어요,O
ㅡㅡㅡ,ㅡㅡㅡ
이제,O
찍어야지,O
했는데,O
맙소사,O
ㅡㅡㅡ,ㅡㅡㅡ
이,O
소리는,O
불길한,O
소리,O
ㅡㅡㅡ,ㅡㅡㅡ
안돼,O
ㅡㅡㅡ,ㅡㅡㅡ
오늘,O
은,O
조금,O
특별한,O
친구,O
가,O
찾아왔어요,O
ㅡㅡㅡ,ㅡㅡㅡ
오늘,O
둘러볼,O
곳,O
ㅡㅡㅡ,ㅡㅡㅡ
우선,O
짐을,O
먼저,O
풀어야,O
겠죠,O
ㅡㅡㅡ,ㅡㅡㅡ
앞으로,O
묵게,O
될,O
게스트하우스,O
동근재,O
에,O
들렀어요,O
ㅡㅡㅡ,ㅡㅡㅡ
대표,O
님이,O
전문적인,O
운영을,O
위해,O
영어,O
와,O
프랑스어,O
관광통역안내사,O
자격증을,O
취득하셔서,O
ㅡㅡㅡ,ㅡㅡㅡ
외국인,O
친구,O
들을,O
데리고,O
오는데,O
부담이,O
없을,O
것,O
같아요,O
ㅡㅡㅡ,ㅡㅡㅡ
지금은,O
코로나19,O
로,O
인해,O
한옥,O
독채로,O
운영하고,O
있어요,O
ㅡㅡㅡ,ㅡㅡㅡ
마당에도,O
즐길거리가,O
많아요,O
ㅡㅡㅡ,ㅡㅡㅡ
투어도,O
하고,O
사진도,O
찍고,O
ㅡㅡㅡ,ㅡㅡㅡ
그렇게,O
놀다보니,O
벌써,O
배,O
가,O
고파졌어요ㅠㅠ,O
ㅡㅡㅡ,ㅡㅡㅡ
먼저,O
한복,O
으로,O
갈아입고,O
ㅡㅡㅡ,ㅡㅡㅡ
얼른,O
밥,O
부터,O
먹으러,O
가시죠,O
ㅡㅡㅡ,ㅡㅡㅡ
한옥마을,B_TOR
에서의,O
첫,O
식사는,O
바로,O
곰탕집이에요,O
ㅡㅡㅡ,ㅡㅡㅡ
나만,O
알고,O
싶은,O
맛집,O
1순위,O
ㅡㅡㅡ,ㅡㅡㅡ
내고향진곰탕,B_RES
입니다,O
ㅡㅡㅡ,ㅡㅡㅡ
자,O
보이시죠,O
ㅡㅡㅡ,ㅡㅡㅡ
할머니,O
께서,O
직접,O
고기,O
를,O
손질하고,O
전통의,O
방법으로,O
곰탕,O
을,O
고아내신다고,O
해요,O
ㅡㅡㅡ,ㅡㅡㅡ
우와,O
드디어,O
곰탕,O
이,O
나왔네요,O
ㅡㅡㅡ,ㅡㅡㅡ
일단,O
인증샷,O
부터,O
찍고,O
ㅡㅡㅡ,ㅡㅡㅡ
지현,O
진짜,O
우즈베키스탄,O
엔,O
이런,O
거,O
없어,O
ㅡㅡㅡ,ㅡㅡㅡ
세라,O
우즈베키스탄,O
엔,O
없는,O
것,O
같아요,O
ㅡㅡㅡ,ㅡㅡㅡ
지현,O
고기,O
들어간,O
이런,O
국,O
같은,O
거,O
ㅡㅡㅡ,ㅡㅡㅡ
밑반찬도,O
마음껏,O
퍼,O
먹을,O
수,O
있고요,O
ㅡㅡㅡ,ㅡㅡㅡ
한그릇,O
뚝딱,O
다,O
먹고,O
나면,O
입술,O
이,O
찐득해질,O
정도로,O
진한,O
곰탕,O
이에요,O
ㅡㅡㅡ,ㅡㅡㅡ
곰탕,O
맛집,O
인정합니다,O
ㅡㅡㅡ,ㅡㅡㅡ
이제,O
밥,O
도,O
먹었으니,O
차,O
한잔,O
하러,O
가볼까요,O
ㅡㅡㅡ,ㅡㅡㅡ
안동,B_LOC
에서,O
홍차,O
하면,O
이,O
카페죠,O
ㅡㅡㅡ,ㅡㅡㅡ
30년간,O
차,O
를,O
드셔,O
오신,O
사장,O
님이,O
하시는,O
카페,O
ㅡㅡㅡ,ㅡㅡㅡ
바로,O
미드레인지,B_CAF
입니다,O
ㅡㅡㅡ,ㅡㅡㅡ
차,O
종류가,O
엄청,O
많아서,O
놀랐는데요,O
ㅡㅡㅡ,ㅡㅡㅡ
사장,O
님께,O
여쭤보면,O
친절하게,O
설명도,O
해주시고,O
추천도,O
해주신답니다,O
ㅡㅡㅡ,ㅡㅡㅡ
창가에,O
앉아,O
정원과,O
하늘을,O
바라보며,O
마시니,O
마음이,O
더,O
차분해,O
지는,O
것,O
같아요,O
ㅡㅡㅡ,ㅡㅡㅡ
카페가,O
정말,O
예뻐요,O
ㅡㅡㅡ,ㅡㅡㅡ
여기저기,O
포토존에서,O
인증샷,O
놓칠,O
수,O
없죠,O
ㅡㅡㅡ,ㅡㅡㅡ
오늘,O
은,O
첫날,O
이라,O
숙소에,O
조금,O
빨리,O
도착했어요,O
ㅡㅡㅡ,ㅡㅡㅡ
따뜻한,O
방에서,O
새콤달콤,O
귤,O
도,O
까먹으니,O
할머니,O
집,O
옛,O
생각도,O
났어요,O
ㅡㅡㅡ,ㅡㅡㅡ
내,O
친구,O
세라,O
한옥마을,B_TOR
에,O
대한,O
첫인상이,O
궁금한데요,O
ㅡㅡㅡ,ㅡㅡㅡ
지현,O
오늘,O
재밌었어,O
ㅡㅡㅡ,ㅡㅡㅡ
세라,O
우즈벡,O
있을,O
때,O
맨날,O
집에서,O
김치,O
를,O
먹으면서,O
밥,O
을,O
먹었어요,O
ㅡㅡㅡ,ㅡㅡㅡ
지현,O
아,O
진짜,O
ㅡㅡㅡ,ㅡㅡㅡ
세라,O
근데,O
우즈벡,O
은,O
김치,O
를,O
짐치라고,O
불러요,O
ㅡㅡㅡ,ㅡㅡㅡ
세라,O
김치,O
말고,O
짐치,O
ㅡㅡㅡ,ㅡㅡㅡ
지현,O
짐치,O
ㅡㅡㅡ,ㅡㅡㅡ
사장,O
님,O
아,O
김치,O
가,O
짐치라,O
근다고,O
ㅡㅡㅡ,ㅡㅡㅡ
자전거,O
국토종주,O
부산,B_LOC
출발,O
낙동강자전거길,O
종주입니다,O
ㅡㅡㅡ,ㅡㅡㅡ
봄,O
맞이,O
여행,O
두번째,O
ㅡㅡㅡ,ㅡㅡㅡ
예전부터,O
꼭,O
한,O
번,O
오고,O
싶었던,O
곳,O
ㅡㅡㅡ,ㅡㅡㅡ
경북,O
안동,B_LOC
으로,O
여행을,O
왔다,O
ㅡㅡㅡ,ㅡㅡㅡ
미스터션샤인,O
촬영지로,O
더,O
유명해진,O
만휴정,B_TOR
ㅡㅡㅡ,ㅡㅡㅡ
오전,O
인데도,O
사람들이,O
계속,O
오던,O
곳,O
ㅡㅡㅡ,ㅡㅡㅡ
사진,O
몇,O
장을,O
남기고,O
ㅡㅡㅡ,ㅡㅡㅡ
만휴정,B_TOR
을,O
떠난다,O
ㅡㅡㅡ,ㅡㅡㅡ
선성현문화단지,B_TOR
ㅡㅡㅡ,ㅡㅡㅡ
근처에,O
선성수상길,B_TOR
이,O
있다,O
ㅡㅡㅡ,ㅡㅡㅡ
계획에도,O
없던,O
곳을,O
와버렸네,O
응,O
ㅡㅡㅡ,ㅡㅡㅡ
여행을,O
하다,O
보면,O
의외의,O
장소에서,O
즐거움을,O
얻기도,O
한다,O
ㅡㅡㅡ,ㅡㅡㅡ
아무도,O
없어서,O
들어가,O
봤다,O
ㅡㅡㅡ,ㅡㅡㅡ
여기가,O
옛날에,O
관아,O
같은,O
덴가,O
그렇네,O
포도청,O
같은,O
데,O
ㅡㅡㅡ,ㅡㅡㅡ
곤장,O
한대,O
맞을래,O
ㅡㅡㅡ,ㅡㅡㅡ
잘못을,O
했느냐,O
아니요,O
ㅡㅡㅡ,ㅡㅡㅡ
네,O
이놈,O
곤장을,O
맞아라,O
ㅡㅡㅡ,ㅡㅡㅡ
아프니,O
ㅋㅋ,O
ㅡㅡㅡ,ㅡㅡㅡ
야,O
이거,O
뭐야,O
왜,O
이렇게,O
세게,O
때려,O
ㅡㅡㅡ,ㅡㅡㅡ
야,O
싸울래,O
내랑,O
ㅡㅡㅡ,ㅡㅡㅡ
몰라,O
허수아비,O
응,O
ㅡㅡㅡ,ㅡㅡㅡ
왜,O
앞마당에,O
가면,O
있잖아,O
허수아비,O
레벨5,O
까지,O
밖에,O
안,O
키워줘,O
ㅡㅡㅡ,ㅡㅡㅡ
허수아비가,O
반가운,O
즐겜러,O
ㅡㅡㅡ,ㅡㅡㅡ
훈련해라,O
훈련,O
ㅡㅡㅡ,ㅡㅡㅡ
아무도,O
없어서,O
주접을,O
조금,O
떨었다,O
ㅡㅡㅡ,ㅡㅡㅡ
계획에도,O
없던,O
곳인데,O
즐거웠다,O
ㅡㅡㅡ,ㅡㅡㅡ
이제,O
점심,O
먹으러,O
가야겠다,O
ㅡㅡㅡ,ㅡㅡㅡ
안동,B_LOC
에,O
왔으니,O
간고등어,O
는,O
먹어봐야지,O
ㅡㅡㅡ,ㅡㅡㅡ
맛집이래서,O
일부러,O
찾아왔는데,O
ㅡㅡㅡ,ㅡㅡㅡ
음식이,O
좀,O
짜서,O
실망스러웠던,O
점심,O
ㅡㅡㅡ,ㅡㅡㅡ
공부하러,O
오라고,O
북,O
땡땡땡땡,O
ㅡㅡㅡ,ㅡㅡㅡ
도산서원,B_TOR
에,O
왔다,O
ㅡㅡㅡ,ㅡㅡㅡ
생각보다,O
큰,O
규모에,O
놀랐고,O
ㅡㅡㅡ,ㅡㅡㅡ
잘,O
보존되어,O
있어서,O
멋스러웠다,O
ㅡㅡㅡ,ㅡㅡㅡ
한석봉,O
이,O
썼대,O
ㅡㅡㅡ,ㅡㅡㅡ
이거를,O
응,O
ㅡㅡㅡ,ㅡㅡㅡ
도산서원,B_TOR
을,O
둘러보고,O
나니,O
빗줄기가,O
점점,O
세진다,O
ㅡㅡㅡ,ㅡㅡㅡ
평일,O
에는,O
날씨가,O
좋더니,O
주말만,O
되면,O
비가,O
온다,O
ㅡㅡㅡ,ㅡㅡㅡ
이제,O
예약한,O
숙소로,O
가야겠다,O
ㅡㅡㅡ,ㅡㅡㅡ
우리가,O
머무를,O
숙소는,O
치암고택,O
이다,O
ㅡㅡㅡ,ㅡㅡㅡ
한옥,O
스테이,O
한번,O
해보고,O
싶었는데,O
ㅡㅡㅡ,ㅡㅡㅡ
안동,B_LOC
에서,O
버킷리스트,O
하나,O
를,O
이루었다,O
ㅡㅡㅡ,ㅡㅡㅡ
비,O
내리는,O
한옥은,O
운치,O
있고,O
편안한,O
기분이,O
든다,O
ㅡㅡㅡ,ㅡㅡㅡ
아,O
이,O
느낌도,O
너무,O
좋아,O
ㅡㅡㅡ,ㅡㅡㅡ
조선,O
나이키,O
ㅋㅋㅋㅋ,O
잘,O
어울린다,O
ㅡㅡㅡ,ㅡㅡㅡ
많이,O
신어,O
봤어,O
고무,O
신,O
ㅋㅋ,O
ㅡㅡㅡ,ㅡㅡㅡ
여기,O
연못이,O
있어,O
그렇네,O
ㅡㅡㅡ,ㅡㅡㅡ
우와,O
이런,O
장독대,O
요즘에,O
보기,O
들어,O
ㅡㅡㅡ,ㅡㅡㅡ
우물도,O
있다,O
오,O
ㅡㅡㅡ,ㅡㅡㅡ
그러네,O
지금은,O
안,O
쓰겠지만,O
우물도,O
있네,O
ㅡㅡㅡ,ㅡㅡㅡ
비를,O
피해서,O
숨어있는,O
고양이,O
두마리,O
ㅡㅡㅡ,ㅡㅡㅡ
오,O
쟤들,O
이뻐,O
빤히,O
쳐다봐,O
ㅡㅡㅡ,ㅡㅡㅡ
빗줄기가,O
점점,O
굵어진다,O
ㅡㅡㅡ,ㅡㅡㅡ
비가,O
와도,O
숙소에만,O
있을,O
우리가,O
아니다,O
ㅡㅡㅡ,ㅡㅡㅡ
댐,O
위를,O
걸을,O
거라는,O
생각도,O
못,O
했었다,O
ㅡㅡㅡ,ㅡㅡㅡ
안동댐,B_TOR
위를,O
잠시,O
걸었다,O
ㅡㅡㅡ,ㅡㅡㅡ
그래,O
저기저기,O
보이는,O
저거,O
분수,O
있고,O
ㅡㅡㅡ,ㅡㅡㅡ
저기가,O
물길공원,B_TOR
이야,O
그렇네,O
ㅡㅡㅡ,ㅡㅡㅡ
위에서,O
저기,O
걸어서도,O
내려가기도,O
하네,O
여기서,O
떨어져서,O
쭉쭉,O
내려가는갑네,O
ㅡㅡㅡ,ㅡㅡㅡ
어,O
차,O
타고,O
가자,O
ㅋㅋㅋ,O
ㅡㅡㅡ,ㅡㅡㅡ
오,O
이쁘다,O
이렇게,O
보니까,O
ㅡㅡㅡ,ㅡㅡㅡ
와,O
징검다리도,O
있다,O
어,O
그러네,O
징검다리는,O
가줘야지,O
ㅡㅡㅡ,ㅡㅡㅡ
자기가,O
먼저,O
가,O
ㅋㅋ,O
자기가,O
먼저,O
가,O
ㅡㅡㅡ,ㅡㅡㅡ
장난기가,O
발동해서,O
살짝,O
밀어봤다,O
ㅡㅡㅡ,ㅡㅡㅡ
나,O
수영,O
할,O
줄,O
안다,O
ㅎㅎㅎ,O
나도,O
수영,O
할,O
줄,O
안다,O
ㅡㅡㅡ,ㅡㅡㅡ
날이,O
좋았으면,O
더,O
좋았을,O
낙강물길공원,B_TOR
ㅡㅡㅡ,ㅡㅡㅡ
먹는다고,O
신나가지고,O
안,O
먹은,O
것,O
처럼,O
ㅡㅡㅡ,ㅡㅡㅡ
저녁,O
으로,O
안동찜닭,O
을,O
먹었다,O
ㅡㅡㅡ,ㅡㅡㅡ
정말,O
맛있었는데,O
양이,O
많아서,O
남길,O
수밖에,O
없었다,O
ㅡㅡㅡ,ㅡㅡㅡ
찜닭,O
골목의,O
많은,O
가게,O
중에서,O
맛집을,O
찾는,O
방법,O
ㅡㅡㅡ,ㅡㅡㅡ
사람,O
많고,O
호객행위,O
없는,O
곳을,O
가면,O
된다,O
ㅡㅡㅡ,ㅡㅡㅡ
야경,O
맛집,O
월영교,B_TOR
ㅡㅡㅡ,ㅡㅡㅡ
비가,O
와서,O
제일,O
아쉬웠던,O
곳,O
ㅡㅡㅡ,ㅡㅡㅡ
출입,O
금지,O
왜,O
하필,O
오늘,O
이야,O
ㅡㅡㅡ,ㅡㅡㅡ
궂은,O
날씨지만,O
안동,B_LOC
에서의,O
첫날,O
을,O
알차게,O
보냈다,O
ㅡㅡㅡ,ㅡㅡㅡ
다음,O
편에,O
계속,O
ㅡㅡㅡ,ㅡㅡㅡ
혼자,O
떠나는,O
1박2일,O
안동,B_LOC
여행,O
ㅡㅡㅡ,ㅡㅡㅡ
처음,O
가보는,O
안동,B_LOC
ㅡㅡㅡ,ㅡㅡㅡ
평일,O
이라,O
사람들이,O
적어,O
좋았지만,O
ㅡㅡㅡ,ㅡㅡㅡ
낯선,O
지역이라,O
설렘반,O
걱정반,O
ㅡㅡㅡ,ㅡㅡㅡ
특별한,O
계획이,O
있기보다는,O
ㅡㅡㅡ,ㅡㅡㅡ
보고,O
싶은,O
몇,O
곳만,O
꼭,O
보고,O
오자라는,O
생각,O
ㅡㅡㅡ,ㅡㅡㅡ
뚜벅이,O
여행은,O
처음이고,O
ㅡㅡㅡ,ㅡㅡㅡ
안동,B_LOC
의,O
적은,O
버스,O
배차에,O
걱정이,O
많았어요,O
ㅡㅡㅡ,ㅡㅡㅡ
기차,O
안에서도,O
확인,O
또,O
확인,O
ㅡㅡㅡ,ㅡㅡㅡ
기차,O
탈,O
때마다,O
꼭,O
보는,O
창밖,O
ㅡㅡㅡ,ㅡㅡㅡ
규칙적인,O
소리와,O
덜컹거림이,O
마음을,O
편안하게,O
해주는,O
느낌이에요,O
ㅡㅡㅡ,ㅡㅡㅡ
옛날,O
기차역의,O
느낌을,O
보고,O
싶었지만,O
ㅡㅡㅡ,ㅡㅡㅡ
신역사로,O
도착해,O
볼,O
수,O
없어,O
아쉬웠던,O
ㅡㅡㅡ,ㅡㅡㅡ
월영교,B_TOR
ㅡㅡㅡ,ㅡㅡㅡ
낙동강,B_TOR
물에,O
파란,O
하늘과,O
또렷하게,O
보이는,O
산,O
ㅡㅡㅡ,ㅡㅡㅡ
거기에,O
월영교,B_TOR
가,O
비쳐,O
신비하고,O
아름다웠던,O
곳,O
ㅡㅡㅡ,ㅡㅡㅡ
짠,O
하고,O
등장해보고,O
싶었는데,O
ㅡㅡㅡ,ㅡㅡㅡ
왜이리,O
어색함ㅋ큐ㅠㅠ,O
ㅡㅡㅡ,ㅡㅡㅡ
그냥,O
평소처럼,O
감상하는,O
거로,O
ㅡㅡㅡ,ㅡㅡㅡ
머쓱,O
ㅡㅡㅡ,ㅡㅡㅡ
월영교,B_TOR
는,O
국내에서는,O
가장,O
긴,O
목책,O
인도교,O
이고,O
ㅡㅡㅡ,ㅡㅡㅡ
다리,O
한,O
가운데,O
에는,O
월영정,B_TOR
이라는,O
정자가,O
있어요,O
ㅡㅡㅡ,ㅡㅡㅡ
왜이리,O
신났지,O
ㅡㅡㅡ,ㅡㅡㅡ
그냥,O
즐거워,O
보여서,O
넣음ㅋㅋㅋㅋㅋ,O
ㅡㅡㅡ,ㅡㅡㅡ
여기가,O
바로,O
포토존,O
ㅡㅡㅡ,ㅡㅡㅡ
앉아서,O
바람도,O
쐬고,O
ㅡㅡㅡ,ㅡㅡㅡ
인증샷도,O
남기기,O
ㅡㅡㅡ,ㅡㅡㅡ
혼자,O
찍는게,O
참,O
부끄럽구나,O
ㅡㅡㅡ,ㅡㅡㅡ
어려운,O
프로,O
유튜버,O
의,O
길ㅋㅋㅋㅋㅋ,O
ㅡㅡㅡ,ㅡㅡㅡ
떠나기,O
전,O
다시,O
한번,O
카메라,O
에,O
담기,O
ㅡㅡㅡ,ㅡㅡㅡ
낙강물길공원,B_TOR
가는,O
길에,O
정자,O
하나,O
가,O
있어,O
둘러보기,O
ㅡㅡㅡ,ㅡㅡㅡ
날씨도,O
덥고,O
많이,O
걸어,O
피곤했는데,O
잠시,O
쉬기에,O
딱,O
ㅡㅡㅡ,ㅡㅡㅡ
잠시,O
누워서,O
하늘,O
멍,O
ㅡㅡㅡ,ㅡㅡㅡ
그럼,O
충분히,O
쉬었으니,O
다시,O
이동,O
ㅡㅡㅡ,ㅡㅡㅡ
낙강물길공원,B_TOR
ㅡㅡㅡ,ㅡㅡㅡ
푸른,O
숲길이,O
있고,O
나무,O
사이사이로,O
햇빛이,O
잘,O
들어와,O
분위기가,O
신비로웠어요,O
ㅡㅡㅡ,ㅡㅡㅡ
여유롭당,O
ㅡㅡㅡ,ㅡㅡㅡ
뚜벅이라,O
더,O
이상,O
여유는,O
못,O
부리고,O
ㅡㅡㅡ,ㅡㅡㅡ
숙소로,O
가는,O
버스,O
를,O
탔어요,O
ㅡㅡㅡ,ㅡㅡㅡ
하회마을,B_TOR
ㅡㅡㅡ,ㅡㅡㅡ
오늘,O
묵을,O
숙소,O
ㅡㅡㅡ,ㅡㅡㅡ
안동,B_LOC
에,O
왔으니,O
꼭,O
한옥에서,O
숙박하고,O
싶었어요,O
ㅡㅡㅡ,ㅡㅡㅡ
가운데,O
한옥이,O
제가,O
묵을,O
숙소에요,O
ㅡㅡㅡ,ㅡㅡㅡ
마을이,O
엄청,O
조용해요,O
ㅡㅡㅡ,ㅡㅡㅡ
피곤하지만,O
ㅡㅡㅡ,ㅡㅡㅡ
빠르게,O
짐정리,O
하기,O
ㅡㅡㅡ,ㅡㅡㅡ
잠깐,O
나와서,O
쉬는,O
데,O
ㅡㅡㅡ,ㅡㅡㅡ
강과,O
산이,O
가까워,O
벌레가,O
많았어요,O
ㅡㅡㅡ,ㅡㅡㅡ
아,O
이건,O
썸네일,O
사진,O
쓰려고,O
찍은,O
영상이었는데,O
올릴까,O
말까,O
하다가,O
ㅡㅡㅡ,ㅡㅡㅡ
영상기록의,O
좋은,O
점이,O
ㅡㅡㅡ,ㅡㅡㅡ
과거의,O
내,O
모습을,O
더,O
생생하게,O
기억할,O
수,O
있다는,O
점,O
ㅡㅡㅡ,ㅡㅡㅡ
저,O
때,O
왜,O
저랬나,O
싶기도,O
하고ㅋㅋㅋㅋㅋㅋㅋㅋㅋㅋㅋㅋㅋㅋ,O
ㅡㅡㅡ,ㅡㅡㅡ
버스,O
타기,O
전,O
맘모스제과점,B_CAF
에서,O
산,O
유명한,O
크림치즈빵,O
ㅡㅡㅡ,ㅡㅡㅡ
달달하면서,O
짭짜롬하고,O
쫀득쫀득,O
한,O
식감,O
ㅡㅡㅡ,ㅡㅡㅡ
그리고,O
아프리콧,O
살구타르트,O
ㅡㅡㅡ,ㅡㅡㅡ
잠자기,O
전에,O
내일,O
일정,O
확인하기,O
ㅡㅡㅡ,ㅡㅡㅡ
혼자있는게,O
심심해,O
보였나봐요,O
ㅡㅡㅡ,ㅡㅡㅡ
너무,O
귀여워,O
ㅡㅡㅡ,ㅡㅡㅡ
안녕,O
ㅡㅡㅡ,ㅡㅡㅡ
줄만한게,O
없어,O
ㅡㅡㅡ,ㅡㅡㅡ
고양이,O
랑,O
놀다가,O
잤어요,O
ㅡㅡㅡ,ㅡㅡㅡ
일어나자마자,O
조식,O
ㅡㅡㅡ,ㅡㅡㅡ
죽,O
도,O
맛있고,O
고등어,O
도,O
맛있고,O
ㅡㅡㅡ,ㅡㅡㅡ
고양이,O
가,O
또,O
놀러왔네요,O
ㅡㅡㅡ,ㅡㅡㅡ
이제는,O
좀처럼,O
보기,O
든,O
옛,O
풍경들,O
ㅡㅡㅡ,ㅡㅡㅡ
고즈넉한,O
안동하회마을,B_TOR
ㅡㅡㅡ,ㅡㅡㅡ
우물인가,O
ㅡㅡㅡ,ㅡㅡㅡ
빠지면,O
죽을,O
듯,O
ㅡㅡㅡ,ㅡㅡㅡ
그네도,O
있네,O
ㅡㅡㅡ,ㅡㅡㅡ
타볼까,O
ㅡㅡㅡ,ㅡㅡㅡ
그네가,O
낮아,O
타기,O
불편했는데,O
ㅡㅡㅡ,ㅡㅡㅡ
다들,O
서서,O
타더라고요ㅋㅋㅋㅋㅋ,O
ㅡㅡㅡ,ㅡㅡㅡ
반갑게,O
지저귀는,O
새소리까지,O
더해지니,O
너무,O
평화로웠어요,O
ㅡㅡㅡ,ㅡㅡㅡ
마을,O
중앙,O
안쪽,O
에는,O
삼신당신목,O
이,O
있는데,O
ㅡㅡㅡ,ㅡㅡㅡ
소원이,O
적힌,O
종이들,O
ㅡㅡㅡ,ㅡㅡㅡ
이,O
나무는,O
얼마나,O
오랫동안,O
자리를,O
지키고,O
있었을까요,O
ㅡㅡㅡ,ㅡㅡㅡ
원래,O
이런,O
거,O
믿지도,O
않고,O
귀찮아서,O
안,O
하는데,O
ㅡㅡㅡ,ㅡㅡㅡ
이상하게,O
한번,O
소원을,O
빌고,O
싶어져서,O
적어봤어요,O
ㅡㅡㅡ,ㅡㅡㅡ
내,O
소원,O
ㅡㅡㅡ,ㅡㅡㅡ
만송정,B_TOR
과,O
부용대,B_TOR
가기,O
전,O
작은,O
숲길,O
ㅡㅡㅡ,ㅡㅡㅡ
아침,O
이른,O
시간이라,O
혼자서,O
숲속을,O
걷는,O
느낌이었어요,O
ㅡㅡㅡ,ㅡㅡㅡ
발자국,O
소리도,O
좋네요,O
ㅡㅡㅡ,ㅡㅡㅡ
만송정,B_TOR
과,O
부용대,B_TOR
ㅡㅡㅡ,ㅡㅡㅡ
만송정숲,B_TOR
으로,O
걸어오기까지,O
엄청,O
더웠는데,O
ㅡㅡㅡ,ㅡㅡㅡ
들어오는,O
순간,O
시원한,O
바람이,O
솔솔,O
ㅡㅡㅡ,ㅡㅡㅡ
만송정숲,B_TOR
에서,O
바라보는,O
부용대,B_TOR
의,O
모습,O
ㅡㅡㅡ,ㅡㅡㅡ
979분동안,O
잠시,O
부용대,B_TOR
를,O
보며,O
멍을,O
때렸습니다,O
ㅡㅡㅡ,ㅡㅡㅡ
부용대,B_TOR
정상은,O
섶다리,O
나룻배,O
로,O
하회마을,B_TOR
서,O
가로질러,O
이동할,O
수,O
있었지만,O
ㅡㅡㅡ,ㅡㅡㅡ
태풍으로,O
인한,O
붕괴,O
등으로,O
인해,O
이동할,O
수,O
없어요,O
차량우회으로,O
이동가능,O
ㅡㅡㅡ,ㅡㅡㅡ
부용대,B_TOR
정상에,O
올라가지,O
못해,O
아쉬웠지만,O
ㅡㅡㅡ,ㅡㅡㅡ
아래,O
에서,O
정상을,O
향해,O
바라보는,O
부용대,B_TOR
의,O
모습도,O
멋졌습니다,O
ㅡㅡㅡ,ㅡㅡㅡ
끝까지,O
봐주셔서,O
감사합니다,O
ㅡㅡㅡ,ㅡㅡㅡ
그럼,O
다음,O
영상에서,O
봐요,O
ㅡㅡㅡ,ㅡㅡㅡ
엘리자베스,O
여왕,O
도,O
감탄한,O
안동,B_TOR
봉정사,I_TOR
ㅡㅡㅡ,ㅡㅡㅡ
이번,O
영상은,O
2018년,O
유네스코,O
세계문화유산,O
으로,O
선정된,O
ㅡㅡㅡ,ㅡㅡㅡ
안동,B_TOR
봉정사,I_TOR
ㅡㅡㅡ,ㅡㅡㅡ
199년,O
영국,O
의,O
엘리자베스,O
여왕,O
이,O
ㅡㅡㅡ,ㅡㅡㅡ
한국,O
에,O
방문했을,O
때,O
가장,O
한국적인,O
곳에,O
가보고,O
싶다고,O
해서,O
추천한,O
사찰,O
ㅡㅡㅡ,ㅡㅡㅡ
또한,O
우리나라에서,O
가장,O
오래된,O
목조,O
건물,O
극락전,B_TOR
이,O
있는,O
곳이기도,O
하다,O
ㅡㅡㅡ,ㅡㅡㅡ
유네스코,O
세계유산,O
에,O
등재되어,O
있다,O
ㅡㅡㅡ,ㅡㅡㅡ
천등산,O
기슭에,O
자리잡고,O
있는,O
봉정사,B_TOR
는,O
ㅡㅡㅡ,ㅡㅡㅡ
신라,O
문무왕때,O
능인,O
대사,O
에,O
의해,O
창건되었다,O
ㅡㅡㅡ,ㅡㅡㅡ
봉황,O
이,O
잠시,O
머무른,O
자리라,O
하여,O
봉정사,B_TOR
라,O
불렀다고,O
한다,O
ㅡㅡㅡ,ㅡㅡㅡ
조용한,O
풍경에,O
산새,O
들이,O
노래가,O
즐겁게,O
들린다,O
ㅡㅡㅡ,ㅡㅡㅡ
만세루,B_TOR
의,O
오른길이,O
소박하고,O
자연스럽다,O
ㅡㅡㅡ,ㅡㅡㅡ
대웅전,B_TOR
은,O
국보제311호,O
에,O
지정되어,O
있고,O
ㅡㅡㅡ,ㅡㅡㅡ
좌측,O
에는,O
스님,O
들이,O
교학을,O
공부하는,O
화엄강당,B_TOR
이,O
보인다,O
ㅡㅡㅡ,ㅡㅡㅡ
마치,O
개미,O
들이,O
항공에서,O
보이는,O
자동차,O
같기도,O
하다,O
ㅡㅡㅡ,ㅡㅡㅡ
석조여래좌상,O
ㅡㅡㅡ,ㅡㅡㅡ
세월에,O
흔적을,O
엿볼,O
수,O
있다,O
ㅡㅡㅡ,ㅡㅡㅡ
신체에,O
비해,O
작은,O
머리,O
는,O
나선형,O
머리카락,O
과,O
ㅡㅡㅡ,ㅡㅡㅡ
당당하고,O
둥근,O
어깨,O
에서,O
느껴지는,O
양감에,O
비해,O
가슴,O
은,O
대체로,O
평평하다,O
ㅡㅡㅡ,ㅡㅡㅡ
뒷모습마저,O
아름답다,O
ㅡㅡㅡ,ㅡㅡㅡ
봉정사,O
3층,O
석탑은,O
시도유형문화재제18호,O
고려시대,O
양식으로,O
지어져,O
있다,O
ㅡㅡㅡ,ㅡㅡㅡ
봉정사,B_TOR
의,O
범종,O
ㅡㅡㅡ,ㅡㅡㅡ
우아하고,O
안정된,O
외형을,O
지니고,O
있고,O
그,O
소리도,O
청아하며,O
은은하다고,O
한다,O
ㅡㅡㅡ,ㅡㅡㅡ
봉정사,B_TOR
지킴이,O
솔,O
ㅡㅡㅡ,ㅡㅡㅡ
ㅡㅡㅡ,ㅡㅡㅡ
만세루,B_TOR
는,O
정면,O
5칸,O
측면,O
3칸,O
의,O
맞배지붕으로,O
ㅡㅡㅡ,ㅡㅡㅡ
비나,O
바람으로부터,O
보호,O
받도록,O
하였다,O
ㅡㅡㅡ,ㅡㅡㅡ
녹화,O
버튼을,O
누르고,O
잠시,O
쉬어본다,O
ㅡㅡㅡ,ㅡㅡㅡ
오후시간,O
을,O
마음껏,O
누리는,O
솔,O
ㅡㅡㅡ,ㅡㅡㅡ
사람이,O
지나가든,O
말든,O
고양이,O
는,O
누워,O
자고,O
있다,O
ㅡㅡㅡ,ㅡㅡㅡ
상태를,O
보니,O
털이,O
많이,O
빠져있다,O
ㅡㅡㅡ,ㅡㅡㅡ
왠지,O
이,O
없어,O
보인다,O
ㅡㅡㅡ,ㅡㅡㅡ
아프지,O
말아라,O
고양이,O
야,O
ㅡㅡㅡ,ㅡㅡㅡ
봉정사,B_TOR
를,O
찾은,O
사람들의,O
모습이,O
다양하다,O
ㅡㅡㅡ,ㅡㅡㅡ
사람,O
구경을,O
좋아하는,O
나다,O
ㅡㅡㅡ,ㅡㅡㅡ
봉정사템플스테이체험,O
을,O
하는분들,O
ㅡㅡㅡ,ㅡㅡㅡ
투호,O
놀이를,O
한다,O
ㅡㅡㅡ,ㅡㅡㅡ
가끔,O
사람들의,O
움직임이,O
왜이리,O
재미있는지,O
모르겠다,O
ㅡㅡㅡ,ㅡㅡㅡ
국보제15호,O
고려말기,O
현존하는,O
우리나라에서,O
ㅡㅡㅡ,ㅡㅡㅡ
가장,O
오래된,O
목조건축,O
건물로,O
유명하다,O
ㅡㅡㅡ,ㅡㅡㅡ
가장,O
한국적인,O
사찰의,O
모습일,O
것,O
같다,O
ㅡㅡㅡ,ㅡㅡㅡ
이래서,O
영국,O
엘리자베스,O
여왕,O
이,O
이곳을,O
선택을,O
하지,O
않았나,O
생각이,O
든다,O
ㅡㅡㅡ,ㅡㅡㅡ
400년이상,O
된,O
나무들도,O
많았다,O
ㅡㅡㅡ,ㅡㅡㅡ
이곳은,O
템플스테이,O
설법전,B_TOR
건물이다,O
ㅡㅡㅡ,ㅡㅡㅡ
유네스코,O
세계유산,O
이라,O
해서,O
가,O
본,O
봉정사,B_TOR
ㅡㅡㅡ,ㅡㅡㅡ
종교를,O
떠나서,O
우리,O
건축들의,O
아름다움과,O
ㅡㅡㅡ,ㅡㅡㅡ
이미,O
자연의,O
부분이,O
되어버린,O
고운,O
사찰의,O
정취를,O
ㅡㅡㅡ,ㅡㅡㅡ
더듬어,O
보면,O
현실을,O
살아가는,O
우리들에게,O
ㅡㅡㅡ,ㅡㅡㅡ
많은,O
위안과,O
마음의,O
정화를,O
안길,O
것이다,O
ㅡㅡㅡ,ㅡㅡㅡ
감성근육,O
1020,O
ㅡㅡㅡ,ㅡㅡㅡ
구독과,O
좋아요,O
부탁드립니다,O
ㅡㅡㅡ,ㅡㅡㅡ
안동,B_LOC
여행,O
두번째,O
이야기,O
ㅡㅡㅡ,ㅡㅡㅡ
아침,O
에,O
일어나,O
문을,O
살짝,O
열어놨는데,O
ㅡㅡㅡ,ㅡㅡㅡ
귀여운,O
손님,O
이,O
찾아왔다,O
ㅡㅡㅡ,ㅡㅡㅡ
어제,O
비를,O
피해,O
마루,O
밑에,O
숨어있던,O
친구,O
다,O
ㅡㅡㅡ,ㅡㅡㅡ
웃긴다,O
귀엽다,O
응,O
간다,O
ㅡㅡㅡ,ㅡㅡㅡ
저기,O
있어,O
흐흐흥,O
ㅡㅡㅡ,ㅡㅡㅡ
툇마루쟈,O
가,O
점령했다,O
ㅡㅡㅡ,ㅡㅡㅡ
들어오겠다,O
왜,O
배고파,O
더,O
줘,O
ㅡㅡㅡ,ㅡㅡㅡ
어제,O
사,O
온,O
빵,O
을,O
조금,O
떼어서,O
줬다,O
ㅡㅡㅡ,ㅡㅡㅡ
도망,O
안,O
간다,O
이제,O
응,O
먹을,O
거,O
주는,O
거,O
아니까,O
ㅡㅡㅡ,ㅡㅡㅡ
내,O
손보고,O
이제,O
겁도,O
안,O
낸다,O
ㅡㅡㅡ,ㅡㅡㅡ
자야옹아야옹아,O
ㅡㅡㅡ,ㅡㅡㅡ
보고,O
있다가,O
바로,O
온다,O
ㅡㅡㅡ,ㅡㅡㅡ
꼬리,O
살랑살랑,O
흔든다,O
귀엽다앙,O
ㅡㅡㅡ,ㅡㅡㅡ
저거,O
집인,O
양,O
ㅡㅡㅡ,ㅡㅡㅡ
그루밍하고,O
있다,O
방석,O
어제,O
우리가,O
내가,O
깔아놓은,O
거,O
ㅡㅡㅡ,ㅡㅡㅡ
우리가,O
앉아서,O
놀던,O
방석에,O
앉아가지고ㅎㅎ,O
ㅡㅡㅡ,ㅡㅡㅡ
귀여운,O
손님,O
은,O
우리,O
방,O
앞,O
에서,O
한참을,O
쉬다가,O
갔다,O
ㅡㅡㅡ,ㅡㅡㅡ
우리가,O
머물렀던,O
치암고택,O
호도재,O
ㅡㅡㅡ,ㅡㅡㅡ
다행히,O
날씨가,O
좋아져서,O
멋진,O
모습을,O
더,O
담아올,O
수,O
있었다,O
ㅡㅡㅡ,ㅡㅡㅡ
왼손,O
으로,O
ㅡㅡㅡ,ㅡㅡㅡ
어제,O
못했던,O
투호놀이,O
도,O
했다,O
ㅡㅡㅡ,ㅡㅡㅡ
하나,O
ㅡㅡㅡ,ㅡㅡㅡ
둘,O
다,O
실력이,O
별로다,O
하나씩,O
넣고,O
끝,O
ㅡㅡㅡ,ㅡㅡㅡ
떠나기,O
전,O
아쉬움에,O
사진을,O
몇,O
장,O
찍었다,O
ㅡㅡㅡ,ㅡㅡㅡ
숙소를,O
떠나,O
병산서원,B_TOR
에,O
왔다,O
ㅡㅡㅡ,ㅡㅡㅡ
이,O
곳,O
역시,O
세계유산,O
에,O
지정된,O
서원,O
이다,O
ㅡㅡㅡ,ㅡㅡㅡ
국가,O
보물로,O
지정된,O
병산서원,B_TOR
의,O
만대루,B_TOR
ㅡㅡㅡ,ㅡㅡㅡ
내가,O
본,O
누각,O
중에서,O
최고로,O
아름다웠다,O
ㅡㅡㅡ,ㅡㅡㅡ
올라갈,O
수,O
없어서,O
아쉬움이,O
컸다,O
ㅡㅡㅡ,ㅡㅡㅡ
병산서원,B_TOR
을,O
둘러보고,O
하회마을,B_TOR
에,O
왔다,O
ㅡㅡㅡ,ㅡㅡㅡ
초가집들이,O
많아서,O
민속촌에,O
온,O
기분이,O
들었다,O
ㅡㅡㅡ,ㅡㅡㅡ
큰,O
기와집도,O
많고,O
고풍스러운,O
멋이,O
있는,O
하회마을,B_TOR
ㅡㅡㅡ,ㅡㅡㅡ
풍산,O
류,O
씨,O
종갓집이래,O
우와,O
완전,O
고택이다,O
ㅡㅡㅡ,ㅡㅡㅡ
풍산류,O
씨,O
종갓집인,O
양진당,B_TOR
ㅡㅡㅡ,ㅡㅡㅡ
문,O
작은,O
거,O
봐,O
ㅡㅡㅡ,ㅡㅡㅡ
올라가다,O
머리통,O
다,O
깨겠다,O
와,O
진짜,O
머리통,O
다,O
깨지겠다,O
ㅡㅡㅡ,ㅡㅡㅡ
서애류성룡,O
선생,O
의,O
종택인,O
충효당,B_TOR
ㅡㅡㅡ,ㅡㅡㅡ
사랑채,O
가,O
이렇게나,O
으리으리하다,O
ㅡㅡㅡ,ㅡㅡㅡ
우와,O
되게,O
멋있다,O
진짜,O
충효당,B_TOR
ㅡㅡㅡ,ㅡㅡㅡ
이래서,O
풍산,O
류,O
씨하는구나,O
ㅡㅡㅡ,ㅡㅡㅡ
손바닥,O
대,O
ㅡㅡㅡ,ㅡㅡㅡ
나쁜,O
짓을,O
했으면,O
벌을,O
받아야지,O
몇,O
대,O
맞을거야,O
한대,O
ㅡㅡㅡ,ㅡㅡㅡ
우와,O
여기,O
웃기는,O
거,O
많다,O
그래,O
여기,O
이건,O
뭐야,O
목욕탕,O
지압기,O
는,O
뭐지,O
ㅡㅡㅡ,ㅡㅡㅡ
목욕탕,O
가서,O
하는,O
거,O
어,O
구슬,O
있다,O
ㅡㅡㅡ,ㅡㅡㅡ
어,O
구슬,O
구슬,O
ㅡㅡㅡ,ㅡㅡㅡ
오호호,O
옛날,O
구슬이다,O
구슬,O
사,O
볼래,O
ㅡㅡㅡ,ㅡㅡㅡ
오,O
엽전도,O
있네,O
진짜,O
옛날,O
엽전이네,O
ㅡㅡㅡ,ㅡㅡㅡ
콩알탄,O
콩알탄,O
콩알탄,O
기억나,O
응,O
ㅡㅡㅡ,ㅡㅡㅡ
와,O
아직도,O
이런,O
게,O
있구나,O
오오오,O
고무줄총,O
ㅡㅡㅡ,ㅡㅡㅡ
이거,O
그건,O
뭔데,O
ㅡㅡㅡ,ㅡㅡㅡ
소뚜레,O
코뚜레,O
아,O
ㅡㅡㅡ,ㅡㅡㅡ
뭐,O
안,O
되는,O
것들,O
뚫어라고,O
집,O
안,O
팔리는,O
분,O
장사하는,O
분,O
ㅡㅡㅡ,ㅡㅡㅡ
결혼,O
앞두신,O
분,O
큰,O
시험,O
있으신,O
분,O
아,O
이거,O
짚신,O
되게,O
귀엽다,O
ㅡㅡㅡ,ㅡㅡㅡ
와,O
여보,O
여기,O
완전히,O
만물상이야,O
ㅡㅡㅡ,ㅡㅡㅡ
완전,O
만물상,O
딱지도,O
있다,O
ㅡㅡㅡ,ㅡㅡㅡ
어,O
진짜네,O
딱지,O
있다,O
이거,O
이거,O
인형,O
인형도,O
있다,O
와,O
아직도,O
이런,O
게,O
어떻게,O
구해오셨지,O
ㅡㅡㅡ,ㅡㅡㅡ
옛날,O
거다,O
가지고,O
계시던,O
건가,O
와아,O
태권브이,O
ㅡㅡㅡ,ㅡㅡㅡ
옛날,O
거,O
이렇게,O
코팅,O
와,O
이거,O
옛날에,O
ㅡㅡㅡ,ㅡㅡㅡ
이거,O
어렸을,O
때,O
종이,O
인형,O
오리던,O
거야,O
응,O
옷,O
입히고,O
ㅡㅡㅡ,ㅡㅡㅡ
어,O
이거,O
잘라가지고,O
우와,O
ㅡㅡㅡ,ㅡㅡㅡ
지금,O
진짜,O
몇,O
십,O
년,O
만에,O
보냐,O
ㅡㅡㅡ,ㅡㅡㅡ
만물상,O
을,O
구경하고,O
조금,O
걸으면,O
부용대,B_TOR
가,O
보인다,O
ㅡㅡㅡ,ㅡㅡㅡ
부용대,B_TOR
에,O
오르면,O
한눈에,O
하회마을,B_TOR
을,O
볼,O
수,O
있다,O
ㅡㅡㅡ,ㅡㅡㅡ
벚꽃길,O
만송정,B_TOR
낙동강,B_TOR
모래사장,O
감탄이,O
저절로,O
나오는,O
풍경,O
ㅡㅡㅡ,ㅡㅡㅡ
안동,B_LOC
에서,O
소중한,O
추억을,O
또,O
하나,O
만들어,O
간다,O
ㅡㅡㅡ,ㅡㅡㅡ
여기,O
벚꽃,O
다,O
피면은,O
여기도,O
진해,B_LOC
만큼이쁘겠다,O
ㅡㅡㅡ,ㅡㅡㅡ
다음주,O
에,O
사람들,O
많겠다,O
근데,O
아직,O
왜,O
개화,O
안,O
했지,O
여기는,O
ㅡㅡㅡ,ㅡㅡㅡ
