﻿word,ner
안동,B_LOC
여행,O
안동,B_LOC
맛집,O
안동구시장,B_TOR
김대감찜닭,B_RES
아차가,B_CAF
카페볕,B_CAF
성전식당,B_RES
진성식당,B_RES
맘모스제과,B_CAF
나예누리,B_CAF
ㅡㅡㅡ,ㅡㅡㅡ
두번째,O
영주,O
안동여행,O
브이로그입니다,O
ㅡㅡㅡ,ㅡㅡㅡ
태풍이,O
예상보다,O
빠르게,O
지나가는,O
덕분에,O
ㅡㅡㅡ,ㅡㅡㅡ
안동하회마을,B_TOR
도,O
기분좋게,O
다녀왔어요,O
ㅡㅡㅡ,ㅡㅡㅡ
안동,O
하면,O
무조건,O
떠오르는,O
음식,O
안동찜닭,O
도,O
먹고,O
ㅡㅡㅡ,ㅡㅡㅡ
에서,O
많이,O
돌아다니던,O
맘모스제과,B_CAF
도,O
가봤어요,O
ㅡㅡㅡ,ㅡㅡㅡ
그,O
외에도,O
현지맛집인,O
진성식당,B_RES
에서,O
돈까스,O
도,O
먹고,O
ㅡㅡㅡ,ㅡㅡㅡ
서울,B_LOC
막창에서,O
막창,O
도,O
먹고,O
노래방으로,O
하루,O
를,O
마무리,O
했네요,O
ㅡㅡㅡ,ㅡㅡㅡ
지금,O
보니까,O
먹는,O
것,O
밖에,O
안한,O
듯,O
싶군요,O
ㅡㅡㅡ,ㅡㅡㅡ
아무쪼록,O
영상,O
재미있게,O
봐주세요,O
감사합니다,O
ㅡㅡㅡ,ㅡㅡㅡ
ㅡㅡㅡ,ㅡㅡㅡ
ㅡㅡㅡ,ㅡㅡㅡ
시집밥상,O
ㅡㅡㅡ,ㅡㅡㅡ
카메라,O
ㅡㅡㅡ,ㅡㅡㅡ
고프로히어로8블랙,O
ㅡㅡㅡ,ㅡㅡㅡ
인스타그램,O
ㅡㅡㅡ,ㅡㅡㅡ
511,O
ㅡㅡㅡ,ㅡㅡㅡ
브금,O
대통령,O
ㅡㅡㅡ,ㅡㅡㅡ
19,O
ㅡㅡㅡ,ㅡㅡㅡ
일상,O
브이로그,O
돈까스,O
쫄면,O
치즈돈까스,O
시집,O
육아,O
안동,O
맛집,O
진성식당,B_RES
한옥카페,O
한옥,O
아메리카노,O
카페모카,O
잡채,O
생일,O
음식,O
ㅡㅡㅡ,ㅡㅡㅡ
생일,O
돈까스,O
한옥,O
ㅡㅡㅡ,ㅡㅡㅡ
당일치기,O
안동,B_LOC
여행,O
드디어,O
찐안동찜닭,O
ㅡㅡㅡ,ㅡㅡㅡ
무려,O
1년전,O
이맘때쯤,O
다녀온,O
안동,B_LOC
여행,O
ㅡㅡㅡ,ㅡㅡㅡ
지금같은,O
가을,O
과,O
정말,O
잘,O
어울렸던,O
곳,O
ㅡㅡㅡ,ㅡㅡㅡ
찜닭,O
덕후,O
가,O
드디어,O
찐,O
안동찜닭,O
을,O
만난,O
곳,O
ㅡㅡㅡ,ㅡㅡㅡ
그립다,O
이때의,O
일상,O
이때의,O
평화,O
ㅡㅡㅡ,ㅡㅡㅡ
안동하회마을,B_TOR
부용대,B_TOR
중앙찜닭,B_RES
ㅡㅡㅡ,ㅡㅡㅡ
도산서원,B_TOR
퇴계종택,B_TOR
월영교,B_TOR
진성식당,B_RES
카페,O
볕,B_RES
ㅡㅡㅡ,ㅡㅡㅡ
100,O
ㅡㅡㅡ,ㅡㅡㅡ
ㅡㅡㅡ,ㅡㅡㅡ
ㅡㅡㅡ,ㅡㅡㅡ
ㅡㅡㅡ,ㅡㅡㅡ
안동,O
안동,B_LOC
뚜벅이,O
여행,O
브이로그,O
1박2일동안,O
안동,B_LOC
핫플레이스,O
다,O
둘러보기,O
진성식당,B_RES
맘모스제과,B_CAF
중앙찜닭,B_RES
카페볕,B_CAF
하회마을,B_TOR
월영교,B_TOR
등,O
ㅡㅡㅡ,ㅡㅡㅡ
안동,B_LOC
여행,O
브이로그,O
2,O
2박3일,O
안동,B_LOC
여행,O
2일차,O
안동벽화마을,B_TOR
안동,O
카페,O
카페볕,B_CAF
진성식당,B_RES
도산서원,B_TOR
농암종택,O
고택체험,O
ㅡㅡㅡ,ㅡㅡㅡ
