﻿word,ner
한승연,O
의,O
안동,B_LOC
여행,O
2탄,O
안동루,B_TOR
월영교,B_TOR
문보트,O
체험,O
안동갈비골목,B_TOR
ㅡㅡㅡ,ㅡㅡㅡ
안동찜닭,O
안동,B_LOC
에서,O
먹으면,O
더,O
맛있을까,O
안동,B_LOC
가볼만한,O
곳,O
추천,O
안동,B_LOC
당일치기,O
가족,O
여행,O
브이로그,O
모야모야패밀리,O
ㅡㅡㅡ,ㅡㅡㅡ
안동,B_LOC
여행,O
브이로그,O
내가,O
원하던,O
휴식,O
ㅡㅡㅡ,ㅡㅡㅡ
世界遺産共旅安東,O
세계유산,O
과,O
함께하는,O
안동,B_LOC
여행,O
영상,O
공모전,O
출품작,O
ㅡㅡㅡ,ㅡㅡㅡ
안동,B_LOC
에서,O
밥해먹고,O
누워있기,O
뉴노멀,O
시대의,O
여행법,O
낙강물길공원,B_TOR
도산서원,B_TOR
안동,B_LOC
여행,O
ㅡㅡㅡ,ㅡㅡㅡ
겨울,O
1박2일,O
안동,B_LOC
여행,O
혼자,O
떠난,O
뚜벅이,O
국내,O
여행,O
기차,O
타고,O
여행하기,O
ㅡㅡㅡ,ㅡㅡㅡ
한승연,O
의,O
안동,B_LOC
여행,O
1탄,O
한옥,O
브런치,O
카페,O
병산서원,B_TOR
부용대,B_TOR
ㅡㅡㅡ,ㅡㅡㅡ
자전거,O
국토종주,O
초보,O
부산,B_LOC
출발,O
안동,B_LOC
도착,O
2박3일,O
낙동강자전거길,O
코스대기업여행사,O
직원,O
휴직,O
4,O
나홀로텐트박,O
ㅡㅡㅡ,ㅡㅡㅡ
안동,B_LOC
여행,O
안동,B_TOR
문화의거리,I_TOR
야경,O
음식골목,O
ㅡㅡㅡ,ㅡㅡㅡ
안동,B_LOC
카페브이로그디저트카페,O
마지막까지,O
놓지마,O
정신줄,O
12월,O
에도,O
달리는,O
카페,O
사장,O
의,O
하루,O
끝날때까지,O
끝난게,O
아니다,O
ㅡㅡㅡ,ㅡㅡㅡ
1박2일,O
안동,B_LOC
월영교,B_TOR
낙강물길공원,B_TOR
하회마을,B_TOR
한옥,O
부용대,B_TOR
만송정,B_TOR
삼신당신목,B_TOR
조용한여행,O
혼자여행,O
뚜벅이여행,O
ㅡㅡㅡ,ㅡㅡㅡ
4,O
혼자,O
여행기,O
우연히,O
찾은,O
보물,O
신세동벽화마을,B_TOR
경북,O
안동,B_LOC
여행지,O
강력,O
추천,O
경북,O
여행,O
신세동벽화마을,B_TOR
안동,B_LOC
가볼만한곳,O
그림애문화마을,B_TOR
ㅡㅡㅡ,ㅡㅡㅡ
안동,B_LOC
카페브이로그,O
코로나,O
와,O
폭설에도,O
열일하는,O
카페사장,O
의,O
하루,O
안동,B_LOC
맛집,O
속초이모네찜,B_RES
엘사케이크,O
ㅡㅡㅡ,ㅡㅡㅡ
이불,O
속에서,O
건강히,O
계세요,O
안동,B_LOC
여행,O
저희가,O
시켜드립니다,O
39,O
ㅡㅡㅡ,ㅡㅡㅡ
김용명,O
허안나,O
가,O
안동,B_LOC
가이드,O
해,O
준,O
썰,O
글로벌,O
여행사,O
39,O
가보이소,O
39,O
04,O
ㅡㅡㅡ,ㅡㅡㅡ
안동찜닭,O
먹으러,O
안동,B_LOC
여행ㄱㄱ,O
맘모스베이커리,B_CAF
한,B_CAF
옥카페볕,I_CAF
월영교,B_TOR
야경까지,O
안동,B_LOC
당일,O
여행,O
2,O
ㅡㅡㅡ,ㅡㅡㅡ
여행,O
비,O
내리는,O
주말,O
안동,B_LOC
여행,O
1,O
ㅣ,O
안동,B_LOC
가볼만한,O
곳ㅣ,O
한옥스테이,O
치암고택,O
ㅣ,O
미스터션샤인,O
촬영지,O
만휴정,B_TOR
ㅣ,O
도산서원,B_TOR
ㅣ,O
선성현문화단지,B_TOR
ㅣ야경,O
맛집,O
월영교,B_TOR
ㅣ,O
안동,B_LOC
맛집,O
ㅡㅡㅡ,ㅡㅡㅡ
경북,O
맛집시리즈6,O
경북,O
북부,O
편,O
안동,B_LOC
상주,B_LOC
문경,B_LOC
의성,B_LOC
예천,B_LOC
봉화,B_LOC
여행시,O
꼭,O
들러야할,O
안동,B_LOC
맛집,O
상주,B_LOC
맛집,O
문경,B_LOC
맛집,O
의성,B_LOC
맛집,O
예천,B_LOC
맛집,O
봉화,B_LOC
맛집베스트,O
경북노포,B_LOC
맛집,O
대구경북,B_LOC
맛집,O
ㅡㅡㅡ,ㅡㅡㅡ
극한직업,O
안동,B_LOC
사과,O
농장,O
대기업여행사휴직,O
17,O
ㅡㅡㅡ,ㅡㅡㅡ
안동,B_LOC
카페브이로그디저트카페,O
크리스마스,O
를,O
준비하는,O
자세노동의,O
시간,O
한정판언박싱,O
ㅡㅡㅡ,ㅡㅡㅡ
안동,B_LOC
의,O
숨겨진,O
보물,O
여행,O
안동선성현문화단지,B_TOR
와,O
예안향교,B_TOR
선성산성,B_TOR
의,O
역사와,O
문화를,O
배워볼까요,O
뚜벅뚜벅,O
노을,O
바라보며,O
안동,B_LOC
여행,O
즐기기,O
안동시,B_LOC
ㅡㅡㅡ,ㅡㅡㅡ
안동,B_LOC
가이드,O
는,O
처음이라,O
김용명,O
허안나,O
의,O
가이드,O
데뷔,O
결과는,O
글로벌,O
여행사,O
39,O
가보이소,O
39,O
05,O
마지막화,O
ㅡㅡㅡ,ㅡㅡㅡ
안동,B_LOC
여행,O
조선시대,O
를,O
다녀오다,O
안동,B_TOR
하회마을,I_TOR
ㅡㅡㅡ,ㅡㅡㅡ
4,O
혼자,O
여행기,O
인생샷,O
찍으려면,O
만휴정,B_TOR
으로,O
경북,O
안동,B_LOC
숨겨진,O
명소,O
추천,O
만휴정,B_TOR
안동,B_LOC
여행,O
만휴정,B_TOR
여행,O
힐링장소,O
안동,B_LOC
가볼만한곳,O
ㅡㅡㅡ,ㅡㅡㅡ
4,O
혼자,O
여행기,O
영국,O
엘리자베스,O
여왕,O
이,O
반한,O
봉정사,B_TOR
경북,O
안동,B_LOC
숨겨진,O
명소,O
추천,O
봉정사,B_TOR
안동,B_LOC
여행,O
봉정사,B_TOR
여행,O
힐링장소,O
안동,B_LOC
가볼만한곳,O
극락전,B_TOR
ㅡㅡㅡ,ㅡㅡㅡ
한국,O
에,O
있지,O
이번엔,O
한국,O
여행이다,O
의,O
대유잼,O
안동,B_LOC
여행기,O
여기,O
다,O
있지,O
ㅡㅡㅡ,ㅡㅡㅡ
안동,B_LOC
맘모스제과,B_CAF
빵집,O
빵순이,O
의,O
소소한,O
일상,O
브이로그,O
ㅡㅡㅡ,ㅡㅡㅡ
국제,O
커플,O
10년만,O
에,O
약속지킨,O
안동,B_LOC
여행,O
ㅡㅡㅡ,ㅡㅡㅡ
안동,B_LOC
여행,O
필수코스,O
한옥마을,O
랜선여행,O
세라,O
와,O
함께하는,O
안동한옥마을,B_TOR
투어,O
01,O
ㅡㅡㅡ,ㅡㅡㅡ
국내여행추천,O
무섬마을,B_TOR
영주,B_LOC
고택체험,O
안동,B_LOC
여행,O
경북,O
여행여행에미치다,O
ㅡㅡㅡ,ㅡㅡㅡ
안동,B_LOC
카페브이로그,O
디저,O
트카페,O
하루종일,O
디저트,O
만드는,O
일상,O
타르트,O
당근케이크,O
마카롱,O
ㅡㅡㅡ,ㅡㅡㅡ
안동,B_LOC
여행,O
브이로그,O
하회마을,B_TOR
병산서원,B_TOR
안동찜닭,O
만휴정,B_TOR
헛제사밥,O
월영교,B_TOR
안동시청,B_TOR
여행,O
가볼만한곳,O
맛집,O
15,O
ㅡㅡㅡ,ㅡㅡㅡ
후지필름,O
3이터나,O
필름시뮬레이션,O
영상,O
안동,B_LOC
비밀의숲,O
낙강물길공원,B_TOR
여행,O
브이로그,O
3,O
ㅡㅡㅡ,ㅡㅡㅡ
내일로여행,O
인생샷파티,O
초록색,O
안동,B_LOC
낙강물길공원,B_TOR
군자마을,B_TOR
월령교,B_TOR
선성수상길,B_TOR
안동간고등어,O
ㅡㅡㅡ,ㅡㅡㅡ
세계유산,O
안동,B_LOC
여행,O
부용대,B_TOR
에서,O
바라보는,O
하회마을,B_TOR
은,O
한,O
떨기,O
연꽃,O
이라,O
트레킹,O
포토에세이,O
ㅡㅡㅡ,ㅡㅡㅡ
안동,B_LOC
카페브이로그,O
마카롱,O
타르트,O
만들기,O
포항,B_LOC
카페몬드,B_CAF
에,O
다녀왔어요,O
ㅡㅡㅡ,ㅡㅡㅡ
안동,B_LOC
카페브이로그,O
디저,O
트카페,O
다쿠아즈,O
브라우니,O
피넛버터바,O
카푸치노케이크,O
마카롱,O
쿠키슈,O
ㅡㅡㅡ,ㅡㅡㅡ
안동,B_LOC
카페브이로그,O
디저,O
트카페,O
파운드,O
쿠키,O
만들기,O
카페사장의하루,O
ㅡㅡㅡ,ㅡㅡㅡ
안동,B_LOC
여행,O
옛,O
선인,O
들의,O
정취가,O
남아,O
있는,O
곳,O
병산서원,B_TOR
ㅡㅡㅡ,ㅡㅡㅡ
안동,B_LOC
카페브이로그,O
구독자,O
이벤트,O
커밍쑨,O
마카롱,O
전문점,O
맞나요,O
인간에게가장,O
해로운,O
벌레,O
는,O
대충스팀연습,O
때려치울뻔,O
한,O
이유는,O
디저트카페,O
ㅡㅡㅡ,ㅡㅡㅡ
골든리트리버,O
와,O
함께한,O
안동,B_LOC
여행,O
ㅡㅡㅡ,ㅡㅡㅡ
안동,B_LOC
봄,O
여행지,O
추천,O
히든,O
스팟,O
포토스팟,O
봄,O
에는,O
딱,O
아이더,O
투어링웨어,O
입고,O
출발,O
ㅡㅡㅡ,ㅡㅡㅡ
안동,B_LOC
여행,O
이렇게만,O
가세요,O
간고등어,O
맛집,O
일직식당,B_RES
하회마을,B_TOR
안동,B_LOC
당일,O
여행,O
브이로그,O
부용대,B_TOR
1,O
ㅡㅡㅡ,ㅡㅡㅡ
안동,B_LOC
여행,O
당일치기,O
여행지의끝판왕여행,O
안동,B_LOC
국내여행,O
브이로그,O
안동,B_LOC
여행지,O
안동,B_LOC
여행,O
브이로그,O
안동,B_LOC
여행,O
코스여행,O
국내,O
안동,B_LOC
당일치기여행,O
안동,B_LOC
여행,O
브이로그,O
안동,B_LOC
ㅡㅡㅡ,ㅡㅡㅡ
안동,B_LOC
여행,O
필수코스,O
한옥마을,O
둘러보자,O
세라,O
와,O
함께하는,O
안동한옥마을,B_TOR
투어,O
02,O
ㅡㅡㅡ,ㅡㅡㅡ
안동,B_LOC
여행과,O
나의,O
일상,O
브이로그,O
만휴정,B_TOR
땡큐커피,B_CAF
낙암정,B_TOR
암산터널,B_TOR
ㅡㅡㅡ,ㅡㅡㅡ
타이치라이프,O
유네스코,O
지정,O
안동,B_TOR
하회마을,I_TOR
전동차,O
여행,O
한옥에서,O
타이치,O
즐기기,O
전통,O
그네,O
타기,O
ㅡㅡㅡ,ㅡㅡㅡ
안동,B_LOC
여행,O
하회마을,B_TOR
과,O
세계탈박물관,B_TOR
월영교,B_TOR
야경,O
도산서원,B_TOR
헛제사밥,O
과,O
간고등어,O
먹고,O
맘모스제과,B_CAF
구경하기,O
ㅡㅡㅡ,ㅡㅡㅡ
여행,O
안동,B_LOC
여행2,O
꼭,O
한,O
번,O
가봐야,O
할,O
안동,B_TOR
하회마을,I_TOR
ㅣ어린,O
시절을,O
회상하게,O
해,O
준,O
하회마을,B_TOR
ㅣ,O
치암고택,O
의,O
귀여운,O
아침,O
손님,O
ㅡㅡㅡ,ㅡㅡㅡ
주말,O
당일치기,O
안동,B_LOC
여행,O
부용대,B_TOR
에서,O
안동마을,O
보고,O
안동찜닭,O
먹기,O
역시,O
맛있어ㅠㅠ,O
ㅡㅡㅡ,ㅡㅡㅡ
운동하는,O
남자,O
안동,B_LOC
미팅,O
출근길,O
브이로그,O
ㅡㅡㅡ,ㅡㅡㅡ
20살,O
브이로그,O
호떡믹스,O
로,O
소세지빵,O
도시락,O
싸고,O
안동,B_LOC
구경,O
계란장조림,O
치킨마요덮밥,O
라이스페이퍼떡볶이,O
감자짜글이,O
두끼,O
ㅡㅡㅡ,ㅡㅡㅡ
안동,B_LOC
카페브이로그디저트카페,O
설,O
발렌타인데이,O
를,O
준비하는,O
자세난리났네,O
난리났어,O
바크초콜렛,O
39,O
ㅡㅡㅡ,ㅡㅡㅡ
안동,B_LOC
여행,O
가볼만한곳,O
하회별신굿탈놀이,O
ㅡㅡㅡ,ㅡㅡㅡ
나의,O
리틀포레스트,O
안동,B_LOC
여행,O
브이로그,O
ㅡㅡㅡ,ㅡㅡㅡ
휴가맞이,O
젤네일,O
스티커붙이고,O
안동,B_LOC
놀러가기,O
토마토,O
달걀볶음,O
핫도그,O
ㅡㅡㅡ,ㅡㅡㅡ
미국브이로그,O
페어팩스,O
에서,O
집밥일상,O
돈까스정식,O
안동찜닭,O
명란아보카도덮밥,O
황태채무침,O
어묵볶음,O
만들기,O
ㅡㅡㅡ,ㅡㅡㅡ
