﻿word,ner
울산,B_LOC
대왕암공원,B_TOR
의,O
계절마다,O
새로운,O
옷으로,O
갈아입은,O
모습이,O
새롭네요,O
ㅡㅡㅡ,ㅡㅡㅡ
울기등대,B_TOR
와,O
대왕암,B_TOR
15000그루,O
의,O
해송,O
은,O
신비롭기까지,O
합니다,O
ㅡㅡㅡ,ㅡㅡㅡ
산책후,O
인접한,O
울산,B_LOC
동구,B_LOC
일산해수욕장,B_TOR
해변과,O
주변,O
횟집,O
식당들이,O
있어,O
여행하기에,O
좋은,O
곳이에요,O
우리,O
함께,O
걸어요,O
ㅡㅡㅡ,ㅡㅡㅡ
안녕하세요,O
닥터필름,O
입니다,O
ㅡㅡㅡ,ㅡㅡㅡ
오늘,O
은,O
밤,O
이,O
되면,O
더욱,O
밝은,O
빛을,O
내는,O
ㅡㅡㅡ,ㅡㅡㅡ
우리나라,O
최고의,O
공업도시라는,O
이미지에,O
가려져,O
있던,O
ㅡㅡㅡ,ㅡㅡㅡ
울산,B_LOC
의,O
아름다운,O
모습을,O
ㅡㅡㅡ,ㅡㅡㅡ
카메라,O
에,O
담기,O
위해,O
떠났던,O
ㅡㅡㅡ,ㅡㅡㅡ
1박2일간,O
의,O
여정에,O
대해서,O
ㅡㅡㅡ,ㅡㅡㅡ
이야기,O
해보려,O
합니다,O
ㅡㅡㅡ,ㅡㅡㅡ
아름다운,O
울산,B_LOC
의,O
풍경을,O
담기,O
위해,O
ㅡㅡㅡ,ㅡㅡㅡ
첫번째,O
로,O
방문했던,O
곳은,O
ㅡㅡㅡ,ㅡㅡㅡ
한반도,O
에서,O
해가,O
가장,O
일찍,O
뜨는,O
곳으로,O
ㅡㅡㅡ,ㅡㅡㅡ
유명해진,O
간절곶,B_TOR
이었습니다,O
ㅡㅡㅡ,ㅡㅡㅡ
일출시간에,O
맞춰,O
동해안,O
을,O
바라보면,O
ㅡㅡㅡ,ㅡㅡㅡ
붉은,O
태양,O
이,O
희망찬,O
아침,O
을,O
밝혀주기,O
위해,O
ㅡㅡㅡ,ㅡㅡㅡ
구름,O
사이로,O
그,O
얼굴,O
을,O
내밀기,O
시작하고,O
ㅡㅡㅡ,ㅡㅡㅡ
시간이,O
지나,O
ㅡㅡㅡ,ㅡㅡㅡ
구름을,O
뚫고,O
솟아오른,O
태양,O
이,O
ㅡㅡㅡ,ㅡㅡㅡ
바다에,O
빛의,O
길을,O
만들어,O
줍니다,O
ㅡㅡㅡ,ㅡㅡㅡ
눈부신,O
태양,O
을,O
바라보며,O
마음속의,O
소원을,O
빌고,O
나서,O
ㅡㅡㅡ,ㅡㅡㅡ
울산,B_LOC
의,O
단풍을,O
만나기,O
위해,O
ㅡㅡㅡ,ㅡㅡㅡ
신라시대,O
왕관의,O
모습으로,O
건축되어서,O
ㅡㅡㅡ,ㅡㅡㅡ
빅,O
크라운으로,O
불리는,O
문수월드컵경기장,B_TOR
근처,O
ㅡㅡㅡ,ㅡㅡㅡ
단풍명소인,O
마로니에공원,O
을,O
찾았습니다,O
ㅡㅡㅡ,ㅡㅡㅡ
붉은빛,O
으로,O
피어오르는,O
단풍을,O
바라보며,O
ㅡㅡㅡ,ㅡㅡㅡ
떠나가는,O
가을,O
에,O
대한,O
아쉬움을,O
달래봅니다,O
ㅡㅡㅡ,ㅡㅡㅡ
따스한,O
햇살이,O
내리쬐는,O
오전,O
에는,O
ㅡㅡㅡ,ㅡㅡㅡ
우리나라에서,O
제2호,O
로,O
지정된,O
국가정원인,O
ㅡㅡㅡ,ㅡㅡㅡ
태화강,B_TOR
을,O
찾았습니다,O
ㅡㅡㅡ,ㅡㅡㅡ
약4,O
구간에,O
걸친,O
울창한,O
대나무,O
숲을,O
자랑하는,O
ㅡㅡㅡ,ㅡㅡㅡ
국내,O
최대,O
규모의,O
십리대숲,B_TOR
의,O
그늘에서,O
ㅡㅡㅡ,ㅡㅡㅡ
멍하니,O
하늘을,O
바라보기도,O
하고,O
ㅡㅡㅡ,ㅡㅡㅡ
십만송이,O
의,O
국화,O
가,O
끝없이,O
펼쳐진,O
ㅡㅡㅡ,ㅡㅡㅡ
국화정원,O
의,O
노란물결과,O
ㅡㅡㅡ,ㅡㅡㅡ
달콤한,O
꽃향기를,O
카메라,O
에,O
담아보기도,O
합니다,O
ㅡㅡㅡ,ㅡㅡㅡ
태화강,B_TOR
에,O
비치는,O
도시의,O
풍경과,O
잘,O
어우러지는,O
ㅡㅡㅡ,ㅡㅡㅡ
조선시대,O
3대,O
누각,O
중,O
하나,O
인,O
태화루,B_TOR
의,O
ㅡㅡㅡ,ㅡㅡㅡ
고즈넉한,O
아름다움을,O
끝으로,O
ㅡㅡㅡ,ㅡㅡㅡ
환상적인,O
일몰을,O
볼,O
수,O
있는,O
ㅡㅡㅡ,ㅡㅡㅡ
울산,B_LOC
12경,O
선바위,B_TOR
로,O
자리를,O
옮겼습니다,O
ㅡㅡㅡ,ㅡㅡㅡ
땅으로,O
숨어드는,O
태양,O
덕분에,O
ㅡㅡㅡ,ㅡㅡㅡ
붉은빛,O
으로,O
물들었던,O
하늘은,O
ㅡㅡㅡ,ㅡㅡㅡ
시간이,O
지나,O
금방,O
어두워지고,O
ㅡㅡㅡ,ㅡㅡㅡ
깊은,O
밤,O
에,O
더욱,O
밝게,O
빛나는,O
ㅡㅡㅡ,ㅡㅡㅡ
태화강,B_TOR
의,O
야경을,O
보기위해,O
ㅡㅡㅡ,ㅡㅡㅡ
국가정원을,O
다시,O
방문했습니다,O
ㅡㅡㅡ,ㅡㅡㅡ
차가운,O
도시의,O
불빛과,O
따스한,O
달빛의,O
향기가,O
묻어나는,O
ㅡㅡㅡ,ㅡㅡㅡ
태화루,B_TOR
의,O
황홀했던,O
야경을,O
ㅡㅡㅡ,ㅡㅡㅡ
가슴,O
에,O
간직한,O
채,O
ㅡㅡㅡ,ㅡㅡㅡ
대나무,O
에,O
그려진,O
별빛을,O
찾기,O
위해,O
ㅡㅡㅡ,ㅡㅡㅡ
십리대숲,B_TOR
은하,O
수길,O
로,O
향합니다,O
ㅡㅡㅡ,ㅡㅡㅡ
바람에,O
따라,O
춤을,O
추는,O
별빛을,O
ㅡㅡㅡ,ㅡㅡㅡ
내,O
몸,O
과,O
마음에,O
간직한,O
채,O
ㅡㅡㅡ,ㅡㅡㅡ
하루,O
를,O
마무리하기,O
위해,O
ㅡㅡㅡ,ㅡㅡㅡ
도심을,O
가로,O
질러,O
가다가,O
ㅡㅡㅡ,ㅡㅡㅡ
웅장한,O
대관람차,O
가,O
ㅡㅡㅡ,ㅡㅡㅡ
건물,O
옥상에,O
있는,O
것을,O
발견합니다,O
ㅡㅡㅡ,ㅡㅡㅡ
아름다운,O
장면을,O
그냥,O
지나치기,O
아쉬워서,O
ㅡㅡㅡ,ㅡㅡㅡ
인근,O
건물,O
옥상으로,O
올라가,O
ㅡㅡㅡ,ㅡㅡㅡ
대관람차,O
를,O
바라봅니다,O
ㅡㅡㅡ,ㅡㅡㅡ
반짝이는,O
불빛,O
속에,O
숨겨진,O
나의,O
동심을,O
발견하고,O
ㅡㅡㅡ,ㅡㅡㅡ
쉴틈없이,O
바쁘게,O
흘러갔던,O
울산,B_LOC
에서의,O
첫날,O
을,O
ㅡㅡㅡ,ㅡㅡㅡ
달콤한,O
꿈으로,O
마무리,O
합니다,O
ㅡㅡㅡ,ㅡㅡㅡ
다음날,O
새벽,O
졸린눈을,O
비비고,O
ㅡㅡㅡ,ㅡㅡㅡ
새롭게,O
떠오로는,O
태양,O
을,O
보기,O
위해,O
ㅡㅡㅡ,ㅡㅡㅡ
문무대왕비,O
가,O
잠들었다는,O
ㅡㅡㅡ,ㅡㅡㅡ
울산,B_LOC
대왕암공원,B_TOR
을,O
찾았습니다,O
ㅡㅡㅡ,ㅡㅡㅡ
갈매기,O
가,O
유난히도,O
많이,O
반겨주었던,O
ㅡㅡㅡ,ㅡㅡㅡ
태양,O
이,O
아름답게,O
떠올라,O
ㅡㅡㅡ,ㅡㅡㅡ
밤사이,O
차갑게,O
식었던,O
ㅡㅡㅡ,ㅡㅡㅡ
대왕암,B_TOR
을,O
따뜻하게,O
비추어,O
줍니다,O
ㅡㅡㅡ,ㅡㅡㅡ
둘째날,O
오전,O
에는,O
은빛,O
물결이,O
가득한,O
ㅡㅡㅡ,ㅡㅡㅡ
태화강,B_TOR
억새,O
군락지를,O
찾았습니다,O
ㅡㅡㅡ,ㅡㅡㅡ
약21만평,O
규모의,O
엄청난,O
억새밭을,O
ㅡㅡㅡ,ㅡㅡㅡ
도심속에서,O
만날,O
수,O
있다니,O
ㅡㅡㅡ,ㅡㅡㅡ
이보다,O
큰,O
행운이,O
또,O
어디,O
있을까요,O
ㅡㅡㅡ,ㅡㅡㅡ
은빛,O
바다를,O
뒤로,O
한,O
채,O
마지막으로,O
찾은,O
곳은,O
ㅡㅡㅡ,ㅡㅡㅡ
울산대공원,B_TOR
이었습니다,O
ㅡㅡㅡ,ㅡㅡㅡ
가을,O
의,O
끝자락을,O
알리는,O
낙엽비를,O
한몸,O
에,O
맞으며,O
ㅡㅡㅡ,ㅡㅡㅡ
바라보았던,O
ㅡㅡㅡ,ㅡㅡㅡ
왠지,O
모르게,O
쓸쓸해,O
보이는,O
ㅡㅡㅡ,ㅡㅡㅡ
단풍과,O
하늘,O
그리고,O
풍요의,O
연못을,O
지나서,O
ㅡㅡㅡ,ㅡㅡㅡ
이번,O
여행의,O
종착지인,O
ㅡㅡㅡ,ㅡㅡㅡ
메타세퀴이아길,O
에,O
도착했습니다,O
ㅡㅡㅡ,ㅡㅡㅡ
하늘,O
높이,O
뻗은,O
울창한,O
나무숲을,O
바라보며,O
ㅡㅡㅡ,ㅡㅡㅡ
하루,O
2만보이상씩,O
걸어다니며,O
ㅡㅡㅡ,ㅡㅡㅡ
아름다운,O
풍경을,O
찾아,O
헤매었던,O
ㅡㅡㅡ,ㅡㅡㅡ
지난1박2일동안,O
의,O
여행을,O
되돌아,O
볼,O
수,O
있었습니다,O
ㅡㅡㅡ,ㅡㅡㅡ
저에게,O
있어서,O
울산,B_LOC
은,O
더,O
이상,O
회색빛,O
의,O
공업도시가,O
아닌,O
ㅡㅡㅡ,ㅡㅡㅡ
풍요로운,O
자연경관이,O
있는,O
아름다운,O
도시로,O
ㅡㅡㅡ,ㅡㅡㅡ
기억될,O
것,O
같습니다,O
ㅡㅡㅡ,ㅡㅡㅡ
행복했던,O
울산,B_LOC
에서의,O
1박2일,O
을,O
뒤로한,O
채,O
ㅡㅡㅡ,ㅡㅡㅡ
이만,O
물러가도록,O
하겠습니다,O
ㅡㅡㅡ,ㅡㅡㅡ
그럼,O
씨유,O
ㅡㅡㅡ,ㅡㅡㅡ
견니니,O
앞으로,O
도착한,O
김계장,O
미션,O
ㅡㅡㅡ,ㅡㅡㅡ
ㅡㅡㅡ,ㅡㅡㅡ
여러분,O
안녕하세요,O
ㅡㅡㅡ,ㅡㅡㅡ
현재시각,O
ㅡㅡㅡ,ㅡㅡㅡ
6시06분,O
입니다,O
ㅡㅡㅡ,ㅡㅡㅡ
지금,O
ㅡㅡㅡ,ㅡㅡㅡ
태화강,B_TOR
떼까마귀,O
떼를,O
기다리고있습니다,O
ㅡㅡㅡ,ㅡㅡㅡ
지금,O
제옆에는,O
ㅡㅡㅡ,ㅡㅡㅡ
새,O
박사,O
님,O
ㅡㅡㅡ,ㅡㅡㅡ
김성수,O
박사,O
님이,O
계십니다,O
ㅡㅡㅡ,ㅡㅡㅡ
안녕하세요,O
박사,O
님,O
ㅡㅡㅡ,ㅡㅡㅡ
박사,O
님,O
소개한번만,O
해주세요,O
ㅡㅡㅡ,ㅡㅡㅡ
저는,O
조류생태학,O
박사,O
김성수,O
박사,O
입니다,O
ㅡㅡㅡ,ㅡㅡㅡ
저는,O
울산,B_LOC
의,O
태화강,B_TOR
을,O
찾는,O
떼까마귀,O
ㅡㅡㅡ,ㅡㅡㅡ
기상에,O
따른,O
행동변화,O
이걸로,O
학위를,O
받았어요,O
ㅡㅡㅡ,ㅡㅡㅡ
다른데는,O
없어요,O
ㅡㅡㅡ,ㅡㅡㅡ
한국,O
에,O
울산,B_LOC
에만,O
있나요,O
ㅡㅡㅡ,ㅡㅡㅡ
그러면,O
울산,B_LOC
의,O
자랑거리라고,O
볼,O
수,O
있겠네요,O
ㅡㅡㅡ,ㅡㅡㅡ
점점,O
커지는,O
떼까마귀,O
울음소리,O
ㅡㅡㅡ,ㅡㅡㅡ
점점,O
더,O
소리가,O
커지게됩니다,O
ㅡㅡㅡ,ㅡㅡㅡ
소리가,O
커짐과,O
동시에,O
동쪽,O
하늘이,O
붉으스름하게,O
지금,O
ㅡㅡㅡ,ㅡㅡㅡ
서서히등장하는,O
까마귀,O
들,O
ㅡㅡㅡ,ㅡㅡㅡ
간간히,O
떼까마귀,O
와,O
갈까마귀,O
가,O
ㅡㅡㅡ,ㅡㅡㅡ
밤,O
새,O
잘잤나,O
이걸,O
서로가,O
교환하면서,O
ㅡㅡㅡ,ㅡㅡㅡ
무리가,O
합세를,O
해가지고,O
준비하고있습니다,O
ㅡㅡㅡ,ㅡㅡㅡ
저기,O
까만,O
날파리,O
같은게,O
떼까마귀,O
의,O
출현입니다,O
ㅡㅡㅡ,ㅡㅡㅡ
지금,O
약한10만마리,O
거든요,O
ㅡㅡㅡ,ㅡㅡㅡ
근데,O
부딪혀가지고,O
떨어지는건,O
하,O
나도,O
없습니다,O
ㅡㅡㅡ,ㅡㅡㅡ
왜냐하면,O
서로를,O
배려하기,O
때문입니다,O
ㅡㅡㅡ,ㅡㅡㅡ
파도가,O
확,O
오듯이,O
ㅡㅡㅡ,ㅡㅡㅡ
이제,O
계속적으로,O
점차적으로,O
많이,O
나옵니다,O
ㅡㅡㅡ,ㅡㅡㅡ
좀,O
있으면,O
더,O
나옵니다,O
ㅡㅡㅡ,ㅡㅡㅡ
아까,O
6시21분,O
에,O
나오고,O
ㅡㅡㅡ,ㅡㅡㅡ
지금,O
한,O
6시29분정도,O
됐는데,O
지금,O
이,O
까마귀떼,O
들이,O
ㅡㅡㅡ,ㅡㅡㅡ
다들,O
이제,O
자기,O
살,O
곳을,O
향해,O
날아가고,O
있습니다,O
ㅡㅡㅡ,ㅡㅡㅡ
오늘,O
은,O
하늘이,O
맑으니까,O
높이,O
올라갑니다,O
ㅡㅡㅡ,ㅡㅡㅡ
높이올라가면,O
얘네들은,O
멀리날아가려고하는,O
징조죠,O
ㅡㅡㅡ,ㅡㅡㅡ
떼까마귀,O
와,O
갈까마귀,O
는,O
몸집이,O
작기때문에,O
ㅡㅡㅡ,ㅡㅡㅡ
뭉쳐야됩니다,O
ㅡㅡㅡ,ㅡㅡㅡ
크게보이기위해서,O
ㅡㅡㅡ,ㅡㅡㅡ
우리를,O
건드리지마라,O
ㅡㅡㅡ,ㅡㅡㅡ
덩치도크고,O
목소리도크다,O
그러면서,O
나옵니다,O
ㅡㅡㅡ,ㅡㅡㅡ
풍경,O
보십쇼,O
앞,O
에,O
저게,O
삼호산,B_TOR
이거든요,O
ㅡㅡㅡ,ㅡㅡㅡ
바람도,O
안부는,O
고요한,O
삼호대숲,O
에서,O
ㅡㅡㅡ,ㅡㅡㅡ
이,O
떼까마귀,O
들이,O
잠을,O
잔다,O
이거죠,O
ㅡㅡㅡ,ㅡㅡㅡ
박사,O
님,O
제가,O
어제,O
궁금한게,O
있어가지고,O
몇개,O
생각을,O
하고왔는데,O
ㅡㅡㅡ,ㅡㅡㅡ
박사,O
님은,O
언제부터,O
떼까마귀,O
를,O
공부하셨는지,O
ㅡㅡㅡ,ㅡㅡㅡ
울산,B_LOC
에서는,O
이게,O
아마도,O
ㅡㅡㅡ,ㅡㅡㅡ
2001년,O
2002년,O
이때부터,O
서서히,O
나타나기,O
시작했어요,O
ㅡㅡㅡ,ㅡㅡㅡ
도심지에,O
이런,O
현상이,O
나타나니까,O
ㅡㅡㅡ,ㅡㅡㅡ
관심을,O
갖게,O
되었어요,O
ㅡㅡㅡ,ㅡㅡㅡ
기초적인,O
자료를,O
만들어야되겠다,O
ㅡㅡㅡ,ㅡㅡㅡ
데이터는,O
누군가가,O
해야되겠다,O
ㅡㅡㅡ,ㅡㅡㅡ
그건,O
내가하자,O
ㅡㅡㅡ,ㅡㅡㅡ
큰,O
사명을,O
가지고,O
ㅡㅡㅡ,ㅡㅡㅡ
10년,O
을,O
하자,O
3650일만,O
하자,O
로,O
ㅡㅡㅡ,ㅡㅡㅡ
남이,O
다,O
할,O
수,O
있는거하면,O
나는,O
경쟁에서,O
떨어지잖아요,O
ㅡㅡㅡ,ㅡㅡㅡ
남들,O
다,O
하는거,O
하지말고,O
하나만,O
파라,O
이말씀이십니까,O
ㅡㅡㅡ,ㅡㅡㅡ
그것이,O
우물안에,O
개구리,O
ㅡㅡㅡ,ㅡㅡㅡ
우물안에,O
개구리,O
가,O
식견이,O
좁다고하잖아요,O
ㅡㅡㅡ,ㅡㅡㅡ
내가있는,O
우물안에는,O
내가,O
최고다,O
ㅡㅡㅡ,ㅡㅡㅡ
우물안,O
개구리,O
가,O
되라는,O
말씀이신가요,O
ㅡㅡㅡ,ㅡㅡㅡ
시대에따라,O
해석이,O
틀리는거죠,O
ㅡㅡㅡ,ㅡㅡㅡ
현재의,O
해석,O
재해석,O
ㅡㅡㅡ,ㅡㅡㅡ
2019년10월01일,O
화요일부터,O
ㅡㅡㅡ,ㅡㅡㅡ
이,O
노트가,O
시작됩니다,O
ㅡㅡㅡ,ㅡㅡㅡ
이,O
노트가,O
한,O
20권,O
되죠,O
ㅡㅡㅡ,ㅡㅡㅡ
진짜,O
대단하시네요,O
ㅡㅡㅡ,ㅡㅡㅡ
혹시그럼,O
부인,O
께서는,O
뭐라안하시나요,O
ㅡㅡㅡ,ㅡㅡㅡ
박사,O
님,O
저,O
궁금한게,O
하,O
나있습니다,O
ㅡㅡㅡ,ㅡㅡㅡ
떼까마귀,O
를,O
계속,O
공부하시고,O
하셨잖아요,O
ㅡㅡㅡ,ㅡㅡㅡ
새,O
다른건,O
모르시고,O
떼까마귀,O
만,O
아시는지,O
ㅡㅡㅡ,ㅡㅡㅡ
기본적으로,O
새는,O
다,O
알죠,O
ㅡㅡㅡ,ㅡㅡㅡ
나는,O
좁고,O
깊게한다,O
이것이,O
ㅡㅡㅡ,ㅡㅡㅡ
블루오션,O
ㅡㅡㅡ,ㅡㅡㅡ
박사,O
님,O
항상,O
이렇게,O
새벽,O
에,O
나오시잖아요,O
ㅡㅡㅡ,ㅡㅡㅡ
그럼,O
떼까마귀,O
도,O
박사,O
님을,O
아나요,O
ㅡㅡㅡ,ㅡㅡㅡ
모르죠,O
ㅡㅡㅡ,ㅡㅡㅡ
그럼,O
박사,O
님만,O
떼까마귀,O
를,O
짝사랑하는거네요,O
ㅡㅡㅡ,ㅡㅡㅡ
6개월,O
은,O
북쪽,O
에,O
살고,O
6개월,O
은,O
울산,B_LOC
에,O
살거든요,O
ㅡㅡㅡ,ㅡㅡㅡ
요때보면,O
얘네들은,O
우리,O
사람들한테,O
생활에,O
불편을,O
좀,O
줍니다,O
ㅡㅡㅡ,ㅡㅡㅡ
소음을,O
싫어하는,O
사람,O
ㅡㅡㅡ,ㅡㅡㅡ
분비물을,O
싫어하는,O
사람도,O
있지만,O
ㅡㅡㅡ,ㅡㅡㅡ
또,O
다가,O
그렇다고,O
볼수는,O
없거든요,O
ㅡㅡㅡ,ㅡㅡㅡ
싫어하는,O
사람과,O
좋아하는,O
사람이,O
있습니다,O
ㅡㅡㅡ,ㅡㅡㅡ
하얀새,O
나오죠,O
저게,O
백로,O
입니다,O
ㅡㅡㅡ,ㅡㅡㅡ
백로,O
도,O
지금,O
같이,O
나오고있습니다,O
ㅡㅡㅡ,ㅡㅡㅡ
내려가지,O
않은,O
개체가,O
남았는데,O
ㅡㅡㅡ,ㅡㅡㅡ
나올,O
시간이,O
안되었는데도,O
너무,O
시끄러워가지고,O
ㅡㅡㅡ,ㅡㅡㅡ
저건,O
여름,O
철새,O
거든요,O
ㅡㅡㅡ,ㅡㅡㅡ
근데,O
지금,O
동남아시아,O
내려가야되는데,O
ㅡㅡㅡ,ㅡㅡㅡ
적응을,O
했다는거죠,O
ㅡㅡㅡ,ㅡㅡㅡ
좀,O
더,O
확대시키면,O
기후변화라는거죠,O
ㅡㅡㅡ,ㅡㅡㅡ
저런거를,O
가지고,O
간접적으로,O
지구,O
의,O
온난화를,O
체크할,O
수,O
있다는거죠,O
ㅡㅡㅡ,ㅡㅡㅡ
생명의,O
하나,O
하나,O
의,O
개체가,O
하는,O
행동이,O
ㅡㅡㅡ,ㅡㅡㅡ
우리,O
인간한테,O
주는,O
메세지를,O
사람들은,O
빨리,O
캐치해야된다,O
ㅡㅡㅡ,ㅡㅡㅡ
빅데이터를,O
모아야됩니다,O
ㅡㅡㅡ,ㅡㅡㅡ
저랑,O
닮은새는,O
있을,O
수,O
있을까요,O
ㅡㅡㅡ,ㅡㅡㅡ
카나리아,O
ㅡㅡㅡ,ㅡㅡㅡ
카나리아,O
는,O
노래를,O
잘합니다,O
아주,O
자그맣고,O
발랄하고,O
상큼하고,O
ㅡㅡㅡ,ㅡㅡㅡ
아주,O
명랑한,O
새에요,O
ㅡㅡㅡ,ㅡㅡㅡ
제가,O
그럼,O
아주,O
명랑해보인다는,O
말이군요,O
ㅡㅡㅡ,ㅡㅡㅡ
저는,O
이제부터,O
까나리아,O
랍니다,O
ㅡㅡㅡ,ㅡㅡㅡ
얘네는,O
주,O
식이,O
뭔가요,O
ㅡㅡㅡ,ㅡㅡㅡ
떼까마귀,O
와,O
갈까마귀,O
의,O
주된먹이는,O
ㅡㅡㅡ,ㅡㅡㅡ
낙곡,O
입니다,O
낙곡,O
ㅡㅡㅡ,ㅡㅡㅡ
추수하다,O
떨어진,O
낙곡,O
을,O
주,O
식으로,O
먹습니다,O
ㅡㅡㅡ,ㅡㅡㅡ
우리도,O
쌀,O
을,O
먹잖아요,O
ㅡㅡㅡ,ㅡㅡㅡ
얘네들의,O
배설물은,O
비료로,O
충분히,O
활용할,O
수,O
있다,O
ㅡㅡㅡ,ㅡㅡㅡ
박사,O
님,O
제가,O
어제,O
떼까마귀,O
와,O
교류하기,O
위해서,O
ㅡㅡㅡ,ㅡㅡㅡ
제가,O
까마귀,O
를,O
불러봤거든요,O
ㅡㅡㅡ,ㅡㅡㅡ
제,O
까마귀,O
소리가,O
비슷한지,O
좀,O
들어봐주시겠어요,O
ㅡㅡㅡ,ㅡㅡㅡ
그거는,O
큰부리까마귀,O
라고,O
ㅡㅡㅡ,ㅡㅡㅡ
흔히들,O
우리가아는,O
까마귀,O
ㅡㅡㅡ,ㅡㅡㅡ
흉조,O
아닙니다,O
ㅡㅡㅡ,ㅡㅡㅡ
보는사람의,O
관점에서,O
흉조,O
길조지,O
어떻게,O
일반적으로,O
ㅡㅡㅡ,ㅡㅡㅡ
길조니,O
흉조니,O
말할,O
수,O
있습니까,O
ㅡㅡㅡ,ㅡㅡㅡ
학춤,O
을,O
좀,O
배워보는,O
시간을,O
가져보도록,O
할까요,O
ㅡㅡㅡ,ㅡㅡㅡ
학춤,O
은,O
중심이,O
날개입니다,O
ㅡㅡㅡ,ㅡㅡㅡ
날개,O
를,O
피고,O
한다리,O
를,O
드는,O
것이,O
이것이,O
기본입니다,O
ㅡㅡㅡ,ㅡㅡㅡ
이렇게,O
우리가,O
춤추고,O
웃고떠드는,O
와중에도,O
ㅡㅡㅡ,ㅡㅡㅡ
박사,O
님은,O
다,O
관찰하시고,O
ㅡㅡㅡ,ㅡㅡㅡ
이러한,O
현상은,O
오직,O
ㅡㅡㅡ,ㅡㅡㅡ
여기,O
태화강국가정원,B_TOR
에,O
오지않으면,O
볼수없다,O
ㅡㅡㅡ,ㅡㅡㅡ
아,O
오늘,O
박사,O
님,O
덕분에,O
아주,O
유익한,O
ㅡㅡㅡ,ㅡㅡㅡ
정말,O
재밌었어요,O
ㅡㅡㅡ,ㅡㅡㅡ
울산,B_LOC
방문해주셔서,O
고맙고,O
또,O
ㅡㅡㅡ,ㅡㅡㅡ
쉽게볼수없는,O
떼까마귀,O
의,O
이소장면을,O
봤으니까,O
ㅡㅡㅡ,ㅡㅡㅡ
올해,O
남은해도,O
잘되고,O
ㅡㅡㅡ,ㅡㅡㅡ
내년,O
또한,O
땡겨가지고,O
잘,O
될것을,O
믿어의심치,O
않습니다,O
ㅡㅡㅡ,ㅡㅡㅡ
떼까마귀,O
춤을,O
한번,O
추면서,O
우리,O
오늘,O
인사해보도록,O
하겠습니다,O
ㅡㅡㅡ,ㅡㅡㅡ
안녕하세요,O
ㅡㅡㅡ,ㅡㅡㅡ
경주,B_LOC
에서,O
시작하는,O
영상,O
ㅡㅡㅡ,ㅡㅡㅡ
우와,O
날씨,O
진짜,O
좋다,O
ㅡㅡㅡ,ㅡㅡㅡ
날씨까지,O
좋으니까,O
더,O
예쁜,O
경주,B_LOC
ㅡㅡㅡ,ㅡㅡㅡ
경주,B_LOC
떠나기,O
전,O
할,O
일,O
ㅡㅡㅡ,ㅡㅡㅡ
경주,B_LOC
오면,O
국룰,O
ㅡㅡㅡ,ㅡㅡㅡ
황남빵,O
아니겠습니까,O
ㅡㅡㅡ,ㅡㅡㅡ
아빠,O
가,O
황남빵,O
을,O
좋아하시기,O
때문에,O
ㅡㅡㅡ,ㅡㅡㅡ
꼭,O
사서,O
가야,O
합니다,O
ㅡㅡㅡ,ㅡㅡㅡ
1박스,O
에,O
20알,O
들어있음,O
ㅡㅡㅡ,ㅡㅡㅡ
난,O
집,O
가서,O
딱,O
한알,O
먹음,O
ㅡㅡㅡ,ㅡㅡㅡ
경주시,B_LOC
지정,O
전통음식,O
잠실,O
에도,O
진출함,O
ㅡㅡㅡ,ㅡㅡㅡ
오늘,O
도,O
신난,O
분,O
ㅡㅡㅡ,ㅡㅡㅡ
아이구,O
ㅡㅡㅡ,ㅡㅡㅡ
아이구,O
뭐야,O
ㅡㅡㅡ,ㅡㅡㅡ
리액션,O
잘하자,O
ㅡㅡㅡ,ㅡㅡㅡ
경주,B_LOC
한복판에,O
위치한,O
경주역,O
ㅡㅡㅡ,ㅡㅡㅡ
기차,O
시간이,O
조금,O
남아서,O
기다리면서,O
먹잼,O
ㅡㅡㅡ,ㅡㅡㅡ
버스,O
도,O
있지만,O
기차,O
를,O
타고,O
싶었던,O
이유가,O
있어요,O
ㅡㅡㅡ,ㅡㅡㅡ
저한텐,O
진짜,O
추억,O
많은,O
곳인데,O
ㅡㅡㅡ,ㅡㅡㅡ
올해까지만,O
운행이라고,O
하네요,O
ㅡㅡㅡ,ㅡㅡㅡ
마지막을,O
준비하는,O
기차역,O
같아서,O
쓸쓸해보이기까지,O
함,O
ㅠㅠ,O
ㅡㅡㅡ,ㅡㅡㅡ
경주역,O
정취,O
보면서,O
달걀,O
까먹을,O
거예요,O
ㅡㅡㅡ,ㅡㅡㅡ
코로나,O
때문에,O
기차,O
안에서는,O
못,O
먹으니까요,O
ㅡㅡㅡ,ㅡㅡㅡ
내,O
기준,O
최고,O
멋진,O
기차역이야,O
너는,O
ㅡㅡㅡ,ㅡㅡㅡ
기차역,O
자체는,O
보존된다고,O
해요,O
ㅡㅡㅡ,ㅡㅡㅡ
감동란,O
침,O
고이면서,O
깠음,O
ㅡㅡㅡ,ㅡㅡㅡ
말,O
그대로,O
감동적인,O
맛,O
ㅡㅡㅡ,ㅡㅡㅡ
경주,B_LOC
참,O
좋았다,O
ㅡㅡㅡ,ㅡㅡㅡ
생각도,O
행동도,O
천천히,O
하게,O
되는,O
곳,O
ㅡㅡㅡ,ㅡㅡㅡ
경주,B_LOC
에서,O
발,O
뗍니다,O
ㅠ,O
ㅡㅡㅡ,ㅡㅡㅡ
경주,B_LOC
만큼,O
컨셉,O
확실한,O
곳,O
없음,O
ㅡㅡㅡ,ㅡㅡㅡ
그래서,O
나랑,O
잘,O
맞음,O
ㅡㅡㅡ,ㅡㅡㅡ
또,O
올게,O
ㅡㅡㅡ,ㅡㅡㅡ
안녕,O
경주,B_LOC
ㅡㅡㅡ,ㅡㅡㅡ
헬로우,O
울산,B_LOC
ㅡㅡㅡ,ㅡㅡㅡ
17년,O
지기,O
친구,O
가,O
결혼해요,O
ㅡㅡㅡ,ㅡㅡㅡ
젤,O
눈물나는,O
부분인,O
거,O
알죠,O
ㅡㅡㅡ,ㅡㅡㅡ
친구,O
남편,O
이,O
신부,O
넘겨받고,O
바로,O
휙,O
가서,O
다,O
웃음,O
ㅡㅡㅡ,ㅡㅡㅡ
행복해라,O
연지,O
야,O
ㅡㅡㅡ,ㅡㅡㅡ
울산,B_LOC
에,O
오면,O
울산,B_LOC
커리,O
를,O
먹어봐야죠,O
ㅡㅡㅡ,ㅡㅡㅡ
울산,B_LOC
에,O
2개,O
지점이,O
있는,O
나마스까르,B_RES
ㅡㅡㅡ,ㅡㅡㅡ
안경쓰고,O
인사해요,O
ㅡㅡㅡ,ㅡㅡㅡ
2인석,O
멋지게,O
되어,O
있음,O
ㅡㅡㅡ,ㅡㅡㅡ
소개팅이나,O
데이트하기,O
좋겠는데,O
ㅡㅡㅡ,ㅡㅡㅡ
사모사,O
하나랑요,O
ㅡㅡㅡ,ㅡㅡㅡ
야채,O
차,O
팟,O
커리,O
ㅡㅡㅡ,ㅡㅡㅡ
먹어봤어요,O
ㅡㅡㅡ,ㅡㅡㅡ
아니요,O
도리,O
도리,O
ㅡㅡㅡ,ㅡㅡㅡ
한국,O
사람은,O
잘,O
못,O
먹는데,O
ㅡㅡㅡ,ㅡㅡㅡ
아,O
그래요,O
ㅡㅡㅡ,ㅡㅡㅡ
그럼,O
이거로,O
해드릴까요,O
ㅡㅡㅡ,ㅡㅡㅡ
저렇게,O
말씀하시면,O
작아짐,O
도전,O
못함,O
ㅡㅡㅡ,ㅡㅡㅡ
램비리야니,O
랑,O
알루빠라따,O
랑,O
ㅡㅡㅡ,ㅡㅡㅡ
복분자,O
라,O
씨랑,O
망고,O
라,O
씨,O
주세요,O
ㅡㅡㅡ,ㅡㅡㅡ
커리,O
다시,O
고르는,O
중,O
ㅡㅡㅡ,ㅡㅡㅡ
향신료,O
와,O
치킨,O
이,O
들어간,O
국물이,O
많은,O
얼큰한,O
커리,O
ㅡㅡㅡ,ㅡㅡㅡ
나마스까르커리,O
가,O
있더라고요,O
ㅡㅡㅡ,ㅡㅡㅡ
저희,O
그러면,O
나마스까르커리,O
는요,O
ㅡㅡㅡ,ㅡㅡㅡ
엄지척,O
해주심,O
주문,O
완료,O
ㅡㅡㅡ,ㅡㅡㅡ
사모사,O
먹고,O
싶었어,O
ㅡㅡㅡ,ㅡㅡㅡ
오늘,O
갑자기,O
ㅡㅡㅡ,ㅡㅡㅡ
감자데이,O
네,O
ㅡㅡㅡ,ㅡㅡㅡ
사모사,O
안에,O
감자,O
알루빠라따,O
는,O
난,O
안에,O
감자,O
ㅡㅡㅡ,ㅡㅡㅡ
알루데이,O
ㅡㅡㅡ,ㅡㅡㅡ
빠르게,O
나오는,O
편,O
ㅡㅡㅡ,ㅡㅡㅡ
복분자,O
라,O
씨는,O
처음,O
봐요,O
ㅡㅡㅡ,ㅡㅡㅡ
먹는,O
것에,O
진심이라,O
지금,O
그,O
어느,O
때보다,O
집중함,O
ㅡㅡㅡ,ㅡㅡㅡ
복분자,O
맛,O
난다,O
ㅡㅡㅡ,ㅡㅡㅡ
엄청,O
달아,O
ㅡㅡㅡ,ㅡㅡㅡ
역시,O
복분자,O
ㅡㅡㅡ,ㅡㅡㅡ
망고,O
는,O
망고,O
다,O
망고,O
는,O
실패할,O
일,O
없음,O
ㅡㅡㅡ,ㅡㅡㅡ
넘,O
먹고싶던,O
사모사,O
ㅡㅡㅡ,ㅡㅡㅡ
크고,O
튀김,O
옷도,O
두꺼워서,O
맛있어요,O
ㅡㅡㅡ,ㅡㅡㅡ
속이,O
실하네,O
ㅡㅡㅡ,ㅡㅡㅡ
아주,O
그냥,O
빈틈없이,O
꽉,O
들어찬,O
감자,O
ㅡㅡㅡ,ㅡㅡㅡ
내가,O
먹고싶던,O
그,O
사모사야,O
ㅡㅡㅡ,ㅡㅡㅡ
먹고,O
싶던,O
그,O
맛,O
그대로,O
살려주면,O
이심전심이,O
따로,O
없음,O
ㅡㅡㅡ,ㅡㅡㅡ
난,O
여기,O
사모사,O
가,O
최곤,O
것,O
같아,O
ㅡㅡㅡ,ㅡㅡㅡ
요거트,O
로,O
버무려줘야,O
함,O
ㅡㅡㅡ,ㅡㅡㅡ
맛있는데,O
ㅡㅡㅡ,ㅡㅡㅡ
울산,B_LOC
이니까,O
사투리,O
써야,O
함,O
ㅡㅡㅡ,ㅡㅡㅡ
억수로,O
맛있는데,O
ㅡㅡㅡ,ㅡㅡㅡ
나마스까르커리,B_RES
가,O
여기,O
시그니처,O
커리,O
인가봐요,O
ㅡㅡㅡ,ㅡㅡㅡ
각종,O
야채와,O
치킨,O
이,O
들어간,O
커리,O
ㅡㅡㅡ,ㅡㅡㅡ
얼큰하다는,O
커리,O
는,O
또,O
첨이라,O
궁금함,O
ㅡㅡㅡ,ㅡㅡㅡ
커리,O
국물,O
먼저,O
맛보자,O
ㅡㅡㅡ,ㅡㅡㅡ
맵고,O
맛있으면,O
할,O
말,O
끝난,O
거,O
ㅡㅡㅡ,ㅡㅡㅡ
한국인,O
이,O
진짜,O
좋아할,O
것,O
같은데,O
ㅡㅡㅡ,ㅡㅡㅡ
말랑말랑한,O
사모사네,O
ㅡㅡㅡ,ㅡㅡㅡ
잘,O
어울릴,O
것,O
같은데,O
ㅡㅡㅡ,ㅡㅡㅡ
진짜,O
잘,O
어울려,O
ㅡㅡㅡ,ㅡㅡㅡ
근데,O
정말,O
놀랐어요,O
너무,O
맛있어서,O
ㅡㅡㅡ,ㅡㅡㅡ
뭔가,O
달면서도,O
되게,O
매콤해,O
ㅡㅡㅡ,ㅡㅡㅡ
나마스까르커리,B_RES
진짜,O
인정,O
드립니다,O
ㅡㅡㅡ,ㅡㅡㅡ
이,O
안에,O
감자,O
랑,O
커리랑,O
ㅡㅡㅡ,ㅡㅡㅡ
잘,O
어울리네,O
ㅡㅡㅡ,ㅡㅡㅡ
우리가,O
아까,O
나마스까르커리,B_RES
로,O
하겠다고,O
했더니,O
ㅡㅡㅡ,ㅡㅡㅡ
엄지척,O
하셨잖아,O
이유가,O
있었어,O
ㅡㅡㅡ,ㅡㅡㅡ
자신,O
있으니까,O
치켜든,O
엄지척,O
진심,O
멋졌다,O
ㅡㅡㅡ,ㅡㅡㅡ
울산,B_LOC
부럽다,O
ㅡㅡㅡ,ㅡㅡㅡ
커리,O
가,O
정말,O
알게,O
모르게,O
얼큰한,O
맛이,O
있더라구요,O
ㅡㅡㅡ,ㅡㅡㅡ
알루빠라따,O
는,O
쫄깃해요,O
ㅠㅠ,O
ㅡㅡㅡ,ㅡㅡㅡ
램비리야니,O
등장,O
ㅡㅡㅡ,ㅡㅡㅡ
사장,O
님,O
근데,O
나마스까르,B_RES
랑,O
나마스떼,O
랑,O
ㅡㅡㅡ,ㅡㅡㅡ
나마스떼,O
는,O
안녕하세요,O
ㅡㅡㅡ,ㅡㅡㅡ
나마스,O
까르는,O
조금,O
더,O
높임말,O
ㅡㅡㅡ,ㅡㅡㅡ
안녕하십니까,O
ㅡㅡㅡ,ㅡㅡㅡ
친절왕이심,O
ㅡㅡㅡ,ㅡㅡㅡ
하얀,O
인도식,O
쌀,O
이,O
위에,O
덮어져,O
나와요,O
ㅡㅡㅡ,ㅡㅡㅡ
안에,O
볶음밥,O
이,O
있음,O
ㅡㅡㅡ,ㅡㅡㅡ
양고기,O
냄새가,O
확,O
난다,O
ㅡㅡㅡ,ㅡㅡㅡ
들어갑니다,O
ㅡㅡㅡ,ㅡㅡㅡ
먹자마자,O
진짜,O
인도,O
생각이,O
나서,O
ㅡㅡㅡ,ㅡㅡㅡ
감정,O
잡으려는데,O
뜨거움,O
ㅡㅡㅡ,ㅡㅡㅡ
인도,O
에서,O
비리야니,O
먹던,O
날이,O
생각나서,O
ㅡㅡㅡ,ㅡㅡㅡ
갑자기,O
마음이,O
이상했어요,O
ㅡㅡㅡ,ㅡㅡㅡ
양고기,O
에,O
ㅡㅡㅡ,ㅡㅡㅡ
양고기,O
에서,O
나는,O
냄새가,O
ㅡㅡㅡ,ㅡㅡㅡ
되게,O
인도스럽다,O
ㅡㅡㅡ,ㅡㅡㅡ
잡내를,O
잡기,O
위해,O
향신료,O
를,O
잔뜩,O
묻힌,O
ㅡㅡㅡ,ㅡㅡㅡ
어쨌든,O
잠깐,O
추억에,O
젖음,O
어딜,O
보는,O
건지,O
알,O
수,O
없음,O
ㅡㅡㅡ,ㅡㅡㅡ
호불호가,O
갈릴,O
수,O
있다는,O
뜻,O
ㅡㅡㅡ,ㅡㅡㅡ
근데,O
호불호는,O
확실히,O
갈릴,O
것,O
같아,O
ㅡㅡㅡ,ㅡㅡㅡ
약간,O
요거트,O
냄새도,O
확,O
나서,O
ㅡㅡㅡ,ㅡㅡㅡ
향이,O
많이,O
난다,O
ㅡㅡㅡ,ㅡㅡㅡ
다음에,O
가면,O
이거,O
또,O
먹을,O
듯,O
ㅡㅡㅡ,ㅡㅡㅡ
나,O
맨처음으로,O
인도,O
에서,O
비리야니,O
시켰을,O
때,O
ㅡㅡㅡ,ㅡㅡㅡ
그,O
맛이야,O
ㅡㅡㅡ,ㅡㅡㅡ
난,O
그날,O
못,O
먹었거든,O
ㅡㅡㅡ,ㅡㅡㅡ
너무,O
생소해서,O
응,O
ㅡㅡㅡ,ㅡㅡㅡ
지금은,O
잘만,O
먹,O
ㅡㅡㅡ,ㅡㅡㅡ
다시,O
가서,O
먹으라고,O
하면,O
먹을,O
수,O
있을,O
듯,O
ㅡㅡㅡ,ㅡㅡㅡ
왜,O
안,O
먹었냐,O
그때,O
ㅡㅡㅡ,ㅡㅡㅡ
자꾸,O
들어가,O
중독임,O
ㅡㅡㅡ,ㅡㅡㅡ
마지막까지,O
야무지게,O
긁어,O
먹음,O
ㅡㅡㅡ,ㅡㅡㅡ
커리,O
에도,O
비벼,O
먹음,O
ㅡㅡㅡ,ㅡㅡㅡ
진실의,O
미간,O
후,O
ㅡㅡㅡ,ㅡㅡㅡ
나마스까르커리,B_RES
자체도,O
너무,O
훌륭하니까,O
ㅡㅡㅡ,ㅡㅡㅡ
주문한,O
모든,O
메뉴,O
성공해서,O
기분,O
좋음,O
ㅡㅡㅡ,ㅡㅡㅡ
잘,O
먹었습니다,O
ㅡㅡㅡ,ㅡㅡㅡ
현실,O
복귀,O
해야죠,O
울산공항,O
고고,O
ㅡㅡㅡ,ㅡㅡㅡ
태평,O
부리면서,O
먹다가,O
늦어서,O
뛴,O
건,O
비밀임,O
ㅡㅡㅡ,ㅡㅡㅡ
비행기,O
타기,O
전,O
설렘,O
하나도,O
못,O
느낌,O
ㅡㅡㅡ,ㅡㅡㅡ
여기쯤,O
오니까,O
비행기,O
타는,O
거,O
실감,O
남,O
ㅡㅡㅡ,ㅡㅡㅡ
이,O
길은,O
언제,O
가도,O
설레는구나,O
ㅡㅡㅡ,ㅡㅡㅡ
이륙,O
전,O
ㅡㅡㅡ,ㅡㅡㅡ
즐거웠다,O
나마스까르커리,B_RES
최고,O
ㅡㅡㅡ,ㅡㅡㅡ
우리나라,O
1위,O
에,O
빛나는,O
울산,B_LOC
최고,O
ㅡㅡㅡ,ㅡㅡㅡ
자,O
자,O
올라가요,O
ㅡㅡㅡ,ㅡㅡㅡ
울산,B_LOC
안녕,O
ㅡㅡㅡ,ㅡㅡㅡ
30분,O
타는,O
거라,O
정말,O
기분만,O
냈는데,O
ㅡㅡㅡ,ㅡㅡㅡ
기분이,O
난다,O
하는데,O
도착함,O
ㅡㅡㅡ,ㅡㅡㅡ
이렇게,O
서울,B_LOC
로,O
왔네요,O
ㅡㅡㅡ,ㅡㅡㅡ
쿠키영상,O
있어요,O
조금,O
더,O
보고,O
가세요,O
ㅡㅡㅡ,ㅡㅡㅡ
ㅡㅡㅡ,ㅡㅡㅡ
잘,O
먹었습니다가,O
인도어,O
로,O
뭐죠,O
ㅡㅡㅡ,ㅡㅡㅡ
ㅡㅡㅡ,ㅡㅡㅡ
거짓말,O
ㅡㅡㅡ,ㅡㅡㅡ
ㅡㅡㅡ,ㅡㅡㅡ
좋은,O
음식,O
ㅡㅡㅡ,ㅡㅡㅡ
ㅡㅡㅡ,ㅡㅡㅡ
아주,O
좋아,O
ㅡㅡㅡ,ㅡㅡㅡ
아직,O
안,O
끝남,O
ㅡㅡㅡ,ㅡㅡㅡ
진짜,O
거짓말이다,O
이건,O
ㅡㅡㅡ,ㅡㅡㅡ
배부르다,O
빼ㄷ버로,O
ㅡㅡㅡ,ㅡㅡㅡ
거짓말,O
좀,O
치지마,O
ㅡㅡㅡ,ㅡㅡㅡ
그건,O
그냥,O
배불러잖아,O
배,O
ㄷ불러,O
ㅡㅡㅡ,ㅡㅡㅡ
ㅋㅋㅋㅋㅋㅋㅋㅋㅋㅋㅋㅋㅋㅋㅋㅋㅋ,O
ㅡㅡㅡ,ㅡㅡㅡ
바스바스,O
그만,O
ㅡㅡㅡ,ㅡㅡㅡ
오늘,O
도,O
시청해주셔서,O
감사합니다,O
ㅡㅡㅡ,ㅡㅡㅡ
안녕하세요,O
입니다,O
ㅡㅡㅡ,ㅡㅡㅡ
오늘,O
여행이야기는,O
국내,O
기,O
차여행으로,O
좋은,O
ㅡㅡㅡ,ㅡㅡㅡ
울산,B_LOC
2박3일,O
여행,O
이야기,O
입니다,O
ㅡㅡㅡ,ㅡㅡㅡ
여행은,O
울산역,O
에서,O
시작됩니다,O
ㅡㅡㅡ,ㅡㅡㅡ
조금만,O
부지런하게,O
움직인다면,O
ㅡㅡㅡ,ㅡㅡㅡ
를,O
이용해,O
서울,B_LOC
에서도,O
울산,B_LOC
까지,O
ㅡㅡㅡ,ㅡㅡㅡ
당일치기로,O
다녀올,O
수,O
있습니다,O
ㅡㅡㅡ,ㅡㅡㅡ
시간제약이,O
있다면,O
당일치기가,O
답이겠지만,O
ㅡㅡㅡ,ㅡㅡㅡ
여유가,O
있다면,O
그,O
시간만큼,O
ㅡㅡㅡ,ㅡㅡㅡ
여행에,O
충실해보는,O
것도,O
좋아요,O
ㅡㅡㅡ,ㅡㅡㅡ
이번에,O
소개할,O
코스는,O
울산,B_LOC
2박3일,O
여행코스에요,O
ㅡㅡㅡ,ㅡㅡㅡ
두번,O
의,O
1박2일,O
울산,B_LOC
여행을,O
ㅡㅡㅡ,ㅡㅡㅡ
2박3일,O
여행코스로,O
재구성해봤습니다,O
ㅡㅡㅡ,ㅡㅡㅡ
소개된,O
여행지를,O
선택해,O
당일치기부터,O
ㅡㅡㅡ,ㅡㅡㅡ
2박3일,O
여행까지,O
이용할,O
수,O
있으니,O
ㅡㅡㅡ,ㅡㅡㅡ
자신의,O
여건에,O
맞게,O
코스,O
디자인,O
보면,O
좋을,O
것,O
같아요,O
ㅡㅡㅡ,ㅡㅡㅡ
우리,O
울산,B_LOC
여행,O
떠나볼까요,O
ㅡㅡㅡ,ㅡㅡㅡ
역에,O
도착하면,O
울산,B_LOC
하면,O
떠오르는,O
ㅡㅡㅡ,ㅡㅡㅡ
고래,O
조형물을,O
찾을,O
수,O
있어요,O
ㅡㅡㅡ,ㅡㅡㅡ
그리고,O
또,O
한가지,O
찾아볼만한,O
것으로는,O
ㅡㅡㅡ,ㅡㅡㅡ
선사시대,O
유적지가,O
있습니다,O
ㅡㅡㅡ,ㅡㅡㅡ
이곳은,O
울산역,O
건설당시,O
발견된,O
곳으로,O
ㅡㅡㅡ,ㅡㅡㅡ
상태를,O
그대로,O
보전해,O
놨어요,O
ㅡㅡㅡ,ㅡㅡㅡ
버스,O
정류장,O
인근에,O
있으니,O
ㅡㅡㅡ,ㅡㅡㅡ
아이와,O
함께,O
하는,O
여행이라면,O
버스,O
기다리는,O
동안,O
ㅡㅡㅡ,ㅡㅡㅡ
잠시,O
둘러보면,O
좋을,O
것,O
같습니다,O
ㅡㅡㅡ,ㅡㅡㅡ
울산역,O
을,O
빠져나와,O
첫번째,O
로,O
찾아갈,O
곳은,O
ㅡㅡㅡ,ㅡㅡㅡ
시원시원한,O
태화강동굴피아,B_TOR
입니다,O
ㅡㅡㅡ,ㅡㅡㅡ
서울,B_LOC
근교에,O
있는,O
광명동굴,O
에,O
비하면,O
ㅡㅡㅡ,ㅡㅡㅡ
규모가,O
작은,O
편이지만,O
ㅡㅡㅡ,ㅡㅡㅡ
더운,O
계절엔,O
이만한,O
여행지가,O
또,O
없을,O
것,O
같아요,O
ㅡㅡㅡ,ㅡㅡㅡ
태화강동굴피아,B_TOR
는,O
4개,O
의,O
동굴로,O
구성되어,O
있어요,O
ㅡㅡㅡ,ㅡㅡㅡ
3개,O
의,O
동굴은,O
이어져,O
있고,O
하나,O
는,O
떨어져,O
있습니다,O
ㅡㅡㅡ,ㅡㅡㅡ
이곳은,O
자연동굴은,O
아니고요,O
ㅡㅡㅡ,ㅡㅡㅡ
일제강점기,O
에,O
만들어진,O
인공동굴이에요,O
ㅡㅡㅡ,ㅡㅡㅡ
일본군,O
비행장,O
진지,O
또는,O
군용물자,O
보급창고,O
용도로,O
ㅡㅡㅡ,ㅡㅡㅡ
사용하기,O
위해,O
만들어,O
졌다고,O
해요,O
ㅡㅡㅡ,ㅡㅡㅡ
당시,O
증언에,O
따르면,O
곡식뿐,O
아니라,O
ㅡㅡㅡ,ㅡㅡㅡ
보급물자가,O
될,O
것,O
같은,O
물자들을,O
ㅡㅡㅡ,ㅡㅡㅡ
마을,O
사람들에게,O
모두,O
빼앗아,O
ㅡㅡㅡ,ㅡㅡㅡ
이곳에,O
보관하였다고,O
해요,O
ㅡㅡㅡ,ㅡㅡㅡ
남산동굴역사관,O
으로,O
꾸며진,O
제1동굴,O
에서는,O
ㅡㅡㅡ,ㅡㅡㅡ
일제강점기,O
울산,B_LOC
의,O
생활상과,O
강제노역,O
ㅡㅡㅡ,ㅡㅡㅡ
그리고,O
수탈의,O
역사가,O
담긴,O
삼산비행장,O
과,O
ㅡㅡㅡ,ㅡㅡㅡ
남산동굴,O
의,O
형성과정을,O
들여다,O
볼,O
수,O
있습니다,O
ㅡㅡㅡ,ㅡㅡㅡ
다소,O
무거울,O
수,O
있는,O
역사,O
이야기가,O
지나면,O
ㅡㅡㅡ,ㅡㅡㅡ
연인,O
들의,O
데이트코스로,O
그만인,O
ㅡㅡㅡ,ㅡㅡㅡ
시원한,O
동굴코스가,O
이어집니다,O
ㅡㅡㅡ,ㅡㅡㅡ
12동굴,O
을,O
지나,O
3동굴,O
로,O
건너가기,O
직전,O
ㅡㅡㅡ,ㅡㅡㅡ
광장분수가,O
있는데요,O
ㅡㅡㅡ,ㅡㅡㅡ
쉼을,O
즐길,O
수도,O
있지만,O
이곳에서,O
이어지는,O
ㅡㅡㅡ,ㅡㅡㅡ
지하통로를,O
이용해,O
태화강십리대밭,B_TOR
이,O
있는,O
ㅡㅡㅡ,ㅡㅡㅡ
태화강대공원,B_TOR
으로,O
건너갈,O
수,O
있어요,O
ㅡㅡㅡ,ㅡㅡㅡ
3동굴,O
은,O
아이와함께,O
하는,O
가족,O
여행에,O
ㅡㅡㅡ,ㅡㅡㅡ
더,O
잘,O
어울리도록,O
꾸며져,O
있었어요,O
ㅡㅡㅡ,ㅡㅡㅡ
체험프로그램도,O
있어,O
아이들이,O
ㅡㅡㅡ,ㅡㅡㅡ
더,O
좋아하는,O
것,O
같습니다,O
ㅡㅡㅡ,ㅡㅡㅡ
마지막으로,O
4동굴,O
을,O
찾았어요,O
ㅡㅡㅡ,ㅡㅡㅡ
이곳은,O
123동굴,O
과,O
떨어져,O
있고,O
규모도,O
작아,O
ㅡㅡㅡ,ㅡㅡㅡ
계절별,O
테마이벤트로,O
꾸며진다고,O
해요,O
ㅡㅡㅡ,ㅡㅡㅡ
제가,O
찾았을,O
땐,O
커다란,O
해골,O
이,O
있어,O
ㅡㅡㅡ,ㅡㅡㅡ
등,O
골,O
오싹한,O
여행을,O
즐길,O
수,O
있었는데요,O
ㅡㅡㅡ,ㅡㅡㅡ
계절별로,O
바뀐다고,O
하니,O
ㅡㅡㅡ,ㅡㅡㅡ
지금은,O
어떻게,O
꾸며졌는지,O
궁금하네요,O
ㅡㅡㅡ,ㅡㅡㅡ
앞서,O
동,B_TOR
굴피아,I_TOR
가,O
남산,O
아,O
래,O
있다고,O
했죠,O
ㅡㅡㅡ,ㅡㅡㅡ
동굴피아,B_TOR
구경,O
후,O
곧장,O
남산,B_TOR
트레킹에,O
도전합니다,O
ㅡㅡㅡ,ㅡㅡㅡ
남산,B_TOR
하면,O
서울,B_LOC
의,O
남산,O
이,O
떠오르지만,O
ㅡㅡㅡ,ㅡㅡㅡ
울산,B_LOC
에도,O
남산,B_TOR
이,O
있습니다,O
ㅡㅡㅡ,ㅡㅡㅡ
남산,B_TOR
에는,O
은월봉,B_TOR
이라는,O
봉우리가,O
있어요,O
ㅡㅡㅡ,ㅡㅡㅡ
그,O
외에도,O
태화강,B_TOR
일대를,O
조망할,O
수,O
있는,O
ㅡㅡㅡ,ㅡㅡㅡ
전망대가,O
곳곳에,O
설치되어,O
있습니다,O
ㅡㅡㅡ,ㅡㅡㅡ
울산,B_LOC
주민,O
들이,O
산책코스로,O
이용하는,O
산이라,O
ㅡㅡㅡ,ㅡㅡㅡ
누구나,O
쉽게,O
오를,O
수,O
있어요,O
ㅡㅡㅡ,ㅡㅡㅡ
은월봉,B_TOR
으로,O
가기전,O
산밑에서,O
본,O
ㅡㅡㅡ,ㅡㅡㅡ
전망대를,O
먼저,O
찾아갑니다,O
ㅡㅡㅡ,ㅡㅡㅡ
꽤,O
무더운,O
날씨였는데,O
전망대에,O
오르니,O
ㅡㅡㅡ,ㅡㅡㅡ
바람이,O
시원하게,O
불었어요,O
ㅡㅡㅡ,ㅡㅡㅡ
여기까지,O
올라오면서,O
흘린,O
땀이,O
ㅡㅡㅡ,ㅡㅡㅡ
바람에,O
식으니,O
되려,O
오래,O
머물면,O
추울,O
것,O
같더라고요,O
ㅡㅡㅡ,ㅡㅡㅡ
전망대에서,O
본,O
태화강,B_TOR
일대의,O
풍경은,O
일품이었습니다,O
ㅡㅡㅡ,ㅡㅡㅡ
흐르는,O
구름도,O
이,O
풍경에,O
한몫,O
합니다,O
ㅡㅡㅡ,ㅡㅡㅡ
바람막이,O
옷,O
하나,O
걸쳤더니,O
ㅡㅡㅡ,ㅡㅡㅡ
산,O
위로,O
부는,O
바람,O
걱정,O
없이,O
이,O
풍경을,O
즐길,O
수,O
있었어요,O
ㅡㅡㅡ,ㅡㅡㅡ
한여름,O
에,O
바람막이자켓,O
까지,O
입고,O
있어야,O
한다니,O
ㅡㅡㅡ,ㅡㅡㅡ
이만한,O
경치,O
좋은,O
피서지가,O
또,O
있을까요,O
ㅡㅡㅡ,ㅡㅡㅡ
태화강전망대,B_TOR
에서,O
내려와,O
ㅡㅡㅡ,ㅡㅡㅡ
솔마루길,B_TOR
남산,B_TOR
코스를,O
따라,O
남산,B_TOR
능선을,O
달려봅니다,O
ㅡㅡㅡ,ㅡㅡㅡ
방금전,O
찾은,O
태화강전망대,B_TOR
처럼,O
ㅡㅡㅡ,ㅡㅡㅡ
남산,B_TOR
능선에서는,O
남산전망대,B_TOR
와,O
남산루,O
를,O
찾을,O
수,O
있어요,O
ㅡㅡㅡ,ㅡㅡㅡ
송신탑,O
부근이,O
남산,B_TOR
정상인데,O
ㅡㅡㅡ,ㅡㅡㅡ
남산루,O
가,O
있는,O
은월봉,B_TOR
이,O
더,O
잘,O
알려져,O
있습니다,O
ㅡㅡㅡ,ㅡㅡㅡ
남산루,O
를,O
은월루,O
라고,O
부르기도,O
해요,O
ㅡㅡㅡ,ㅡㅡㅡ
남산루,O
가,O
있는,O
은월봉,B_TOR
까지,O
둘러본,O
후,O
하산합니다,O
ㅡㅡㅡ,ㅡㅡㅡ
울산,B_LOC
에,O
도착해,O
전망대에,O
올랐을,O
때까지만해도,O
ㅡㅡㅡ,ㅡㅡㅡ
날씨가,O
좋았는데,O
점점,O
꾸물꾸물합니다,O
ㅡㅡㅡ,ㅡㅡㅡ
원래는,O
태화강대공원,B_TOR
에,O
가려고,O
했지만,O
ㅡㅡㅡ,ㅡㅡㅡ
일정을,O
바꿔,O
태화강전망대카페,B_CAF
로,O
향했어요,O
ㅡㅡㅡ,ㅡㅡㅡ
태화강,B_TOR
강변에,O
있는,O
태화강전망대,B_TOR
에는,O
ㅡㅡㅡ,ㅡㅡㅡ
360,O
회전하는,O
카페가,O
있습니다,O
ㅡㅡㅡ,ㅡㅡㅡ
커플,O
들의,O
데이트코스로,O
좋은,O
곳,O
같았어요,O
ㅡㅡㅡ,ㅡㅡㅡ
저는,O
식사시간이,O
애매하고,O
ㅡㅡㅡ,ㅡㅡㅡ
갑자기,O
쏟아진,O
비줄기,O
때문에,O
이곳을,O
찾았는데요,O
ㅡㅡㅡ,ㅡㅡㅡ
태화강대공원,B_TOR
십리대밭길,B_TOR
가지,O
못한,O
ㅡㅡㅡ,ㅡㅡㅡ
아쉬움을,O
풀기에,O
좋았습니다,O
ㅡㅡㅡ,ㅡㅡㅡ
카페,O
자체가,O
360도,O
회전하기,O
때문에,O
ㅡㅡㅡ,ㅡㅡㅡ
어느,O
자리가,O
더,O
명당인지,O
고민하도,O
않아도,O
됩니다,O
ㅡㅡㅡ,ㅡㅡㅡ
그냥,O
빈자리에,O
앉아,O
주문한,O
음료,O
음미하다보면,O
ㅡㅡㅡ,ㅡㅡㅡ
어느새,O
태화강,B_TOR
을,O
꼼꼼하게,O
본,O
자신을,O
발견할,O
수,O
있습니다,O
ㅡㅡㅡ,ㅡㅡㅡ
태화강전망대카페,B_CAF
에서,O
나와,O
저녁,O
을,O
먹으러,O
갔어요,O
ㅡㅡㅡ,ㅡㅡㅡ
숙소와,O
얼마,O
멀지,O
않은,O
냉면집을,O
찾았습니다,O
ㅡㅡㅡ,ㅡㅡㅡ
이곳은,O
사천한호진주냉면,O
이라는,O
곳이에요,O
ㅡㅡㅡ,ㅡㅡㅡ
특이하게,O
육수를,O
해물육수,O
로,O
만든다고,O
해요,O
ㅡㅡㅡ,ㅡㅡㅡ
전,O
물냉,O
보다,O
비냉,O
을,O
선호해서,O
비빔,O
을,O
주문했는데,O
ㅡㅡㅡ,ㅡㅡㅡ
해물육수,O
로,O
만든,O
진주냉면,O
맛보고,O
싶다면,O
물냉,O
주문하세요,O
ㅡㅡㅡ,ㅡㅡㅡ
울산,B_LOC
여행,O
중,O
머물은,O
곳은,O
울산스타즈호텔,O
입니다,O
ㅡㅡㅡ,ㅡㅡㅡ
태화강역,O
과,O
얼마,O
멀지,O
않고,O
근처에,O
이마트,O
도,O
있어,O
ㅡㅡㅡ,ㅡㅡㅡ
객실에서,O
먹을,O
간식거리,O
챙겨서,O
체크인,O
하면,O
좋아요,O
ㅡㅡㅡ,ㅡㅡㅡ
오픈한지,O
얼마,O
되지,O
않아,O
시설도,O
깨끗한,O
편이었어요,O
ㅡㅡㅡ,ㅡㅡㅡ
이,O
호텔을,O
발견한,O
이후,O
울산,B_LOC
오면,O
항상,O
ㅡㅡㅡ,ㅡㅡㅡ
이곳에서,O
머무는,O
것,O
같습니다,O
ㅡㅡㅡ,ㅡㅡㅡ
울산스타즈호텔,O
객실은,O
시티뷰와,O
태화강뷰,O
가,O
있어요,O
ㅡㅡㅡ,ㅡㅡㅡ
두타입,O
모두,O
머물러봤는데,O
ㅡㅡㅡ,ㅡㅡㅡ
둘,O
중,O
하나,O
고르기가,O
어려울만큼,O
둘,O
다,O
뷰가,O
좋아요,O
ㅡㅡㅡ,ㅡㅡㅡ
객실은,O
2인1실,O
인,O
것,O
같지만,O
혼자,O
머물기,O
좋은,O
사이즈에요,O
ㅡㅡㅡ,ㅡㅡㅡ
우리,O
객실,O
구경,O
같이,O
해볼까요,O
ㅡㅡㅡ,ㅡㅡㅡ
울산스타즈호텔,O
이,O
좋았던,O
건,O
조식이었어요,O
ㅡㅡㅡ,ㅡㅡㅡ
꽤,O
저렴한,O
가격대의,O
호텔이었기,O
때문에,O
ㅡㅡㅡ,ㅡㅡㅡ
조식을,O
크게,O
기대하진,O
않았는데요,O
ㅡㅡㅡ,ㅡㅡㅡ
막상,O
아침,O
에,O
내려가보니,O
ㅡㅡㅡ,ㅡㅡㅡ
생각보다,O
알차게,O
꾸며져,O
있었어요,O
ㅡㅡㅡ,ㅡㅡㅡ
전체적으로,O
가격도,O
저렴하고,O
조식도,O
챙길,O
수,O
있어,O
ㅡㅡㅡ,ㅡㅡㅡ
이후,O
울산,B_LOC
여행,O
갈때,O
챙겨가는,O
숙소가,O
되었습니다,O
ㅡㅡㅡ,ㅡㅡㅡ
울산,B_LOC
여행와서,O
바다를,O
빼면,O
섭섭하죠,O
ㅡㅡㅡ,ㅡㅡㅡ
어젠,O
산을,O
주제로,O
여행을,O
꾸몄다면,O
ㅡㅡㅡ,ㅡㅡㅡ
오늘,O
은,O
바다를,O
주제로,O
여행을,O
꾸려봅니다,O
ㅡㅡㅡ,ㅡㅡㅡ
울산,B_LOC
명소,O
중,O
하나,O
가,O
간절곶,B_TOR
이죠,O
ㅡㅡㅡ,ㅡㅡㅡ
간절곶,B_TOR
하면,O
일출명소로,O
잘,O
알려져있지만,O
ㅡㅡㅡ,ㅡㅡㅡ
일찍,O
일어나지,O
못한,O
관계로,O
일출은,O
과감하게,O
패스합니다,O
ㅡㅡㅡ,ㅡㅡㅡ
간절곶,B_TOR
에는,O
사진,O
찍기,O
좋은,O
곳이,O
있어요,O
ㅡㅡㅡ,ㅡㅡㅡ
바로,O
드라마하우스,O
입니다,O
ㅡㅡㅡ,ㅡㅡㅡ
이곳은,O
드라마,O
촬영지로,O
잘,O
알려진,O
곳인데요,O
ㅡㅡㅡ,ㅡㅡㅡ
지금은,O
카페,O
소풍으로,O
운영되고,O
있어요,O
ㅡㅡㅡ,ㅡㅡㅡ
카페에서,O
음료,O
한잔,O
주문해서,O
마시면서,O
ㅡㅡㅡ,ㅡㅡㅡ
실내외,O
구경하면서,O
예쁜,O
컨셉사진에,O
도전해보세요,O
ㅡㅡㅡ,ㅡㅡㅡ
인스타,O
에,O
올릴만한,O
사진,O
꽤,O
많이,O
건질,O
수,O
있을,O
거에요,O
ㅡㅡㅡ,ㅡㅡㅡ
드라마하우스만,O
구경하고,O
돌아오면,O
ㅡㅡㅡ,ㅡㅡㅡ
너무,O
아까운,O
간절곶,B_TOR
입니다,O
ㅡㅡㅡ,ㅡㅡㅡ
날씨가,O
좋다면,O
바닷바람,O
쐬면서,O
산책해보세요,O
ㅡㅡㅡ,ㅡㅡㅡ
은근,O
바다,O
햇살이,O
강하니,O
ㅡㅡㅡ,ㅡㅡㅡ
선크림,O
듬뿍,O
바르고,O
즐기길,O
추천합니다,O
ㅡㅡㅡ,ㅡㅡㅡ
이왕이면,O
간절곶등대,B_TOR
도,O
찾아보세요,O
ㅡㅡㅡ,ㅡㅡㅡ
등대에서,O
바라본,O
바다풍경도,O
일품입니다,O
ㅡㅡㅡ,ㅡㅡㅡ
매번,O
간절곶,B_TOR
은,O
일출보러,O
오거나,O
ㅡㅡㅡ,ㅡㅡㅡ
드라이브로,O
찾았던,O
곳이었기,O
때문에,O
ㅡㅡㅡ,ㅡㅡㅡ
늘,O
등대는,O
그냥,O
지나쳤었는데요,O
ㅡㅡㅡ,ㅡㅡㅡ
이번에,O
등대에,O
올라와보니,O
그동안,O
지나쳤던게,O
ㅡㅡㅡ,ㅡㅡㅡ
너무너무,O
아쉽게,O
느껴지더라고요,O
ㅡㅡㅡ,ㅡㅡㅡ
간절곶,B_TOR
찾으시는,O
분들,O
등대,O
잊지말고,O
찾아보세요,O
ㅡㅡㅡ,ㅡㅡㅡ
간절곶,B_TOR
만큼이나,O
유명한,O
ㅡㅡㅡ,ㅡㅡㅡ
울산,B_LOC
바다여행,O
명소,O
중,O
하나,O
가,O
바로,O
대왕암,B_TOR
인데요,O
ㅡㅡㅡ,ㅡㅡㅡ
이곳은,O
경주,B_LOC
대왕암,B_TOR
과,O
헤깔리는,O
곳이에요,O
ㅡㅡㅡ,ㅡㅡㅡ
울산,B_LOC
대왕암,B_TOR
은,O
문무대왕비,O
수중릉이고,O
ㅡㅡㅡ,ㅡㅡㅡ
경주,B_LOC
대왕암,B_TOR
은,O
문무,O
대왕,O
수중릉입니다,O
ㅡㅡㅡ,ㅡㅡㅡ
대왕암,B_TOR
에서,O
보는,O
울산,B_LOC
앞바다,O
풍경도,O
멋있지만,O
ㅡㅡㅡ,ㅡㅡㅡ
트레킹코스,O
걸어보길,O
추천드려요,O
ㅡㅡㅡ,ㅡㅡㅡ
조금,O
부지런한,O
사람이라면,O
ㅡㅡㅡ,ㅡㅡㅡ
아침,O
일찍,O
대왕암,B_TOR
을,O
찾아보세요,O
ㅡㅡㅡ,ㅡㅡㅡ
대왕암,B_TOR
까지,O
가는,O
길에,O
보이는,O
ㅡㅡㅡ,ㅡㅡㅡ
해송,O
들,O
사이로,O
해무가,O
일품입니다,O
ㅡㅡㅡ,ㅡㅡㅡ
울산,B_LOC
하면,O
고래,O
연상하시는,O
분들,O
많으시죠,O
ㅡㅡㅡ,ㅡㅡㅡ
장생포,O
에,O
가면,O
고래마을,B_TOR
이라는,O
테마파크가,O
있습니다,O
ㅡㅡㅡ,ㅡㅡㅡ
이곳은,O
670년대,O
장생포,O
옛,O
마을모습을,O
ㅡㅡㅡ,ㅡㅡㅡ
재현해,O
놓은,O
곳이에요,O
ㅡㅡㅡ,ㅡㅡㅡ
여행지에서,O
컨셉,O
사진,O
찍는,O
것,O
좋아하시는,O
분이라면,O
ㅡㅡㅡ,ㅡㅡㅡ
만족할만한,O
여행지인것,O
같아요,O
ㅡㅡㅡ,ㅡㅡㅡ
울산,B_LOC
먹거리,O
중,O
고래고기,O
도,O
유명하지만,O
ㅡㅡㅡ,ㅡㅡㅡ
언양불고기,O
도,O
유명하죠,O
ㅡㅡㅡ,ㅡㅡㅡ
석쇠에,O
구워져,O
나오는,O
언양불고기,O
는,O
밥도둑,O
입니다,O
ㅡㅡㅡ,ㅡㅡㅡ
언양불고기,O
하면,O
유명한,O
곳이,O
몇,O
있는데요,O
ㅡㅡㅡ,ㅡㅡㅡ
부지런히,O
돌아다녀,O
고파진,O
배,O
라면,O
ㅡㅡㅡ,ㅡㅡㅡ
어느집,O
언양불고기,O
든,O
맛있는,O
것,O
같습니다,O
ㅡㅡㅡ,ㅡㅡㅡ
든든하게,O
배,O
를,O
채운,O
후,O
오후,O
에는,O
ㅡㅡㅡ,ㅡㅡㅡ
학성공원,B_TOR
을,O
찾아갑니다,O
ㅡㅡㅡ,ㅡㅡㅡ
학성공원,B_TOR
은,O
정유재란때,O
급,O
조성된,O
ㅡㅡㅡ,ㅡㅡㅡ
울산왜성,B_TOR
이,O
있던,O
곳이에요,O
ㅡㅡㅡ,ㅡㅡㅡ
예전에는,O
이곳까지,O
바닷물이,O
들어왔다고,O
해요,O
ㅡㅡㅡ,ㅡㅡㅡ
그래서,O
섬과,O
같다,O
해서,O
도산,O
이고,O
불렸다고,O
합니다,O
ㅡㅡㅡ,ㅡㅡㅡ
그,O
외에도,O
산세가,O
뾰족한,O
붓모양,O
을,O
닮았다,O
해서,O
필봉,O
ㅡㅡㅡ,ㅡㅡㅡ
왜성이,O
들어섰을,O
땐,O
떡시루,O
엎어놓은,O
것,O
같다,O
해서,O
ㅡㅡㅡ,ㅡㅡㅡ
시루성이라,O
불리기도,O
했어요,O
ㅡㅡㅡ,ㅡㅡㅡ
동백꽃,O
군락지이기도,O
해서,O
34월,O
에,O
ㅡㅡㅡ,ㅡㅡㅡ
울산,B_LOC
여행을,O
계획하는,O
분들은,O
울산동백,O
여행해보세요,O
ㅡㅡㅡ,ㅡㅡㅡ
34월,O
이,O
아니더라도,O
학성공원,B_TOR
은,O
찾아볼만합니다,O
ㅡㅡㅡ,ㅡㅡㅡ
산책길을,O
따라,O
걸으면,O
조망터를,O
만나게,O
되는데,O
ㅡㅡㅡ,ㅡㅡㅡ
이곳에서,O
태화강,B_TOR
풍경을,O
감상할,O
수,O
있어요,O
ㅡㅡㅡ,ㅡㅡㅡ
정가운데,O
서,O
있는,O
왕따나무,O
가,O
인상적인,O
곳입니다,O
ㅡㅡㅡ,ㅡㅡㅡ
학성공원,B_TOR
가까운,O
곳에,O
충의사,B_TOR
가,O
있어요,O
ㅡㅡㅡ,ㅡㅡㅡ
충의사,B_TOR
는,O
90년대,O
에,O
지어졌는데요,O
ㅡㅡㅡ,ㅡㅡㅡ
임진왜란,O
과,O
정유왜란,O
당시,O
ㅡㅡㅡ,ㅡㅡㅡ
왜군,O
을,O
격파한,O
울산,B_LOC
의사,O
들을,O
기리는,O
곳이에요,O
ㅡㅡㅡ,ㅡㅡㅡ
학성공원,B_TOR
만큼은,O
아니지만,O
ㅡㅡㅡ,ㅡㅡㅡ
이곳에서도,O
멋진,O
울산,B_LOC
풍경을,O
만나,O
볼,O
수,O
있습니다,O
ㅡㅡㅡ,ㅡㅡㅡ
충의사,B_TOR
에서,O
얼마,O
멀지,O
않은,O
곳에,O
ㅡㅡㅡ,ㅡㅡㅡ
구강서,B_TOR
원,I_TOR
서원이,O
있습니다,O
ㅡㅡㅡ,ㅡㅡㅡ
이곳은,O
울산,B_LOC
에,O
유일하게,O
있는,O
사액서원이에요,O
ㅡㅡㅡ,ㅡㅡㅡ
한마디로,O
옛날,O
사설학원이라고,O
생각하시면,O
됩니다,O
ㅡㅡㅡ,ㅡㅡㅡ
입구에서,O
보이는,O
선화루,B_TOR
에,O
올라가면,O
ㅡㅡㅡ,ㅡㅡㅡ
시원한,O
바람,O
맞으며,O
전망을,O
즐길,O
수,O
있어요,O
ㅡㅡㅡ,ㅡㅡㅡ
솔솔,O
부는,O
바람에,O
낮잠,O
자고,O
싶어지는,O
곳입니다,O
ㅡㅡㅡ,ㅡㅡㅡ
고기,O
애자,O
에게,O
고기,O
는,O
사랑입니다,O
ㅡㅡㅡ,ㅡㅡㅡ
하지만,O
더운,O
계절엔,O
불판,O
앞,O
에,O
있는,O
게,O
고민되죠,O
ㅡㅡㅡ,ㅡㅡㅡ
이럴땐,O
시원한,O
육회물회,O
가,O
당깁니다,O
ㅡㅡㅡ,ㅡㅡㅡ
더위로,O
입맛,O
없을,O
땐,O
이만한,O
먹거리가,O
없죠,O
ㅡㅡㅡ,ㅡㅡㅡ
물회,O
에,O
밥,O
이나,O
국수,O
를,O
넣어,O
곡기를,O
해결하는데요,O
ㅡㅡㅡ,ㅡㅡㅡ
저는,O
밥,O
보다,O
국수,O
를,O
더,O
선호하는,O
편입니다,O
ㅡㅡㅡ,ㅡㅡㅡ
국수,O
까지,O
시원하게,O
호로록,O
챙겨,O
먹으니,O
ㅡㅡㅡ,ㅡㅡㅡ
든든하게,O
여행을,O
다시,O
이어갈,O
수,O
있었어요,O
ㅡㅡㅡ,ㅡㅡㅡ
56월,O
은,O
장미,O
의,O
계절이죠,O
ㅡㅡㅡ,ㅡㅡㅡ
울산,B_LOC
여행에서,O
장미,O
를,O
만나고,O
싶다면,O
ㅡㅡㅡ,ㅡㅡㅡ
장미공원,O
찾아보세요,O
ㅡㅡㅡ,ㅡㅡㅡ
장미공원,O
은,O
울산대공원,B_TOR
장미원을,O
말합니다,O
ㅡㅡㅡ,ㅡㅡㅡ
장미시즌,O
엔,O
장미원,O
에,O
포커스가,O
맞춰져,O
있지만,O
ㅡㅡㅡ,ㅡㅡㅡ
트레킹,O
좋아하시는,O
분이라면,O
ㅡㅡㅡ,ㅡㅡㅡ
울산대공원,B_TOR
산책해보는,O
것도,O
좋습니다,O
ㅡㅡㅡ,ㅡㅡㅡ
울산,B_LOC
2박3일,O
여행코스로,O
이야기를,O
꾸려봤습니다,O
ㅡㅡㅡ,ㅡㅡㅡ
일정,O
여유가,O
있다면,O
옹기마을,B_TOR
추가해,O
ㅡㅡㅡ,ㅡㅡㅡ
3박4일,O
일정으로,O
울산,B_LOC
여행,O
ㅡㅡㅡ,ㅡㅡㅡ
계획해,O
보는,O
것도,O
좋을,O
것,O
같아요,O
ㅡㅡㅡ,ㅡㅡㅡ
오늘,O
여행이야기는,O
여기까지고요,O
ㅡㅡㅡ,ㅡㅡㅡ
다음,O
여행이야기로,O
또,O
만나요,O
ㅡㅡㅡ,ㅡㅡㅡ
