﻿word,ner
울산,B_LOC
여행,O
브이로그,O
해외,O
휴양지,O
여행코스,O
추천,O
울산,B_LOC
뷰맛집,O
핫플,O
뿌시기,O
성공,O
꼭,O
가봐야할,O
국내여행지추천,O
ㅡㅡㅡ,ㅡㅡㅡ
누가,O
울산,B_LOC
을,O
노잼시티라고,O
했던가,O
하게,O
울산,B_LOC
여행,O
일산지,B_TOR
대왕암공원,B_TOR
카페보름,B_CAF
부산,O
혜성막창,O
ㅡㅡㅡ,ㅡㅡㅡ
여행브이로그무계획이,O
계획이였던,O
울산,B_LOC
여행,O
대왕암공원,B_TOR
태화강은하수길,B_TOR
호구의연애촬영지,O
일상모음집,O
연남동,O
술집연술집,O
ㅡㅡㅡ,ㅡㅡㅡ
바다맛집,O
울산,B_LOC
여행,O
브이로그,O
ㅡㅡㅡ,ㅡㅡㅡ
울산,B_LOC
여행,O
24살,O
발랄,O
여대생,O
들의,O
울산,B_LOC
핫플,O
뿌시기,O
대작전1,O
ㅡㅡㅡ,ㅡㅡㅡ
2박3일,O
가족,O
들이랑,O
울산,B_LOC
여행,O
브이로그,O
1,O
스타즈호텔,O
대왕암공원,B_TOR
몽돌해수욕장,B_TOR
해마지,B_RES
카몬시,B_CAF
카페,I_CAF
전복,O
맛집,O
울산,B_LOC
맛집,O
울산,B_LOC
카페,O
울산,B_LOC
여행,O
가족,O
여행,O
울산,B_LOC
여행코스,O
ㅡㅡㅡ,ㅡㅡㅡ
여행브이로그,O
혼자,O
떠난,O
울산,B_LOC
먹방여행,O
근데,O
이제,O
혼술,O
을,O
곁들인,O
역시나,O
뚜벅이,O
그리고,O
갬성,O
한스푼,O
ㅡㅡㅡ,ㅡㅡㅡ
국내여행,O
브이로그국내여행지,O
추천,O
울산,B_LOC
시민,O
이,O
추천하는,O
울산,B_LOC
가볼만한곳,O
울산,B_LOC
여행,O
울산,B_LOC
브이로그,O
울산대교,B_TOR
전망대,O
태화강국가정원,B_TOR
십리대밭,B_TOR
주전몽돌해변,B_TOR
간절곶,B_TOR
ㅡㅡㅡ,ㅡㅡㅡ
장마속,O
나홀로,O
2박3일,O
울산,B_LOC
여행,O
브이로그,O
갤럭시북프로360,O
리뷰,O
ㅡㅡㅡ,ㅡㅡㅡ
여행,O
울산,B_LOC
여행,O
브이로그,O
1박2일,O
울산,B_LOC
여행,O
울산,B_LOC
울산,B_LOC
맛집,O
감성,O
카페,O
자연,O
십리대숲,B_TOR
맨날국수,B_RES
라메르판지,B_CAF
제이드,O
ㅡㅡㅡ,ㅡㅡㅡ
울산,B_LOC
여행,O
24살,O
발랄,O
여대생,O
들의,O
울산,B_LOC
핫플,O
뿌시기,O
대작전,O
2,O
ㅡㅡㅡ,ㅡㅡㅡ
일상브이로그,O
먹방브이로그,O
울산,B_LOC
여행에서,O
하루종일,O
먹기,O
본격,O
울산,B_LOC
맛집카페,O
투어,O
ㅡㅡㅡ,ㅡㅡㅡ
비행기,O
타고,O
떠나는,O
울산,B_LOC
여행,O
먹방여행,O
일상,O
탈출,O
비와서,O
먹기만,O
하는,O
여행,O
브이로그,O
느린일기장,O
ㅡㅡㅡ,ㅡㅡㅡ
브이로그,O
드디어,O
올리는,O
두번째,O
울산,B_LOC
여행,O
ㅡㅡㅡ,ㅡㅡㅡ
울산,B_LOC
여행,O
브이로그,O
해외,O
휴양지,O
아니고,O
뷰맛집,O
울산,B_LOC
울산,B_LOC
감성숙소,O
헤이메르펜션,O
꼭,O
가봐야할,O
해외,O
휴양지,O
카페,O
추천,O
ㅡㅡㅡ,ㅡㅡㅡ
울산,B_LOC
뷰맛집,O
핫플,O
추천,O
울산,B_LOC
여행,O
브이로그,O
1편,O
꼭,O
가봐야할,O
국내여행지,O
추천,O
대왕암공원,B_TOR
출렁다리,I_TOR
태화강국가정원,B_TOR
십리대밭은하수길,B_TOR
카몬시,B_CAF
ㅡㅡㅡ,ㅡㅡㅡ
2박3일,O
울산,B_LOC
여행,O
브이로그,O
여행브이로그,O
백수기록,O
태화강국가정원,B_TOR
십리대숲,B_TOR
카페코이,B_RES
간절곶,B_TOR
일산해수욕장,B_TOR
ㅡㅡㅡ,ㅡㅡㅡ
당일치기,O
경주,O
울산,B_LOC
여행,O
브이로그,O
황리단길,O
핫플레이스,O
피자옥,O
카페,O
올리브,O
대왕암공원출렁다리,B_TOR
ㅡㅡㅡ,ㅡㅡㅡ
울산,B_LOC
여행,O
브이로그,O
뚜벅이,O
당일치기,O
대왕암공원,B_TOR
오션뷰,O
카페,O
달동,O
맛집,O
옵스,O
빵,O
먹방,O
ㅡㅡㅡ,ㅡㅡㅡ
울산,B_LOC
여행,O
떠나요,O
브이로그,O
여름,O
휴가,O
울산,B_LOC
여행,O
울산,B_LOC
가족,O
여행,O
예디로그,O
일상,O
일기,O
간절곶,B_TOR
헤이메르,B_CAF
칼국수,O
울산,B_LOC
데이트,O
ㅡㅡㅡ,ㅡㅡㅡ
울산,B_LOC
여행,O
부산,O
여행,O
브이로그,O
휴가,O
울산,B_LOC
맛집,O
추천,O
울산,B_LOC
카페,O
추천,O
부산,O
맛집,O
추천,O
부산,O
카페,O
추천,O
울산,B_LOC
병영,B_RES
막창,I_RES
추천,O
직장인,O
브이로그,O
대학원생,O
브이로그,O
ㅡㅡㅡ,ㅡㅡㅡ
울산,B_LOC
여행,O
브이로그,O
자연을,O
만끽할,O
수,O
있는,O
울산,B_LOC
여행,O
영남알프스,O
취서산장,O
찐후기,O
파래소폭포,B_TOR
국내여행지,O
추천,O
ㅡㅡㅡ,ㅡㅡㅡ
백수의,O
1박2일,O
울산,B_LOC
여행,O
브이로그휴게소,O
울산,B_LOC
맛집,O
울산,B_LOC
카페,O
간절곶,B_TOR
야시장,O
대왕암공원,B_TOR
다,O
뿌시기,O
ㅡㅡㅡ,ㅡㅡㅡ
국내여행,O
브이로그,O
울산,B_LOC
여행여행브이로그,O
울산,B_LOC
자,O
매여행,O
가족,O
여행,O
ㅡㅡㅡ,ㅡㅡㅡ
울산,B_LOC
여행,O
브이로그,O
풀빌라,O
100만원,O
탕진,O
언양불고기,O
울주,O
곰신,O
ㅡㅡㅡ,ㅡㅡㅡ
울산,B_LOC
대왕암,B_TOR
에,O
출렁다리가,O
울산,B_LOC
사람의,O
울산,B_LOC
여행,O
전국최장,O
일산해수욕장,B_TOR
출렁다리,O
활어,O
직판장에서,O
회,O
사기,O
가족,O
여행,O
브이로그,O
ㅡㅡㅡ,ㅡㅡㅡ
여행,O
4월주말,O
에,O
다녀온,O
울산,B_LOC
여행,O
ㅡㅡㅡ,ㅡㅡㅡ
산초가루,O
편,O
이동만,O
1000,O
울산,B_LOC
먹방브이로그,O
김치찌개,O
간장육회,O
짬뽕,O
매운수제비,O
꼬순떡,O
소곱창,O
우동,O
떡볶이,O
통닭,O
ㅡㅡㅡ,ㅡㅡㅡ
나홀로,O
울산,B_LOC
여행,O
브이로그,O
ㅡㅡㅡ,ㅡㅡㅡ
국내여행,O
울산,B_LOC
여행,O
당일치기,O
브이로그,O
여행,O
ㅡㅡㅡ,ㅡㅡㅡ
울산,B_LOC
여행,O
ㅣ천방지축,O
최수저와,O
함께ㅣ,O
나사리식당,B_RES
신라스테이,O
울산,B_LOC
장생포,B_TOR
고래마을,I_TOR
스테이크파스타,O
연어덮밥,O
베스킨라빈스,O
31,O
ㅡㅡㅡ,ㅡㅡㅡ
울산,B_LOC
여행,O
1박2일,O
울산,B_LOC
여행,O
브이로그,O
1편,O
역대급,O
꿀잼,O
장생포고래문화마을,B_TOR
울산대교대왕암,B_TOR
출렁다리,O
슬도일산해수욕장,B_TOR
울산밀면,O
울산,B_LOC
맛집추천,O
코스,O
추천,O
ㅡㅡㅡ,ㅡㅡㅡ
일상여행,O
브이로그,O
울산,B_LOC
맛집,O
울산,B_LOC
여행,O
태화강국가정원,B_TOR
꿔바로우,O
울산,B_LOC
카페,O
ㅡㅡㅡ,ㅡㅡㅡ
유잼시티,O
울산,B_LOC
여행기록,O
1박2일,O
울산,B_LOC
브이로그,O
울산,B_LOC
에그스테이,O
울산,B_LOC
카페,O
주전,O
몽돌해변,B_TOR
ㅡㅡㅡ,ㅡㅡㅡ
울산,B_LOC
여행,O
브이로그,O
4박5일,O
여행,O
ㅡㅡㅡ,ㅡㅡㅡ
2박3일,O
울산,B_LOC
여행,O
브이로그,O
색감,O
맛집,O
울산,B_LOC
여름,O
여행지,O
추천,O
울산대공원,B_TOR
간절곶,B_TOR
솔개해수욕장,B_TOR
선암호수공원,B_TOR
리버사이드호텔,O
ㅡㅡㅡ,ㅡㅡㅡ
여행,O
울산,B_LOC
여행브이로그1,O
코모레비,O
대왕암출렁다리,B_TOR
슬도,B_TOR
인얼스카페,B_CAF
알라,O
의,O
첫번째,O
브이로그,O
라이노랑,O
ㅡㅡㅡ,ㅡㅡㅡ
울산,B_LOC
여행,O
브이로그,O
농도,B_CAF
이케아동부산점,O
신라스테이,O
ㅡㅡㅡ,ㅡㅡㅡ
고향,O
친구,O
들,O
보러,O
2박3일,O
울산,B_LOC
여행,O
브이로그,O
울산,B_LOC
쫀드,O
기,O
생일파티,O
마라탕,O
장생포고래박물관,B_TOR
텔레스트레이션,O
스테이크,O
생일,O
먹방,O
케어베,O
어,O
ㅡㅡㅡ,ㅡㅡㅡ
울산,B_LOC
여행,O
브이로그,O
일산해수욕장,B_TOR
ㅡㅡㅡ,ㅡㅡㅡ
형통하고,O
편안한,O
여행,O
브이로그,O
2,O
부산,O
울산,B_LOC
여행,O
ㅡㅡㅡ,ㅡㅡㅡ
커플,O
별똥별,O
커플,O
부산,O
근교,O
울산,B_LOC
여행,O
태화강십리대숲,B_TOR
은하수다리,O
이예대교,B_TOR
베테랑바베큐,B_RES
울산,B_LOC
맛집,O
라메르판지,B_CAF
울산,B_LOC
대형카페,O
울산,B_LOC
데이트,O
부산,O
근교여행,O
ㅡㅡㅡ,ㅡㅡㅡ
200202,O
울산,B_LOC
여행,O
브이로그,O
2,O
대왕암,B_TOR
성남동,B_TOR
젊음의거리,I_TOR
ㅡㅡㅡ,ㅡㅡㅡ
신혼부부,O
간절곶,B_TOR
데이트,O
울산,B_LOC
여행,O
총각네초밥,B_RES
브이로그,O
ㅡㅡㅡ,ㅡㅡㅡ
1박2일,O
고성,O
여행,O
브이로그,O
고성,O
맛집,O
탐방기,O
소노캄델피노,O
울산바위뷰,O
ㅡㅡㅡ,ㅡㅡㅡ
울산,B_LOC
브이로그,O
간절곶,B_TOR
울산,B_LOC
여행,O
울산,B_LOC
맛집,O
ㅡㅡㅡ,ㅡㅡㅡ
울산,B_LOC
여행,O
브이로그,O
ㅡㅡㅡ,ㅡㅡㅡ
국내,O
여행,O
브이로그,O
결혼식,O
축가,O
1박2일,O
호캉스,O
바다구경,O
울산,B_LOC
물회,O
브런치,O
울산,B_LOC
드라이브,O
머큐어앰버서더호텔,O
20년,O
지기와,O
울산,B_LOC
우정,O
여행,O
ㅡㅡㅡ,ㅡㅡㅡ
크앤호,O
추석,O
1박2일,O
울산,B_LOC
여행,O
브이로그,O
여행인가,O
호캉스인가커플브이로그,O
ㅡㅡㅡ,ㅡㅡㅡ
여행,O
브이로그,O
울산,B_LOC
간절곶,B_TOR
바다드라이브,O
ㅡㅡㅡ,ㅡㅡㅡ
여자친구,O
랑,O
떠나는,O
울산,B_LOC
여행,O
브이로그,O
ㅡㅡㅡ,ㅡㅡㅡ
울산,B_LOC
여행,O
브이로그,O
게스트,O
로,O
선암호수공원,B_TOR
카페파이니,B_CAF
해동중화요리,B_RES
고고당티하우스,B_CAF
이베리코리조또,O
마르게리타,O
닭발,O
김치우동,O
과일모찌,O
짬뽕,O
탕수육,O
ㅡㅡㅡ,ㅡㅡㅡ
울산,B_LOC
여행,O
편백산림욕장,B_TOR
울산,B_LOC
여행,O
울뿌리,O
여행브이로그,O
힐링,O
ㅡㅡㅡ,ㅡㅡㅡ
2박3일,O
울산,B_LOC
경주,O
국내여행,O
브이로그,O
경주,O
로,O
떠난,O
간장,O
ㅡㅡㅡ,ㅡㅡㅡ
여행,O
브이로그,O
홍여사,O
와,O
함께하는,O
울산,B_LOC
ㅡㅡㅡ,ㅡㅡㅡ
울산,B_LOC
여행,O
브이로그,O
헤이메르카페,B_CAF
간절곶해안,B_TOR
뷰가,O
끝내줍니다,O
진짜,O
강추,O
ㅎㅎ,O
ㅡㅡㅡ,ㅡㅡㅡ
당일치기,O
울산,B_LOC
여행,O
브이로그,O
태화강,B_TOR
피크닉,O
일상,O
속,O
여유로움,O
되찾기,O
카페,O
맛집,O
ㅡㅡㅡ,ㅡㅡㅡ
깝찌니,O
첫등산,O
이야기,O
등산,O
등산,O
브이로그,O
울산,B_LOC
천마산,B_TOR
울산,B_LOC
여행,O
육아,O
브이로그,O
5살,O
아이,O
놀이,O
키즈유튜버,O
ㅡㅡㅡ,ㅡㅡㅡ
울산,B_LOC
여행,O
브이로그,O
간절곶,B_TOR
레츠고,O
파도,O
ㅡㅡㅡ,ㅡㅡㅡ
국내여행,O
브이로그,O
울산,B_LOC
여행,O
뚜벅이,O
나홀로,O
당일여행,O
ㅡㅡㅡ,ㅡㅡㅡ
여행,O
브이로그,O
2019,O
해돋이,O
울산,B_LOC
여행,O
무박여행,O
울산,B_LOC
간절곶,B_TOR
ㅡㅡㅡ,ㅡㅡㅡ
울산,B_LOC
여행,O
치산서원,O
여행브이로그,O
국내여행,O
울뿌리,O
실타래치유힐링,O
ㅡㅡㅡ,ㅡㅡㅡ
빙파,O
울산,B_LOC
여행,O
210812,O
ㅡㅡㅡ,ㅡㅡㅡ
울산,B_LOC
당일치기,O
여행코스,O
국내여행,O
여행지,O
추천,O
울산,B_LOC
여행,O
브이로그,O
울산대공원,B_TOR
울산,B_LOC
브이로그,O
ㅡㅡㅡ,ㅡㅡㅡ
여행,O
브이로그,O
경주,O
울산,B_LOC
여행,O
ㅡㅡㅡ,ㅡㅡㅡ
울산,B_LOC
여행,O
코로나,O
가,O
끝나,O
면이런,O
여행,O
어때요,O
울산,B_LOC
관광,O
홍보,O
영상,O
공모전,O
우수상,O
지주경,O
ㅡㅡㅡ,ㅡㅡㅡ
1박2일,O
울산,B_LOC
여행,O
브이로그,O
대학동기,O
들국내여행순행,O
ㅡㅡㅡ,ㅡㅡㅡ
2019,O
조용한,O
울산,B_LOC
여행,O
브이로그,O
ㅡㅡㅡ,ㅡㅡㅡ
울산,B_LOC
여행,O
브이로그,O
청년울산대장정,O
유로드,O
1주년,O
기념,O
슬도,B_TOR
일산해수욕장,B_TOR
대왕암공원,B_TOR
십리대숲은하수길,B_TOR
간월재,B_TOR
울산,B_LOC
브이로그,O
ㅡㅡㅡ,ㅡㅡㅡ
친구,O
의,O
고향,O
2박3일,O
한국,O
울산,B_LOC
여행,O
브이로그,O
2,O
3,O
ㅡㅡㅡ,ㅡㅡㅡ
울산,B_LOC
여행,O
브이로그,O
2박2일,O
뚜벅이,O
여행,O
일산해수욕장,B_TOR
대왕암,B_TOR
출렁다리,B_TOR
슬도,B_TOR
태화강,B_TOR
ㅡㅡㅡ,ㅡㅡㅡ
울산,B_LOC
여행,O
고래,O
의,O
도시,O
울산,B_LOC
남구,O
에서,O
맛있게,O
여행하는법,O
먹방,O
브이로그,O
갈매기살,O
고래문화마을,B_TOR
동굴피아,B_TOR
밀면,O
막창,O
칼국수,O
우니의끼니,O
ㅡㅡㅡ,ㅡㅡㅡ
울산,B_LOC
여행,O
철새홍보관,O
울산,B_LOC
가볼만한곳,O
울산,B_LOC
브이,O
로그,O
철새,O
ㅡㅡㅡ,ㅡㅡㅡ
아리송브이로그,O
가을야유회,O
울산,B_LOC
여행,O
인싸들의,O
모임,O
ㅡㅡㅡ,ㅡㅡㅡ
강아지,O
와,O
함께,O
한,O
1박2일,O
울산,B_LOC
여행브이로그,O
강아지,O
첫,O
수영,O
국내애견동반계곡,O
애견펜션,O
애견동반카페,O
ㅡㅡㅡ,ㅡㅡㅡ
울산,B_LOC
여행,O
브이로그,O
두번째,O
2,O
ㅡㅡㅡ,ㅡㅡㅡ
엄마,O
와,O
경주,O
찍고,O
울산,B_LOC
여행,O
편,O
월정교,O
낮과밤,O
교촌마을,O
울산대왕암공원,B_TOR
여행브이로그,O
ㅡㅡㅡ,ㅡㅡㅡ
울산,B_LOC
으로,O
여름,O
휴가,O
가서,O
놀고,O
먹고,O
자기,O
친구,O
브이로그,O
손민수,O
하기,O
바다,O
보러가기,O
소중한,O
사람들,O
만나기,O
문구,O
포장하기,O
ㅡㅡㅡ,ㅡㅡㅡ
여행,O
브이로그,O
울산,B_LOC
여행,O
당일치기로,O
힐링하기,O
달라,O
ㅡㅡㅡ,ㅡㅡㅡ
ㅣ,O
커플,O
브이로그일상,O
울산,B_LOC
여행,O
울산,B_LOC
맛집섬섬옥수,O
일산해수욕장,B_TOR
대왕암공원,B_TOR
카페,O
싱물,O
원,O
커플,O
브이로그,O
ㅡㅡㅡ,ㅡㅡㅡ
여행브이로그,O
울산,B_LOC
울산,B_LOC
여행,O
대왕암공원,B_TOR
방어진항,B_TOR
대구,O
생맥주,O
ㅡㅡㅡ,ㅡㅡㅡ
울산,B_LOC
맛집,O
울산,B_LOC
여행,O
에스프레소라운지,O
입암손두부집,B_RES
ㅡㅡㅡ,ㅡㅡㅡ
당일치기,O
울산,B_LOC
여행,O
브이로그,O
ㅡㅡㅡ,ㅡㅡㅡ
찐내투어,O
양산,O
울산,B_LOC
여행,O
브이로그,O
부산,O
근교,O
가볼만,O
한,O
곳,O
울산대공원,B_TOR
십리대숲은하수길,B_TOR
간절곶,B_TOR
법기수원지,O
임경대,O
용화사,O
수구레국밥,O
복국,O
ㅡㅡㅡ,ㅡㅡㅡ
퇴사,O
후,O
6박7일,O
울산,B_LOC
뚜벅이,O
국내여행,O
브이로그,O
해운대모래축제,O
ㅡㅡㅡ,ㅡㅡㅡ
직장인,O
브이로그,O
일상,O
럭키맨션,O
수플레,O
팬케이크,O
울산,B_LOC
여행,O
피키차일드다이닝,O
태화강,B_TOR
로즈마리,O
키우기,O
닥터앤틸즈,O
입욕제,O
삼첩분식,O
입생로랑,O
엉크르드뽀,O
쿠션,O
ㅡㅡㅡ,ㅡㅡㅡ
울산,B_LOC
여행,O
01,O
신라스테이,O
숙박,O
리얼,O
후기,O
울산,B_LOC
맛집,O
버거킹,O
친구,O
결혼식,O
전날,O
브이로그,O
ㅡㅡㅡ,ㅡㅡㅡ
울산,B_LOC
여행,O
브이로그,O
ㅡㅡㅡ,ㅡㅡㅡ
내가,O
혼자,O
여행을,O
떠나는,O
이유,O
울산,B_LOC
여행영상,O
ㅡㅡㅡ,ㅡㅡㅡ
추의,O
브이로그,O
06,O
경주,O
울산,B_LOC
여행,O
가족,O
여행,O
경주,O
마우나오션리조트,O
황리단길,O
ㅡㅡㅡ,ㅡㅡㅡ
27,O
울산,B_LOC
여행추천,O
자수정동굴,B_TOR
신화마을,B_TOR
십리대숲,B_TOR
은하수길,B_TOR
슬도등대,B_TOR
대왕암공원,B_TOR
바다,O
울산,B_LOC
여행브이로그,O
월남쌈,O
울산,B_LOC
갈곳추천,O
울산,B_LOC
갈곳,O
울산,B_LOC
가볼만한곳,O
ㅡㅡㅡ,ㅡㅡㅡ
꽃날,O
경상도,O
여행,O
브이로그,O
경주,O
여행,O
울산,B_LOC
여행,O
데이트,O
브이로그,O
바다,O
울산,B_LOC
카페,O
경주,O
서점,O
ㅡㅡㅡ,ㅡㅡㅡ
여행,O
브이로그,O
울산,B_LOC
둘쨋날,O
목장,O
바다,O
친구,O
랑,O
여행,O
ㅡㅡㅡ,ㅡㅡㅡ
8살,O
초딩,O
울산,B_LOC
가족,O
여행,O
브이로그,O
울산대공원,B_TOR
동해바다,O
ㅡㅡㅡ,ㅡㅡㅡ
여행브이로그,O
경주,O
울산,B_LOC
여행,O
함양집,O
한우물회,O
언양불고기,O
카페투어,O
ㅡㅡㅡ,ㅡㅡㅡ
울산,B_LOC
브이로그,O
1일,O
2카페,O
는,O
못참지,O
영화관,O
데이트하고,O
마산,O
핫한,O
카페간날,O
울산,B_LOC
카페투어,O
울산,B_LOC
여행,O
울산,B_LOC
데이트,O
울산,B_LOC
일상브이로그,O
울산,B_LOC
핫플,O
ㅡㅡㅡ,ㅡㅡㅡ
울산,B_LOC
여행,O
드라마하우스,O
울주군,O
셋트장,O
여행브이로그,O
울뿌리,O
ㅡㅡㅡ,ㅡㅡㅡ
경주,O
울산,B_LOC
여행,O
브이로그ㅣ,O
경상도,O
최고의,O
일출,O
명소,O
울산,B_LOC
대왕암공원,B_TOR
을,O
소개합니다,O
새해첫날부터,O
찾아온,O
시련은ㅣ,O
놀고보,O
42,O
ㅡㅡㅡ,ㅡㅡㅡ
국내여행,O
브이로그차박지,O
추천,O
울산,B_LOC
의,O
대표적,O
여행지,O
간절곶,B_TOR
태화강국가정원,B_TOR
십리대밭길,B_TOR
과,O
주전몽돌해변,O
차박,O
및,O
오픈워터,O
ㅡㅡㅡ,ㅡㅡㅡ
브이로그,O
친구,O
강아지,O
쫑이랑놀기,O
울산,B_LOC
여행,O
ㅡㅡㅡ,ㅡㅡㅡ
울산,B_LOC
여행,O
브이로그ㅣ,O
태화강국가정원,B_TOR
대왕암,B_TOR
울산대공원,B_TOR
명촌갈대밭,B_TOR
ㅡㅡㅡ,ㅡㅡㅡ
브이로그,O
신혼부부,O
여름,O
휴가,O
울산,B_LOC
여행,O
부산,O
여행,O
오,O
토마리나캠핑장,O
테슬라,O
모델,O
전기차,O
슈퍼차저,O
테슬라차박,O
ㅡㅡㅡ,ㅡㅡㅡ
브이로그,O
1박2일,O
울산여행,O
간월재,B_TOR
함월루,B_TOR
대왕암공원,B_TOR
해동짬뽕,B_RES
태화강국가정원,B_TOR
ㅡㅡㅡ,ㅡㅡㅡ
이,O
또동,O
브이로그,O
울산,B_LOC
여행,O
가족,O
여행,O
울산,B_LOC
대왕암공원,B_TOR
주전몽돌해변,O
ㅡㅡㅡ,ㅡㅡㅡ
여행,O
브이로그,O
울산,B_LOC
에서,O
1박2일,O
5년,O
지기,O
친구,O
들과,O
울산,B_LOC
일산해수욕장,B_TOR
ㅡㅡㅡ,ㅡㅡㅡ
201908,O
6,O
친구,O
들과,O
여름,O
휴가로,O
울산,B_LOC
여행,O
브이로그,O
ㅡㅡㅡ,ㅡㅡㅡ
1,O
울산,B_LOC
맛집,O
울산,B_LOC
여행,O
울산,B_LOC
커플여행,O
데이트,O
브이로그,O
ㅡㅡㅡ,ㅡㅡㅡ
브이로그,O
울산,B_LOC
출렁다리,O
나만,O
못갔지,O
또,O
ㅡㅡㅡ,ㅡㅡㅡ
여행,O
브이로그,O
친구,O
들과,O
울산,B_LOC
여행,O
2박3일,O
우정여행,O
ㅡㅡㅡ,ㅡㅡㅡ
울산,B_LOC
여행,O
울산,B_LOC
대구,O
에서,O
해외여행,O
즐기기,O
베트남,O
제주도,O
한번,O
에,O
여행,O
울산,B_LOC
맛집,O
울산,B_LOC
카페,O
대구,O
카페,O
대구일상브이로그,O
ㅡㅡㅡ,ㅡㅡㅡ
생일,O
브이로그,O
울산,B_LOC
여행,O
울산,B_LOC
카페,O
삼산술집,O
생일파티,O
우정,O
브런치,O
ㅡㅡㅡ,ㅡㅡㅡ
울산,B_LOC
랜선여행,O
울산,B_LOC
가볼만한곳,O
베스트4,O
당일치기,O
국내여행,O
추천,O
울산,B_LOC
브이로그,O
동해안,O
에서,O
맨,O
먼저,O
떠오르는,O
해를,O
볼,O
수,O
있는,O
곳,O
울산,B_LOC
여행,O
울산,B_LOC
여행,O
울산,B_LOC
여행브이로그,O
울산,B_LOC
여행지,O
ㅡㅡㅡ,ㅡㅡㅡ
작트래블,O
울산,B_LOC
여행,O
1,O
엉망진창,O
브이로그,O
우리,O
재밌는거의,O
절반,O
도,O
못담음,O
ㅡㅡㅡ,ㅡㅡㅡ
여행,O
울산,B_LOC
여행,O
연차쓰고,O
떠난,O
여행,O
울산,B_LOC
맛집,O
울산,B_LOC
롯데시티호텔,O
울산,B_LOC
태화강공원,B_TOR
울산,B_LOC
투어,O
곰신곰화,O
데이트,O
ㅡㅡㅡ,ㅡㅡㅡ
울산,B_LOC
여행,O
붓카케우동,O
오션뷰카페,O
울산,B_LOC
카페,O
정입면,B_RES
카페벼리,O
태화강공원,B_TOR
일상브이로그,O
ㅡㅡㅡ,ㅡㅡㅡ
당일치기,O
울산,B_LOC
여행,O
해물칼국수,O
냠냠,O
남창옹기종기시장,B_TOR
간절곶,B_TOR
ㅡㅡㅡ,ㅡㅡㅡ
ㅇㅕㅎㅐㅇ,O
브이로그,O
울산,B_LOC
ㅡㅡㅡ,ㅡㅡㅡ
닥스훈트,O
말랑이,O
의,O
부산,O
울산,B_LOC
여행,O
브이로그,O
1,O
강아지,O
천국,O
디어반,O
반려견과,O
함께하는,O
여행,O
애견동반,O
식당,O
카페,O
ㅡㅡㅡ,ㅡㅡㅡ
효블리,O
일상,O
울산,B_LOC
여행,O
일산해수욕장,B_TOR
탐방기,O
ㅡㅡㅡ,ㅡㅡㅡ
휴학생,O
일상,O
카페,O
알바,O
울산,B_LOC
여행,O
일상,O
브이로그,O
3,O
ㅡㅡㅡ,ㅡㅡㅡ
바람난여자,O
울산,B_LOC
여행,O
가볼만한곳,O
태화강,B_TOR
십리대숲,B_TOR
여행,O
브이로그,O
ㅡㅡㅡ,ㅡㅡㅡ
요를레희희,O
여행,O
브이로그,O
늦은,O
여름,O
휴가,O
울산,B_LOC
여행,O
대왕암공원,B_TOR
일상해수욕장,B_TOR
태화강,B_TOR
은하수길,B_TOR
간절곶,B_TOR
ㅡㅡㅡ,ㅡㅡㅡ
울산,B_LOC
여행,O
이야기,O
카페,O
시즈너리,B_CAF
ㅡㅡㅡ,ㅡㅡㅡ
6月,O
브이로그,O
울산,B_LOC
여행,O
태화강,B_TOR
국가정원,O
간절곶,B_TOR
소소한,O
덕질,O
언박싱,O
ㅡㅡㅡ,ㅡㅡㅡ
일상브이로그,O
울산,B_LOC
여행코스,O
장생포고래마을,B_TOR
생태체험관,O
간절곶,B_TOR
카페,O
경주나정고운모래해변,O
경주,O
맛집,O
먹로그,O
맥도날드,O
집밥일상,O
감자국,O
콩불,O
화분분갈이,O
데일리룩,O
ㅡㅡㅡ,ㅡㅡㅡ
울산,B_LOC
여행,O
ㅡㅡㅡ,ㅡㅡㅡ
설연휴,O
당일치,O
울산,B_LOC
여행,O
ㅡㅡㅡ,ㅡㅡㅡ
울산,B_LOC
은,O
처음이라,O
울산,B_LOC
여행,O
ㅡㅡㅡ,ㅡㅡㅡ
울산,B_LOC
에어비앤비,O
에서,O
먹고,O
자고,O
일하고,O
노는,O
브이로그,O
울산,B_LOC
감성숙소,O
울산,B_LOC
여행,O
울산,B_LOC
카페,O
울산,B_LOC
올리브맨션,B_CAF
ㅡㅡㅡ,ㅡㅡㅡ
여름,O
막바지,O
울산,B_LOC
여행,O
대왕암,B_TOR
동해바다,O
국가정원,O
브이로그,O
ㅡㅡㅡ,ㅡㅡㅡ
울산,B_LOC
여행,O
ㅡㅡㅡ,ㅡㅡㅡ
울산,B_LOC
여행,O
여름,O
휴가,O
브이로그,O
일산해수욕장,B_TOR
ㅡㅡㅡ,ㅡㅡㅡ
대구,O
울산,B_LOC
여행,O
2편,O
친구,O
들과,O
여행,O
대구,O
여행,O
브이로그,O
울산,B_LOC
여행,O
브이로그,O
2,O
ㅡㅡㅡ,ㅡㅡㅡ
울산,B_LOC
여행,O
브이로그,O
울산,B_LOC
에서,O
꼭,O
해봐야하는,O
것,O
투명,O
카약,O
등등,O
ㅡㅡㅡ,ㅡㅡㅡ
대학생,O
울산,B_LOC
여행,O
ㅡㅡㅡ,ㅡㅡㅡ
여행브이로그,O
11,O
울산,B_LOC
을,O
친구,O
들에게,O
소개시켜주며,O
나도,O
힐링,O
ㅡㅡㅡ,ㅡㅡㅡ
울산,B_LOC
여행,O
브이로그,O
대왕암,B_TOR
일산해수욕장,B_TOR
방어진항,B_TOR
다녀왔지롱,O
ㅡㅡㅡ,ㅡㅡㅡ
뇽뇽브이로그,O
울산,B_LOC
언양,O
여행,O
맛집,O
리조트바베큐,O
언양자수정동굴나라,B_TOR
송운사,O
읍성커피,B_CAF
ㅡㅡㅡ,ㅡㅡㅡ
울산,B_LOC
대왕암,B_TOR
출렁다리,B_TOR
다녀왔어요,O
울산,B_LOC
여행,O
부산,O
근교,O
가볼만한곳,O
브이로그,O
신혼부부,O
데이트,O
ㅡㅡㅡ,ㅡㅡㅡ
예이예,O
유잼도시,O
울산,B_LOC
여행,O
브이로그,O
웨않,O
ㅡㅡㅡ,ㅡㅡㅡ
울산,B_LOC
핫플투어,O
브이로그,O
울산대공원,B_TOR
에서,O
인생샷,O
남기기,O
신상카페,O
정복,O
성남동,B_LOC
버디,O
수제,O
버거,O
존맛집,O
디제잉,O
파티,O
ㅡㅡㅡ,ㅡㅡㅡ
울산,B_LOC
먹방,O
여행,O
브이로,O
그,O
새내기,O
공강의,O
행복,O
울산,B_LOC
율리,B_LOC
무라카데,B_RES
칼국수,O
울산,B_LOC
율리브레댄코,B_CAF
빵,O
추천,O
카카오바이크,O
타기,O
ㅡㅡㅡ,ㅡㅡㅡ
경아로그,O
2박3일,O
울산,B_LOC
여행,O
2,O
울산,B_LOC
맛집,O
언양불고기,O
울산,B_LOC
자수정돌굴나라,B_TOR
ㅡㅡㅡ,ㅡㅡㅡ
여행,O
브이로그,O
울산,B_LOC
당일치기,O
작천정벚꽃놀이,O
중앙시장,O
은부부,O
분식,O
뿌시기,O
장보기,O
ㅡㅡㅡ,ㅡㅡㅡ
울산,B_LOC
간절곶,B_TOR
브이로그,O
카페,O
헤이메르,B_CAF
울산,B_LOC
여행지,O
일출명소,O
갈비탕,O
육회비빔밥,O
포토이즘,O
ㅡㅡㅡ,ㅡㅡㅡ
울산,B_LOC
부산,O
3박4일,O
뚜벅이,O
국내,O
여행,O
브이로그,O
ㅡㅡㅡ,ㅡㅡㅡ
울산,B_LOC
여행,O
다녀옴,O
ㅡㅡㅡ,ㅡㅡㅡ
울산,B_LOC
여행,O
브이로그,O
삼산,B_LOC
롯데백화점,O
롯데꿈동산,O
국가정원,O
국화꽃,O
한신포차,O
오시오,O
막창,O
칼국수,O
서비스,O
공중관람차,O
ㅡㅡㅡ,ㅡㅡㅡ
여행,O
브이로그,O
울산,B_LOC
여행,O
먹기만,O
하는,O
여행,O
먹방,O
롯데호텔,O
호캉스,O
ㅡㅡㅡ,ㅡㅡㅡ
일상,O
브이로그,O
울산,B_LOC
여행,O
ㅡㅡㅡ,ㅡㅡㅡ
복순도가,O
양조장에서,O
막걸리,O
시음하기,O
울산,B_LOC
여행,O
브이로그,O
ㅡㅡㅡ,ㅡㅡㅡ
울산,B_LOC
여행,O
장생포,B_LOC
고래문화마을,B_TOR
울산,B_LOC
여행브이로그,O
ㅡㅡㅡ,ㅡㅡㅡ
호캉스,O
브이로그,O
5천원만,O
내면,O
생맥주,O
가,O
무제한호텔,O
신라스테이,O
울산,B_LOC
룸투어,O
리뷰,O
울산,B_LOC
브이로그,O
먹방,O
브이로그,O
울산,B_LOC
맛집,O
울산,B_LOC
여행,O
울산,B_LOC
가볼만한곳,O
울산,B_LOC
호텔,O
ㅡㅡㅡ,ㅡㅡㅡ
여행,O
브이로그,O
울산,B_LOC
누나,O
의,O
발리,O
신혼여행,O
브이로그,O
ㅡㅡㅡ,ㅡㅡㅡ
울산,B_LOC
여행,O
태화강국가정원,B_TOR
국가정원,O
여행브이로그,O
여행,O
국내여행,O
핑크뮬리,O
십리대숲,B_TOR
데이트,O
ㅡㅡㅡ,ㅡㅡㅡ
일상,O
브이로그,O
울산,B_LOC
고시,O
원러의,O
먹으러,O
간,O
서울,O
여행,O
김밥,O
노량진,O
컵밥,O
팬케익,O
남산,O
돈까스,O
쉑쉑버거,O
통베이컨매콤까르보나라,O
에일당,O
딤섬,O
홍롱롱,O
ㅡㅡㅡ,ㅡㅡㅡ
02,O
울산,B_LOC
출장,O
여행,O
브이로그가,O
아니라,O
출장,O
브이로그라고,O
출장,O
출장브이로그,O
브이로그,O
사회적기업,O
ㅡㅡㅡ,ㅡㅡㅡ
울산,B_LOC
간월재,B_TOR
에서,O
가을,O
억새밭,O
보고,O
왔어요,O
울산,B_LOC
여행,O
브이로그,O
ㅡㅡㅡ,ㅡㅡㅡ
울산,B_LOC
여행,O
ㅡㅡㅡ,ㅡㅡㅡ
210529,O
강아지,O
브이로그,O
일상,O
브이로그,O
울산,B_LOC
애견동반,O
맛집,O
카페,O
울산,B_LOC
감성맛집,O
감성카페,O
울산,B_LOC
감태김밥,O
궁중떡볶이,O
울산,B_LOC
나들이,O
여행,O
ㅡㅡㅡ,ㅡㅡㅡ
경아로그,O
2박3일,O
울산,B_LOC
여행,O
1,O
간절곶,B_TOR
맛집카페,O
태화강,B_TOR
성남동,B_LOC
공,O
업탑,O
맛집,O
ㅡㅡㅡ,ㅡㅡㅡ
직장인,O
일상,O
브이로그ㅣ,O
울산,B_LOC
돌곱창,O
여행ㅣ,O
경주,O
핑크뮬리,O
ㅣ카페,O
브이로그ㅣ퇴근후일상,O
ㅡㅡㅡ,ㅡㅡㅡ
2박3일,O
가족,O
들이랑,O
울산,B_LOC
여행,O
브이로그,O
2,O
스타즈호텔,O
사발생국수,B_RES
드라마하우스,O
간절곶,B_TOR
호피폴라,O
헤이메르,O
롯데백화점,O
60계치킨,O
울산,B_LOC
카페,O
가족,O
여행,O
울산,B_LOC
여행코스,O
ㅡㅡㅡ,ㅡㅡㅡ
여행브이로그,O
당일치기,O
울산,B_LOC
여행,O
이자와,O
규카츠,O
생,O
활의달인,O
맛집,O
대흥식육점,O
공주분식,O
떡볶이,O
일산해수욕장,B_TOR
산책,O
대왕암공원,B_TOR
ㅡㅡㅡ,ㅡㅡㅡ
호링브이로그트레일러,O
부산,O
울산,B_LOC
1박2일,O
여행,O
레트로힐링,O
커밍쑨,O
호링쑨,O
ㅡㅡㅡ,ㅡㅡㅡ
국내,O
여행,O
브이로그,O
울산,B_LOC
내원암계곡,B_TOR
태화강,B_TOR
국가정원,O
십리대숲,B_TOR
재미와,O
감동의,O
꿀조합,O
ㅡㅡㅡ,ㅡㅡㅡ
울산,B_LOC
여행브이로그,O
친구,O
랑,O
바다,O
ㅡㅡㅡ,ㅡㅡㅡ
울산,B_LOC
여행,O
슬도피아,B_TOR
마쌍둥이,O
슬도,O
여름,O
물놀이,O
울산,B_LOC
놀거리,O
ㅡㅡㅡ,ㅡㅡㅡ
생에,O
첫,O
아,O
줌마,O
브이로그여행먹방,O
울산,B_LOC
여행,O
줌마여행,O
울산동구문토스트,B_RES
울산,B_LOC
동구주전카페,O
울산,B_LOC
동구주전,O
카페보름,B_CAF
울산대왕암,B_TOR
ㅡㅡㅡ,ㅡㅡㅡ
난솔,O
이,O
친구,O
와,O
떠난,O
울산,B_LOC
1편,O
여행,O
ㅡㅡㅡ,ㅡㅡㅡ
이번주,O
데이트는,O
울산,B_LOC
여행,O
커플,O
여행,O
데이트,O
브이로그,O
ㅡㅡㅡ,ㅡㅡㅡ
김,O
챱챱,O
본격,O
놀고먹는,O
호캉스,O
울산,B_LOC
여행,O
ㅡㅡㅡ,ㅡㅡㅡ
울산,B_LOC
여행코스,O
이것만,O
알고,O
가도,O
프로여행러,O
국내,O
기차,O
여행지,O
추천,O
ㅡㅡㅡ,ㅡㅡㅡ
울산,B_LOC
여행,O
입화산,B_TOR
등산브이로그,O
등산,O
울산,B_LOC
의산,O
여행브이로그,O
친구,O
들과의,O
하루,O
지인터뷰,O
가을,O
산,O
가을,O
울뿌리,O
울산,B_LOC
캠핑장,O
ㅡㅡㅡ,ㅡㅡㅡ
여행,O
가족,O
여름,O
휴가,O
브이로그,O
울산,B_LOC
여행,O
울산,B_LOC
간절곶,B_TOR
가족,O
여행,O
음주브이로그,O
ㅡㅡㅡ,ㅡㅡㅡ
커플,O
브이로그일상,O
울산,B_LOC
여행,O
울산,B_LOC
맛집카페인생네컷주말데이트,O
ㅡㅡㅡ,ㅡㅡㅡ
일상브이로그,O
울산,B_LOC
당일치기여행,O
울산,B_LOC
여행,O
국내여행,O
ㅡㅡㅡ,ㅡㅡㅡ
브이로그,O
2,O
놀자,O
울산,B_LOC
에서,O
핑크퐁,O
울산시,B_LOC
튼튼쌤,O
핑크퐁,O
이,O
함께,O
떠나는,O
신나는,O
울산,B_LOC
여행,O
핑크퐁,O
인기,O
동요,O
ㅡㅡㅡ,ㅡㅡㅡ
울산,B_LOC
브이로그,O
수제버거,O
맛집,O
신상카페,O
라메르판지,B_CAF
나들이,O
ㅡㅡㅡ,ㅡㅡㅡ
울산,B_LOC
여행,O
몽돌해수욕장,O
실타래치유힐링,O
여행브이로그,O
해수욕장,O
ㅡㅡㅡ,ㅡㅡㅡ
첫,O
브이로그,O
울산,B_LOC
여행,O
울산,B_LOC
쫀드기,O
애견공원,O
페로,O
ㅡㅡㅡ,ㅡㅡㅡ
경주,O
울산,B_LOC
여행,O
신혼부부,O
브이로그,O
불국사,O
문무대왕릉,O
롯데호텔,O
울산,B_LOC
국내여행,O
1박2일,O
드라이브,O
호캉스,O
ㅡㅡㅡ,ㅡㅡㅡ
30주,O
임산부,O
브이로그정기검진,O
초음파,O
배크기,O
울산,B_LOC
여행,O
휴게소,O
곱도리탕,O
울산롯데시티호텔,O
간절곶,B_TOR
해빵,B_CAF
임신일상,O
브이로그,O
ㅡㅡㅡ,ㅡㅡㅡ
커플,O
울산,B_LOC
여행,O
1일차,O
여행데이트,O
태화강변,B_TOR
은하수길,B_TOR
ㅡㅡㅡ,ㅡㅡㅡ
강,O
브이로그,O
1박2일,O
울산,B_LOC
여행,O
간절곶,B_TOR
태화강,B_TOR
태화강국가정원,B_TOR
대나무,O
숲,O
신라스테이,O
조식,O
울산,B_LOC
야경,O
ㅡㅡㅡ,ㅡㅡㅡ
울산,B_LOC
여행,O
브이로그,O
울산,B_LOC
대게,O
먹방,O
대왕암공원,B_TOR
개불,O
도전기,O
ㅡㅡㅡ,ㅡㅡㅡ
울산,B_LOC
명소,O
봉대산,B_TOR
브이로그,O
ㅡㅡㅡ,ㅡㅡㅡ
울산,B_LOC
대왕암공원,B_TOR
비오는날,O
어린이,O
힐링여행,O
브이로그,O
ㅡㅡㅡ,ㅡㅡㅡ
울산,B_LOC
여행,O
둘째,O
가즈아,O
2세계,O
획,O
ㅡㅡㅡ,ㅡㅡㅡ
8년,O
지기,O
친구,O
들과,O
다녀온,O
마지막,O
휴가,O
1박2일,O
울산,B_LOC
여행,O
브이로그,O
클럽33,O
풀빌라,O
수영장,O
고기파티,O
공실이,O
ㅡㅡㅡ,ㅡㅡㅡ
여행,O
브이로그,O
울산,B_LOC
박상진,O
호수공원,O
안가본사람,O
손,O
저희요,O
환이,O
와,O
영,O
이랑,O
호수를,O
걸어보아요,O
ㅡㅡㅡ,ㅡㅡㅡ
주말,O
결혼식,O
하객,O
브이로그,O
페즈커피,B_CAF
울산,B_LOC
신상카페,O
커플,O
브이로그,O
주말,O
데이트,O
울산,B_LOC
여행,O
ㅡㅡㅡ,ㅡㅡㅡ
경주,O
여행,O
울산,B_LOC
여행여행브이로그,O
ㅡㅡㅡ,ㅡㅡㅡ
대학생,O
나의,O
첫,O
울산,B_LOC
여행,O
울산,B_LOC
현지인,O
누가,O
울산,B_LOC
재미없대,O
2박3일,O
꽉꽉,O
채운,O
대장정,O
밤,O
새는,O
건,O
기본,O
1편,O
ㅡㅡㅡ,ㅡㅡㅡ
숨은,O
울산,B_LOC
여행,O
명소,O
가볼만한,O
곳,O
뷰,O
맛집,O
추천,O
울산,B_LOC
브이로그,O
울산,B_LOC
맛집,O
국내여행지,O
추천,O
국내여행,O
브이로그,O
ㅡㅡㅡ,ㅡㅡㅡ
양이,O
울산,B_LOC
여행브이로그,O
울산,B_LOC
여행,O
당일치기,O
일산해수욕장,B_TOR
대왕암공원,B_TOR
은하수길,B_TOR
ㅡㅡㅡ,ㅡㅡㅡ
소현라이프03,O
소현라이프,O
인,O
울산,B_LOC
고향,O
방문기,O
울산,B_LOC
여행,O
쇼핑몰,O
브이로그,O
브이로그일상일상브이로그,O
ㅡㅡㅡ,ㅡㅡㅡ
울산,B_LOC
가볼만한곳,O
십리대숲은하수길,B_TOR
울산,B_LOC
여행산책일상브이로그,O
ㅡㅡㅡ,ㅡㅡㅡ
국내여행,O
10,O
울산,B_LOC
이런,O
곳이였어,O
당일치기로,O
부족하잖아,O
울산,B_LOC
여행,O
브이로그,O
ㅡㅡㅡ,ㅡㅡㅡ
브,O
이로그,O
뷰,O
티의날,O
울산,B_LOC
여행,O
속눈썹연장,O
광주속눈썹연장,O
타짜,O
세가지맛리뷰,O
브이로그,O
일상,O
술,O
울산,B_LOC
단발,O
광주미용실,O
ㅡㅡㅡ,ㅡㅡㅡ
울산,B_LOC
가볼만한,O
곳,O
울산,B_LOC
여행,O
울산대공원,B_TOR
으로,O
은행원,O
브이로그,O
일상,O
ㅡㅡㅡ,ㅡㅡㅡ
울산,B_LOC
신랑,O
쿠우,O
생일맞이,O
울산,B_LOC
여행,O
ㅡㅡㅡ,ㅡㅡㅡ
브이로그,O
울산,B_LOC
여행,O
경주,O
답사,O
바다,O
ㅡㅡㅡ,ㅡㅡㅡ
휴무,O
브이로그,O
첫,O
프리미엄버스,O
탑승,O
울산,B_LOC
여행,O
부산,O
기장,O
카페,O
ㅡㅡㅡ,ㅡㅡㅡ
좌충우돌,O
울산,B_LOC
여행,O
ㅡㅡㅡ,ㅡㅡㅡ
행복해지는,O
울산,B_LOC
여행,O
2020,O
울산광역시,B_LOC
영상공모전,O
ㅡㅡㅡ,ㅡㅡㅡ
브,O
이로그,O
부산,O
울산,B_LOC
여행,O
신라스테이해운대,O
디럭스패밀리룸,O
부산,O
밀면,O
맛집,O
고메밀면,O
해운대,O
뷰맛집,O
달맞이길스노잉클라우드,O
편백향,O
울산포니랜드,B_TOR
ㅡㅡㅡ,ㅡㅡㅡ
임고생,O
브이로그,O
일주일,O
휴식,O
기록,O
울산,B_LOC
여행,O
포항,O
노지캠핑,O
파도소리,O
당근케이크,O
ㅡㅡㅡ,ㅡㅡㅡ
울산,B_LOC
여행,O
바둑,O
이들의,O
여행으로,O
행복해지기,O
찐친들과,O
함께한,O
울산,B_LOC
여행,O
ㅡㅡㅡ,ㅡㅡㅡ
간이,O
너덜너덜해지는,O
서울,O
음주여행,O
브이로그,O
울산,B_LOC
러의,O
사투리,O
이야기,O
동,O
틀때까지,O
먹고,O
마시는,O
영상일기,O
직장인,O
주말일상,O
ㅡㅡㅡ,ㅡㅡㅡ
브이로그,O
엄빠,O
와,O
함께하는,O
일상당일치기여행,O
울산대왕암,B_TOR
오도리해수욕장,O
ㅡㅡㅡ,ㅡㅡㅡ
울산,B_LOC
카페,O
수화림카페,B_CAF
카페투어,O
카페브,O
이로그,O
울산,B_LOC
맛집,O
울산,B_LOC
여행,O
ㅡㅡㅡ,ㅡㅡㅡ
급하게,O
떠난,O
당일치기,O
울산,B_LOC
경주,O
즉흥여행,O
국내여행,O
브이로그,O
ㅡㅡㅡ,ㅡㅡㅡ
울산,B_LOC
겨울,O
여행,O
첫,O
여행브이로그,O
예용커플,O
ㅡㅡㅡ,ㅡㅡㅡ
브이로그,O
울산,B_LOC
여행,O
ㅡㅡㅡ,ㅡㅡㅡ
브이로그,O
일상,O
그리고,O
여행,O
여수,O
여행,O
울산,B_LOC
카페,O
송도,O
조개구이,O
서면에어비앤비,O
미친막창,O
부평,O
맛집,O
여수해양레일바이크,O
여수,O
유람선,O
ㅡㅡㅡ,ㅡㅡㅡ
일상,O
브이로그,O
쿼피집,O
즉흥으로,O
떠난,O
울산,B_LOC
여행,O
잔여백신,O
1차,O
접종,O
허쉬컷,O
에서,O
벗어나기,O
위해,O
컷트,O
필라테스,O
비엔,O
스,O
ㅡㅡㅡ,ㅡㅡㅡ
1박2일,O
울산,B_LOC
여행,O
대왕암공원,B_TOR
조선,O
소야경,O
태화강국가공원,B_TOR
그리고,O
사랑하는,O
친구,O
들,O
ㅡㅡㅡ,ㅡㅡㅡ
여행,O
브이로그,O
울산대공원,B_TOR
핑크뮬리,O
구경이나,O
해보꽈,O
ㅡㅡㅡ,ㅡㅡㅡ
ㅣ,O
룸메즈,O
의,O
울산,B_LOC
여행,O
1편,O
대학생,O
여행,O
브이로그,O
울산,B_LOC
맛집,O
ㅡㅡㅡ,ㅡㅡㅡ
진순,O
3박4일,O
울산,B_LOC
여행,O
울산,B_LOC
해수욕장,O
대왕암,B_TOR
당사의,O
펜션,O
언양불고기,O
맛집,O
자수정동굴,B_TOR
십리대밭,B_TOR
슬도,B_TOR
전복비빔밥,O
맛집,O
ㅡㅡㅡ,ㅡㅡㅡ
울산,B_LOC
여행,O
선암호수공원,B_TOR
산책브이로그,O
공원,O
올드리햇반,O
울뿌리,O
ㅡㅡㅡ,ㅡㅡㅡ
가을,O
이,O
다,O
가기전에,O
울산,B_LOC
여행,O
ㅡㅡㅡ,ㅡㅡㅡ
유셔니,O
06,O
당일치기,O
울산,B_LOC
여행,O
집순이,O
ㅡㅡㅡ,ㅡㅡㅡ
국내여행,O
ㅣ,O
울산,B_LOC
에서,O
서핑,O
캠핑,O
하는,O
휴가철,O
울산,B_LOC
여행,O
브이로그,O
ㅡㅡㅡ,ㅡㅡㅡ
주부,O
일상,O
브이로그,O
여름,O
휴가,O
울산,B_LOC
주전,O
몽돌해수욕장,O
가족,O
여행,O
ㅡㅡㅡ,ㅡㅡㅡ
울산,B_LOC
여행가서,O
돈까스,O
먹고,O
아울렛,O
가는,O
일상,O
커플,O
여행인건,O
안비밀,O
ㅡㅡㅡ,ㅡㅡㅡ
울산,B_LOC
동구,O
슬도,B_TOR
유채꽃,O
힐링,O
브이로그,O
울산,B_LOC
동구,O
슬도,B_TOR
여행,O
슬도,B_TOR
유채꽃,O
슬도,B_TOR
바다,O
엄딸,O
ㅡㅡㅡ,ㅡㅡㅡ
울산,B_LOC
울산,B_LOC
여행,O
모야로,O
그,O
ㅡㅡㅡ,ㅡㅡㅡ
울산,B_LOC
여행이라고,O
쓰고,O
호캉스라고,O
읽는다,O
라한호텔,O
2박3일,O
가족,O
여행,O
추천,O
ㅡㅡㅡ,ㅡㅡㅡ
혼자하는,O
여행은,O
늘,O
옳다,O
울산,B_LOC
여행,O
두번째,O
이야기,O
호텔현대바이라한울산,O
학성공원,B_TOR
함월루,B_TOR
십리대밭,B_TOR
태화강,B_TOR
태화루,B_TOR
ㅡㅡㅡ,ㅡㅡㅡ
일상,O
울산,B_LOC
여행,O
뽀개기,O
ㅡㅡㅡ,ㅡㅡㅡ
33,O
남자브이로그,O
울산,B_LOC
에서,O
만,O
하다,O
온,O
브이로그,O
ㅡㅡㅡ,ㅡㅡㅡ
랜선벚꽃여행,O
우리,O
같이,O
걸어요,O
ㅣ,O
울산,B_LOC
친정에서,O
여유부려보는,O
일상브이로그ㅣ,O
울산,B_LOC
가볼만한곳,O
울산,B_LOC
여행,O
ㅣ,O
울산,B_LOC
벚꽃,O
명소,O
작천정벚꽃길,B_TOR
가마솥닭볶음탕,O
산다화,B_RES
고고당티하우스,B_CAF
ㅡㅡㅡ,ㅡㅡㅡ
울산,B_LOC
여행,O
태화강국가정원,B_TOR
태화강십리대숲,B_TOR
울산,B_LOC
당일치기여행,O
울산,B_LOC
걷기좋은길,O
ㅡㅡㅡ,ㅡㅡㅡ
여행브이로그,O
부산,B_LOC
여행이라,O
쓰고,O
울산,B_LOC
여행이라,O
읽는다,O
ㅡㅡㅡ,ㅡㅡㅡ
아직결혼도,O
못했는데,O
저세상,O
갈뻔한,O
울산,B_LOC
여행,O
ㅡㅡㅡ,ㅡㅡㅡ
울산,B_LOC
1박2일,O
힐링여행,O
브이로그,O
ㅡㅡㅡ,ㅡㅡㅡ
대구,O
울산,B_LOC
여행,O
1편,O
친구,O
들과,O
여행,O
대구,O
여행,O
브이로그,O
1,O
ㅡㅡㅡ,ㅡㅡㅡ
1,O
2,O
울산,B_LOC
뚜벅여행기,O
울산,B_LOC
울산,B_LOC
여행뚜벅이,O
간절바당,O
간절곶,B_TOR
태화강국가정원,B_TOR
은하수길,B_TOR
울산,B_LOC
공항,O
ㅡㅡㅡ,ㅡㅡㅡ
브이로그,O
일상,O
그리고,O
여행,O
울산간절곶,B_TOR
광안리,O
기장,O
영도,O
대구,O
여행,O
서울,O
여행,O
뮤지컬해적,O
성수,O
동성로,O
ㅡㅡㅡ,ㅡㅡㅡ
울산,B_LOC
여행커플브이로그데이트,O
간절곶,B_TOR
울산,B_LOC
카페,O
ㅡㅡㅡ,ㅡㅡㅡ
부산,O
울산,B_LOC
여행,O
브이로그,O
여름,O
휴가,O
1탄,O
부산,O
울산,B_LOC
4박5일,O
휴가,O
보내고,O
왔어요,O
부산,O
기장,O
루지,O
울산,B_LOC
자수정동굴나라,B_TOR
낙곱새,O
양푼이갈비찜,O
냠냠,O
ㅡㅡㅡ,ㅡㅡㅡ
4,O
울산,B_LOC
여행,O
브이로그ㅣ,O
발레나식스,B_CAF
태화강국가정원,B_TOR
ㅡㅡㅡ,ㅡㅡㅡ
브이로그,O
울산,B_LOC
언양,B_LOC
관광,O
자수정,B_TOR
동굴나라,I_TOR
ㅡㅡㅡ,ㅡㅡㅡ
여행,O
브이로그,O
울산,B_LOC
누나,O
의,O
제주도,O
여행,O
브이로그,O
제주도,O
렌트카,O
이호태우해변,O
더럭,O
분교,O
보말,O
칼국수,O
새별오름,O
우유부단,O
아이스크림,O
오설록,O
방주교회,O
ㅡㅡㅡ,ㅡㅡㅡ
부산,O
서면,O
데이트,O
울산,B_TOR
여행,O
브이로그,O
바,O
쿠키,O
한옥카페,O
밀크티,O
오레오치즈케이크,O
츄러스휘낭시에,O
무화과휘낭시에,O
태화강,B_TOR
은하수길,B_TOR
울산,B_LOC
서면,O
데이트,O
신라스테이,O
ㅡㅡㅡ,ㅡㅡㅡ
동거,O
울산,B_LOC
여행,O
어버이날,O
캘리룸,O
율리양어장가든,B_RES
포니랜드,B_TOR
다이슨,O
에어랩,O
언박싱,O
동거일상,O
엽떡허니,O
콤보,O
ㅡㅡㅡ,ㅡㅡㅡ
즉흥으로,O
떠나는,O
울산,B_LOC
여행,O
가족,O
여행,O
울산,B_LOC
대왕암,B_TOR
맛집,O
카페,O
대왕암출렁다리,B_TOR
ㅡㅡㅡ,ㅡㅡㅡ
울산,B_LOC
여행,O
울산,B_LOC
대왕암,B_TOR
보니타,O
카페대관람차,O
ㅡㅡㅡ,ㅡㅡㅡ
울산,B_LOC
귀향,O
브이로그,O
울산,B_LOC
동구,O
출렁다리,O
울산,B_LOC
동구,O
명소,O
울산,B_LOC
대왕암공원,B_TOR
울산,B_LOC
관광지,O
울산,B_LOC
브이로그,O
ㅡㅡㅡ,ㅡㅡㅡ
브이로그유부녀들의,O
울산,B_LOC
여행매우짦음주의,O
ㅡㅡㅡ,ㅡㅡㅡ
울산,B_LOC
여행,O
대왕암공원,B_TOR
라라랜드,O
아님,O
노을맛집,O
울뿌리,O
여행브이로그,O
쁘띠냄,O
ㅡㅡㅡ,ㅡㅡㅡ
울산,B_LOC
여행,O
울산,B_LOC
스타즈호텔,O
저세상,O
리뷰,O
ㅡㅡㅡ,ㅡㅡㅡ
울산,B_LOC
부산,O
여행,O
브이로그,O
미국,O
에서,O
온,O
친구,O
들,O
홈파티하는,O
음주로그,O
기막힌,O
환영식,O
광안리,O
해운대,O
간절곶,B_TOR
탐방,O
ㅡㅡㅡ,ㅡㅡㅡ
울산,B_LOC
여행,O
혜화문식당,O
ㅣ요신의하루ㅣ,O
업스퀘어,B_TOR
ㅣ,O
태화강,B_TOR
ㅣ인생네컷ㅣ,O
부산,O
막창,O
ㅡㅡㅡ,ㅡㅡㅡ
여행,O
먹고,O
마시는,O
울산,B_LOC
여행,O
ㅡㅡㅡ,ㅡㅡㅡ
자매,O
울산,B_LOC
먹방,O
여행,O
1편,O
랑콩뜨레빵,O
꼬순떡,B_RES
거부돌곱창,B_RES
동굴피아,B_TOR
대관람차,O
ㅡㅡㅡ,ㅡㅡㅡ
커플,O
울산,B_LOC
에서도,O
찡찡찡,O
울산,B_LOC
여행,O
게스트,O
로,O
대왕암공원,B_TOR
인얼스커피,O
은율당,O
ㅡㅡㅡ,ㅡㅡㅡ
행복한,O
울산,B_LOC
여행,O
가볼만한곳,O
그중,O
5,O
선정,O
ㅡㅡㅡ,ㅡㅡㅡ
울산,B_LOC
여행,O
ㅡㅡㅡ,ㅡㅡㅡ
여행브이로그,O
마라탕,O
먹으러,O
울산,B_LOC
다녀왔습니다,O
ㅡㅡㅡ,ㅡㅡㅡ
막걸리,O
불고기,O
빵,O
스테이크,O
회,O
까지,O
다먹는다,O
울산,B_LOC
경주,O
먹방여행,O
브이로그,O
ㅡㅡㅡ,ㅡㅡㅡ
간절히,O
간절곶,B_TOR
울산,B_LOC
여행,O
ㅡㅡㅡ,ㅡㅡㅡ
여행,O
일상,O
브이로그,O
울산,B_LOC
에,O
서놀기,O
현대미술제,O
성남동,B_LOC
어라운드,O
울산,B_LOC
삼산,O
아니마,B_RES
블루리본,O
맛집,O
공룡발자국공원,B_TOR
전통찻집차담,O
파,O
란풍차,O
ㅡㅡㅡ,ㅡㅡㅡ
희연일상,O
8,O
언양,O
울산,B_LOC
태화강십리대밭길,B_TOR
일상브이로크,O
커플브이로그,O
데이트,O
드라이브,O
힐링,O
여행브이로그,O
좋아요,O
ㅡㅡㅡ,ㅡㅡㅡ
국내여행,O
브이로그국내여행지,O
추천,O
울산,B_LOC
울주,B_LOC
여행,O
울산,B_LOC
가볼만한,O
곳,O
울주,B_LOC
여행지,O
울산,B_LOC
맛집,O
반구대암각화,B_TOR
천전리각석,B_TOR
언양읍성,B_TOR
유진목장,B_TOR
우유주기,O
체험,O
ㅡㅡㅡ,ㅡㅡㅡ
나,O
혼자,O
떠나는,O
울산,B_LOC
포항,O
경주,O
여행,O
브이로그,O
지금,O
당장,O
떠날,O
것,O
ㅡㅡㅡ,ㅡㅡㅡ
이시국,O
여름,O
휴가,O
비진도,O
하동,O
울산,B_LOC
힐링,O
여행,O
브이로그,O
ㅡㅡㅡ,ㅡㅡㅡ
쉬는,O
날,O
다녀온,O
울산,B_LOC
여행,O
여행갈까요,O
전시회,O
보고,O
대왕암공원,B_TOR
하이플로라,B_CAF
간절곶,B_TOR
갔다온,O
날,O
ㅡㅡㅡ,ㅡㅡㅡ
울산,B_LOC
여행지,O
추천,O
울산,B_LOC
자수정동굴,B_TOR
가성비,O
대박,O
아이들과,O
여행,O
화석,O
울산,B_LOC
여행,O
울산,B_LOC
아이들과,O
가볼만한곳,O
브이로그,O
육아브이로그,O
ㅡㅡㅡ,ㅡㅡㅡ
브이로그,O
울산,B_LOC
여행,O
울산태화강동굴피아,B_TOR
ㅡㅡㅡ,ㅡㅡㅡ
영재랑,O
울산,B_LOC
여행,O
202104180421,O
1일차,O
ㅡㅡㅡ,ㅡㅡㅡ
울산,B_LOC
여행,O
브이로그,O
울산,B_LOC
일산해수욕장,B_TOR
대왕암공원,B_TOR
출렁다리,O
슬,B_TOR
도,I_TOR
노을명소,O
ㅡㅡㅡ,ㅡㅡㅡ
울산,B_LOC
알짜베기,O
여행코스,O
꿈부자들의,O
여행,O
브이로그,O
감독,O
배우,O
ㅡㅡㅡ,ㅡㅡㅡ
200201,O
울산,B_LOC
여행,O
브이로그,O
1,O
신정시장,B_TOR
일산해수욕장,B_TOR
대왕암,B_TOR
조개구이,O
ㅡㅡㅡ,ㅡㅡㅡ
부농튜브,O
울산공룡발자국공원,B_TOR
아이와함께,O
가볼만한곳,O
울산,B_LOC
여행육아브,O
이로그,O
ㅡㅡㅡ,ㅡㅡㅡ
대학생,O
원주민,O
과,O
함께,O
하는,O
울산,B_LOC
여행,O
2편,O
동구,O
파헤치기,O
주전해수욕장,B_TOR
대왕암공원,B_TOR
일산해수욕장,B_TOR
카페,O
도넛,O
ㅡㅡㅡ,ㅡㅡㅡ
항해사,O
승선,O
브이로그,O
특집,O
3편,O
울산,B_LOC
여행,O
울산,B_LOC
앞바다,O
아름다운,O
울산,B_LOC
바다,O
부산,O
바다,O
在船蔚山旅游,O
二副,O
ㅡㅡㅡ,ㅡㅡㅡ
6,O
한달동안,O
의,O
데이트,O
브이로그ㅣ,O
울산,B_LOC
봄여름가을카페,B_CAF
안동낙강물길공원,O
합천모토라드,O
청도대새목장,O
성주,O
카페,O
대구,O
근교,O
여행,O
데이트,O
ㅡㅡㅡ,ㅡㅡㅡ
여행,O
선남매,O
여행브이로그,O
상트페테르부르크,O
울산,B_LOC
에서,O
인천공항,O
러시아,O
여행,O
상트페테르부르크,O
ㅡㅡㅡ,ㅡㅡㅡ
울산,B_LOC
일출명소,O
해돋이보러,O
머큐어앰배서더울산호텔,O
오션뷰,O
스위트룸,O
1박2일,O
아기랑호캉스,O
여행브이로그,O
ㅡㅡㅡ,ㅡㅡㅡ
믹스라이프,O
울산,B_LOC
여행,O
2,O
ㅡㅡㅡ,ㅡㅡㅡ
직장인,O
브이로그,O
친구,O
들과,O
떠나는,O
울산,B_LOC
여행,O
십리대밭길,B_TOR
고래마을,B_TOR
스타즈호텔,O
먹방,O
ㅡㅡㅡ,ㅡㅡㅡ
8월,O
에,O
다녀온,O
울산,B_LOC
여행,O
드디어,O
업로드,O
ㅡㅡㅡ,ㅡㅡㅡ
1박2일,O
울산,B_LOC
여행,O
커플,O
생일,O
데이트,O
브이로그,O
울산양떼목장,B_TOR
영남알프스,O
간월재,B_TOR
ㅡㅡㅡ,ㅡㅡㅡ
여행,O
브이로그,O
울산,B_LOC
누나,O
의,O
제주도,O
여행,O
브이로그,O
2박3일,O
의,O
제주,O
맛집,O
제주,O
여행,O
코스,O
크랩잭,O
ㅡㅡㅡ,ㅡㅡㅡ
영재랑,O
울산,B_LOC
여행,O
202104180421,O
34일차,O
ㅡㅡㅡ,ㅡㅡㅡ
엄마와나의봄,O
3박4일,O
1,O
울산,B_LOC
여행,O
브이로그,O
태화강,B_TOR
국가정원,O
십리대숲은하수길,B_TOR
슬도유채꽃밭,B_TOR
대왕암공원,B_TOR
해녀포차,B_RES
울산대교,B_TOR
울산대공원,B_TOR
신라스테이울산,O
ㅡㅡㅡ,ㅡㅡㅡ
부산,O
울산,B_LOC
촌놈들과,O
경주,O
여행,O
브이로그,O
ㅡㅡㅡ,ㅡㅡㅡ
브이로그,O
생애,O
첫,O
울산,B_LOC
여행기,O
4,O
ㅡㅡㅡ,ㅡㅡㅡ
울산,B_LOC
여행,O
머큐어앰배서더호텔,O
강동몽돌해변,O
롯데호텔,O
울산,B_LOC
자수정동굴나라,B_TOR
ㅡㅡㅡ,ㅡㅡㅡ
울산,B_LOC
에서의,O
짧은,O
브이로그,O
생일선물,O
꺄,O
태화강,B_TOR
피크닉인데,O
날라갈,O
듯,O
추운,O
날,O
다또술,O
ㅡㅡㅡ,ㅡㅡㅡ
안녕,O
울산,B_LOC
가족,O
과,O
울산,B_LOC
여행,O
대왕암,B_TOR
울산당사해양낚시공원,B_TOR
ㅡㅡㅡ,ㅡㅡㅡ
겨울,O
바다,O
보러,O
간,O
울산,B_LOC
여행,O
브이로그,O
ㅡㅡㅡ,ㅡㅡㅡ
옥자매,O
의,O
경상도,O
여행,O
브이로그,O
1편,O
울산,B_LOC
울진,O
석남사,O
여행,O
언양불고기,O
먹방,O
휴게소,O
ㅡㅡㅡ,ㅡㅡㅡ
1박2일,O
울산,B_LOC
우정여행,O
키위새과자점,B_CAF
플리즈드,B_CAF
러프로스터스,B_CAF
샬로우커피,B_CAF
정일면,B_RES
모구모구과자점,O
ㅡㅡㅡ,ㅡㅡㅡ
주말일상브이로그,O
울산,B_LOC
부산,O
맛집여행생일,O
ㅡㅡㅡ,ㅡㅡㅡ
2박3일,O
울산,B_LOC
통영,O
여행,O
브이로그,O
ㅡㅡㅡ,ㅡㅡㅡ
울산,B_LOC
여행,O
1,O
애견풀빌라,O
떡볶기,O
수영,O
ㅡㅡㅡ,ㅡㅡㅡ
펜션,O
울산,B_LOC
간절곶,B_TOR
펜션,O
브이로그,O
고기,O
파티,O
크랜베리소토,O
닉,O
이마트,O
새우,O
최고,O
ㅡㅡㅡ,ㅡㅡㅡ
울산,B_LOC
여행,O
한강,O
일상,O
백수,O
마지막,O
브이로그,O
날씨,O
왜이래,O
ㅡㅡㅡ,ㅡㅡㅡ
울산,B_LOC
부산,O
여행,O
1박2일,O
브이로그,O
蔚山釜山,O
旅游,O
1夜2日,O
ㅡㅡㅡ,ㅡㅡㅡ
10,O
대왕암공원,B_TOR
울산,B_LOC
여행산책일상브이로그,O
맘은산티아고순례길,O
처럼,O
ㅡㅡㅡ,ㅡㅡㅡ
남자친구,O
랑,O
경주,O
울산,B_LOC
여행,O
떡볶이,O
만들기,O
브라이튼해변,O
의,O
추억,O
공연보기,O
ㅡㅡㅡ,ㅡㅡㅡ
육아브이로그,O
483,O
15개월,O
울산,B_LOC
부산,O
하루,O
모음집,O
ㅡㅡㅡ,ㅡㅡㅡ
울산,B_LOC
직딩,O
브이로그먹방,O
일상,O
울산,B_LOC
맛집,O
추천,O
울산,B_LOC
동구,O
맛집,O
탐방,O
울산대교전망대,B_TOR
파스타,O
리조또,O
스시,O
야끼우동,O
매콤주꾸미,O
고르곤졸라,O
해물칼국수,O
간장찜닭,O
ㅡㅡㅡ,ㅡㅡㅡ
남쪽,O
여행,O
브이로그,O
남해,O
고성,O
창원,O
부산,O
양산,O
울산,B_LOC
ㅡㅡㅡ,ㅡㅡㅡ
별찌커플,O
2000일,O
기념,O
당일치기,O
울산,B_LOC
여행,O
브이로그,O
ㅡㅡㅡ,ㅡㅡㅡ
남매,O
끼리,O
떠난,O
첫,O
여행,O
1박2일,O
울산,B_LOC
여행,O
브이로그,O
뚜벅이,O
여행,O
국내여행,O
대왕암,B_TOR
일산해수욕장,B_TOR
슬도,B_TOR
큰애기야시장,B_TOR
태화루,B_TOR
ㅡㅡㅡ,ㅡㅡㅡ
울리미,O
와,O
함께하는,O
울산,B_LOC
버스,O
투어,O
브이로그,O
남구,O
울산체육공원,B_LOC
울산대공원,B_LOC
울산문화예술회관,B_LOC
울산대학교,O
ㅡㅡㅡ,ㅡㅡㅡ
여행,O
브이로그,O
울산,B_LOC
누나,O
의,O
제주도,O
여행,O
브이로그,O
ㅡㅡㅡ,ㅡㅡㅡ
미또,O
여행2,O
노잼도시,O
울산,B_LOC
에,O
또,O
놀러온,O
친구,O
들,O
울산,B_LOC
여행지,O
추천,O
울산,B_LOC
맛집,O
울산,B_LOC
숙소,O
시선310,B_CAF
히든블루,B_CAF
고늘스테이,O
ㅡㅡㅡ,ㅡㅡㅡ
부산,O
울산,B_LOC
여행,O
브이로그,O
2편,O
요트,O
체험,O
해운대,O
대왕암공원,B_TOR
ㅡㅡㅡ,ㅡㅡㅡ
울산,B_LOC
대왕암,B_TOR
산책,O
브이로그,O
ㅡㅡㅡ,ㅡㅡㅡ
은장이,O
당일치기,O
울산,B_LOC
여행,O
셔터로그,O
바다뷰,O
팔선,O
카페,O
장생포,B_LOC
고래문화마을,B_TOR
장생포항,B_TOR
몽돌해변,O
ㅡㅡㅡ,ㅡㅡㅡ
울산,B_LOC
브이로그,O
바다가,O
보이는,O
울산,B_LOC
의,O
예쁜,O
카페,O
추천,O
카페,O
여행가다,O
오션뷰,O
카페,O
디어캣캣폴,O
고양이캣폴,O
ㅡㅡㅡ,ㅡㅡㅡ
부울경,O
동남권,O
부산,O
울산,B_LOC
남해,O
여행브이로그,O
버그존이,O
궁금하다면,O
영상,O
한,O
번,O
봐봐,O
ㅡㅡㅡ,ㅡㅡㅡ
쿠쿠하세요,O
쿠쿠,O
2,O
와,O
울산,B_LOC
여행,O
1편,O
ㅡㅡㅡ,ㅡㅡㅡ
브이로그,O
경주,O
울산,B_LOC
여행,O
ㅡㅡㅡ,ㅡㅡㅡ
아무도,O
믿지,O
않는다,O
믿을건,O
오직,O
나,O
울산,B_LOC
여행,O
간절곶,B_TOR
태화강,B_TOR
은하수길,B_TOR
ㅡㅡㅡ,ㅡㅡㅡ
울산브이로그,O
먹방,O
일상,O
브이로그,O
울산,B_LOC
맛집,O
추천,O
2020년,O
먹방모음집,O
굽네치킨,O
피자,O
새우구이,O
뒷고기,O
늑간살,O
오징어먹물파스타,O
삼겹살,O
갈비탕,O
치즈돈까스,O
양꼬치,O
ㅡㅡㅡ,ㅡㅡㅡ
8여행기록,O
울산,B_LOC
카페,O
라메르판지,B_CAF
브이로그카페브이로그,O
ㅡㅡㅡ,ㅡㅡㅡ
먹방,O
브이로그,O
고도비만,O
다이어트,O
브이로그,O
먹다가,O
끝나는,O
아가리,O
다이어터,O
폭식,O
브이로그,O
작심,O
하루,O
다이어트,O
가족,O
이랑,O
울산,B_LOC
여행,O
아이폰,O
언박싱,O
365일,O
치팅데이,O
ㅡㅡㅡ,ㅡㅡㅡ
커플,O
브이로그,O
주말,O
일상,O
데이트,O
울산,B_LOC
신상카페,O
몽짬뽕,B_RES
국내여행,O
울산,B_LOC
맛집,O
ㅡㅡㅡ,ㅡㅡㅡ
그릭요거트,O
피,O
팅모델,O
울산,B_LOC
여행,O
태화강,B_TOR
십리대숲,B_TOR
ㅡㅡㅡ,ㅡㅡㅡ
울산,B_LOC
여행,O
피크닉,O
브이로그카페,O
핫플,O
맛집,O
당일치기,O
코스,O
간절곶,B_TOR
태화강,B_TOR
국내여행,O
한국,O
여행,O
ㅡㅡㅡ,ㅡㅡㅡ
여행브이로그,O
한국,O
여행,O
울산,B_LOC
여행,O
겨울,O
바다,O
볼려고,O
울산,B_LOC
으로,O
ㅡㅡㅡ,ㅡㅡㅡ
2020청년울산대장정,O
울이타사,O
34일차,O
브이로그,O
2020,O
청년울산대장정,O
울산광역시,B_LOC
울산,B_LOC
관광,O
2조,O
울이타사,O
울산,B_LOC
장생포고래박물관,B_TOR
패들보트,O
동축사,O
대왕,O
암슬도,O
ㅡㅡㅡ,ㅡㅡㅡ
일상,O
브이로그,O
울산간절곶,B_TOR
카페투어,O
한날,O
ㅡㅡㅡ,ㅡㅡㅡ
휴학생,O
의,O
1박2일,O
울산,B_LOC
여행브이로그프리미엄버스바다,O
ㅡㅡㅡ,ㅡㅡㅡ
울산,B_LOC
여행추천코스,O
국내여행추천,O
울산,B_LOC
12경,O
십리대숲,B_TOR
데이트장소추천,O
피크닉세팅하고,O
여자들끼리,O
태화강,B_TOR
즐기기,O
레드2030,O
ㅡㅡㅡ,ㅡㅡㅡ
ㅣ,O
룸메즈의,O
울산,B_LOC
여행,O
외전,O
룸메즈,O
의,O
술게임,O
우리끼리,O
재밌는,O
술게임,O
대학생,O
브이로그,O
여행,O
브이로그,O
ㅡㅡㅡ,ㅡㅡㅡ
먹방브이로그일상브이로그울산브이로그먹을거,O
끊임없이,O
나오네,O
시카고피자,O
새우필라프,O
막창,O
칼국수,O
고기,O
대게,O
치킨,O
울산,B_LOC
맛집,O
울산,B_LOC
남구,O
맛집,O
삼산,O
맛집주전맛집,O
ㅡㅡㅡ,ㅡㅡㅡ
현지인,O
과,O
함께한,O
병맛,O
울산,B_LOC
여행,O
나이를,O
먹어도,O
친구,O
를,O
만나면,O
할로필름,O
몰아보기,O
ㅡㅡㅡ,ㅡㅡㅡ
너무,O
현실적인,O
대학생,O
울산,B_LOC
브이로그,O
ㅡㅡㅡ,ㅡㅡㅡ
당일치기,O
가족,O
여행,O
브이로그,O
대구,O
3대,O
짬뽕,O
진흥반점,O
양산,O
통도사,O
울산,B_LOC
간절곶,B_TOR
구룡포,O
포항,O
호미곶,O
그리고,O
이제,O
날씨가,O
다해버린,O
사진들을,O
곁들인,O
ㅡㅡㅡ,ㅡㅡㅡ
강아지,O
랑,O
펜션가기,O
ㅣ,O
울산,B_LOC
애견,O
펜션,O
경남,O
애견,O
펜션,O
애견동반여행,O
강아지,O
피자,O
만들기,O
ㅡㅡㅡ,ㅡㅡㅡ
때똘로그,O
셀프눈썹염색,O
신혼부부,O
일상데이트,O
울산,B_LOC
여행,O
ㅡㅡㅡ,ㅡㅡㅡ
울산,B_LOC
여행브이로그,O
울산,B_LOC
에,O
반하다,O
울산,B_LOC
여행,O
커플,O
영상,O
ㅡㅡㅡ,ㅡㅡㅡ
2020청년울산대장정,O
울이타사,O
12일차,O
브이로그,O
2020,O
청년울산대장정,O
울산광역시,B_LOC
울산,B_LOC
관광,O
2조,O
울이타사,O
울산,B_LOC
반구대암각화,B_TOR
병영성,B_TOR
태화강국가정원,B_TOR
동굴피아,O
ㅡㅡㅡ,ㅡㅡㅡ
여행,O
울산,B_LOC
여행브이로그2,O
현대바이라한호텔,O
울산,B_LOC
석남사,B_TOR
구수리,B_CAF
370,I_CAF
호계주택,B_RES
알라와라이노,O
의,O
호캉스여행,O
ㅡㅡㅡ,ㅡㅡㅡ
울산,B_LOC
여행지,O
추천,O
장생포,B_LOC
모노레일,O
고래생태체험관,B_TOR
아기랑,O
함께하는,O
울산,B_LOC
여행,O
육아브,O
이로그,O
ㅡㅡㅡ,ㅡㅡㅡ
울산,B_LOC
여행,O
태화강국가정원,B_TOR
ㅡ꽃들의향연,O
꽃양귀비,O
수레국화,O
울산,B_LOC
가볼만한곳,O
ㅡㅡㅡ,ㅡㅡㅡ
오션뷰,O
맛집부터,O
대왕암출렁다리,B_TOR
까지,O
핵심,O
울산,B_LOC
여행,O
코스,O
울산,B_LOC
여행,O
울산,B_LOC
가볼만한곳,O
울산,B_LOC
여행코스,O
울산,B_LOC
드라이브코스,O
울산,B_LOC
가볼만한곳,O
울산출렁다리,B_TOR
울산,B_LOC
대왕암,B_TOR
ㅡㅡㅡ,ㅡㅡㅡ
하니트니,O
하니,O
의,O
여행,O
브이로그,O
울산광역시,B_LOC
편,O
ㅡㅡㅡ,ㅡㅡㅡ
울산,B_LOC
브이로그,O
십리대숲,B_TOR
데이트,O
갬성잉요,O
ㅡㅡㅡ,ㅡㅡㅡ
11,O
울산,B_LOC
맛집,O
간절곶,B_TOR
육아브이로그,O
현실육아,O
육아일기,O
ㅡㅡㅡ,ㅡㅡㅡ
먹고,O
놀고,O
산책가는,O
울산,B_LOC
여행,O
퍼지네과자점,B_CAF
유기견,O
봉사,O
믹스견,O
힐링,O
ㅡㅡㅡ,ㅡㅡㅡ
짧은,O
울산,B_LOC
여행,O
비오는,O
날,O
휴게소,O
레트로,O
컨셉,O
다방,O
카페,O
오랜만에,O
대게,O
도,O
먹고,O
벚꽃,O
과,O
바다,O
구경,O
일상,O
브이로그,O
ㅡㅡㅡ,ㅡㅡㅡ
5,O
200일,O
여행,O
울산,B_LOC
여행,O
태풍,O
십리대숲,B_TOR
은하수길,B_TOR
장생포고래박물관,B_TOR
간절곶,B_TOR
드라마세트장,O
한달,O
이나,O
늦은,O
브이로그,O
2019092021,O
ㅡㅡㅡ,ㅡㅡㅡ
울산,B_LOC
에서뭐하니,O
에버랜드,O
알바생,O
입사,O
전날,O
노잼도시,O
울산,B_LOC
에서,O
카,O
페,O
덕후,O
로,O
살아남는,O
법,O
울산,B_LOC
맛집,O
바다,O
여행,O
브이로그,O
ㅡㅡㅡ,ㅡㅡㅡ
장발,O
남의,O
브이로그,O
여행,O
울산,B_LOC
야시장에서,O
푸드,O
파이팅,O
모든,O
음식을,O
혼내주었습니다,O
울산광역시,B_LOC
낭만,O
여행,O
02,O
먹방편,O
ㅡㅡㅡ,ㅡㅡㅡ
믹스라이프,O
울산,B_LOC
여행,O
3,O
ㅡㅡㅡ,ㅡㅡㅡ
울산,B_LOC
여행,O
브이로그,O
1편,O
간절곶,B_TOR
울산대공원,B_TOR
장미축제,O
대방출,O
ㅡㅡㅡ,ㅡㅡㅡ
62,O
백수,O
쉬는일상,O
울산,B_LOC
여행,O
꾸준히,O
운동하고,O
잘먹어요,O
휴식기,O
ㅡㅡㅡ,ㅡㅡㅡ
여행,O
브이로그,O
울산,B_LOC
누나,O
의,O
후쿠오카,O
여행,O
브이로그,O
후쿠오카,O
여행시,O
꼭,O
가야할,O
곳들,O
체크,O
ㅡㅡㅡ,ㅡㅡㅡ
울산,B_LOC
으로,O
떠난,O
1박2일,O
여행,O
생일파티,O
친구,O
와,O
함께하는,O
사투리,O
브이로그,O
ㅡㅡㅡ,ㅡㅡㅡ
울산씨티투어트롤리버스,O
울산,B_LOC
여행,O
울산씨티투어,O
뉴아도,O
버스,O
여행,O
ㅡㅡㅡ,ㅡㅡㅡ
파인더,O
의,O
울산,B_LOC
통영,O
숨은,O
관광지를,O
찾아,O
떠나는,O
1박2일,O
여행,O
브이로그,O
브이로그,O
공모전,O
ㅡㅡㅡ,ㅡㅡㅡ
울산,B_LOC
직딩,O
먹방,O
일상,O
브이로그,O
울산,B_LOC
맛집,O
탐방,O
울산,B_LOC
동구,O
맛집,O
추천,O
고기,O
로,O
시작해서,O
고기,O
로,O
끝나는,O
일상,O
브이로그,O
인생은,O
고기,O
서,O
고기,O
다,O
ㅡㅡㅡ,ㅡㅡㅡ
가족,O
여행,O
브이로그,O
고래박물관,O
에,O
갔어요ㅣ,O
울산,B_LOC
장생포,B_LOC
ㅡㅡㅡ,ㅡㅡㅡ
가을,O
여행,O
브이로그,O
울산,B_LOC
태화강,B_TOR
억세밭으로,O
가을,O
여행,O
강아지,O
랑,O
산책하기,O
좋은,O
곳,O
아이들이랑,O
나들이,O
하기,O
좋은,O
곳,O
억새밭,O
힐링,O
ㅡㅡㅡ,ㅡㅡㅡ
윈쏘밍,O
브이로그평범한,O
직장인,O
브이로그,O
부모,O
님과,O
울산,B_LOC
여행,O
피크닉,O
가기,O
퇴근후,O
맛집과,O
카페가기,O
ㅡㅡㅡ,ㅡㅡㅡ
울산,B_LOC
맛집,O
쫄면두루치기,O
울산,B_LOC
맛집먹방브이로그,O
태화강국가정원,B_TOR
울산,B_LOC
여행코스,O
ㅡㅡㅡ,ㅡㅡㅡ
울산,B_LOC
여행,O
노잼,O
도시,O
울산,B_LOC
알고리즘대로,O
논다면,O
어떻게,O
될까,O
그대로,O
따라해봤다,O
ㅡㅡㅡ,ㅡㅡㅡ
당일치기,O
울산,B_LOC
여행,O
가볼만한,O
곳,O
국내여행,O
간절곶,B_TOR
고래마을,B_TOR
태화강국가정원,B_TOR
가족,O
여행일상브이로그,O
ㅡㅡㅡ,ㅡㅡㅡ
쿠쿠하세요쿠쿠,O
2,O
와,O
울산,B_LOC
여행,O
2편,O
ㅡㅡㅡ,ㅡㅡㅡ
41,O
추억은,O
방울방울,O
울산,B_LOC
여행,O
ㅡㅡㅡ,ㅡㅡㅡ
부산,O
울산,B_LOC
여행브이로그,O
밀면,O
유튜버,O
효녀의,O
찻집,O
울산,B_LOC
대왕암공원,B_TOR
태화강국가공원,B_TOR
ㅡㅡㅡ,ㅡㅡㅡ
장발남,O
의,O
브이로그,O
여행,O
울산,B_LOC
에가면,O
고래,O
를,O
만날수,O
있다는데,O
정말일까,O
ㅡㅡㅡ,ㅡㅡㅡ
왐마,O
여가,O
서울인교,O
울산,B_LOC
토박,O
이의,O
서울,O
여행,O
브이로그,O
ㅡㅡㅡ,ㅡㅡㅡ
개강,O
미뤄진,O
대딩이들과,O
급하게,O
잡은,O
울산,B_LOC
당일치기,O
여행,O
브이로그,O
울산,B_LOC
간절곶,B_TOR
슈돌나은,O
이도,O
왔다간,O
해빵,O
울산,B_LOC
오션,O
뷰,O
카페,O
호피폴라,O
하이패스,O
패치,O
후,O
고속도로,O
적응완료,O
ㅡㅡㅡ,ㅡㅡㅡ
여행,O
브이로그,O
울산,O
누나,O
의,O
엄마,O
와,O
함께,O
하는,O
제주도,O
여행,O
김포공항,O
아날로그,O
감귤,O
밭감성,O
제주,O
놀맨,O
애월,O
맛집봄날,O
카페,O
몽상드애월,O
제주도,O
렌트카,O
바바,O
카페,O
ㅡㅡㅡ,ㅡㅡㅡ
여행,O
브이로그,O
울산,O
누나,O
의,O
대마도,O
여행,O
브이로그,O
01,O
대마도,O
대마도,O
숙소맛집,O
일본,O
에서,O
운전,O
와타즈미신사,O
ㅡㅡㅡ,ㅡㅡㅡ
포항,O
트레킹,O
울산,B_LOC
간월재,B_TOR
등산,O
여행,O
브이로그,O
ㅡㅡㅡ,ㅡㅡㅡ
울산,B_LOC
당일치기,O
브이로그,O
4월봄,O
날씨,O
울산대공원,B_TOR
ㅡㅡㅡ,ㅡㅡㅡ
부산,O
울산,B_LOC
경남,O
남해,O
브이로그,O
동남권,O
나의,O
첫,O
부울경,O
여행,O
브이로그,O
1편,O
30초,O
쿠키영상,O
다른,O
버전으로,O
하나,O
더,O
준비했어요,O
번,O
전,O
힐링,O
구독,O
좋아요,O
ㅡㅡㅡ,ㅡㅡㅡ
울산,B_LOC
여행,O
울산,B_LOC
여행,O
후,O
퇴근길,O
야경,O
울산,B_LOC
공단,O
드라이브,O
10,O
ㅡㅡㅡ,ㅡㅡㅡ
과일바구니,O
리담에서,O
연휴,O
즐기기,O
울산,B_LOC
근교,O
여행,O
태화강,B_TOR
국가정원,O
산책,O
휴일브이로그,O
연휴브이로그,O
여유로운,O
일상,O
ㅡㅡㅡ,ㅡㅡㅡ
울산카페투어,O
브이로그,O
지지파이브,B_RES
소소숲,B_CAF
그리고,O
홍금복,O
까지,O
ㅡㅡㅡ,ㅡㅡㅡ
여행,O
브이로그,O
울산,B_LOC
누나,O
의,O
엄마,O
와,O
함께,O
하는,O
오사카,O
여행,O
ㅡㅡㅡ,ㅡㅡㅡ
여행,O
울산,B_LOC
여행,O
슬도,B_TOR
성끝마을,B_TOR
유채꽃,O
노을,O
10,O
ㅡㅡㅡ,ㅡㅡㅡ
울산,B_LOC
여행,O
무궁화열차,O
쫀드기,O
성남동,B_LOC
양파의청춘,O
태화강,B_TOR
해바라기,O
울산,B_LOC
대관람차,O
ㅡㅡㅡ,ㅡㅡㅡ
여행,O
브이로그,O
ㅣ,O
캠핑카,O
코치맨,O
오라이언,O
후기,O
ㅣ,O
울산,B_LOC
캠핑카,O
힐링,O
캠프,O
ㅡㅡㅡ,ㅡㅡㅡ
여행,O
브이로그,O
울산,B_LOC
누나,O
의,O
대마도,O
여행,O
브이로그,O
대마도,O
대마도,O
숙소맛집,O
일본,O
에서,O
운전,O
와타즈미신사,O
ㅡㅡㅡ,ㅡㅡㅡ
브이로그,O
울산,B_LOC
대왕암,B_TOR
포항,O
호미곶,O
ㅡㅡㅡ,ㅡㅡㅡ
강릉,O
여행,O
울산,B_LOC
에서,O
출발,O
포항,O
영일대,O
정동진,O
촛대바위,O
차박코스,O
일상,O
브이로그,O
레몽몽,O
커플브이로그,O
ㅡㅡㅡ,ㅡㅡㅡ
여행,O
브이로그,O
울산,B_LOC
누나,O
의,O
엄마,O
와,O
함께,O
하는,O
쿄토,O
여행,O
ㅡㅡㅡ,ㅡㅡㅡ
울산,B_LOC
여행,O
울산,B_LOC
간절곶,B_TOR
카페,O
어버이날,O
가족,O
여행,O
선물,O
가족,O
울산,B_LOC
여행,O
ㅡㅡㅡ,ㅡㅡㅡ
감기,O
때문에,O
고생한,O
일주일,O
직장인,O
브이로그,O
일상,O
먹방,O
울산,B_LOC
여행,O
운동,O
택배언박싱,O
ㅡㅡㅡ,ㅡㅡㅡ
ㅣ,O
룸메즈의,O
울산,B_LOC
여행,O
2편,O
울산,B_LOC
십리대숲은하수길,B_TOR
울산,B_LOC
맛집,O
대학생,O
여행,O
브이로그,O
ㅡㅡㅡ,ㅡㅡㅡ
연두로그,O
태연,O
이승철,O
한곡,O
으로,O
끝,O
울산,B_LOC
여행,O
브이로그,O
우정,O
브이로그,O
간절곶,B_TOR
슬도,B_TOR
효정식당,O
대왕암공원,B_TOR
카페,O
원스,O
세컨드,O
막창,O
드라마,O
십리대숲,B_TOR
ㅡㅡㅡ,ㅡㅡㅡ
출장을,O
핑계로,O
힐링한,O
브이로그,O
울산,B_LOC
뜻밖의,O
호캉스,O
조개구이,O
바다,O
ㅡㅡㅡ,ㅡㅡㅡ
여행,O
울산,B_LOC
여행코스,O
울산,B_LOC
어디까지가봤니,O
진하해수욕장,B_TOR
몽돌해변,O
맛집호캉스,O
ㅡㅡㅡ,ㅡㅡㅡ
진하해수욕장,B_TOR
명선도,B_TOR
진하해수욕장,B_TOR
낚시지금뭐잡히지,O
울산,B_LOC
여행,O
울산,B_LOC
낚시포인트가보자,O
ㅡㅡㅡ,ㅡㅡㅡ
울산,B_LOC
여행,O
너,O
여기,O
가봤니,O
대왕암,B_TOR
슬도등대,B_TOR
편,O
울산,B_LOC
여행,O
브이로그,O
울산,B_LOC
여행,O
브이로그,O
울산,B_LOC
여행지당일치기,O
국내여행,O
울산,B_LOC
여행,O
울산,B_LOC
여행,O
울산,B_LOC
가볼만하곳,O
울산,B_LOC
가볼만한곳,O
울산,B_LOC
여행코스,O
ㅡㅡㅡ,ㅡㅡㅡ
울산,B_LOC
여행,O
브이로그,O
언양불고기,O
올리브맨션,B_CAF
대왕암공원,B_TOR
출렁다리,O
태화강,B_TOR
십리대숲,B_TOR
ㅡㅡㅡ,ㅡㅡㅡ
울산,B_LOC
여행,O
간절곶,B_TOR
간절곶해빵,B_CAF
태화강,B_TOR
십리대나무밭,B_TOR
동해안,O
여행,O
ㅡㅡㅡ,ㅡㅡㅡ
10일간,O
의,O
울산,B_LOC
브이로그,O
나의,O
여름,O
휴가,O
갈수록,O
느는건,O
턱살ㅎㅎ,O
체력다몽,O
열심히,O
먹고,O
열심히,O
놀았다,O
ㅡㅡㅡ,ㅡㅡㅡ
국내여행,O
하다만,O
울산시티투어,O
버스,O
여행,O
ㅡㅡㅡ,ㅡㅡㅡ
장발,O
남자에,O
여행,O
울산,B_LOC
슬도,B_TOR
등대,O
밤야경은,O
진짜,O
레전드라고,O
소문이,O
났어요브이로그,O
ㅡㅡㅡ,ㅡㅡㅡ
장발남,O
의,O
여행,O
브이로그,O
울산고래문화마을,B_TOR
에서,O
고래,O
를,O
잡으러간,O
사나이,O
바로,O
우주인,O
이,O
사로,O
잡았습니다,O
우주에서온장발남,O
울산고래편03,O
ㅡㅡㅡ,ㅡㅡㅡ
름구름티비,O
9화,O
구름이,O
와,O
울산,B_LOC
경주,O
여행,O
3,O
강아지,O
여행,O
브이로그,O
ㅡㅡㅡ,ㅡㅡㅡ
여,O
행,O
혼자여행,O
브이로그,O
울산,B_LOC
바위,O
산행,O
마지막일지,O
모르는,O
국내혼자여행,O
강원도,O
여행,O
2일차,O
속초,O
설악산,O
울산바위,O
묵호마을,O
ㅡㅡㅡ,ㅡㅡㅡ
울산,B_LOC
여행,O
술,O
그리고,O
출근,O
대왕암공원,B_TOR
인얼스커피,O
샬로우커피,B_CAF
아키라,B_RES
스파크랜드,O
영원아카이브,O
ㅡㅡㅡ,ㅡㅡㅡ
브이로그,O
떽,O
누가,O
울산,B_LOC
이,O
노잼도시래,O
이주,O
연속,O
대유잼,O
울산,B_LOC
여행,O
ㅡㅡㅡ,ㅡㅡㅡ
울산,B_LOC
브이로그,O
울산,B_LOC
중구,O
서포터즈,O
울산,B_LOC
중구,O
전통시장,O
방문,O
ㅡㅡㅡ,ㅡㅡㅡ
공복,O
시,O
영상,O
시청,O
금지,O
먹방브이로그,O
울산,B_LOC
ㅡㅡㅡ,ㅡㅡㅡ
한프가족,O
벚꽃,O
구경,O
여행,O
울산,B_LOC
무거천,B_TOR
진해,O
경화역벚꽃길,O
진해식당,O
육아브이로그,O
여행브이로그,O
ㅡㅡㅡ,ㅡㅡㅡ
장발남,O
의,O
여행,O
브이로그,O
울산고래문화마을,B_TOR
에서,O
우주인,O
의,O
습격으로,O
고래,O
가,O
잡혔습니다,O
04,O
ㅡㅡㅡ,ㅡㅡㅡ
10,O
강원도,O
여행,O
브이로그,O
ㅣ,O
울산바위,O
ㅣ,O
속초중앙시장,O
ㅣ,O
소노캄델피노,O
ㅣ,O
돌체테리아,O
ㅣ,O
문단,O
ㅣ,O
만석닭강정,O
ㅣ,O
폴앤매리버거,O
ㅣ,O
강원도,O
맛집,O
ㅣ,O
송어회,O
속초,O
여행,O
고성,O
여행,O
ㅡㅡㅡ,ㅡㅡㅡ
11,O
송정박상진호수공원,B_TOR
울산에서가장아름다운산책길,O
울산,B_LOC
여행산책일상브이로그,O
ㅡㅡㅡ,ㅡㅡㅡ
세공주,O
네,O
브이로그,O
울산,B_LOC
아이들과,O
가볼만한곳,O
포니랜드,B_TOR
에서,O
승마,O
체험,O
양먹,O
이주기,O
말,O
먹이주기,O
트렉터,O
기차,O
타고,O
좌충우돌,O
너무나,O
신났던,O
일상기록,O
ㅡㅡㅡ,ㅡㅡㅡ
부산,O
서면,O
맛집,O
아키수산,O
울산,B_LOC
맛집,O
부조화,O
울산대공원,B_TOR
자전거,O
타기,O
거부돌곱창,O
울산,B_LOC
여행,O
브이로그,O
먹방,O
브이로그,O
ㅡㅡㅡ,ㅡㅡㅡ
달랑로그,O
울산,B_LOC
여행,O
브이로그,O
ㅡㅡㅡ,ㅡㅡㅡ
27,O
겨울,O
과,O
봄,O
사이,O
생일,O
울산,B_LOC
여행,O
ㅡㅡㅡ,ㅡㅡㅡ
주말,O
브이로그,O
네일,O
주차연습,O
울산,B_LOC
주전,O
바닷가에서,O
고기,O
구워먹는,O
브이로그,O
ㅡㅡㅡ,ㅡㅡㅡ
장발남,O
의,O
여행,O
브이로그,O
울산고래문화마을,B_TOR
에서,O
고래,O
를,O
잡으러,O
우주인,O
이,O
나타났습니다,O
브이로그,O
1,O
우주에서,O
온,O
장발,O
남,O
ㅡㅡㅡ,ㅡㅡㅡ
울산,B_LOC
여행,O
와이프,O
랑,O
명절스트레스,O
날리기,O
정자항,B_TOR
대게,O
먹고,O
대왕암공원,B_TOR
은,O
꼭,O
가보세요,O
ㅡㅡㅡ,ㅡㅡㅡ
일상,O
브이로그,O
6월,O
브이로그,O
언박싱,O
울산,B_LOC
미용실,O
오브더나인,O
티르티르,O
버켄스탁,O
먹로그,O
헤어디자이너,O
ㅡㅡㅡ,ㅡㅡㅡ
울산,B_LOC
브이로그,O
울산,B_LOC
에,O
온천이,O
있다,O
니,O
간월산온천호텔,O
자수정,O
동굴나라,O
카페,O
농도,O
ㅡㅡㅡ,ㅡㅡㅡ
12,O
소곤이,O
의,O
나,O
홀로,O
배낭여행,O
울산,B_LOC
1편,O
소원을,O
들어주는,O
달이,O
있는,O
울산,B_LOC
ㅡㅡㅡ,ㅡㅡㅡ
언시생,O
맨,O
공시,O
울산,B_LOC
시험,O
보러,O
갔다가,O
울산,B_LOC
여행,O
침착하게,O
도약하기,O
1,O
ㅡㅡㅡ,ㅡㅡㅡ
한달,O
지난,O
생일,O
주간,O
브이로그와,O
생일,O
선물,O
언박싱까지,O
부산,O
파라다이스,O
애프,O
너눈티,O
대구,O
여행,O
울산,B_LOC
여행,O
울산대공원,B_TOR
캠핑용품,O
ㅡㅡㅡ,ㅡㅡㅡ
춘천,O
예당호,O
나들이,O
브이로그,O
울산,B_LOC
친구,O
들과,O
소풍,O
여행,O
ㅡㅡㅡ,ㅡㅡㅡ
카페창업,O
브이로그4,O
드디어,O
인테리어,O
시작했어요,O
행궁동,O
카페,O
행궁동,O
맛집일몰,O
맛집베이킹,O
방화수류정,O
울산,B_LOC
여행,O
카페브이,O
로그,O
ㅡㅡㅡ,ㅡㅡㅡ
13,O
소곤이,O
의,O
나홀로,O
배낭여행,O
울산,B_LOC
2편,O
찍으면,O
인생샷인,O
포토존의,O
정체는,O
ㅡㅡㅡ,ㅡㅡㅡ
15,O
소곤이,O
의,O
나,O
홀로,O
배낭여행,O
울산,B_LOC
4편,O
울산,B_LOC
여행하면,O
뭐다,O
장생포고래마을,B_TOR
ㅡㅡㅡ,ㅡㅡㅡ
커플,O
울산,B_LOC
여행,O
2일차,O
여행데이트,O
간절곶,B_TOR
바다,O
대학생,O
커플,O
나사리해변,B_TOR
힐링,O
100일,O
기념여행기념일,O
ㅡㅡㅡ,ㅡㅡㅡ
1,O
울산,B_LOC
데이트,O
브이로그,O
첫브이로그ㅣ,O
커플,O
데이트,O
브이로그ㅣ먹방브이로그ㅣ,O
오션뷰카페,O
ㅣ,O
이자카야,O
ㅡㅡㅡ,ㅡㅡㅡ
울산,B_LOC
여행,O
2017,O
5,O
304,O
ㅡㅡㅡ,ㅡㅡㅡ
둘이,O
서,O
울산,B_LOC
여행,O
울산,B_LOC
여행,O
커플,O
여행,O
카페투어,O
가족,O
들과,O
힐링,O
대왕암,B_TOR
길냥이들,O
꽃날,O
ㅡㅡㅡ,ㅡㅡㅡ
울산,B_LOC
여행,O
가서,O
셀카,O
ㅡㅡㅡ,ㅡㅡㅡ
울산,B_LOC
여행,O
해돋이보고,O
아침,O
해먹고,O
해동용궁사,O
갔다가,O
킹크랩,O
먹어보자,O
울산,O
4편,O
국내여행,O
ㅡㅡㅡ,ㅡㅡㅡ
2021042325,O
익스트림,O
울산,B_LOC
여행,O
ㅡㅡㅡ,ㅡㅡㅡ
산책하기,O
좋은,O
공원,O
왕생이공원,B_TOR
울산,B_LOC
여행,O
산책로,O
반려견,O
반려견브이로그,O
울산,B_LOC
반려견산책,O
울뿌리,O
쁘띠냄,O
ㅡㅡㅡ,ㅡㅡㅡ
울산,B_LOC
여행,O
대왕암,B_TOR
가족,O
나들이,O
2021추석,O
ㅡㅡㅡ,ㅡㅡㅡ
장발남,O
의,O
여행,O
브이로그,O
울산고래문화마을,B_TOR
에서,O
고래,O
를,O
잡으러간,O
사나이,O
바로,O
누구입니까,O
바로,O
우주인,O
입니다,O
ㅋㅋ,O
우주에서온장발남,O
02,O
ㅡㅡㅡ,ㅡㅡㅡ
의,O
잘,O
먹고,O
잘,O
지낸,O
일주일,O
영상,O
울산,B_LOC
브이로그,O
선데이버거,O
라라브레드,O
한림돈가,O
정자바다,B_TOR
대게,O
ㅡㅡㅡ,ㅡㅡㅡ
내일로여행,O
울산,B_LOC
내일로,O
서포터즈,O
브이로그,O
큰애기,O
ㅡㅡㅡ,ㅡㅡㅡ
울산,B_LOC
여행,O
ㅡㅡㅡ,ㅡㅡㅡ
애플워치,O
회식은,O
좋지만,O
싫어요,O
주말,O
기념일,O
울산,B_LOC
여행,O
카페,O
리베리베,B_CAF
오하,O
오사카멘치,B_RES
대구,O
짬뽕정,O
울산,B_LOC
맛집,O
직장인브이로그,O
ㅡㅡㅡ,ㅡㅡㅡ
울산,B_LOC
브이로그,O
울산,B_LOC
카페러프로스터스,B_CAF
사소과자점,O
마카롱,O
울산,B_LOC
대왕암공원,B_TOR
조카,O
와,O
삼촌,O
의,O
일상,O
ㅡㅡㅡ,ㅡㅡㅡ
레,O
트로,O
감성,O
트롤리버스,O
타고,O
울산,O
여행,O
코스,O
한번에,O
돌자,O
ㅡㅡㅡ,ㅡㅡㅡ
윤구,O
부부,O
통영,O
여행,O
통영,O
맛집,O
라온,O
울산다찌,O
심가네짬뽕,O
이순신공원,O
수국,O
통영,O
카페,O
네르하21,O
여행브이로그,O
ㅡㅡㅡ,ㅡㅡㅡ
부산,O
울산,B_LOC
경남,O
남해,O
브이로그,O
동남권,O
나의,O
첫,O
부울경,O
여행,O
브이로그,O
2편,O
다른,O
버전으로,O
하나,O
더,O
준비했어요,O
번,O
전,O
힐링,O
구독,O
좋아요,O
ㅡㅡㅡ,ㅡㅡㅡ
울산대공원,B_TOR
장미원,O
주말,O
나들이,O
아이랑,O
갈만한,O
곳,O
어린이,O
음료수,O
에,O
눈뜬,O
14개월,O
아기,O
육아브이로그,O
ㅡㅡㅡ,ㅡㅡㅡ
울산,B_LOC
대구,O
여행,O
브이로그,O
장생포,B_LOC
고래문화마을,B_TOR
태화강국가정원,B_TOR
고건오티라미수,B_CAF
대구,O
불로동고분군,O
대구,O
근대,O
골목,O
투어,O
대구,O
근대,O
골목,O
단팥빵,O
삼송빵집,O
ㅡㅡㅡ,ㅡㅡㅡ
울산2,O
벚,O
꽃,O
부산,O
여행,O
모야로그,O
ㅡㅡㅡ,ㅡㅡㅡ
공시생,O
브이로그,O
바닷가,O
구경,O
실컷,O
하고,O
온,O
울산,B_LOC
여행,O
여행,O
후,O
공부는,O
들어,O
ㅡㅡㅡ,ㅡㅡㅡ
여행브이로그,O
울산시티투어버스,O
타고,O
떠난,O
울산,B_LOC
여행,O
똘끼충만세여자,O
ㅡㅡㅡ,ㅡㅡㅡ
울산,B_LOC
여행,O
브이로그,O
일몰이,O
이쁜,O
울산,B_LOC
바다,O
나사해수욕장,B_TOR
간절곶,B_TOR
울주,B_LOC
카페,O
울주,B_LOC
바다,O
ㅡㅡㅡ,ㅡㅡㅡ
일상,O
브이로그,O
가을,O
아이템,O
쇼핑,O
하울,O
오브더나인,O
하이원스,O
런디무무,O
가을,O
코디,O
출근룩,O
데일리룩,O
헤어디자이너,O
의,O
일상,O
울산,B_LOC
미용실,O
ㅡㅡㅡ,ㅡㅡㅡ
여행브이로그,O
울산,B_LOC
여행,O
도심속,O
가을,O
을,O
느끼다,O
ㅡㅡㅡ,ㅡㅡㅡ
국내여행,O
다큐,O
남자,O
셋,O
여자,O
하나,O
그들의,O
특별한,O
울산,B_LOC
울주,B_LOC
여행,O
간절곶,B_TOR
외고산옹기마을,B_TOR
남창,O
옹기종기,O
시장,O
진하해수욕장,B_TOR
울산옹기축제,O
랜선여행,O
ㅡㅡㅡ,ㅡㅡㅡ
보육교사,O
브이로그,O
울산,B_LOC
여행,O
태화강국가정원,B_TOR
미진돌곱창,B_RES
간월재억새군락지,B_TOR
ㅡㅡㅡ,ㅡㅡㅡ
아빠,O
랑,O
동생,O
이랑,O
울산,B_LOC
여행,O
브이로그,O
ㅡㅡㅡ,ㅡㅡㅡ
일상브이로그,O
울산,B_LOC
여행,O
국내여행,O
울산,B_LOC
성남동,B_LOC
태화강,B_TOR
칼집팬스테이크,B_RES
카,B_CAF
페컴포트,I_CAF
ㅡㅡㅡ,ㅡㅡㅡ
일상,O
브이로그,O
가을,O
옷,O
60만원,O
언박싱,O
트렌치코트,O
니트,O
가디건,O
슬랙스,O
가을,O
코디,O
출근룩,O
데일리룩,O
헤어디자이너,O
울산,B_LOC
미용실,O
ㅡㅡㅡ,ㅡㅡㅡ
좀있으면,O
설,O
인데,O
크리스마스,O
울산,B_LOC
여행,O
브이로그,O
ㅡㅡㅡ,ㅡㅡㅡ
우연,O
커플,O
여행,O
1000일,O
기념,O
부산,O
기장,O
여행,O
기장,O
목란,O
울산,B_LOC
간절곶,B_TOR
소망우체통,O
732,O
카페,O
제주도,O
감성,O
펜션,O
부산,O
기장,O
펜션,O
숙소,O
추천,O
ㅡㅡㅡ,ㅡㅡㅡ
4쏘렌토,O
브이로그,O
울산,B_LOC
여행,O
당일치기,O
ㅡㅡㅡ,ㅡㅡㅡ
닥스훈트,O
말랑이,O
의,O
부산,O
울산,B_LOC
여행,O
브이로그,O
3,O
반려견과,O
함께하는,O
여행,O
애견,O
카페,O
플레이그라운독,O
강아지,O
동반,O
식당,O
ㅡㅡㅡ,ㅡㅡㅡ
2021년2월,O
울산,B_LOC
여행,O
ㅡㅡㅡ,ㅡㅡㅡ
건대,O
소품샵기쁨의발견,O
사장,O
들의,O
유튜브,O
울산,B_LOC
여행,O
다녀왔어요,O
ㅡㅡㅡ,ㅡㅡㅡ
가을,O
의,O
시작을,O
알리는,O
영남알프스,O
간월재,B_TOR
울산,B_LOC
명소,O
국내여행,O
억새,O
ㅡㅡㅡ,ㅡㅡㅡ
닥스훈트,O
말랑이,O
의,O
부산,O
울산,B_LOC
여행,O
브이로,O
그,O
2,O
반려견,O
과,O
함께하는,O
여행,O
강아지,O
동반,O
식당,O
카페,O
애견,O
카페,O
개들랜드,O
ㅡㅡㅡ,ㅡㅡㅡ
울산,B_LOC
여행,O
브이로그,O
첫번째,O
1,O
ㅡㅡㅡ,ㅡㅡㅡ
육아,O
브이로그,O
경주라파미키즈풀빌라,O
경주풀빌라,O
경주소디스카페,O
경주,O
카페,O
울산양떼목장,B_TOR
양떼목장,O
경주로드100,O
카페,O
짬뽕,O
추억의,O
달동네,O
경주,O
가볼만한곳,O
아기와함께,O
키즈풀빌라,O
가족,O
여행,O
ㅡㅡㅡ,ㅡㅡㅡ
울산,B_LOC
여행,O
옹기마을,O
옹기,O
할머니,O
네,O
반찬,O
구매하기,O
브이로그,O
옹기축제,O
는,O
어떻게,O
되려나,O
ㅡㅡㅡ,ㅡㅡㅡ
연휴,O
나의기록,O
돌아와연휴야,O
울산,B_LOC
연휴후유증,O
태화강,B_TOR
십리대숲,B_TOR
화이트가든,O
오징어게임,O
비숑프리제,O
카페인중독,O
얼죽아,O
오리불고기,O
연어,O
ㅡㅡㅡ,ㅡㅡㅡ
03,O
다이어터의,O
주말,O
먹방브이로그,O
울산,B_LOC
맛집소개,O
산책을,O
빙자한,O
마트털기,O
빵맛집,O
털기,O
일상브이로그,O
ㅡㅡㅡ,ㅡㅡㅡ
여행영상,O
대한민국,O
일출,O
맛집은,O
다,O
남쪽,O
에,O
있나봐요,O
외국인,O
도,O
반해버리는,O
경주,O
울산,B_LOC
포항,O
ㅡㅡㅡ,ㅡㅡㅡ
랜선여행,O
울산,B_LOC
영남알프스,O
간월재,B_TOR
트레킹,O
홍류폭포,B_TOR
ㅡㅡㅡ,ㅡㅡㅡ
연휴,O
즐기기,O
울산,B_LOC
롯데호텔,O
추석,O
브이로그,O
울산,B_LOC
호캉스,O
태화강국가정원,B_TOR
대왕암공원,B_TOR
뚜벅이여행,O
국내여행,O
ㅡㅡㅡ,ㅡㅡㅡ
