﻿word,ner
인천,B_LOC
여행,O
브이로그,O
아이폰,O
12,O
무보정,O
차이나타운,B_TOR
동화마을,B_TOR
개항누리길,B_TOR
월미도,B_TOR
ㅡㅡㅡ,ㅡㅡㅡ
인천,B_LOC
여행,O
브이로그,O
월미도,B_TOR
테마파크,O
송도,O
오라카이호텔,O
솔찬공원,B_TOR
차이나타운,B_TOR
송월동,O
동화마을,B_TOR
짜장빙수,O
개항누리길,B_TOR
가서,O
흑백사진찍기,O
ㅡㅡㅡ,ㅡㅡㅡ
인천,B_LOC
브이로그,O
소품샵,O
독립서점,O
카페,O
그리고,O
월미도,B_TOR
에서,O
힐링한,O
하루,O
ㅡㅡㅡ,ㅡㅡㅡ
1주년,O
기념,O
데이트,O
브이로그,O
인천,B_LOC
여행,O
호캉스,O
중구,O
신포역,O
송도,O
센트럴파크,O
핫플,O
맛집,O
카페,O
ㅡㅡㅡ,ㅡㅡㅡ
인천브이로그,O
개항누리길,B_TOR
맛집,O
차이나타운,B_TOR
동화마을,B_TOR
카페,O
월미도,B_TOR
ㅡㅡㅡ,ㅡㅡㅡ
인천,B_LOC
데이트,O
브이로그,O
월미도,B_TOR
회,O
술먹방바이킹,O
동화마을,B_TOR
인천,B_LOC
카페비오는날트리플스트리,O
트,O
쇼핑,O
쭈꾸미볶음,O
서산,O
해미읍성,O
먹방브이로그,O
ㅡㅡㅡ,ㅡㅡㅡ
실기,O
끝나고,O
남,O
사친,O
과,O
차이나타운,B_TOR
한강,O
먹방,O
브이로그,O
두발,O
자전거,O
도전,O
터키,O
아이스크림,O
인천,B_LOC
홍두병,B_CAF
양꼬치,O
미트,O
ㅡㅡㅡ,ㅡㅡㅡ
생일,O
브이로그,O
친구,O
들과,O
인천,B_LOC
월미도,B_TOR
당일치기,O
여행,O
인천차이나타운,B_TOR
월미테마파크,B_TOR
03년생,O
브이로그,O
ㅡㅡㅡ,ㅡㅡㅡ
송도,O
센트럴파크,O
야경,O
브이로그,O
낮,O
과,O
밤,O
영상,O
인천,B_LOC
송도,O
가볼만한곳,O
인천,B_LOC
여행,O
현대프리미엄아울렛,O
큐브,O
트리플,O
스트리트,O
야경,O
영상,O
야경,O
명소,O
ㅡㅡㅡ,ㅡㅡㅡ
겨울,O
바다,O
보러,O
가서,O
조개구이,O
먹방,O
인천,B_LOC
영종도,B_TOR
브이로그,O
한별,O
ㅡㅡㅡ,ㅡㅡㅡ
인천대공원,B_TOR
산책,O
브이로그,O
3번째,O
애플펜슬,O
언박싱,O
친구,O
랑,O
마라탕,O
샌드위치,O
컵라면,O
참치김밥,O
뚜비,O
ㅡㅡㅡ,ㅡㅡㅡ
인천,B_LOC
군포,O
여행,O
발,O
이,O
향하는대로,O
급,O
당일치기,O
브이로그,O
군포,O
홍종흔베이커리,O
인천,B_LOC
월미도,B_TOR
송도,O
센트럴파크,O
송도,O
한옥카페,O
ㅡㅡㅡ,ㅡㅡㅡ
인천,B_LOC
영종도,B_TOR
데이트,O
감성브이로그,O
인,O
척하는,O
찐텐,O
랄까,O
드라이브,O
영종도,B_TOR
핫플,O
꽁스타,O
멍,O
바다,B_CAF
앞테라스,I_CAF
스,O
ㅡㅡㅡ,ㅡㅡㅡ
연상연하,O
부부,O
데이트,O
브이로그,O
꽁냥꽁냥,O
인천대공원,B_TOR
나들이,O
동물원,O
인천,B_LOC
데이트,O
쪽갈비,O
먹방,O
ㅡㅡㅡ,ㅡㅡㅡ
초보운전,O
브이로그,O
영종도,B_TOR
미단시티,O
인천국제공항,O
고속도로,O
운전연수,O
운전면허따고,O
첫,O
주행,O
ㅡㅡㅡ,ㅡㅡㅡ
인천여행,O
1박2일,O
의,O
인천,B_LOC
여행,O
브이로그,O
월미,B_TOR
여행,O
인천,B_LOC
여행,O
월미테마파크,B_TOR
월미열차,O
월미여관,O
차이나타운,B_TOR
경성1950,O
연경,B_LOC
홍두병,B_CAF
ㅡㅡㅡ,ㅡㅡㅡ
인천,B_LOC
월미도,B_TOR
브이로그,O
베니키아호텔,O
에서,O
먹다가,O
끝난,O
호캉스,O
ㅡㅡㅡ,ㅡㅡㅡ
70대,O
할머니,O
인천,B_LOC
월미도,B_TOR
바이킹,O
타다,O
인천,B_LOC
월미도,B_TOR
브이로그,O
인천홀릭크리에이터,O
ㅡㅡㅡ,ㅡㅡㅡ
일상,O
브이로그,O
엄마,O
랑,O
트리플,O
스트리트,O
센트럴파크,O
인천대학교,O
구월동,O
60계치킨,O
대학생,O
ㅡㅡㅡ,ㅡㅡㅡ
인천,B_LOC
영종도,B_TOR
드라이브,O
브이로그,O
데이트코스,O
영종도,B_TOR
맛집,O
영종도,B_TOR
카페,O
이찌,O
2,O
ㅡㅡㅡ,ㅡㅡㅡ
인천,B_LOC
여행,O
브이로그,O
월미도,B_TOR
차이나타운,B_TOR
호텔,O
월미도,B_TOR
호캉스,O
1박2일,O
ㅡㅡㅡ,ㅡㅡㅡ
친구,O
들이랑,O
월미도,B_TOR
나들이,O
ㅣ,O
인천차이나타운,B_TOR
월미테마파크,B_TOR
ㅣ,O
일상브이로그,O
ㅡㅡㅡ,ㅡㅡㅡ
대학생,O
힐링,O
브이로그ㅣ,O
엄마,O
랑,O
단둘이,O
호캉스,O
인천,B_LOC
네스트호텔,O
월미도,B_TOR
슬링샷,O
ㅡㅡㅡ,ㅡㅡㅡ
인천,B_LOC
여행,O
브이로그,O
월미도,B_TOR
차이나타운,B_TOR
동화마을,B_TOR
여고생,O
당일여행국내여행,O
고등학생,O
캐논,O
73,O
에어리,O
ㅡㅡㅡ,ㅡㅡㅡ
남자친구,O
와,O
무작정,O
떠나는,O
인천,B_LOC
당일치기,O
브이로그,O
차이나타운,B_TOR
짜장면,O
동화마을,B_TOR
월미도,B_TOR
인생샷,O
건지기,O
좋은장소데이트,O
하기,O
좋은장소,O
ㅡㅡㅡ,ㅡㅡㅡ
교대생,O
브이로그,O
와,O
쌍둥이,O
자매,O
가,O
떠나는,O
인천,B_LOC
여행,O
구월동로데오,O
잇츠,B_RES
79파운야드,B_CAF
월미도,O
달빛조개,B_RES
박효신,O
닭꼬치,O
ㅡㅡㅡ,ㅡㅡㅡ
여행,O
브이로그,O
1,O
인천,B_LOC
1박2일,O
여행ㅣ,O
인천,B_LOC
여행ㅣ,O
월미도,B_TOR
ㅣ,O
차이나타운,B_TOR
ㅣ,O
동화마을,B_TOR
ㅣ,O
을왕리,B_TOR
ㅣ,O
도우도우,B_CAF
ㅣ,O
인천,B_LOC
핫플레이스,O
ㅣ,O
1일,O
3,O
맛집,O
브이로그,O
ㅡㅡㅡ,ㅡㅡㅡ
영종도,B_TOR
애견펜션,O
인천,B_LOC
우정,O
여행,O
직장인,O
주말브이로그,O
사람셋시바견둘,O
바다보이는애견펜션,O
친구네시바,O
견,O
ㅡㅡㅡ,ㅡㅡㅡ
인천,B_LOC
토박이,O
관광객친구,O
의,O
1박2일,O
인천,B_LOC
여행,O
브이로그,O
차이나타운,B_TOR
에서,O
짜장면빙수,O
먹기,O
개항누리길,B_TOR
월미도,B_TOR
갑자기,O
피자,O
몰,O
ㅡㅡㅡ,ㅡㅡㅡ
호캉스,O
브이로그,O
인천파라다이스시티호텔,O
월미도,B_TOR
인천,B_LOC
여행,O
국내여행,O
ㅡㅡㅡ,ㅡㅡㅡ
인천,B_LOC
차이나타운,B_TOR
먹방,O
브이로그,O
100년,O
전통,O
원조,O
짜장면,O
공화춘,B_RES
월병과,O
공갈빵,O
ㅡㅡㅡ,ㅡㅡㅡ
직장인,O
브이로그,O
40대,O
새,O
가족,O
545하이브리드,O
인천대교,O
영종도,B_TOR
드라이빙센터,O
방문기,O
하루은경,O
12,O
ㅡㅡㅡ,ㅡㅡㅡ
인천,B_LOC
드라이브,O
브이로그,O
영종도,B_TOR
마시안해변,B_TOR
언택트,O
데이트,O
베베꼬인,O
하루,O
ㅡㅡㅡ,ㅡㅡㅡ
여름,O
휴가,O
브이로그,O
1일차,O
인천,B_LOC
ㅣ,O
마라샹궈,O
ㅣ,O
차이나타운,B_TOR
ㅣ아트플랫폼ㅣ,O
월미도,B_TOR
ㅣ,O
조개구이,O
ㅡㅡㅡ,ㅡㅡㅡ
일상,O
브이로그,O
인천,B_LOC
차이나타운,B_TOR
중국,O
음식,O
먹방,O
월미도,B_TOR
데이트,O
ㅡㅡㅡ,ㅡㅡㅡ
인천대공원,B_TOR
일상,O
브이로그,O
소소한,O
주말,O
보내기,O
ㅡㅡㅡ,ㅡㅡㅡ
예피소드,O
영종도,B_TOR
여행브이로그,O
인천,B_LOC
네스트호텔,O
선녀바위해수욕장,B_TOR
마시안해변,B_TOR
호캉스,O
어부신광,B_RES
호,I_RES
해물칼국수,O
인피니,O
티,O
풀,O
1박2일,O
국내여행,O
ㅡㅡㅡ,ㅡㅡㅡ
인천,B_LOC
영종도,B_TOR
드라이브,O
브이로그,O
바닷가,O
예쁜,O
카페,O
27다운타운,B_CAF
레일바이크,B_TOR
사진,O
찍기,O
좋은,O
곳,O
ㅡㅡㅡ,ㅡㅡㅡ
월미도게임,B_TOR
인천,B_LOC
여행,O
브이로그,O
차이나타운,B_TOR
월미도,B_TOR
오징어,O
게임,O
마이랜드,O
인하대,O
후문,O
ㅡㅡㅡ,ㅡㅡㅡ
카페,O
브이로그,O
영종도,B_TOR
카페,O
스타파이브,B_CAF
영종도,B_TOR
가볼만한,O
곳,O
인천공항,O
데이트코스,O
ㅡㅡㅡ,ㅡㅡㅡ
맹지니,O
브이로그,O
인천,B_LOC
여행,O
2일차,O
영종도,B_TOR
방문,O
하늘정원,B_TOR
코스모스,O
구경,O
ㅡㅡㅡ,ㅡㅡㅡ
육아브이로그,O
인천대공원,B_TOR
피크닉,O
ㅡㅡㅡ,ㅡㅡㅡ
인천대공원,B_TOR
동물원,O
어린이동물원,O
또또,O
방학,O
브이로그,O
아이들과,O
가볼만한곳,O
ㅡㅡㅡ,ㅡㅡㅡ
여행,O
인천,B_LOC
월미도,B_TOR
당일치기,O
여행,O
브이로그,O
다양한,O
놀거리와,O
볼거리,O
ㅡㅡㅡ,ㅡㅡㅡ
인천,B_LOC
대부도,O
선재도,B_TOR
여행,O
브이로그,O
뻘다방,B_CAF
카페에서,O
일몰보기,O
인천,B_LOC
당일치기,O
여행,O
ㅡㅡㅡ,ㅡㅡㅡ
인천,B_LOC
토박이,O
브이로그,O
인천,B_LOC
당일치기,O
여행,O
동인천,O
개항로,O
월미도,B_TOR
ㅡㅡㅡ,ㅡㅡㅡ
커플브이로그일상,O
첫브이로그,O
연상연하,O
커플,O
의,O
인천,B_LOC
차이나타운,B_TOR
동화마을,B_TOR
월미도,B_TOR
데이트,O
ㅡㅡㅡ,ㅡㅡㅡ
월미도,B_TOR
월미공원,B_TOR
월미산,B_TOR
월미테마파크,B_TOR
차박,O
인천,B_LOC
브이로그,O
ㅡㅡㅡ,ㅡㅡㅡ
첫,O
브이로그,O
월미도,B_TOR
에,O
가다,O
에버,O
인천,B_LOC
월미도,B_TOR
1박2일,O
여행,O
ㅡㅡㅡ,ㅡㅡㅡ
영종도사는여자,B_TOR
브이로그,O
인천,B_LOC
차이나타운,B_TOR
인천,B_LOC
카페,O
아키라,B_CAF
가라아게,O
만들기,O
전설의가라아게,O
할리스,O
카페에서,O
공부하기,O
영종도,B_TOR
싸사이드파크,O
산책,O
ㅡㅡㅡ,ㅡㅡㅡ
채널다슬브이로그,O
서울,O
근교,O
인천,B_LOC
맛집,O
영종도,B_TOR
맛집투어,O
갈,O
사람,O
여기여기,O
붙어라,O
볼륨을,O
높혀주세요,O
ㅡㅡㅡ,ㅡㅡㅡ
애견카페,O
브이로그,O
강아지,O
모임,O
인천,B_LOC
영종도,B_TOR
해리파크,O
ㅡㅡㅡ,ㅡㅡㅡ
12,O
직장인,O
브이로그,O
데일리룩,O
르메르,O
에르메스,O
꼼데가르송,O
아르켓,O
ㅣ,O
소니카메라,O
개봉기ㅣ,O
인천,B_LOC
여행,O
선재도,B_TOR
뻘다방,B_CAF
목섬,O
ㅡㅡㅡ,ㅡㅡㅡ
코코랑,O
자전거,O
라이딩,O
브이로그,O
17,O
인천대공원,B_TOR
스트라이다,O
ㅡㅡㅡ,ㅡㅡㅡ
하귀요미,O
육아,O
일상,O
브이로그,O
18개월,O
아기,O
인천대공원,B_TOR
나들이,O
인천대공원,B_TOR
맛집,O
ㅡㅡㅡ,ㅡㅡㅡ
오늘,O
의우리,O
인천,B_LOC
영종도,B_TOR
여행,O
1일차,O
2박3일,O
국제,O
커플,O
커플,O
브이로그,O
차,O
없이,O
인천,B_LOC
여행,O
라면,O
맛집,O
ㅡㅡㅡ,ㅡㅡㅡ
11,O
20개월,O
아기,O
육아브이로그,O
인천,B_LOC
송도,O
여행하는,O
이솔,O
인천,B_LOC
가볼만한,O
곳,O
송도,O
센트럴파크,O
송도,O
솔찬공원,B_TOR
ㅡㅡㅡ,ㅡㅡㅡ
인천,B_LOC
당일치기,O
여행코스,O
영종도,B_TOR
파라다이스시티,O
찍고,O
을왕리,B_TOR
맛집,O
탐방,O
했어요,O
또치브이로그,O
ㅡㅡㅡ,ㅡㅡㅡ
주말,O
일상,O
육아,O
브이로그,O
24개월,O
아이랑,O
김밥,O
만들기,O
인천대공원,B_TOR
나들이,O
ㅡㅡㅡ,ㅡㅡㅡ
빈티지,O
캠코더,O
로,O
담은,O
나의,O
생일,O
일상,O
브이로그,O
빈티지,O
캠코더,O
브이로그,O
인천,B_LOC
영종도,B_TOR
카페,O
온화,B_CAF
월미도,B_TOR
바이킹,O
포토이즘,O
신포동,O
스시사쿠,O
ㅡㅡㅡ,ㅡㅡㅡ
