﻿word,ner
ㅡㅡㅡ,ㅡㅡㅡ
사회적,O
거리두기,O
강화,O
기간,O
이전의,O
일상을,O
담은,O
영상입니다,O
ㅡㅡㅡ,ㅡㅡㅡ
발걸음이,O
닿은,O
곳,O
ㅡㅡㅡ,ㅡㅡㅡ
동인천,O
ㅡㅡㅡ,ㅡㅡㅡ
다다상점,O
ㅡㅡㅡ,ㅡㅡㅡ
차북카페,B_CAF
ㅡㅡㅡ,ㅡㅡㅡ
커넥더닷츠,B_CAF
ㅡㅡㅡ,ㅡㅡㅡ
잡화분기점,O
ㅡㅡㅡ,ㅡㅡㅡ
오슬로,O
ㅡㅡㅡ,ㅡㅡㅡ
타르트,O
야,O
ㅡㅡㅡ,ㅡㅡㅡ
카페아키라,B_CAF
ㅡㅡㅡ,ㅡㅡㅡ
월미도,B_TOR
ㅡㅡㅡ,ㅡㅡㅡ
사용한,O
음악,O
ㅡㅡㅡ,ㅡㅡㅡ
590151,O
ㅡㅡㅡ,ㅡㅡㅡ
9342,O
ㅡㅡㅡ,ㅡㅡㅡ
인천,B_LOC
브이로그,O
동인천,O
브이로그,O
ㅡㅡㅡ,ㅡㅡㅡ
안녕하세요,O
사야,O
입니다,O
ㅡㅡㅡ,ㅡㅡㅡ
이번주,O
영상은,O
6월첫째주,O
일상입니다,O
ㅡㅡㅡ,ㅡㅡㅡ
정들었던,O
터미널,O
1,O
을,O
떠나,O
새로운,O
터미널,O
2,O
로,O
출근하는,O
6월,O
의,O
시작이네요,O
ㅡㅡㅡ,ㅡㅡㅡ
다들,O
찬,O
6월,O
이,O
되길,O
바라며,O
ㅡㅡㅡ,ㅡㅡㅡ
오늘,O
도,O
영상,O
봐주셔서,O
감사합니다,O
ㅡㅡㅡ,ㅡㅡㅡ
ㅡㅡㅡ,ㅡㅡㅡ
직장인,O
브이로그,O
공항브이로그,O
브이로그,O
회사원,O
브이로그,O
출근브이로그,O
일상,O
인천공항,O
영종도,B_TOR
영종도,B_TOR
브이로그,O
놀러와인,O
일본어,O
공부,O
日常,O
空港,O
社員,O
ㅡㅡㅡ,ㅡㅡㅡ
당일치기,O
인천,B_LOC
여행,O
코스,O
ㅡㅡㅡ,ㅡㅡㅡ
인천역,B_LOC
차이나타운,B_TOR
짜장면,B_TOR
박물관,I_TOR
동화마을,B_TOR
월미도,B_TOR
ㅡㅡㅡ,ㅡㅡㅡ
안녕하세요,O
미송송파송송입니다,O
ㅡㅡㅡ,ㅡㅡㅡ
트윈룩을,O
입고,O
떠난,O
당일치기,O
인천,B_LOC
여행을,O
브이로그로,O
담아봤습니다,O
ㅡㅡㅡ,ㅡㅡㅡ
서울,B_LOC
에서,O
지하철,O
을,O
타고,O
한시간,O
남짓한,O
거리에,O
있는,O
인천,B_LOC
으로,O
갔어요,O
ㅎㅎ,O
ㅡㅡㅡ,ㅡㅡㅡ
인천역,O
에,O
도착하자,O
마자,O
보이는,O
차이나타운,B_TOR
에서,O
짜장면,O
과,O
짬뽕,O
도,O
먹고,O
후식으로,O
탕후루,O
와,O
포춘쿠키,O
까지,O
월미도,B_TOR
에,O
도착해서,O
저녁,O
도,O
야무지게,O
먹고,O
관람차도,O
타고,O
아주,O
알찬,O
여행이였어요,O
ㅡㅡㅡ,ㅡㅡㅡ
이번,O
브이로그,O
영상,O
찍으면서,O
인천,B_LOC
여행,O
뽐뿌,O
영상도,O
찍었는데,O
ㅡㅡㅡ,ㅡㅡㅡ
다음,O
영상도,O
또,O
놀러와주세요,O
ㅡㅡㅡ,ㅡㅡㅡ
당일치기,O
인천,B_LOC
여행,O
월미도,B_TOR
ㅡㅡㅡ,ㅡㅡㅡ
030,O
차이나타운,B_TOR
ㅡㅡㅡ,ㅡㅡㅡ
218,O
카페아키라,B_CAF
ㅡㅡㅡ,ㅡㅡㅡ
337,O
동화마을,B_TOR
ㅡㅡㅡ,ㅡㅡㅡ
540,O
월미도,B_TOR
ㅡㅡㅡ,ㅡㅡㅡ
ㅡㅡㅡ,ㅡㅡㅡ
ㅡㅡㅡ,ㅡㅡㅡ
구독과,O
좋아요는,O
저에게,O
큰,O
이,O
됩니다,O
ㅡㅡㅡ,ㅡㅡㅡ
다음에도,O
좋은,O
영상으로,O
만나요,O
ㅡㅡㅡ,ㅡㅡㅡ
안뇽,O
미트볼,O
여러분,O
미트입니다,O
ㅡㅡㅡ,ㅡㅡㅡ
10월말,O
에,O
제가,O
실기,O
시험을,O
보러,O
인천,B_LOC
에,O
처음,O
갔었어요,O
ㅡㅡㅡ,ㅡㅡㅡ
그래서,O
간,O
김에,O
차이나타운,B_TOR
도,O
가고,O
한강,O
도,O
갔다왔답니다,O
ㅡㅡㅡ,ㅡㅡㅡ
영상,O
속,O
남,O
사친,O
은,O
세종대,O
실기,O
끝나고,O
같이,O
엽떡,O
먹었던,O
친구,O
에요,O
친구,O
입니다,O
오해금지제발,O
ㅡㅡㅡ,ㅡㅡㅡ
차이나타운,B_TOR
에,O
맛있는,O
음식들,O
진짜,O
많이,O
팔더라구요,O
ㅡㅡㅡ,ㅡㅡㅡ
홍두병,B_CAF
강추,O
터키,O
아이스크림,O
치비코야키,O
등,O
맛있는,O
음식들이,O
가득,O
ㅡㅡㅡ,ㅡㅡㅡ
탕후루,O
는,O
질리도록,O
먹을,O
수,O
있겠더라구요ㅋㅋㅋㅋ,O
ㅡㅡㅡ,ㅡㅡㅡ
담에,O
또,O
가면,O
하얀,O
짜장,O
도,O
먹어봐야겠어요,O
ㅡㅡㅡ,ㅡㅡㅡ
포춘쿠키,O
도,O
뽀사봤는데,O
내용이,O
흠,O
ㅡㅡㅡ,ㅡㅡㅡ
한강,O
은,O
뿌링클,O
신전,O
먹고,O
밤도깨비,O
야시장까지,O
먹어치우기,O
위해,O
갔는데요,O
ㅡㅡㅡ,ㅡㅡㅡ
떡볶이,O
랑,O
닭강정,O
만,O
먹고,O
왔지만,O
닭강정,O
이,O
아주,O
성공적,O
ㅡㅡㅡ,ㅡㅡㅡ
그리고,O
두발,O
자전거,O
못,O
타는데,O
궁금해서,O
도전해봤어요,O
ㅡㅡㅡ,ㅡㅡㅡ
메이크업은,O
가을,O
참고해주세요,O
ㅡㅡㅡ,ㅡㅡㅡ
330,O
ㅡㅡㅡ,ㅡㅡㅡ
가죽자켓,O
미트마트,O
2차,O
판매마감,O
ㅡㅡㅡ,ㅡㅡㅡ
와인,O
티셔츠,O
소녀나라,O
중독티셔츠,O
ㅡㅡㅡ,ㅡㅡㅡ
슬랙스,O
언니가간다,O
ㅡㅡㅡ,ㅡㅡㅡ
핑크,O
가방,O
정보,O
없음,O
ㅡㅡㅡ,ㅡㅡㅡ
ㅡㅡㅡㅡㅡㅡㅡㅡㅡㅡ,O
ㅡㅡㅡ,ㅡㅡㅡ
카메라,O
캐논,O
72,O
ㅡㅡㅡ,ㅡㅡㅡ
편집,O
어도비프리미어프로,O
ㅡㅡㅡ,ㅡㅡㅡ
ㅡㅡㅡ,ㅡㅡㅡ
ㅡㅡㅡ,ㅡㅡㅡ
인천,B_LOC
송도,O
센트럴파크,O
의,O
낮,O
과,O
밤,O
의,O
야경,O
모습을,O
위주로,O
담았어요,O
ㅡㅡㅡ,ㅡㅡㅡ
브이로그,O
일상영상,O
데일리민주,O
ㅡㅡㅡ,ㅡㅡㅡ
안녕하세요,O
ㅡㅡㅡ,ㅡㅡㅡ
오늘,O
은,O
오랜만에,O
동생,O
이랑,O
인천,B_LOC
집에,O
다녀와서,O
찍은,O
일상,O
영상이에요,O
ㅡㅡㅡ,ㅡㅡㅡ
인천,B_LOC
에서,O
핫한,O
맛집인,O
레바논버거,B_RES
도,O
먹고,O
영종도,B_TOR
카페,O
도,O
다녀왔어요,O
ㅡㅡㅡ,ㅡㅡㅡ
안녕하세요,O
베일리,O
입니다,O
ㅡㅡㅡ,ㅡㅡㅡ
처음으로,O
인천,B_LOC
선재,B_TOR
도,I_TOR
여행을,O
다녀왔어요,O
ㅡㅡㅡ,ㅡㅡㅡ
목적은,O
바다낚시였는데,O
이번,O
영상에서는,O
낚시하러,O
가기,O
전,O
여행,O
코스가,O
담겼습니다,O
ㅡㅡㅡ,ㅡㅡㅡ
바다낚시,O
간,O
다음,O
영상도,O
기대해,O
주세요,O
ㅡㅡㅡ,ㅡㅡㅡ
영상,O
재밌게,O
보셨으면,O
좋아요,O
구독,O
눌러주세요,O
ㅡㅡㅡ,ㅡㅡㅡ
사회적,O
거리두기,O
2단계,O
시행,O
전,O
8월둘째주,O
에,O
다녀온,O
여행입니다,O
ㅡㅡㅡ,ㅡㅡㅡ
베일리,O
브이로그,O
선재도,B_TOR
뻘다방,B_CAF
황금갯벌,B_RES
인천,B_LOC
선재도,B_TOR
선재도,B_TOR
여행,O
ㅡㅡㅡ,ㅡㅡㅡ
베일리,O
인스타그램,O
ㅡㅡㅡ,ㅡㅡㅡ
베일리,O
블로그,O
ㅡㅡㅡ,ㅡㅡㅡ
안녕하세요,O
별링,O
한별입니다,O
ㅡㅡㅡ,ㅡㅡㅡ
신발과,O
입은,O
옷,O
전부,O
일본,O
빈티지,O
제품입니다,O
ㅡㅡㅡ,ㅡㅡㅡ
오프라인,O
여기저기서,O
산,O
거라,O
정보는,O
없습니다ㅠㅠ,O
ㅡㅡㅡ,ㅡㅡㅡ
니트,O
는,O
원래,O
오프숄더니트,O
라서,O
저렇게,O
흘러내리는,O
ㅡㅡㅡ,ㅡㅡㅡ
보라색,O
스타킹,O
은,O
네이버,O
에,O
칼라스타킹,O
검색해서,O
ㅡㅡㅡ,ㅡㅡㅡ
저렴한,O
걸로,O
구매했습니다,O
ㅡㅡㅡ,ㅡㅡㅡ
스타킹,O
에,O
레이어드한,O
망사,O
니삭스,O
는,O
아쿠비클럽,O
제품,O
ㅡㅡㅡ,ㅡㅡㅡ
립제품은,O
셀레피트스타핏립틴트,O
1호,O
ㅡㅡㅡ,ㅡㅡㅡ
사진,O
찍어드린,O
아주머니,O
들께,O
촬영이라,O
말씀드렸고,O
ㅡㅡㅡ,ㅡㅡㅡ
얼굴,O
이,O
나와도,O
괜찮다고,O
말씀하셨지만,O
그래도,O
가려드렸습니다,O
어머님,O
들이,O
얼굴,O
나오시면,O
확인한다고,O
제,O
채널,O
궁금해하셔서,O
알려드렸었어용,O
ㅋㅋㅋㅎ,O
ㅡㅡㅡ,ㅡㅡㅡ
어머님,O
들,O
저,O
예쁘다고,O
해주셔서,O
감사합니다,O
ㅡㅡㅡ,ㅡㅡㅡ
조개구이,O
는,O
영종도,B_TOR
불티나,B_RES
조개구이,I_RES
에서,O
먹었구요,O
ㅡㅡㅡ,ㅡㅡㅡ
연인,O
세트,O
불티나조개구이,B_RES
랍스타치즈구이,O
가격,O
10만원,O
입니당,O
ㅡㅡㅡ,ㅡㅡㅡ
협찬,O
아니고,O
돈,O
내고,O
먹음,O
맛있음,O
신선했음,O
ㅡㅡㅡ,ㅡㅡㅡ
고양이,O
가,O
있어서,O
기분이,O
좋았어용,O
ㅡㅡㅡ,ㅡㅡㅡ
영상에,O
나온,O
검은,O
고양이,O
가,O
최근,O
아가를,O
낳았더라는,O
ㅡㅡㅡ,ㅡㅡㅡ
그런데,O
아빠,O
가,O
누군지,O
모르겠더라는,O
ㅡㅡㅡ,ㅡㅡㅡ
얘기를,O
사장,O
님께서,O
해주셨습니다,O
ㅡㅡㅡ,ㅡㅡㅡ
여기서도,O
촬영,O
허락,O
맡았습니다,O
ㅡㅡㅡ,ㅡㅡㅡ
오늘,O
도,O
봐주셔서,O
감사합니다,O
ㅡㅡㅡ,ㅡㅡㅡ
다들,O
서울,B_LOC
근교,O
예쁜,O
겨울,O
바다,O
보러,O
선녀바위해수욕장,B_TOR
으로,O
가세요,O
ㅡㅡㅡ,ㅡㅡㅡ
제가,O
시간,O
나면,O
먹방,O
부분만,O
따로,O
타임라인,O
올릴,O
건데,O
급한,O
분이,O
계시면,O
봉사,O
한번,O
해주세용,O
ㅡㅡㅡ,ㅡㅡㅡ
인천,B_LOC
여행,O
데이트,O
커플브이로그,O
ㅡㅡㅡ,ㅡㅡㅡ
본,O
영상은,O
유료,O
광고를,O
포함하지,O
않습니다,O
ㅡㅡㅡ,ㅡㅡㅡ
안녕하세요,O
예지,O
입니다,O
ㅡㅡㅡ,ㅡㅡㅡ
첫,O
영상은,O
인천,B_LOC
월미도,B_TOR
브이로그입니다,O
ㅡㅡㅡ,ㅡㅡㅡ
하루종일,O
알차게,O
놀았어요,O
ㅡㅡㅡ,ㅡㅡㅡ
월미도,B_TOR
에서,O
유명한,O
달빛조개,B_RES
맛집까지,O
탐방했으니,O
재미있게,O
봐주시고,O
좋아요,O
와,O
구독도,O
눌러주세요,O
ㅡㅡㅡ,ㅡㅡㅡ
5월4일,O
당일치기로,O
다녀온,O
인천,B_LOC
여행,O
브이로그,O
ㅡㅡㅡ,ㅡㅡㅡ
유럽,O
에서,O
3주동안,O
함께한,O
인천,B_LOC
고수,O
님들을,O
만나러,O
다녀온,O
인천,B_LOC
입니다,O
ㅡㅡㅡ,ㅡㅡㅡ
대구,B_LOC
에서,O
왕복8시간정도,O
로,O
먼,O
인천,B_LOC
이지만,O
ㅡㅡㅡ,ㅡㅡㅡ
쉑쉑버거,O
도,O
먹고,O
송도,O
센트럴파크,O
에서,O
로,O
본,O
삼둥이,O
집도,O
보고,O
맛있는,O
것도,O
많이,O
먹어,O
즐거운,O
인천,B_LOC
여행이였어요,O
ㅡㅡㅡ,ㅡㅡㅡ
루트,O
ㅡㅡㅡ,ㅡㅡㅡ
동대구고속버스터미널,O
인천고속버스터미널,O
송도,O
쉑쉑버거,O
카페,O
젠젠,B_CAF
송도,O
센트럴파크,O
구월동,O
모자온달,B_RES
닭발,O
더달렛,B_CAF
마카롱,O
인천고터,O
열매집,O
인천고속버스터미널,O
동대구,O
ㅡㅡㅡ,ㅡㅡㅡ
해당,O
영상은,O
사회적거리두기,O
격상,O
전,O
1단계,O
상황에서,O
촬영한,O
영상입니다,O
ㅡㅡㅡ,ㅡㅡㅡ
발길,O
닿는대로,O
움직이는,O
무계획,O
급,O
당일치기,O
여행현장,O
ㅡㅡㅡ,ㅡㅡㅡ
군포,O
맛집,O
월미도,B_TOR
송도,O
카페여행브이로그,O
ㅡㅡㅡ,ㅡㅡㅡ
2,O
ㅡㅡㅡ,ㅡㅡㅡ
인천,B_LOC
중구,O
에서,O
여친,O
인생,O
영상,O
만들기,O
인,O
중샷,O
공모전,O
ㅡㅡㅡ,ㅡㅡㅡ
장소맛집,O
정보는,O
더보기란에,O
있어요,O
ㅡㅡㅡ,ㅡㅡㅡ
영상,O
속,O
화보,O
같은,O
배경이,O
모두,O
인천,B_LOC
중구,O
실화,O
ㅡㅡㅡ,ㅡㅡㅡ
여친,O
을,O
더욱,O
사랑스럽게,O
더욱,O
기쁘게,O
해줄,O
수,O
있는,O
곳,O
인천,B_LOC
중구,O
ㅡㅡㅡ,ㅡㅡㅡ
좋은,O
곳,O
맛있는,O
곳에서,O
멋지게,O
데이트,O
할,O
수,O
있는,O
인천,B_LOC
중구,O
를,O
멋진,O
영상으로,O
느껴보세요,O
ㅡㅡㅡ,ㅡㅡㅡ
쏘울로드,O
의,O
인천,B_LOC
중구,O
여행,O
촬영,O
장소,O
정보,O
ㅡㅡㅡ,ㅡㅡㅡ
010,O
자유공원,B_TOR
ㅡㅡㅡ,ㅡㅡㅡ
045,O
차이나타운,B_TOR
거리,O
ㅡㅡㅡ,ㅡㅡㅡ
050,O
차이나타운,B_TOR
중국집,O
연경,B_RES
ㅡㅡㅡ,ㅡㅡㅡ
106,O
차이나타운,B_TOR
대만,O
제과점,O
구구만다복,B_RES
ㅡㅡㅡ,ㅡㅡㅡ
133,O
개항장거리,O
초입부,O
무인상점,O
ㅡㅡㅡ,ㅡㅡㅡ
146,O
개항장거리,O
메인,O
스트릿,O
ㅡㅡㅡ,ㅡㅡㅡ
150,O
차이나타운,B_TOR
홍두병,B_CAF
ㅡㅡㅡ,ㅡㅡㅡ
158,O
아트플랫폼,O
ㅡㅡㅡ,ㅡㅡㅡ
259,O
개항장거리,O
꽃집이름을,O
까먹었어요ㅠㅠ,O
ㅡㅡㅡ,ㅡㅡㅡ
227,O
월미도,B_TOR
월미테마파크,B_TOR
ㅡㅡㅡ,ㅡㅡㅡ
247,O
아트플랫폼,O
분홍색,O
노란색,O
우산이,O
꽂혀,O
있어요,O
ㅡㅡㅡ,ㅡㅡㅡ
쏘울로드,O
의,O
인천,B_LOC
중구,O
여행,O
차이나타운,B_TOR
맛집,O
정보,O
ㅡㅡㅡ,ㅡㅡㅡ
중국집,O
연경,B_RES
메뉴,O
ㅡㅡㅡ,ㅡㅡㅡ
051,O
깐풍육,O
25000원,O
ㅡㅡㅡ,ㅡㅡㅡ
053,O
삼선,O
짜장면,O
9000원,O
ㅡㅡㅡ,ㅡㅡㅡ
054,O
하얀,O
짜장면,O
8000원,O
ㅡㅡㅡ,ㅡㅡㅡ
대만,O
제과점,O
구구만다복,O
ㅡㅡㅡ,ㅡㅡㅡ
106,O
녹차월병,O
2000원,O
ㅡㅡㅡ,ㅡㅡㅡ
그외,O
유명한,O
메뉴들,O
ㅡㅡㅡ,ㅡㅡㅡ
파인애플,O
펑리수,O
1800원,O
ㅡㅡㅡ,ㅡㅡㅡ
녹차,O
펑리수,O
1500원,O
ㅡㅡㅡ,ㅡㅡㅡ
금,O
과수,O
2000원,O
ㅡㅡㅡ,ㅡㅡㅡ
2층,O
은,O
카페예요,O
ㅡㅡㅡ,ㅡㅡㅡ
포춘쿠키,O
ㅡㅡㅡ,ㅡㅡㅡ
116,O
차이나타운,B_TOR
거리,O
포춘쿠키,O
2개,O
1000원,O
ㅡㅡㅡ,ㅡㅡㅡ
1개,O
500원,O
으로,O
파는,O
데도,O
있어요,O
어차피,O
두개,O
살,O
거라,O
여기서,O
겟,O
ㅡㅡㅡ,ㅡㅡㅡ
차이나타운,B_TOR
홍두병,B_CAF
ㅡㅡㅡ,ㅡㅡㅡ
150,O
홍두병,B_CAF
팥맛,O
망고맛,O
각2000원,O
ㅡㅡㅡ,ㅡㅡㅡ
크림치즈,O
녹차,O
도,O
있어요,O
2000원,O
여기는,O
평일,O
에도,O
줄이,O
엄청,O
길더라고요,O
ㅡㅡㅡ,ㅡㅡㅡ
쏘울로드,O
의,O
인천,B_LOC
중구,O
여행,O
월미테마파크,B_TOR
정보,O
ㅡㅡㅡ,ㅡㅡㅡ
227,O
2층,O
바이킹,O
대인,O
5000원,O
미니,O
바이킹,O
도,O
있고,O
가격,O
같아요,O
이거,O
짱,O
무섭,O
ㅡㅡㅡ,ㅡㅡㅡ
230,O
타가디스코,O
5000원,O
이건,O
구경만,O
해도,O
엄청,O
재미있어요,O
보는,O
라디오,O
느낌,O
ㅡㅡㅡ,ㅡㅡㅡ
더,O
궁금한,O
부분이,O
있으시면,O
댓글로,O
남겨주세요,O
ㅡㅡㅡ,ㅡㅡㅡ
안녕하세요,O
여러분,O
방,O
글,O
방글,O
방글입니다,O
ㅡㅡㅡ,ㅡㅡㅡ
정말,O
오랜만에,O
이렇게,O
찾아왔습니다,O
ㅠ,O
ㅠ,O
ㅡㅡㅡ,ㅡㅡㅡ
4월달,O
에,O
다녀온,O
영종도,B_TOR
영상을,O
이제서야,O
올리게,O
되었네요,O
ㅡㅡㅡ,ㅡㅡㅡ
항상,O
꾸준하게,O
채널에,O
많은,O
영상들을,O
올리려고,O
하는데,O
ㅡㅡㅡ,ㅡㅡㅡ
정말,O
맘처럼,O
쉽지가,O
않은,O
것,O
같아요,O
ㅡㅡㅡ,ㅡㅡㅡ
그래도,O
최대한,O
편태기를,O
극복하면서,O
좋았던,O
추억들을,O
ㅡㅡㅡ,ㅡㅡㅡ
이렇게,O
많이,O
공유하고,O
남겨보고,O
싶어요,O
ㅡㅡㅡ,ㅡㅡㅡ
오늘,O
은,O
4월달,O
친구,O
생일,O
기념으로,O
다녀온,O
ㅡㅡㅡ,ㅡㅡㅡ
친구,O
와,O
함께,O
한,O
영종도,B_TOR
데이트,O
영상입니다,O
ㅡㅡㅡ,ㅡㅡㅡ
저,O
날,O
진짜,O
날씨가,O
다,O
했던,O
것,O
같아요,O
ㅡㅡㅡ,ㅡㅡㅡ
정말,O
하루동안,O
힐링,O
지대로,O
하고,O
왔어요,O
운전,O
빡세게,O
해준,O
세인앙,O
고마워,O
ㅡㅡㅡ,ㅡㅡㅡ
저희가,O
간,O
곳,O
모두,O
데이트,O
코스로도,O
정말,O
좋을,O
것,O
같고,O
ㅡㅡㅡ,ㅡㅡㅡ
정말,O
커플,O
분들도,O
많았답니다,O
호호,O
뷰도,O
햇살도,O
너무,O
예뻤던,O
곳들이에요,O
ㅡㅡㅡ,ㅡㅡㅡ
이번,O
영상은,O
감성,O
시도하다가,O
감성,O
인척하는,O
영상이,O
되어버렸지모에용ㅎㅋㅋ,O
ㅡㅡㅡ,ㅡㅡㅡ
그래도,O
재미있게,O
힐링하면서,O
봐주시면,O
감사하겠습니다,O
ㅡㅡㅡ,ㅡㅡㅡ
최대한,O
빠르게,O
저희는,O
다음,O
영상에서,O
만나요,O
앙뇽,O
ㅡㅡㅡ,ㅡㅡㅡ
1080,O
화질,O
추천이용,O
ㅡㅡㅡ,ㅡㅡㅡ
안녕하세요,O
먹방꽁여사,O
입니다,O
ㅡㅡㅡ,ㅡㅡㅡ
오늘,O
은,O
남편,O
님이랑,O
인천대공원,B_TOR
나들이,O
부부,O
데이트,O
브이로그,O
영상을,O
담아봤어요,O
ㅡㅡㅡ,ㅡㅡㅡ
주말,O
이라,O
가까운곳에,O
갈만한곳이,O
있나,O
찾아보다가,O
급으로,O
방문한,O
인천경기,O
가볼만한곳,O
ㅡㅡㅡ,ㅡㅡㅡ
인천대공원,B_TOR
한바퀴,O
돌면서,O
구경도,O
하고,O
간식도,O
사먹고,O
동물원,O
구경도,O
열심히,O
했어요,O
ㅡㅡㅡ,ㅡㅡㅡ
생각보다,O
동물들이,O
많지,O
않아서,O
살짝,O
아쉽긴,O
했지만,O
ㅡㅡㅡ,ㅡㅡㅡ
간만에,O
데이트브이로그,O
찍으니,O
기분,O
좋더라구요,O
ㅡㅡㅡ,ㅡㅡㅡ
마무리는,O
쪽갈비,O
먹방으로,O
ㅡㅡㅡ,ㅡㅡㅡ
영상,O
재밌게,O
시청하시고,O
좋아요,O
구독도,O
부탁드려요,O
ㅡㅡㅡ,ㅡㅡㅡ
간호학과,O
동기,O
인천,B_LOC
인천,B_LOC
여행,O
월미도,B_TOR
송도,O
27,B_CAF
ㅡㅡㅡ,ㅡㅡㅡ
당일치기,O
인천,B_LOC
여행,O
코스,O
ㅡㅡㅡ,ㅡㅡㅡ
인천역,O
차이나타운,B_TOR
신승반점,B_RES
월미도,B_TOR
왕산해수욕장,B_TOR
을왕리해수욕장,B_TOR
27카페,B_CAF
송도,O
백합칼국수,B_RES
송도센트럴파크,O
ㅡㅡㅡ,ㅡㅡㅡ
사용하시려면,O
아래의,O
출처를,O
남겨주셔야,O
합니다,O
ㅡㅡㅡ,ㅡㅡㅡ
브금,O
대통령,O
ㅡㅡㅡ,ㅡㅡㅡ
0,O
ㅡㅡㅡ,ㅡㅡㅡ
브금,O
대통령,O
ㅡㅡㅡ,ㅡㅡㅡ
아리랑,O
80,O
ㅡㅡㅡ,ㅡㅡㅡ
브금,O
대통령,O
ㅡㅡㅡ,ㅡㅡㅡ
스쿠터,O
여행,O
3368,O
ㅡㅡㅡ,ㅡㅡㅡ
브금,O
대통령,O
ㅡㅡㅡ,ㅡㅡㅡ
잠시,O
멈춰있기,O
3784,O
ㅡㅡㅡ,ㅡㅡㅡ
ㅡㅡㅡ,ㅡㅡㅡ
ㅡㅡㅡ,ㅡㅡㅡ
199226,O
ㅡㅡㅡ,ㅡㅡㅡ
ㅡㅡㅡ,ㅡㅡㅡ
홍신샘,O
의,O
모든,O
여행영상은,O
4,O
로,O
제작된,O
고화질,O
영상입니다,O
ㅡㅡㅡ,ㅡㅡㅡ
고화질,O
21604,O
로,O
시청,O
하려면,O
시청할때,O
화면설정을,O
21604,O
로,O
설정,O
하시면,O
됩니다,O
ㅡㅡㅡ,ㅡㅡㅡ
인천,B_LOC
여행,O
브이로그,O
인천,B_LOC
여행,O
이,O
영상,O
하나,O
로,O
끝,O
인천,B_LOC
가볼만한곳국내당일치기여행,O
인천,B_LOC
여행코스,O
1박2일,O
인천,B_LOC
여행당일치기,O
인천,B_LOC
여행,O
인천,B_LOC
가볼만한곳,O
섬,O
서울,B_LOC
근교여행,O
인천,B_LOC
맛집,O
송도,O
맛집,O
ㅡㅡㅡ,ㅡㅡㅡ
인천,B_LOC
가볼만한곳,O
남부권,O
인천,B_LOC
여행,O
ㅡㅡㅡ,ㅡㅡㅡ
1,O
소래습지생태공원,B_TOR
ㅡㅡㅡ,ㅡㅡㅡ
2,O
인천아트플랫폼,O
ㅡㅡㅡ,ㅡㅡㅡ
3,O
차이나타운,B_TOR
ㅡㅡㅡ,ㅡㅡㅡ
4,O
송월동,O
동화마을,B_TOR
ㅡㅡㅡ,ㅡㅡㅡ
5,O
월미도,B_TOR
ㅡㅡㅡ,ㅡㅡㅡ
6,O
을왕리해수욕장,B_TOR
ㅡㅡㅡ,ㅡㅡㅡ
출처,O
ㅡㅡㅡ,ㅡㅡㅡ
1,O
ㅡㅡㅡ,ㅡㅡㅡ
2,O
ㅡㅡㅡ,ㅡㅡㅡ
ㅡㅡㅡ,ㅡㅡㅡ
8,O
ㅡㅡㅡ,ㅡㅡㅡ
3,O
ㅡㅡㅡ,ㅡㅡㅡ
3,O
30,O
ㅡㅡㅡ,ㅡㅡㅡ
ㅡㅡㅡ,ㅡㅡㅡ
4,O
ㅡㅡㅡ,ㅡㅡㅡ
2021,O
ㅡㅡㅡ,ㅡㅡㅡ
ㅡㅡㅡ,ㅡㅡㅡ
이영상및,O
오디오의,O
전체,O
또는,O
일부를,O
복제하는,O
것은,O
금지됩니다,O
소유권,O
한은,O
ㅡㅡㅡ,ㅡㅡㅡ
홍신샘,O
에,O
있습니다,O
ㅡㅡㅡ,ㅡㅡㅡ
홍신샘,O
이메일,O
비지니스및,O
협찬,O
문의,O
ㅡㅡㅡ,ㅡㅡㅡ
홍신샘,O
채널,O
링크,O
69,O
ㅡㅡㅡ,ㅡㅡㅡ
광고,O
홈페이지,O
및,O
대표,O
사이트,O
제작견적,O
문의,O
96,O
ㅡㅡㅡ,ㅡㅡㅡ
장비사용,O
ㅡㅡㅡ,ㅡㅡㅡ
촬영기기,O
갤럭시노트9,O
ㅡㅡㅡ,ㅡㅡㅡ
편집,O
프로그램,O
프리미어프로2021,O
영문판,O
ㅡㅡㅡ,ㅡㅡㅡ
짐벌,O
4,O
12,O
ㅡㅡㅡ,ㅡㅡㅡ
인천,B_LOC
여행,O
브이로그,O
인천,B_LOC
여행,O
이,O
영상,O
하나,O
로,O
끝,O
인천,B_LOC
가볼만한곳국내당일치기여행,O
인천,B_LOC
여행코스,O
1박2일,O
인천,B_LOC
여행당일치기,O
인천,B_LOC
여행,O
인천,B_LOC
가볼만한곳,O
섬,O
서울,B_LOC
근교여행,O
인천,B_LOC
맛집,O
송도,O
맛집당일여행코스당일여행,O
추천국내여행지국내여행,O
1박2일,O
국내여행지,O
추천,O
인천,B_LOC
여행코스,O
인천,B_LOC
여행지,O
인천,B_LOC
여행,O
차이나타운,B_TOR
인천,B_LOC
여행,O
코스,O
인천,B_LOC
여행코스,O
인천,B_LOC
여행,O
추천,O
1박2일,O
인천,B_LOC
여행,O
2박3일,O
인천,B_LOC
여행,O
인천,B_LOC
여행,O
음식,O
인천,B_LOC
맛집,O
인천,B_LOC
맛집,O
추천,O
인천,B_LOC
맛집,O
리스트,O
인천,B_LOC
맛집,O
인천,B_LOC
유명한곳맛집,O
인천,B_LOC
인천,B_LOC
가볼만한,O
장소,O
인천,B_LOC
맛집,O
추천,O
송월동,O
동화마을,B_TOR
인천아트플랫폼,O
소래습지생태공원,B_TOR
을왕리해수욕장,B_TOR
ㅡㅡㅡ,ㅡㅡㅡ
이,O
영상은,O
거리두기,O
2단계,O
격상,O
전에,O
촬영된,O
영상입니다,O
ㅡㅡㅡ,ㅡㅡㅡ
안녕하세요,O
드디어,O
저의,O
두번째,O
브이로그네요,O
ㅡㅡㅡ,ㅡㅡㅡ
저는,O
10월중순,O
에,O
친구,O
랑,O
우정여행으로,O
월미도,B_TOR
를,O
다녀왔어요,O
ㅡㅡㅡ,ㅡㅡㅡ
테마파크에,O
가서,O
놀이기구도,O
타고,O
맛집도,O
가고,O
사진도,O
찍고,O
정말,O
즐거웠어요,O
ㅡㅡㅡ,ㅡㅡㅡ
제가,O
묵었던,O
숙소,O
월미여관,O
은,O
출입구부터,O
분위기가,O
아늑하고,O
편안한,O
분위기여서,O
너무,O
좋았어요,O
무엇보다,O
월미테마파크,B_TOR
랑,O
1분,O
거리였고,O
2분정도만,O
걸으면,O
바로,O
바다를,O
볼,O
수,O
있어서,O
완전,O
추천해요,O
특히,O
여기서,O
무료로,O
제공되는,O
코코아,O
가,O
정말,O
맛있었어요,O
ㅎㅎ,O
ㅡㅡㅡ,ㅡㅡㅡ
1080,O
화질로,O
시청해주세요,O
ㅡㅡㅡ,ㅡㅡㅡ
더,O
궁금하신,O
점은,O
댓글에,O
남겨주세요,O
ㅡㅡㅡ,ㅡㅡㅡ
여행,O
경로,O
ㅡㅡㅡ,ㅡㅡㅡ
1일차,O
ㅡㅡㅡ,ㅡㅡㅡ
월미테마파크,B_TOR
호텔,O
월미여관,O
씽씽조개구이,B_RES
칼국수,O
김치전,O
추천,O
ㅡㅡㅡ,ㅡㅡㅡ
2일차,O
ㅡㅡㅡ,ㅡㅡㅡ
차이나타운,B_TOR
내,O
연경웨이팅이,B_RES
길어서,O
예약하고,O
가는,O
걸,O
추천드려요,O
월미열차,O
경성1950,O
관동오리진,B_CAF
카페,O
차이나타운,B_TOR
홍두병,O
ㅡㅡㅡ,ㅡㅡㅡ
찐광,O
커플,O
커플,O
브이로그,O
월미도,B_TOR
브이로그,O
월미도호텔,O
월미도,B_TOR
조개구이,O
인천,B_LOC
월미도,B_TOR
ㅡㅡㅡ,ㅡㅡㅡ
안녕하세요,O
찐,O
광커플,O
이에요,O
ㅡㅡㅡ,ㅡㅡㅡ
작년,O
크리스마스때,O
영상인데,O
ㅡㅡㅡ,ㅡㅡㅡ
연말,O
연시,O
딩가딩가,O
놀면서,O
어느새,O
1월중순,O
ㅡㅡㅡ,ㅡㅡㅡ
결국,O
크리스마스,O
영상,O
업로드는,O
실패하고,O
ㅡㅡㅡ,ㅡㅡㅡ
월미도,B_TOR
호텔,O
브이로그로,O
편집해봤습니다,O
ㅡㅡㅡ,ㅡㅡㅡ
오늘,O
도,O
재밌게,O
봐주세요,O
ㅡㅡㅡ,ㅡㅡㅡ
구독과,O
좋아요는,O
사랑입니다,O
ㅡㅡㅡ,ㅡㅡㅡ
ㅡㅡㅡ,ㅡㅡㅡ
베니키아,O
월미도더블리스호텔,O
ㅡㅡㅡ,ㅡㅡㅡ
ㅋㄹㄴ,O
때문에,O
루프탑,O
이용은,O
못,O
했지만,O
ㅡㅡㅡ,ㅡㅡㅡ
오션뷰,O
깔끔한,O
컨디션,O
충분한,O
난방,O
모두,O
맘에,O
들었어요,O
ㅡㅡㅡ,ㅡㅡㅡ
그리고,O
몰랐는데,O
건물이,O
꽤,O
크더라고요,O
ㅡㅡㅡ,ㅡㅡㅡ
돌아다니다,O
보면,O
어디서든,O
빼꼼,O
보임,O
ㅡㅡㅡ,ㅡㅡㅡ
테마파크,O
맛집,O
카페,O
등,O
ㅡㅡㅡ,ㅡㅡㅡ
근방에,O
위치하고,O
있으니,O
추천추천합니다,O
ㅡㅡㅡ,ㅡㅡㅡ
ㅡㅡㅡ,ㅡㅡㅡ
인스타,O
200,O
ㅡㅡㅡ,ㅡㅡㅡ
블로그,O
2,O
ㅡㅡㅡ,ㅡㅡㅡ
인천,B_LOC
월미도,B_TOR
월미도,B_TOR
맛집,O
인천홀릭크리에이터,O
ㅡㅡㅡ,ㅡㅡㅡ
70대,O
어머니,O
와,O
떠나는,O
먹방여행,O
ㅡㅡㅡ,ㅡㅡㅡ
해당,O
콘텐츠는,O
촬영기간,O
중,O
방역수칙을,O
철저히,O
지키며,O
ㅡㅡㅡ,ㅡㅡㅡ
모두,O
촬영을,O
진행하였습니다,O
ㅡㅡㅡ,ㅡㅡㅡ
2단계,O
시행전,O
촬영한것이며,O
사진찍을때만,O
잠시,O
벗고,O
촬영후,O
바로,O
착용했습니다,O
ㅡㅡㅡ,ㅡㅡㅡ
여행을,O
다닐,O
땐,O
꼭,O
사회적,O
거리두기,O
방역수칙을,O
준수해주세요,O
ㅡㅡㅡ,ㅡㅡㅡ
코로나바이러스,O
방역수칙,O
ㅡㅡㅡ,ㅡㅡㅡ
흐르는,O
물에,O
비누로,O
손,O
씻기,O
ㅡㅡㅡ,ㅡㅡㅡ
씻지,O
않은,O
손,O
으로,O
눈,O
코,O
입,O
만지지,O
않기,O
ㅡㅡㅡ,ㅡㅡㅡ
기침,O
이나,O
재채기,O
시,O
옷소매나,O
휴지로,O
입,O
과,O
코,O
를,O
가리기,O
ㅡㅡㅡ,ㅡㅡㅡ
의심증상,O
발생,O
시,O
신고하기,O
ㅡㅡㅡ,ㅡㅡㅡ
촬영일자,O
20200820,O
ㅡㅡㅡ,ㅡㅡㅡ
해당,O
영상은,O
코로나19,O
2단계,O
이전에,O
촬영한,O
ㅡㅡㅡ,ㅡㅡㅡ
영상이며,O
마스크,O
착용을,O
준수하여,O
촬영하였습니다,O
ㅡㅡㅡ,ㅡㅡㅡ
영종도,B_TOR
드라이브,O
코스,O
ㅡㅡㅡ,ㅡㅡㅡ
조은칼국수,B_RES
ㅡㅡㅡ,ㅡㅡㅡ
27,B_CAF
다운타운,O
카페,O
ㅡㅡㅡ,ㅡㅡㅡ
선녀바위,B_TOR
ㅡㅡㅡ,ㅡㅡㅡ
가락동리어카포차,O
ㅡㅡㅡ,ㅡㅡㅡ
호캉스브이로그호캉스,O
파,O
라다이스시티호캉스디럭스스위트룸,O
ㅡㅡㅡ,ㅡㅡㅡ
안녕하세요,O
ㅡㅡㅡ,ㅡㅡㅡ
지난,O
롯데시그니엘,O
호캉스,O
영상에,O
이어,O
ㅡㅡㅡ,ㅡㅡㅡ
인천,B_LOC
파라다이스시티호텔,O
호캉스를,O
다녀왔어요,O
ㅡㅡㅡ,ㅡㅡㅡ
인천,B_LOC
영종도,B_TOR
에,O
위치한,O
호텔인데,O
ㅡㅡㅡ,ㅡㅡㅡ
서울,B_LOC
어느,O
호텔보다도,O
잘,O
되어있고,O
넓은,O
ㅡㅡㅡ,ㅡㅡㅡ
제가,O
가장,O
좋아하는,O
곳이랍니다,O
ㅡㅡㅡ,ㅡㅡㅡ
다양한,O
아트와,O
작품들이,O
있어,O
ㅡㅡㅡ,ㅡㅡㅡ
예술작품도,O
구경하고,O
맛있는,O
것도,O
많이,O
먹고,O
ㅡㅡㅡ,ㅡㅡㅡ
행복한,O
추억,O
만들수,O
있음에,O
너무나,O
감사한,O
시간이었어요,O
ㅡㅡㅡ,ㅡㅡㅡ
이번에도,O
역시,O
영상이,O
너무,O
길어져서,O
ㅡㅡㅡ,ㅡㅡㅡ
두편,O
에,O
나누어,O
올리게,O
되었어요,O
ㅡㅡㅡ,ㅡㅡㅡ
나름,O
분량을,O
비슷하게,O
올리고자,O
했음에도,O
불구하고,O
ㅡㅡㅡ,ㅡㅡㅡ
아마,O
2편,O
이,O
더,O
내용이,O
많을,O
것,O
같아요,O
ㅡㅡㅡ,ㅡㅡㅡ
코로나,O
로,O
여행을,O
못가지만,O
ㅡㅡㅡ,ㅡㅡㅡ
호캉스로,O
충분히,O
만족하고,O
있답니당,O
ㅡㅡㅡ,ㅡㅡㅡ
어디에서,O
무얼하느냐보다,O
ㅡㅡㅡ,ㅡㅡㅡ
누구와,O
함께하느냐가,O
중요하니깐요,O
ㅡㅡㅡ,ㅡㅡㅡ
즐겁게,O
시청해주세요,O
ㅡㅡㅡ,ㅡㅡㅡ
2편,O
도,O
기대해주세요,O
ㅡㅡㅡ,ㅡㅡㅡ
오늘,O
도,O
영상에,O
찾아와주셔서,O
감사합니다,O
ㅡㅡㅡ,ㅡㅡㅡ
파라다이스시티,O
호캉스브이로그,O
디럭스스위트룸,O
ㅡㅡㅡ,ㅡㅡㅡ
노트북,O
맥북프로,O
16인치,O
2020,O
16,O
ㅡㅡㅡ,ㅡㅡㅡ
편집,O
파이널컷,O
ㅡㅡㅡ,ㅡㅡㅡ
카메라,O
캐논62,O
62,O
ㅡㅡㅡ,ㅡㅡㅡ
검색,O
키워드,O
20대,O
고민,O
감성,O
생각,O
일상,O
명언,O
긍정,O
데이트,O
호캉스브이로그,O
서울호텔,O
인천호텔,O
서울,B_LOC
브이로그,O
ㅡㅡㅡ,ㅡㅡㅡ
영상,O
키워드,O
일상브이로그,O
맥북프,O
로,O
캐논미러리스,O
캐논62,O
브이로그,O
호캉스,O
호캉스,O
브이로그,O
파라다이스시티,O
인천파라다이스,O
파라다이스호텔,O
파라다이스시티호텔,O
파라다이스디럭스스위트,O
파라다이스시티브이로그,O
호캉스일상,O
커플호캉스,O
럭셔리호캉스,O
고급호텔,O
호텔,O
브이로그,O
파라다이스,O
인천파라다이스시티호텔,O
간장게장,O
먹방,O
디럭스스위트룸,O
영종도호텔,O
서울,B_LOC
호텔추천,O
인천,B_LOC
호텔추천,O
대한민국,O
최고호텔,O
5성급,O
호텔추천,O
짐벌사용영상,O
파라다이스,O
예술작품,O
ㅡㅡㅡ,ㅡㅡㅡ
ㅡㅡㅡ,ㅡㅡㅡ
안녕하세요,O
첫번째,O
영상,O
업로드해요,O
ㅡㅡㅡ,ㅡㅡㅡ
많이,O
부족하지만,O
재미있게,O
봐주세요,O
ㅡㅡㅡ,ㅡㅡㅡ
데일리,O
월미도,B_TOR
ㅡㅡㅡ,ㅡㅡㅡ
ㅡㅡㅡ,ㅡㅡㅡ
대학생,O
브이로그,O
ㅡㅡㅡ,ㅡㅡㅡ
호캉스브이로그,O
ㅡㅡㅡ,ㅡㅡㅡ
호캉스,O
ㅡㅡㅡ,ㅡㅡㅡ
네스트호텔,O
ㅡㅡㅡ,ㅡㅡㅡ
월미도,B_TOR
ㅡㅡㅡ,ㅡㅡㅡ
대학생,O
남자일상,O
ㅡㅡㅡ,ㅡㅡㅡ
대학생,O
남자일상브이로그,O
ㅡㅡㅡ,ㅡㅡㅡ
대학생,O
ㅡㅡㅡ,ㅡㅡㅡ
ㅡㅡㅡ,ㅡㅡㅡ
호,O
텔브이로,O
그,O
ㅡㅡㅡ,ㅡㅡㅡ
대학생,O
ㅡㅡㅡ,ㅡㅡㅡ
인천,B_LOC
브이로그,O
차이나타운,B_TOR
동화마을,B_TOR
월미도,B_TOR
바이킹,O
관람차,O
ㅡㅡㅡ,ㅡㅡㅡ
여행,O
브이로그,O
1,O
인천,B_LOC
1박2일,O
여행ㅣ,O
인천,B_LOC
여행ㅣ,O
월미도,B_TOR
ㅣ,O
차이나타운,B_TOR
ㅣ,O
동화마을,B_TOR
ㅣ,O
을왕리,B_TOR
ㅣ,O
도우도우,B_CAF
ㅣ,O
인천,B_LOC
핫플레이스,O
ㅣ,O
1일,O
3,O
맛집,O
브이로그,O
ㅡㅡㅡ,ㅡㅡㅡ
안녕하세요,O
만세맘,O
입니다,O
ㅡㅡㅡ,ㅡㅡㅡ
오늘,O
은,O
주말,O
에,O
다녀온,O
ㅡㅡㅡ,ㅡㅡㅡ
인천,B_LOC
브이로그를,O
가지고,O
왔답니다,O
ㅡㅡㅡ,ㅡㅡㅡ
육아,O
유투번지,O
먹방,O
유튜,O
번지,O
조금,O
헷갈리는,O
요즘,O
ㅡㅡㅡ,ㅡㅡㅡ
주말,O
에도,O
식폭행,O
당하고,O
왔습니다,O
ㅡㅡㅡ,ㅡㅡㅡ
넘나,O
즐거웠던,O
인천기,O
ㅡㅡㅡ,ㅡㅡㅡ
여러분도,O
재미있게,O
봐주셨으면,O
감사하겠습니다,O
ㅡㅡㅡ,ㅡㅡㅡ
ㅡㅡㅡ,ㅡㅡㅡ
여행코스,O
ㅡㅡㅡ,ㅡㅡㅡ
1,O
ㅡㅡㅡ,ㅡㅡㅡ
인천종합버스터미널,O
동화마을,B_TOR
차이나타운,B_TOR
인천항,B_TOR
및,O
월미도,B_TOR
숙소,O
구읍뱃터,B_TOR
어시장,I_TOR
ㅡㅡㅡ,ㅡㅡㅡ
2,O
ㅡㅡㅡ,ㅡㅡㅡ
숙소,O
영종도,B_TOR
을왕리카페,O
ㅡㅡㅡ,ㅡㅡㅡ
식당정보,O
ㅡㅡㅡ,ㅡㅡㅡ
1,O
ㅡㅡㅡ,ㅡㅡㅡ
차이나게이트,O
ㅡㅡㅡ,ㅡㅡㅡ
별점,O
ㅡㅡㅡ,ㅡㅡㅡ
차이나타운,B_TOR
공영주차장에,O
주차하러,O
갔다가,O
ㅡㅡㅡ,ㅡㅡㅡ
자리,O
없어서,O
도로에,O
있는,O
밥집,O
주차장에,O
댄,O
곳,O
ㅡㅡㅡ,ㅡㅡㅡ
우연히,O
찾아간,O
곳인데,O
생각보다,O
너무,O
맛있었음,O
ㅡㅡㅡ,ㅡㅡㅡ
백짜장,O
이,O
진짜,O
짬뽕,O
도,O
완전,O
맛있었고,O
ㅡㅡㅡ,ㅡㅡㅡ
유니짜장,O
은,O
생각보다,O
매콤,O
ㅡㅡㅡ,ㅡㅡㅡ
군만두,O
와,O
탕수육,O
은,O
따로,O
시키지,O
않는걸로,O
ㅡㅡㅡ,ㅡㅡㅡ
인천동화마을,B_TOR
탕후루,O
ㅡㅡㅡ,ㅡㅡㅡ
별점,O
ㅡㅡㅡ,ㅡㅡㅡ
탕후루,O
는,O
무족건,O
차이나타운,B_TOR
에서,O
ㅡㅡㅡ,ㅡㅡㅡ
탕후루,O
면,O
딱딱하게,O
시,O
럽이,O
굳어,O
있어야,O
하는데,O
ㅡㅡㅡ,ㅡㅡㅡ
그,O
자리에서,O
시럽,O
묻혀서,O
줘서,O
이빨,O
에,O
묻고,O
난리난리,O
ㅡㅡㅡ,ㅡㅡㅡ
차이나타운,B_TOR
에도,O
널린게,O
탕후루,O
ㅡㅡㅡ,ㅡㅡㅡ
거기서,O
사먹는게,O
훨씬,O
나을듯,O
ㅡㅡㅡ,ㅡㅡㅡ
구읍뱃터,B_TOR
어시장,I_TOR
ㅡㅡㅡ,ㅡㅡㅡ
별점,O
ㅡㅡㅡ,ㅡㅡㅡ
바다에서,O
자란,O
나로썬,O
싱싱한,O
해산물,O
수산물,O
감별사,O
ㅡㅡㅡ,ㅡㅡㅡ
진짜,O
전국에,O
있는,O
여러,O
수산물시장,O
회센터에,O
다녀봤지만,O
ㅡㅡㅡ,ㅡㅡㅡ
구읍뱃터,B_TOR
어시장,I_TOR
오케바리,O
여기는,O
진짜,O
강추다,O
ㅡㅡㅡ,ㅡㅡㅡ
어시장인데,O
스키다시,O
도,O
많이,O
나오고,O
ㅡㅡㅡ,ㅡㅡㅡ
회,O
도,O
싱싱하고,O
매운탕,O
도,O
맛있었다,O
ㅡㅡㅡ,ㅡㅡㅡ
진짜,O
다시,O
한,O
번,O
인천,B_LOC
에,O
들러도,O
무조건,O
다시,O
갈,O
곳,O
ㅡㅡㅡ,ㅡㅡㅡ
거해,O
짬뽕순두부,O
맛집,O
ㅡㅡㅡ,ㅡㅡㅡ
별점,O
ㅡㅡㅡ,ㅡㅡㅡ
영종도,B_TOR
끝자락에,O
있는,O
짬뽕순두부,O
집,O
ㅡㅡㅡ,ㅡㅡㅡ
점심시간,O
피해서,O
가시는,O
걸,O
추천한다,O
ㅡㅡㅡ,ㅡㅡㅡ
웨이팅이,O
진짜,O
많고,O
주차장이,O
있는데,O
사람들,O
때문에,O
주차,O
불가,O
ㅡㅡㅡ,ㅡㅡㅡ
사장,O
님,O
친절하신데,O
1시간,O
기다려야,O
된다해서,O
ㅡㅡㅡ,ㅡㅡㅡ
고민하다가,O
기다렸는데,O
15분만,O
에,O
들어감,O
ㅡㅡㅡ,ㅡㅡㅡ
2명,O
은,O
조금,O
더,O
많이,O
기다리는듯,O
ㅡㅡㅡ,ㅡㅡㅡ
무조건,O
빨간,O
짬뽕,O
드시길,O
그리고,O
후추,O
를,O
쳐서,O
먹어야,O
할듯,O
ㅡㅡㅡ,ㅡㅡㅡ
국물이,O
조금,O
느끼느끼,O
찹쌀탕수육,O
이,O
진짜,O
맛있다,O
ㅡㅡㅡ,ㅡㅡㅡ
카페도우도우,B_CAF
ㅡㅡㅡ,ㅡㅡㅡ
별점,O
ㅡㅡㅡ,ㅡㅡㅡ
가격대가,O
조금,O
있는편,O
ㅡㅡㅡ,ㅡㅡㅡ
근데,O
진짜,O
디저트,O
가,O
뒤지게,O
맛있음,O
ㅠㅠㅠ,O
ㅡㅡㅡ,ㅡㅡㅡ
초코퐁듀,O
였나,O
표시되어,O
있는,O
초코빵,O
은,O
진짜,O
ㅡㅡㅡ,ㅡㅡㅡ
무조건,O
드시길,O
추천,O
ㅡㅡㅡ,ㅡㅡㅡ
인절미빵,O
은,O
생각보다,O
맛없었음,O
ㅡㅡㅡ,ㅡㅡㅡ
다시,O
간다면,O
초코,O
초코,O
포장,O
못해온게,O
한,O
ㅡㅡㅡ,ㅡㅡㅡ
그럼,O
저는,O
다음,O
영상으로,O
찾아뵙겠습니다,O
ㅡㅡㅡ,ㅡㅡㅡ
감사합니다,O
ㅡㅡㅡ,ㅡㅡㅡ
0,O
ㅡㅡㅡ,ㅡㅡㅡ
0815,O
ㅡㅡㅡ,ㅡㅡㅡ
인천,B_LOC
영종도,B_TOR
블루오션펜션,O
ㅡㅡㅡ,ㅡㅡㅡ
영종도,B_TOR
애견펜션,O
여자셋시바,O
둘,O
인천,B_LOC
영종도우정여행,O
ㅡㅡㅡ,ㅡㅡㅡ
애견펜션추천,O
바다보이는애견펜션,O
직장인,O
브이로그,O
시바견브이로그,O
ㅡㅡㅡ,ㅡㅡㅡ
안녕하세요,O
미국,O
직장인,O
마리,O
입니다,O
ㅡㅡㅡ,ㅡㅡㅡ
가족,O
들과,O
인천,B_LOC
차이나타운,B_TOR
에,O
방문했어요,O
ㅡㅡㅡ,ㅡㅡㅡ
월병,O
과,O
공갈빵,O
탕후루,O
와,O
만두,O
ㅡㅡㅡ,ㅡㅡㅡ
그리고,O
100년,O
전통,O
최초로,O
짜장면,O
을,O
팔았다는,O
공화춘,B_RES
까지,O
ㅡㅡㅡ,ㅡㅡㅡ
오늘,O
도,O
먹방,O
브이로그를,O
찍고,O
왔습니다,O
ㅡㅡㅡ,ㅡㅡㅡ
446,O
공화춘,B_RES
ㅡㅡㅡ,ㅡㅡㅡ
인천광역시,B_LOC
중구,O
북성동3가,O
차이나타운로,B_TOR
43,O
ㅡㅡㅡ,ㅡㅡㅡ
재밌게,O
보셨다면,O
좋아요와,O
구독,O
부탁드려요,O
ㅡㅡㅡ,ㅡㅡㅡ
인천차이나타운,B_TOR
먹방브이로그,O
공화춘,B_RES
ㅡㅡㅡ,ㅡㅡㅡ
안녕하세요,O
ㅡㅡㅡ,ㅡㅡㅡ
이번,O
영상은,O
인천,B_LOC
에서,O
맛있는,O
중국,O
요리,O
먹고,O
월미도공원,B_TOR
가요,O
ㅡㅡㅡ,ㅡㅡㅡ
구독,O
좋아요,O
댓글,O
감사해요,O
ㅡㅡㅡ,ㅡㅡㅡ
ㅡㅡㅡ,ㅡㅡㅡ
ㅡㅡㅡ,ㅡㅡㅡ
ㅡㅡㅡ,ㅡㅡㅡ
ㅡㅡㅡ,ㅡㅡㅡ
ㅡㅡㅡ,ㅡㅡㅡ
국제,O
커플,O
브이로그,O
커,O
플브이로그,O
커,O
플여행,O
인천,B_LOC
월미도,B_TOR
차이나타운,B_TOR
중국,O
중국,O
먹방,O
먹방,O
중국,O
음식,O
ㅡㅡㅡ,ㅡㅡㅡ
인천대공원,B_TOR
산책,O
브이로그,O
ㅡㅡㅡ,ㅡㅡㅡ
안녕하세요,O
예피소,O
드입니다,O
ㅡㅡㅡ,ㅡㅡㅡ
7월,O
에,O
1박2일,O
로,O
영종도,B_TOR
여행을,O
다녀왔어요,O
ㅡㅡㅡ,ㅡㅡㅡ
강원도,O
양양,O
여수,B_LOC
영종도,B_TOR
중에,O
어디를,O
갈지,O
고민하다가,O
ㅡㅡㅡ,ㅡㅡㅡ
가까운곳으로,O
편하게,O
쉬다오자,O
해서,O
영종도,B_TOR
로,O
선택,O
ㅡㅡㅡ,ㅡㅡㅡ
초보운전이라,O
아직,O
장거리,O
운전은,O
쬐끔,O
고민이,O
되더라구여,O
ㅡㅡㅡ,ㅡㅡㅡ
평일,O
이라,O
그런지,O
고속도로도,O
한산하고,O
드라이브,O
하기,O
진짜,O
좋았어요,O
ㅡㅡㅡ,ㅡㅡㅡ
코로나,O
때문에,O
너무,O
답답한,O
일상속에서,O
ㅡㅡㅡ,ㅡㅡㅡ
가끔씩,O
이렇게,O
콧,O
바람,O
쐬주는게,O
ㅡㅡㅡ,ㅡㅡㅡ
저희,O
부부,O
의,O
유일한,O
낙이랍니다,O
ㅡㅡㅡ,ㅡㅡㅡ
그럼,O
오늘,O
영상도,O
재미있게,O
봐주세요,O
ㅡㅡㅡ,ㅡㅡㅡ
긴,O
장마철이,O
무사히,O
지나갔으면,O
좋겠네요,O
ㅡㅡㅡ,ㅡㅡㅡ
모두들,O
안전한,O
하루,O
되시길,O
바랄게요,O
ㅡㅡㅡ,ㅡㅡㅡ
여행브이로그,O
ㅡㅡㅡ,ㅡㅡㅡ
영종도,B_TOR
ㅡㅡㅡ,ㅡㅡㅡ
호캉스,O
ㅡㅡㅡ,ㅡㅡㅡ
일상브이로그,O
인천차이나타운,B_TOR
바나나수,O
ㅡㅡㅡ,ㅡㅡㅡ
주말,O
에,O
인천차이나타운,B_TOR
에,O
다녀왔어요,O
ㅡㅡㅡ,ㅡㅡㅡ
만다복,B_RES
에서,O
짜장면,O
이랑,O
짬뽕,O
도,O
먹고,O
후식으로는,O
홍두병,B_CAF
ㅡㅡㅡ,ㅡㅡㅡ
소품샵에서,O
다꾸용품,O
사고,O
오랜만에,O
가챠뽑기도,O
하고,O
ㅡㅡㅡ,ㅡㅡㅡ
분위기,O
좋은,O
카페,O
관동오리진,B_CAF
에서,O
따뜻한,O
레몬차,O
와,O
ㅡㅡㅡ,ㅡㅡㅡ
팥물떡,O
에,O
달달하고,O
쫀득한,O
딸기설기,O
까지,O
ㅡㅡㅡ,ㅡㅡㅡ
이번,O
나들이를,O
결정한,O
큰,O
이유,O
신포닭강정,B_RES
도,O
사고,O
ㅡㅡㅡ,ㅡㅡㅡ
차이나타운,B_TOR
에서,O
구매한,O
다꾸용품으로,O
다꾸하는,O
ㅡㅡㅡ,ㅡㅡㅡ
주말,O
일상을,O
담았답니다,O
ㅡㅡㅡ,ㅡㅡㅡ
ㅡㅡㅡ,ㅡㅡㅡ
촬영,O
아이폰8,O
ㅡㅡㅡ,ㅡㅡㅡ
ㅡㅡㅡ,ㅡㅡㅡ
ㅡㅡㅡ,ㅡㅡㅡ
ㅡㅡㅡ,ㅡㅡㅡ
차이나타운,B_TOR
차이나타운,B_TOR
카페,O
카페탐방,O
다꾸,O
다꾸쇼핑,O
ㅡㅡㅡ,ㅡㅡㅡ
바나나수브이,O
로그,O
네이버,O
블로그,O
바나나수다이어리,O
ㅡㅡㅡ,ㅡㅡㅡ
안녕하세요,O
ㅡㅡㅡ,ㅡㅡㅡ
오늘,O
은,O
오래간만에,O
카페,O
브이로그,O
영상이예요,O
ㅡㅡㅡ,ㅡㅡㅡ
이번주,O
에,O
삿포로,O
에,O
다녀와서,O
올릴,O
영상이,O
많은데,O
ㅎㅎ,O
ㅡㅡㅡ,ㅡㅡㅡ
영상,O
편집이,O
시간이,O
걸려서,O
먼저,O
카페,O
브이로그부터,O
올려보네요,O
ㅡㅡㅡ,ㅡㅡㅡ
인천국제공항,O
근처에,O
있는,O
스타파이브,B_CAF
라는,O
창고형,O
큰,O
카페예요,O
ㅡㅡㅡ,ㅡㅡㅡ
빵,O
도,O
맛있고,O
내부도,O
잘해놨어요,O
ㅡㅡㅡ,ㅡㅡㅡ
근처에,O
오시면,O
한번,O
들러보세요,O
ㅡㅡㅡ,ㅡㅡㅡ
영종도,B_TOR
카페,O
ㅡㅡㅡ,ㅡㅡㅡ
영종도,B_TOR
가볼만한곳,O
ㅡㅡㅡ,ㅡㅡㅡ
영종도,B_TOR
커플,O
ㅡㅡㅡ,ㅡㅡㅡ
카페,O
얼트,B_CAF
ㅡㅡㅡ,ㅡㅡㅡ
하늘,O
정원,O
코스모스,O
ㅡㅡㅡ,ㅡㅡㅡ
안녕하세요,O
ㅡㅡㅡ,ㅡㅡㅡ
이번,O
영상은,O
저의,O
첫,O
호캉스,O
브이로그입니다,O
ㅡㅡㅡ,ㅡㅡㅡ
호캉스,O
브이로그인데,O
영상에는,O
호텔이,O
별로,O
안,O
나와요ㅎㅎ,O
ㅡㅡㅡ,ㅡㅡㅡ
그냥,O
이것저것,O
먹다가,O
온,O
1박2일,O
영종도,B_TOR
여행,O
ㅡㅡㅡ,ㅡㅡㅡ
소소한,O
즐거움이,O
있으니,O
이번,O
영상도,O
재미있게,O
봐,O
주세요,O
ㅡㅡㅡ,ㅡㅡㅡ
호캉스,O
인천파라다이스시티호텔,O
영종도,B_TOR
맛집,O
ㅡㅡㅡ,ㅡㅡㅡ
안녕하세요,O
서우,O
엄마,O
에요,O
ㅡㅡㅡ,ㅡㅡㅡ
날씨가,O
갑자기,O
너무,O
추워졌어요,O
ㅡㅡㅡ,ㅡㅡㅡ
감기,O
조심하세요,O
ㅡㅡㅡ,ㅡㅡㅡ
이번에는,O
가을가을,O
한,O
날씨에,O
ㅡㅡㅡ,ㅡㅡㅡ
서우,O
어린이집,O
땡땡이,O
치고,O
ㅡㅡㅡ,ㅡㅡㅡ
인천대공원,B_TOR
으로,O
피크닉,O
다녀왔어용,O
ㅡㅡㅡ,ㅡㅡㅡ
영상,O
속,O
피크닉,O
셋트,O
대여는,O
ㅡㅡㅡ,ㅡㅡㅡ
숲다방,O
이에요,O
ㅡㅡㅡ,ㅡㅡㅡ
인스타그램,O
주소,O
올려둘게요,O
ㅡㅡㅡ,ㅡㅡㅡ
1884,O
ㅡㅡㅡ,ㅡㅡㅡ
좋아요,O
와,O
구독,O
부탁드려요,O
ㅡㅡㅡ,ㅡㅡㅡ
인천대공원,B_TOR
육아브이로그,O
피크닉,O
ㅡㅡㅡ,ㅡㅡㅡ
2020년10월31일,O
토요일,O
인천,B_LOC
대부도,O
선재도,B_TOR
의,O
뻘다방을,B_CAF
다녀,O
왔습니다,O
아기자기하게,O
잘,O
꾸며진,O
예쁜,O
곳,O
입니다,O
여자친구,O
분과,O
가볼만,O
합니다,O
ㅡㅡㅡ,ㅡㅡㅡ
다만,O
상업영상,O
모델,O
촬영은,O
불가한,O
곳이니,O
참고하세요,O
개인,O
가족,O
한다고,O
ㅠㅠ,O
승낙받고,O
간신히,O
촬영,O
했습니다,O
ㅡㅡㅡ,ㅡㅡㅡ
뻘다방,O
건너편에,O
주차,O
후,O
뻘다방,O
영수증,O
첨부하면,O
2시간,O
은,O
주차비,O
공짜인데,O
2시간이후부터,O
는,O
30분마다,O
5000원씩,O
올라,O
갑니다,O
ㅡㅡㅡ,ㅡㅡㅡ
마지막,O
사진들은,O
함께,O
간,O
딸램,O
이,O
찍은,O
사진이에용,O
ㅡㅡㅡ,ㅡㅡㅡ
재미있게,O
봐,O
주세요,O
ㅡㅡㅡ,ㅡㅡㅡ
ㅡㅡㅡ,ㅡㅡㅡ
ㅡㅡㅡ,ㅡㅡㅡ
9143,O
ㅡㅡㅡ,ㅡㅡㅡ
ㅡㅡㅡ,ㅡㅡㅡ
ㅡㅡㅡ,ㅡㅡㅡ
73,O
ㅡㅡㅡ,ㅡㅡㅡ
55,O
18,O
ㅡㅡㅡ,ㅡㅡㅡ
16,O
14,O
ㅡㅡㅡ,ㅡㅡㅡ
928,O
ㅡㅡㅡ,ㅡㅡㅡ
190,O
ㅡㅡㅡ,ㅡㅡㅡ
ㅡㅡㅡ,ㅡㅡㅡ
ㅡㅡㅡ,ㅡㅡㅡ
ㅡㅡㅡ,ㅡㅡㅡ
ㅡㅡㅡ,ㅡㅡㅡ
ㅡㅡㅡ,ㅡㅡㅡ
ㅡㅡㅡ,ㅡㅡㅡ
2019,O
인천대공원,B_TOR
동물원에,O
다녀왔어요,O
ㅡㅡㅡ,ㅡㅡㅡ
여름,O
방학을,O
맞아,O
또또,O
또또,O
와,O
꽁지,O
가,O
반가운,O
동물들을,O
만나보고,O
왔어요,O
ㅡㅡㅡ,ㅡㅡㅡ
작은,O
동물들,O
부터,O
보고싶던,O
동물들을,O
만나고나니,O
너무,O
행복해요,O
ㅡㅡㅡ,ㅡㅡㅡ
무슨동물들이,O
가장,O
멋지고,O
화려할까요,O
ㅡㅡㅡ,ㅡㅡㅡ
또또,O
와,O
함께,O
같이,O
인천대공원,B_TOR
동물원을,O
구경해보아요,O
ㅡㅡㅡ,ㅡㅡㅡ
네이버,O
또또,O
무료구독,O
ㅡㅡㅡ,ㅡㅡㅡ
ㅡㅡㅡ,ㅡㅡㅡ
유튜브,O
또또,O
무료구독,O
ㅡㅡㅡ,ㅡㅡㅡ
ㅡㅡㅡ,ㅡㅡㅡ
카카오,O
또또,O
무료구독,O
ㅡㅡㅡ,ㅡㅡㅡ
3329769,O
ㅡㅡㅡ,ㅡㅡㅡ
브이로그,O
여행,O
월미도,B_TOR
당일치기,O
인천,B_LOC
ㅡㅡㅡ,ㅡㅡㅡ
안녕하세요,O
겨울,O
의,O
아이입니다,O
ㅡㅡㅡ,ㅡㅡㅡ
오늘,O
은,O
제가,O
당일치기로,O
여행,O
다녀온,O
인천,B_LOC
월미도,B_TOR
여행,O
브이로그,O
영상입니다,O
ㅡㅡㅡ,ㅡㅡㅡ
그럼,O
재밌게,O
봐주시면,O
감사하겠고,O
구독과,O
좋아요,O
알림설정,O
부탁드립니다,O
ㅡㅡㅡ,ㅡㅡㅡ
안녕하세요,O
ㅡㅡㅡ,ㅡㅡㅡ
오늘,O
날씨도,O
좋고,O
기분도,O
좋고,O
급,O
ㅡㅡㅡ,ㅡㅡㅡ
대부도,O
선재도,B_TOR
뻘다방,B_CAF
일몰전에,O
다녀왔어요,O
ㅡㅡㅡ,ㅡㅡㅡ
여기는,O
언제가도,O
좋겠지만,O
ㅡㅡㅡ,ㅡㅡㅡ
저는,O
일몰전에,O
가시는것을,O
추천하고,O
싶어요,O
ㅡㅡㅡ,ㅡㅡㅡ
정말,O
장관,O
이,O
펼쳐집니다,O
ㅡㅡㅡ,ㅡㅡㅡ
커피,O
랑,O
디저트,O
가격은,O
꽤,O
높은편이니,O
참고하고,O
가시면,O
될,O
거,O
같아요,O
ㅡㅡㅡ,ㅡㅡㅡ
뻘다방,O
주소,O
인천,B_LOC
옹진군,O
영흥면,O
선재,O
로,O
55,O
ㅡㅡㅡ,ㅡㅡㅡ
영업시간,O
매일,O
10002000,O
매주,O
화요일,O
휴무,O
ㅡㅡㅡ,ㅡㅡㅡ
화요일,O
휴무,O
참고하시고,O
방문하시면,O
되세요,O
ㅡㅡㅡ,ㅡㅡㅡ
오늘,O
도,O
편안하게,O
영상,O
시청해주시면,O
감사하겠습니다,O
ㅡㅡㅡ,ㅡㅡㅡ
월미도,B_TOR
공영주차장서,O
차박을,O
하고,O
다음날,O
월미공원,B_TOR
을,O
둘러봤습니다,O
월미산,B_TOR
정상까지,O
올라갔는데,O
너무,O
낮은,O
산이라서,O
쉽게,O
오를수,O
있었습니다,O
108,O
월미도,B_TOR
차박은,O
낚시하시는,O
분들이,O
대다수라서,O
약간,O
이방인,O
느낌이라고나,O
할까요,O
그런,O
기분이었습니다,O
파워뱅크,O
를,O
두번째,O
로,O
사용해보는데,O
혹시,O
용량부족할까,O
봐서,O
오후,O
에,O
키고,O
밤,O
에,O
끄는,O
식으로,O
차박,O
이틀동안,O
가동했습니다,O
스마트폰,O
과,O
선풍기,O
도,O
하루,O
가,O
지나면,O
거의,O
방전되어,O
있죠,O
파워뱅크,O
가,O
있으니,O
충전시킬수,O
있어서,O
좋았네요,O
몇번이나,O
할수있는지는,O
테스트해보지,O
않았지만,O
여러대,O
할수,O
있었습니다,O
ㅡㅡㅡ,ㅡㅡㅡ
근처에,O
방문하시게,O
되면,O
월미공원,B_TOR
과,O
월미산,B_TOR
까지,O
산책하시고,O
근처의,O
차이나타운,B_TOR
짬뽕,O
이나,O
짜장면,O
드시면,O
좋을,O
듯,O
싶습니다,O
제가,O
그렇게,O
했거든요,O
ㅋ,O
ㅡㅡㅡ,ㅡㅡㅡ
월미도,B_TOR
월미테마파크,B_TOR
월미공원,B_TOR
ㅡㅡㅡ,ㅡㅡㅡ
유튜브,O
사용장비,O
ㅡㅡㅡ,ㅡㅡㅡ
1,O
카메라,O
삼성,O
갤럭시,O
스마트폰10,O
5,O
ㅡㅡㅡ,ㅡㅡㅡ
2,O
편집,O
프로그램,O
스마트폰,O
용,O
유료,O
ㅡㅡㅡ,ㅡㅡㅡ
다꾸,O
다이어리꾸미기,O
인천,B_LOC
카페,O
ㅡㅡㅡ,ㅡㅡㅡ
영상,O
속,O
정보,O
ㅡㅡㅡ,ㅡㅡㅡ
인천차이나타운,B_TOR
ㅡㅡㅡ,ㅡㅡㅡ
홍두병,B_CAF
ㅡㅡㅡ,ㅡㅡㅡ
공화춘,B_CAF
삼선볶음밥,O
공화춘짜장면,B_RES
ㅡㅡㅡ,ㅡㅡㅡ
아키라커피,B_CAF
아키라,O
화이트,O
아메리카노,O
ㅡㅡㅡ,ㅡㅡㅡ
영종도,B_TOR
카페거리,O
ㅡㅡㅡ,ㅡㅡㅡ
카페목현,B_CAF
목현,O
라떼,O
ㅡㅡㅡ,ㅡㅡㅡ
흑당커피,O
밀크티,O
ㅡㅡㅡ,ㅡㅡㅡ
다꾸,O
재료,O
ㅡㅡㅡ,ㅡㅡㅡ
다이소,O
마테커터기,O
접착식,O
풀테이프,O
ㅡㅡㅡ,ㅡㅡㅡ
무인양품,O
색연필,O
가위,O
편지지,O
ㅡㅡㅡ,ㅡㅡㅡ
아트박스,O
파,O
란체크마테,O
ㅡㅡㅡ,ㅡㅡㅡ
사진,O
버릴,O
책에서,O
오린,O
것,O
ㅡㅡㅡ,ㅡㅡㅡ
ㅡㅡㅡ,ㅡㅡㅡ
촬영,O
아이폰8,O
ㅡㅡㅡ,ㅡㅡㅡ
ㅡㅡㅡ,ㅡㅡㅡ
ㅡㅡㅡ,ㅡㅡㅡ
ㅡㅡㅡ,ㅡㅡㅡ
일상,O
일상브이로그,O
바나나,O
수,O
바나나수,O
브이로그,O
ㅡㅡㅡ,ㅡㅡㅡ
코로나,O
격상,O
전,O
다녀왔던,O
첫,O
월미도,B_TOR
여행기와,O
더불어,O
ㅡㅡㅡ,ㅡㅡㅡ
저의,O
첫,O
브이로그예요ㅎㅎ,O
ㅡㅡㅡ,ㅡㅡㅡ
폰,O
으로,O
편집을,O
하다보니,O
조금,O
실수가,O
생겼어요,O
ㅡㅡㅡ,ㅡㅡㅡ
그래도,O
재밌게,O
봐주세요ㅎㅎ,O
ㅡㅡㅡ,ㅡㅡㅡ
ㅡㅡㅡ,ㅡㅡㅡ
도,O
많이,O
찾아,O
들어주세요,O
ㅡㅡㅡ,ㅡㅡㅡ
같이,O
여행,O
다녔던,O
친한,O
동생,O
도,O
ㅡㅡㅡ,ㅡㅡㅡ
노래가,O
나왔답니다,O
ㅡㅡㅡ,ㅡㅡㅡ
한지현,O
울어요,O
ㅡㅡㅡ,ㅡㅡㅡ
도,O
많이,O
들어주세요,O
ㅡㅡㅡ,ㅡㅡㅡ
감사합니다ㅎㅎ,O
ㅡㅡㅡ,ㅡㅡㅡ
15개월,O
이,O
된,O
아기,O
이솔,O
이와,O
파라다이스시티호텔,O
에,O
갔다왔어요,O
ㅡㅡㅡ,ㅡㅡㅡ
코로나,O
평일,O
때문에,O
호텔에는,O
정말,O
사람들이,O
없더라고요,O
ㅡㅡㅡ,ㅡㅡㅡ
사실,O
오늘,O
호텔을,O
방문한,O
건,O
파라다이스아트스페이스,O
를,O
가보기,O
위함,O
ㅡㅡㅡ,ㅡㅡㅡ
바다바람도,O
쐴,O
겸,O
찾은,O
영종도,B_TOR
에서,O
미술,O
작품을,O
만날,O
수,O
있는,O
곳,O
ㅡㅡㅡ,ㅡㅡㅡ
바로,O
파라다이스아트스페이스,O
입니다,O
ㅡㅡㅡ,ㅡㅡㅡ
투숙객,O
이나,O
파라다이스시티호텔,O
멤버쉽,O
회원,O
이라면,O
관람이,O
가능하니,O
꿀,O
ㅡㅡㅡ,ㅡㅡㅡ
파라다이스시티,O
파라다이스시티호텔,O
파라다이스시티아기,O
ㅡㅡㅡ,ㅡㅡㅡ
ㅡㅡㅡ,ㅡㅡㅡ
여기는,O
이솔,O
이의,O
인생을,O
엿볼,O
수,O
있는,O
곳,O
ㅡㅡㅡ,ㅡㅡㅡ
여기는,O
이솔티비,O
입니다,O
ㅡㅡㅡ,ㅡㅡㅡ
이솔,O
이의,O
새로운,O
영상은,O
일주일,O
에,O
세번,O
확인하실,O
수,O
있습니다,O
ㅡㅡㅡ,ㅡㅡㅡ
귀여운,O
이솔,O
이의,O
사진은,O
인스타그램,O
에,O
거의,O
매일,O
올라옵니다,O
ㅡㅡㅡ,ㅡㅡㅡ
이솔,O
이의,O
소식이,O
궁금하신,O
분들은,O
ㅡㅡㅡ,ㅡㅡㅡ
2,O
에서,O
이솔,O
이의,O
매일을,O
지켜봐,O
주세요,O
ㅡㅡㅡ,ㅡㅡㅡ
이솔,O
를,O
사랑해주시는,O
모든,O
분들,O
감사합니다,O
ㅡㅡㅡ,ㅡㅡㅡ
이솔티비,O
의,O
배경음악은,O
벤사운드,O
의,O
음악입니다,O
ㅡㅡㅡ,ㅡㅡㅡ
ㅡㅡㅡ,ㅡㅡㅡ
육아,O
아기,O
子育,O
赤,O
孩子,O
孩子,O
孩子們,O
孩子,O
ㅡㅡㅡ,ㅡㅡㅡ
ㅡㅡㅡ,ㅡㅡㅡ
ㅡㅡㅡ,ㅡㅡㅡ
ㅡㅡㅡ,ㅡㅡㅡ
ㅡㅡㅡ,ㅡㅡㅡ
ㅡㅡㅡ,ㅡㅡㅡ
ㅡㅡㅡ,ㅡㅡㅡ
2,O
ㅡㅡㅡ,ㅡㅡㅡ
ㅡㅡㅡ,ㅡㅡㅡ
ㅡㅡㅡ,ㅡㅡㅡ
송도,O
해돋이공원,O
센트럴파크,O
데카트론,O
ㅡㅡㅡ,ㅡㅡㅡ
전기자전거,O
운전능력,O
테스트,O
ㅡㅡㅡ,ㅡㅡㅡ
합격하면,O
전기자전거,O
사준대요,O
ㅡㅡㅡ,ㅡㅡㅡ
운서,O
맛집,O
영종도,B_TOR
맛집,O
인천,B_LOC
카페,O
ㅡㅡㅡ,ㅡㅡㅡ
안녕하세요,O
채,O
널다슬다스리,O
입니다,O
ㅡㅡㅡ,ㅡㅡㅡ
더,O
재미있는,O
영상으로,O
찾아오고,O
싶었지만,O
ㅡㅡㅡ,ㅡㅡㅡ
점점,O
더,O
심해져만가는,O
코로나,O
의,O
여파로,O
ㅡㅡㅡ,ㅡㅡㅡ
방역,O
단계가,O
격상하기,O
전,O
다녔던,O
동네,O
맛집들을,O
모아봤어요,O
ㅡㅡㅡ,ㅡㅡㅡ
벌써,O
1년가,O
까이,O
이어지는,O
코로나덕에,O
ㅡㅡㅡ,ㅡㅡㅡ
평범한,O
줄,O
알았던,O
지난,O
일상들이,O
너무,O
소중하고,O
꿈같이,O
느껴지는건,O
ㅡㅡㅡ,ㅡㅡㅡ
저,O
뿐만이,O
아닐,O
것,O
같아요,O
ㅡㅡㅡ,ㅡㅡㅡ
오늘부터,O
시행되는,O
수도권,O
거리두기,O
25단계,O
ㅡㅡㅡ,ㅡㅡㅡ
더,O
격상되는,O
일,O
없도록,O
한마음으로,O
집콕합시다,O
ㅡㅡㅡ,ㅡㅡㅡ
오늘,O
도,O
제,O
일상에,O
함께해줘서,O
고마워요,O
ㅡㅡㅡ,ㅡㅡㅡ
ㅡㅡㅡ,ㅡㅡㅡ
ㅡㅡㅡ,ㅡㅡㅡ
ㅡㅡㅡ,ㅡㅡㅡ
ㅡㅡㅡ,ㅡㅡㅡ
꽃보다수컷,O
4,O
개린,O
이들,O
모임이에요,O
ㅡㅡㅡ,ㅡㅡㅡ
꾸녕이,O
친구,O
들과,O
함께,O
강아지,O
운동장,O
영종도,B_TOR
해리파크,O
반려견놀이터에서,O
놀다왔어요,O
ㅡㅡㅡ,ㅡㅡㅡ
만나면,O
항상,O
즐거운,O
강아지,O
친구,O
들,O
ㅡㅡㅡ,ㅡㅡㅡ
오래도록,O
함께,O
하고,O
싶은,O
강아지,O
우정입니다,O
ㅡㅡㅡ,ㅡㅡㅡ
앞으로,O
꾸녕이,O
친구,O
들과,O
함께,O
애견카페,O
나들이,O
다녀온,O
이야기,O
자주,O
올려볼게요,O
ㅡㅡㅡ,ㅡㅡㅡ
야외애견카페,O
애견동반카페,O
애견운동장,O
ㅡㅡㅡ,ㅡㅡㅡ
브금,O
대통령,O
ㅡㅡㅡ,ㅡㅡㅡ
봄,O
에,O
듣기,O
좋은,O
2,O
655,O
ㅡㅡㅡ,ㅡㅡㅡ
차이나타운,B_TOR
인천,B_LOC
차이나타운,B_TOR
차이나타운,B_TOR
먹거리,O
ㅡㅡㅡ,ㅡㅡㅡ
차이나타운,B_TOR
먹방,O
인천,B_LOC
차이나타운,B_TOR
맛집,O
길거리먹방,O
ㅡㅡㅡ,ㅡㅡㅡ
쌔미,O
언니,O
가,O
오늘,O
은,O
인천,B_LOC
차이나타운,B_TOR
을,O
다녀왔어요,O
ㅡㅡㅡ,ㅡㅡㅡ
길거리,O
음식이,O
가득한,O
이곳에서,O
먹방,O
브이로그,O
찍어왔습니닷,O
ㅡㅡㅡ,ㅡㅡㅡ
원보만두,B_RES
화덕만두,O
양꼬치,O
치밧코야끼,O
치밧코야키,O
홍두병,B_CAF
탕후루,O
등등,O
ㅡㅡㅡ,ㅡㅡㅡ
길거리,O
다니다,O
보니,O
예정에,O
없던,O
짜장면,O
박물관도,O
들렀다,O
오게,O
되었구요ㅎㅎ,O
ㅡㅡㅡ,ㅡㅡㅡ
겨울,O
에,O
또,O
평일,O
오전,O
에,O
갔더니,O
ㅡㅡㅡ,ㅡㅡㅡ
사람이,O
저어어어어엉말,O
없었어요ㅎㅎㅎ,O
줄도,O
없이,O
후루룩,O
먹고,O
온,O
날,O
ㅡㅡㅡ,ㅡㅡㅡ
헷소리,O
수다와,O
개인기가,O
난무했던,O
브이로그,O
ㅡㅡㅡ,ㅡㅡㅡ
함께,O
해요,O
ㅡㅡㅡ,ㅡㅡㅡ
인천,B_LOC
8부두,O
주차장,O
찍고,O
가시면,O
무료주차,O
가능해요,O
ㅡㅡㅡ,ㅡㅡㅡ
협찬,O
및,O
제작,O
문의,O
ㅡㅡㅡ,ㅡㅡㅡ
송도,O
가볼만한곳,O
서울,B_LOC
근교드라이브,O
센트럴파크,O
ㅡㅡㅡ,ㅡㅡㅡ
영상은,O
화질,O
108060,O
으로,O
맞춰놓고,O
봐주시면,O
좋습니다,O
ㅡㅡㅡ,ㅡㅡㅡ
구독,O
및,O
알람설정,O
해두시면,O
다음편,O
업로드시,O
알람이,O
울려요,O
ㅡㅡㅡ,ㅡㅡㅡ
ㅡㅡㅡ,ㅡㅡㅡ
ㅡㅡㅡ,ㅡㅡㅡ
ㅡㅡㅡ,ㅡㅡㅡ
ㅡㅡㅡ,ㅡㅡㅡ
ㅡㅡㅡ,ㅡㅡㅡ
튜미니,O
와,O
하귀요미의,O
인천대공원,B_TOR
나들이,O
ㅡㅡㅡ,ㅡㅡㅡ
활발한,O
18개월,O
아이와,O
함께한,O
육아브이로그,O
ㅡㅡㅡ,ㅡㅡㅡ
간식도,O
먹고,O
강아지,O
도,O
보고,O
코스모스,O
도,O
보고,O
ㅡㅡㅡ,ㅡㅡㅡ
쨔니네도,O
만나고,O
산책,O
후,O
맛있는,O
저녁까지,O
ㅡㅡㅡ,ㅡㅡㅡ
앞으로,O
육아,O
브이로그,O
자주,O
올려볼게요,O
33,O
ㅡㅡㅡ,ㅡㅡㅡ
영상제작,O
하굠파파,O
ㅡㅡㅡ,ㅡㅡㅡ
마지막,O
여름,O
휴가,O
인천,B_LOC
여행,O
힐링여행,O
ㅡㅡㅡ,ㅡㅡㅡ
오늘,O
저희의,O
인천,B_LOC
영종도,B_TOR
로,O
출발한,O
첫날,O
영상,O
잘,O
보셨나요,O
ㅡㅡㅡ,ㅡㅡㅡ
1일차,O
는,O
조금,O
더,O
휴식에,O
중점을,O
두어서,O
숙소에서,O
쉬고,O
구읍뱃터,B_TOR
로,O
가서,O
간단한,O
저녁식사와,O
카페,O
그리고,O
근처,O
구경을,O
했어요,O
ㅡㅡㅡ,ㅡㅡㅡ
000,O
시작,O
ㅡㅡㅡ,ㅡㅡㅡ
230,O
인천,B_LOC
도착,O
ㅡㅡㅡ,ㅡㅡㅡ
241,O
와이키키스시,B_RES
ㅡㅡㅡ,ㅡㅡㅡ
444,O
구읍뱃터,B_TOR
도착,O
ㅡㅡㅡ,ㅡㅡㅡ
602,O
바다앞라면집,B_RES
ㅡㅡㅡ,ㅡㅡㅡ
900,O
야시장,O
ㅡㅡㅡ,ㅡㅡㅡ
구독과,O
좋아요,O
꾸욱,O
ㅡㅡㅡ,ㅡㅡㅡ
정말,O
맛있었던,O
라면,O
가게는,O
바다,B_RES
앞라면집,I_RES
ㅡㅡㅡ,ㅡㅡㅡ
꼭,O
드셔보세요,O
추천추천,O
ㅡㅡㅡ,ㅡㅡㅡ
벨라루스,O
사샤,O
ㅡㅡㅡ,ㅡㅡㅡ
한국,O
정현,O
ㅡㅡㅡ,ㅡㅡㅡ
ㅡㅡㅡ,ㅡㅡㅡ
019,O
ㅡㅡㅡ,ㅡㅡㅡ
인천,B_LOC
하면,O
가장,O
떠,O
오르는,O
지역은,O
어디일까요,O
ㅡㅡㅡ,ㅡㅡㅡ
예전에는,O
부평,O
구월동,O
주안,O
등이었는데,O
이제는,O
당연히,O
송도,O
ㅡㅡㅡ,ㅡㅡㅡ
송도국제도시,O
는,O
완벽한,O
계획도시로,O
외국인,O
들이,O
더,O
사랑하는,O
곳입니다,O
ㅡㅡㅡ,ㅡㅡㅡ
볼거리,O
먹을거리가,O
많은,O
송도,O
지만,O
그래도,O
추천하는,O
곳,O
2곳,O
ㅡㅡㅡ,ㅡㅡㅡ
바로,O
센트럴파크,O
와,O
솔찬공원,B_TOR
입니다,O
ㅡㅡㅡ,ㅡㅡㅡ
이솔,O
이와,O
함께,O
센트럴파크,O
에서,O
배,O
도,O
타고,O
엄마,O
마중갔다가,O
즉흥적으로,O
들린,O
솔찬공원,B_TOR
ㅡㅡㅡ,ㅡㅡㅡ
가까운곳에서,O
이렇게,O
아름다운,O
바다를,O
볼,O
수,O
있어서,O
정말,O
좋아요,O
ㅡㅡㅡ,ㅡㅡㅡ
인천,B_LOC
송도,O
여행,O
인천,B_LOC
가볼만한곳,O
인천,B_LOC
송도,O
ㅡㅡㅡ,ㅡㅡㅡ
ㅡㅡㅡ,ㅡㅡㅡ
여기는,O
이솔,O
이의,O
인생을,O
만나는,O
곳입니다,O
ㅡㅡㅡ,ㅡㅡㅡ
이솔,O
이의,O
새로운,O
영상은,O
일주일,O
에,O
두번,O
확인하실,O
수,O
있습니다,O
ㅡㅡㅡ,ㅡㅡㅡ
귀여운,O
이솔,O
이의,O
사진은,O
인스타그램,O
에,O
거의,O
매일,O
올라옵니다,O
ㅡㅡㅡ,ㅡㅡㅡ
이솔,O
이의,O
소식이,O
궁금하신,O
분들은,O
ㅡㅡㅡ,ㅡㅡㅡ
2,O
에서,O
이솔,O
이의,O
매일을,O
지켜봐,O
주세요,O
ㅡㅡㅡ,ㅡㅡㅡ
이솔,O
이를,O
사랑해주시는,O
모든,O
분들,O
감사합니다,O
ㅡㅡㅡ,ㅡㅡㅡ
ㅡㅡㅡ,ㅡㅡㅡ
육아,O
아기,O
子育,O
赤,O
孩子,O
孩子,O
孩子們,O
孩子,O
ㅡㅡㅡ,ㅡㅡㅡ
