﻿word,ner
전주,B_LOC
뚜벅이,O
당일치기,O
여행코스,O
7,O
전주,B_LOC
가볼만한곳국내여행,O
추천,O
전주수목원,B_TOR
한옥마을,B_TOR
경기전,B_TOR
전동성당,B_TOR
벽화마을,B_TOR
시,O
간여행,O
101팸투어,O
ㅡㅡㅡ,ㅡㅡㅡ
전주,B_LOC
여행,O
2박3일,O
누가,O
길대요,O
아원고택,B_CAF
한옥마을,B_TOR
공방체험,O
청와대,O
술,O
언박싱까지,O
ㅡㅡㅡ,ㅡㅡㅡ
완벽했던,O
전주,B_LOC
여행,O
브이로그,O
한복데이트,O
전주한옥마을,B_TOR
전동성당,B_TOR
경기전,B_TOR
다도체험,O
ㅡㅡㅡ,ㅡㅡㅡ
공무원,O
브이로그ㅣ,O
전주학산숲속시집도서관,B_TOR
ㅣ소소한,O
일상ㅣ힐링,O
브이로그,O
ㅡㅡㅡ,ㅡㅡㅡ
나혼자1박2일,O
전주여행,O
김누농,O
ㅡㅡㅡ,ㅡㅡㅡ
전주,B_LOC
여행,O
전북,O
여행,O
전주,B_LOC
79번,O
명품버스,O
新,O
1000번,O
버스,O
ㅡㅡㅡ,ㅡㅡㅡ
여행,O
전주,B_LOC
한옥마을,B_TOR
다녀왔습니다,O
전주,B_LOC
맛집발견,O
ㅡㅡㅡ,ㅡㅡㅡ
전주,B_LOC
여행,O
전북,O
여행,O
전주사고,B_TOR
포쇄현장,I_TOR
ㅡㅡㅡ,ㅡㅡㅡ
전주,B_LOC
먹방,O
여행,O
교동석갈비,B_RES
전주비빔밥,O
다우랑만두,O
피순대,O
카페,O
너무,O
많아,O
ㅡㅡㅡ,ㅡㅡㅡ
전주,B_LOC
여행,O
전북,O
여행,O
전주,B_LOC
천년전주길,O
의,O
남고산성,B_TOR
과,O
억경대,B_TOR
ㅡㅡㅡ,ㅡㅡㅡ
전주,B_LOC
여행,O
전북,B_LOC
여행,O
앵무새,B_CAF
카페,I_CAF
ㅡㅡㅡ,ㅡㅡㅡ
얼떨결에,O
전주,B_LOC
여행,O
맛집투어,O
전주국제영화제,B_TOR
앤쥬,O
만남,O
ㅡㅡㅡ,ㅡㅡㅡ
전주,B_LOC
맛집탐방,O
1,O
39,O
전주초장집,B_RES
39,O
쯔양,O
님도,O
다녀간,O
대전,O
막장집의,O
본점,O
생활의달인,O
은둔식달,O
초장김밥,O
해물달인,O
전주,B_LOC
여행,O
필수코스,O
오징어볶음,O
돌문어,O
등,O
먹방,O
ㅡㅡㅡ,ㅡㅡㅡ
실패없는,O
전주,B_LOC
한옥마을,B_TOR
맛집,O
투어ㅣ,O
전동,B_LOC
애견동반식당,O
ㅣ,O
객리단길,B_TOR
핫플레이스,O
카페ㅣ,O
교동집,B_RES
제니러브스,B_CAF
ㅣ반려견과,O
함께,O
다녀온,O
여행,O
ㅡㅡㅡ,ㅡㅡㅡ
브이로그,O
1박2일,O
전주,B_LOC
여행,O
전주한옥마을,B_TOR
ㆍ맛집ㆍ카페ㆍ숙소,O
등,O
ㅡㅡㅡ,ㅡㅡㅡ
전주,B_LOC
여행,O
7시간,O
걸린,O
서울,O
에서,O
전주,B_LOC
택시,O
요금,O
얼마나,O
나올까,O
ㅡㅡㅡ,ㅡㅡㅡ
전주,B_LOC
여행,O
ㅡㅡㅡ,ㅡㅡㅡ
전주,B_LOC
여행,O
전북,O
여행,O
아중역레일바이크,B_TOR
ㅡㅡㅡ,ㅡㅡㅡ
전주한옥마을,B_TOR
체험,O
전주,B_LOC
여행,O
전주,B_LOC
초코파이만,O
들기,O
ㅡㅡㅡ,ㅡㅡㅡ
엄마,O
표,O
떡볶이,O
집에서,O
겨울,O
음식,O
먹고,O
전주,B_LOC
당일치기,O
여행간,O
오후,O
일기,O
ㅡㅡㅡ,ㅡㅡㅡ
미스코리아,O
친구,O
들과,O
떠난,O
우정여행,O
국내여행,O
전주,B_LOC
편,O
ㅡㅡㅡ,ㅡㅡㅡ
커플,O
브이로그집에서,O
와플,O
해먹고,O
조커,O
보고,O
전주,B_LOC
도,O
다녀오고,O
쇼핑도,O
하는,O
한시간,O
데이트,O
브이로그,O
ㅡㅡㅡ,ㅡㅡㅡ
日本語,O
서울,O
전주,B_LOC
맛집,O
여행,O
고독한미식가,O
한국,O
편,O
맛집,O
투어,O
종점,O
숯불갈비토방,O
여행,O
브이로그,O
孤,O
韓,B_LOC
國,O
食堂,O
ㅡㅡㅡ,ㅡㅡㅡ
전주,B_LOC
한옥마을,B_TOR
ㅣ,O
전라북도,O
여행,O
3탄,O
ㅣ,O
코비가,O
만의,O
전주,B_LOC
여행,O
코스,O
정복국내여행,O
ㅡㅡㅡ,ㅡㅡㅡ
전주,B_LOC
한옥스테이,O
덕만재,O
한옥에서,O
잤는데,O
아침,O
은,O
빵,O
현지인,O
훈남,O
배우,O
초청,O
전주,B_LOC
여행,O
4,O
한옥스테이와,O
빵카페,O
ㅡㅡㅡ,ㅡㅡㅡ
전주한옥마을,B_LOC
한국,O
여행,O
전라도,O
여행,O
한국여행,O
ㅡㅡㅡ,ㅡㅡㅡ
전주,B_LOC
여행,O
전북,O
여행,O
전주가맥축제,O
ㅡㅡㅡ,ㅡㅡㅡ
전주,B_LOC
여행,O
전북,O
여행,O
전주,B_LOC
소설가,O
최명희,B_TOR
문학관,I_TOR
ㅡㅡㅡ,ㅡㅡㅡ
먹고또먹고,O
전주,B_LOC
여행,O
한옥마을,B_TOR
전북대,O
가맥집,O
한복,O
체험,O
연두콩,O
ㅡㅡㅡ,ㅡㅡㅡ
전주,B_LOC
여행,O
1박2일,O
ㅣ,O
한옥마을,B_LOC
숙소ㅣ,O
한복,O
체험ㅣ국내여행지,O
추천,O
ㅡㅡㅡ,ㅡㅡㅡ
전주,B_LOC
여행,O
전북,B_LOC
여행,O
전주,B_LOC
남부시장,B_LOC
도깨비,O
시장,O
ㅡㅡㅡ,ㅡㅡㅡ
전주,B_LOC
여행,O
전북,B_LOC
여행,O
서학동,B_LOC
예술장터,O
ㅡㅡㅡ,ㅡㅡㅡ
일미터클래식,O
버스킹,O
전주한옥마을,B_LOC
음악,O
도시여행,O
1편,O
전주,B_LOC
대니보이,O
아기상어,O
ㅡㅡㅡ,ㅡㅡㅡ
모텔델루나,O
아이유,O
저리,O
비켜,O
전주,B_LOC
여행,O
브이로그,O
ㅡㅡㅡ,ㅡㅡㅡ
전주,B_LOC
여행,O
전북,B_LOC
여행,O
어진박물관,O
ㅡㅡㅡ,ㅡㅡㅡ
전주,B_LOC
여행,O
전북,B_LOC
여행,O
비빔밥축제,O
ㅡㅡㅡ,ㅡㅡㅡ
전주,B_LOC
여행,O
전북,B_LOC
여행,O
콩나물국밥,O
모주,O
ㅡㅡㅡ,ㅡㅡㅡ
전주,B_LOC
여행,O
전북,B_LOC
여행,O
전주,B_LOC
남부시장,B_TOR
청년몰,O
ㅡㅡㅡ,ㅡㅡㅡ
나으리도,O
외면한,O
현영곤,O
듀의,O
엉망진창,O
전주,B_LOC
여행기,O
ㅡㅡㅡ,ㅡㅡㅡ
전주,B_LOC
여행,O
전북,O
여행,O
전북,O
자유이용권,O
ㅡㅡㅡ,ㅡㅡㅡ
한국,O
여행,O
엄청,O
기대,O
했었던,O
전주,B_LOC
베테랑,B_RES
칼국수,I_RES
먹는중에,O
일본,O
여자,O
레이짱,O
ㅡㅡㅡ,ㅡㅡㅡ
훈남,O
친구,O
들,O
1박2일,O
가을,O
전주,B_LOC
여행,O
브이로그,O
한옥마을,B_TOR
코스,O
ㅡㅡㅡ,ㅡㅡㅡ
전주,B_LOC
먹방,O
여행,O
낮부터밤까지,O
한복,O
입고,O
먹고왔다,O
ㅡㅡㅡ,ㅡㅡㅡ
전주,B_LOC
여행,O
전북,O
여행,O
전주,B_LOC
항교에서,O
한복,O
입고,O
인력거,O
타기,O
ㅡㅡㅡ,ㅡㅡㅡ
전주한옥마을,B_TOR
체험,O
전주,B_LOC
여행,O
전주,B_LOC
레트로체험,O
난장,O
7080,O
ㅡㅡㅡ,ㅡㅡㅡ
벚꽃,O
데이트,O
감성,O
브이로그,O
하동,O
구례,O
전주,B_LOC
여행,O
국내여행,O
하동,O
십리벚꽃길,O
재첩정식,O
윤스테이,O
촬영지,O
쌍산재,O
전주,B_LOC
벚꽃,O
전주,B_LOC
한옥마을,B_TOR
전망카페,O
화산물갈비,B_RES
ㅡㅡㅡ,ㅡㅡㅡ
1박2일,O
배터지는,O
전주,B_LOC
로그,O
전주한옥마을,B_TOR
국내,O
브이로그여행한옥한복,O
여행,O
브이로그,O
ㅡㅡㅡ,ㅡㅡㅡ
전주,B_LOC
여행,O
전북,O
여행,O
전주,B_LOC
만경대,B_TOR
암각서,B_TOR
관성묘,B_TOR
ㅡㅡㅡ,ㅡㅡㅡ
게이커플,O
남자친구,O
와,O
첫,O
여행,O
전주,B_LOC
여행,O
ㅡㅡㅡ,ㅡㅡㅡ
전주,B_LOC
여행,O
전북,O
여행,O
전주,B_LOC
동물원,O
ㅡㅡㅡ,ㅡㅡㅡ
전주,B_LOC
여행,O
전북,O
여행,O
경기전,O
교복체험,O
ㅡㅡㅡ,ㅡㅡㅡ
전주,B_LOC
에서,O
한국,O
문화,O
탐방,O
전주,B_LOC
주말,O
여행,O
갔다왔다,O
에스토니아인,O
유학생,O
의,O
한국,O
생활,O
븨로그,O
ㅡㅡㅡ,ㅡㅡㅡ
전주,B_LOC
여행,O
전북,O
여행,O
만화책,O
카페,O
ㅡㅡㅡ,ㅡㅡㅡ
전주,B_LOC
여행,O
전북,O
여행,O
루이엘모자박물관,B_TOR
ㅡㅡㅡ,ㅡㅡㅡ
전주,B_LOC
여행,O
전북,O
여행,O
전주,B_LOC
전주천,B_TOR
의,O
맛,O
오모가리탕,O
뚝배기탕,O
ㅡㅡㅡ,ㅡㅡㅡ
전주한옥마을,B_TOR
여행,O
ㅡㅡㅡ,ㅡㅡㅡ
전주,B_LOC
여행,O
전북,O
여행,O
한옥마을,B_TOR
귀신체험,O
ㅡㅡㅡ,ㅡㅡㅡ
전주,B_LOC
여행,O
전북,O
여행,O
전주,B_LOC
막걸리축제,O
ㅡㅡㅡ,ㅡㅡㅡ
전주,B_LOC
여행,O
전북,O
여행,O
전주,B_LOC
연꽃,O
으로,O
물든,O
덕진공원,B_TOR
의,O
여름,O
ㅡㅡㅡ,ㅡㅡㅡ
전주,B_LOC
여행,O
전북,O
여행,O
팔복동,B_LOC
반룡벽화마을,B_TOR
ㅡㅡㅡ,ㅡㅡㅡ
전주,B_LOC
여행,O
전북,B_LOC
여행,O
전주,B_LOC
사진명소,O
자만벽화마을,B_TOR
ㅡㅡㅡ,ㅡㅡㅡ
전주,B_LOC
여행,O
전북,B_LOC
여행,O
전주,B_LOC
최고最古의,O
노인정,O
기령당,O
ㅡㅡㅡ,ㅡㅡㅡ
아이와,O
함께,O
하는,O
여행,O
전주,B_LOC
여행,O
직접,O
쿠키,O
만들기,O
크라운해태제과,B_TOR
과자공장,I_TOR
견학,O
ㅡㅡㅡ,ㅡㅡㅡ
여행브이로그ㅣ나혼자,O
1박2일,O
전주,B_LOC
여행,O
브이로그ㅣ,O
전주,B_LOC
감성숙소에서,O
감성브이로그를,O
찍을줄알았는데,O
그건,O
다음생에는,O
없다,O
내맘같지않지만,O
이것도,O
다,O
추억,O
ㅡㅡㅡ,ㅡㅡㅡ
전주,B_LOC
여행,O
전북,B_LOC
여행,O
전주,B_LOC
전동성당,B_TOR
의,O
겨울,O
ㅡㅡㅡ,ㅡㅡㅡ
전주,B_LOC
1박2일,O
출장,O
전주,B_LOC
여행,O
전주,B_LOC
브이로그,O
작가,O
브이로그,O
ㅡㅡㅡ,ㅡㅡㅡ
전주,B_LOC
여행,O
전북,B_LOC
여행,O
전주,B_LOC
남부시장,B_TOR
간식거리,O
ㅡㅡㅡ,ㅡㅡㅡ
전주,B_LOC
여행,O
전북,B_LOC
여행,O
한옥마을,B_TOR
우쿨렐레,O
ㅡㅡㅡ,ㅡㅡㅡ
전주,B_LOC
여행,O
전북,B_LOC
여행,O
가을,O
이,O
물드는,O
전주,B_LOC
ㅡㅡㅡ,ㅡㅡㅡ
전주,B_LOC
여행,O
전북,B_LOC
여행,O
전주,B_LOC
가벼운,O
마음으로,O
만난,O
삼천변길,B_TOR
ㅡㅡㅡ,ㅡㅡㅡ
전주,B_LOC
여행,O
전북,B_LOC
여행,O
전주,B_LOC
전주천,B_TOR
의,O
자연을,O
한눈에,O
전주,B_LOC
자연,O
생태,O
박물관,O
ㅡㅡㅡ,ㅡㅡㅡ
전주,B_LOC
첫마중길,B_TOR
에서,O
만나는,O
전통과,O
현대의,O
맛집,O
여행,O
골먹길,O
여행,O
전주,O
ㅡㅡㅡ,ㅡㅡㅡ
전주,B_LOC
여행,O
전북,B_LOC
여행,O
서학아트스페이스,B_TOR
구경하기,O
ㅡㅡㅡ,ㅡㅡㅡ
전북,B_LOC
여행,O
전주,B_LOC
여행,O
전주,B_LOC
남고산성,B_TOR
의,O
남고진사적비,B_TOR
비와,O
남고사,B_TOR
ㅡㅡㅡ,ㅡㅡㅡ
1박2일,O
전주,B_LOC
여행,O
브이로그,O
전주한옥마을,B_TOR
전주전동성당,B_TOR
한국공사도로수목원,B_TOR
먹방여행,O
커플,O
여행,O
ㅡㅡㅡ,ㅡㅡㅡ
전주,B_LOC
여행,O
전북,B_LOC
여행,O
향교에서,O
즐기는,O
전주,B_LOC
야행,O
ㅡㅡㅡ,ㅡㅡㅡ
의대생,O
브이로그,O
대전,O
에,O
갔다가,O
전주,B_LOC
가는,O
당일치기,O
여행,O
성심당,B_CAF
전주,B_LOC
한옥마을,B_TOR
ㅡㅡㅡ,ㅡㅡㅡ
전주,B_LOC
여행,O
전북,B_LOC
여행,O
동물원의,O
밤,O
ㅡㅡㅡ,ㅡㅡㅡ
전주,B_LOC
여행,O
전북,B_LOC
여행,O
전주,B_TOR
국립,I_TOR
무형,I_TOR
유산원,I_TOR
나들이,O
ㅡㅡㅡ,ㅡㅡㅡ
전주,B_LOC
여행,O
전북,B_LOC
여행,O
전주,B_LOC
자만벽화마을,B_TOR
과,O
오목대,B_TOR
이목대,B_TOR
ㅡㅡㅡ,ㅡㅡㅡ
전주,B_LOC
여행,O
전북,B_LOC
여행,O
한옥마을,B_TOR
의,O
고요한,O
아침,O
ㅡㅡㅡ,ㅡㅡㅡ
전주,B_LOC
여행,O
전북,B_LOC
여행,O
한옥마을,B_TOR
에서,O
맛보는,O
전통의,O
맛,O
ㅡㅡㅡ,ㅡㅡㅡ
전주,B_LOC
여행,O
전북,B_LOC
여행,O
동고산성,B_TOR
왕궁터,O
ㅡㅡㅡ,ㅡㅡㅡ
전주,B_LOC
여행,O
전북,B_LOC
여행,O
오모가리탕,O
ㅡㅡㅡ,ㅡㅡㅡ
전주,B_LOC
여행,O
전북,B_LOC
여행,O
여명카메라박물관,B_TOR
ㅡㅡㅡ,ㅡㅡㅡ
전주,B_LOC
여행,O
전북,B_LOC
여행,O
전주,B_LOC
여명,B_TOR
카메라,I_TOR
박물관,I_TOR
카메라,O
의,O
역사,O
ㅡㅡㅡ,ㅡㅡㅡ
전주,B_LOC
여행,O
전북,B_LOC
여행,O
전주,B_LOC
한옥마을,B_TOR
수제,O
도장,O
ㅡㅡㅡ,ㅡㅡㅡ
전주,B_LOC
여행,O
전북,B_LOC
여행,O
천년,O
전주,B_LOC
의,O
발자취,O
ㅡㅡㅡ,ㅡㅡㅡ
전주,B_LOC
여행,O
전북,B_LOC
여행,O
아슬아슬,O
중바위,B_TOR
ㅡㅡㅡ,ㅡㅡㅡ
전주,B_LOC
여행,O
전북,B_LOC
여행,O
전주,B_LOC
남부시장,B_TOR
야시장,O
ㅡㅡㅡ,ㅡㅡㅡ
전주,B_LOC
여행,O
전북,B_LOC
여행,O
선린사,B_TOR
의,O
봄,O
ㅡㅡㅡ,ㅡㅡㅡ
전주,B_LOC
여행,O
전북,B_LOC
여행,O
기린봉,B_TOR
에,O
올라서서,O
ㅡㅡㅡ,ㅡㅡㅡ
전주,B_LOC
여행,O
전북,B_LOC
여행,O
전주,B_LOC
남부시장,B_TOR
청년몰,O
ㅡㅡㅡ,ㅡㅡㅡ
39,O
전주,B_LOC
여행,O
ㅡㅡㅡ,ㅡㅡㅡ
전주,B_LOC
여행,O
전북,B_LOC
여행,O
한글미술관,B_TOR
ㅡㅡㅡ,ㅡㅡㅡ
전주,B_LOC
여행,O
전북,B_LOC
여행,O
전주,B_LOC
전주천,B_TOR
에서,O
만난,O
한벽당,B_TOR
ㅡㅡㅡ,ㅡㅡㅡ
전주,B_LOC
여행,O
전북,B_LOC
여행,O
전주,B_LOC
한적함이,O
있는,O
그곳,O
시집,O
카페,O
ㅡㅡㅡ,ㅡㅡㅡ
전주,B_LOC
여행,O
전북,B_LOC
여행,O
태조어,O
진,O
봉안행렬,O
ㅡㅡㅡ,ㅡㅡㅡ
전주,B_LOC
여행,O
전북,B_LOC
여행,O
전주,B_LOC
추억을,O
되새기다,O
한옥마을추억박물관,B_TOR
ㅡㅡㅡ,ㅡㅡㅡ
국제,O
부부,O
국제,O
커플,O
한영,O
커플,O
할머니,O
뵈러,O
전주,B_LOC
가는,O
길에,O
똥밤,O
먹은,O
사연,O
남편,O
의,O
첫,O
뼈다귀,O
해장국,O
전주,B_LOC
브이로그,O
전주,B_LOC
밥상,O
ㅡㅡㅡ,ㅡㅡㅡ
전주,B_LOC
여행,O
전북,B_LOC
여행,O
생태숲으로,O
변한,O
전주,B_LOC
동물원,O
ㅡㅡㅡ,ㅡㅡㅡ
전주,B_LOC
여행,O
전북,B_LOC
여행,O
한지문화축제,O
ㅡㅡㅡ,ㅡㅡㅡ
전주,B_LOC
여행,O
전북,B_LOC
여행,O
서학아트스페이스,B_TOR
ㅡㅡㅡ,ㅡㅡㅡ
전주,B_LOC
여행,O
놀러,O
가서,O
여자들끼리,O
야한젠가하기,O
ㅡㅡㅡ,ㅡㅡㅡ
전주,B_LOC
여행,O
전북,B_LOC
여행,O
추억박물관,B_TOR
ㅡㅡㅡ,ㅡㅡㅡ
전주,B_LOC
여행,O
전북,B_LOC
여행,O
전주,B_LOC
한옥마을,B_TOR
휴식,O
명소,O
남천교,B_TOR
청연루,B_TOR
ㅡㅡㅡ,ㅡㅡㅡ
전주,B_LOC
여행,O
전북,B_LOC
여행,O
한옥마을,B_LOC
의,O
본모습,O
ㅡㅡㅡ,ㅡㅡㅡ
전주,B_LOC
여행,O
전북,B_LOC
여행,O
도심에서,O
떠나는,O
캠핑,O
ㅡㅡㅡ,ㅡㅡㅡ
전주,B_LOC
여행,O
전북,B_LOC
여행,O
도심에서,O
즐기는,O
낚시카페,O
ㅡㅡㅡ,ㅡㅡㅡ
전주,B_LOC
여행,O
전북,B_LOC
여행,O
국립무형유산원,B_TOR
전승체험,O
ㅡㅡㅡ,ㅡㅡㅡ
전주,B_LOC
여행,O
안면도,B_LOC
군산,B_LOC
전주,B_LOC
를,O
한번에먹방투어,O
ㅡㅡㅡ,ㅡㅡㅡ
전주,B_LOC
여행,O
전북,B_LOC
여행,O
막걸리,O
축제의,O
밤,O
ㅡㅡㅡ,ㅡㅡㅡ
전주,B_LOC
여행,O
전북,B_LOC
여행,O
굿앤레더,O
지갑카페,O
ㅡㅡㅡ,ㅡㅡㅡ
전주,B_LOC
여행,O
전북,B_LOC
여행,O
써드웰,O
카페,O
ㅡㅡㅡ,ㅡㅡㅡ
전주,B_LOC
여행,O
전북,B_LOC
여행,O
스케치,O
카페,O
ㅡㅡㅡ,ㅡㅡㅡ
전주,B_LOC
여행,O
전북,B_LOC
여행,O
박물관에서의,O
모험,O
ㅡㅡㅡ,ㅡㅡㅡ
전주,B_LOC
여행,O
전북,B_LOC
여행,O
풍남문,B_TOR
미디어,O
파사드,O
ㅡㅡㅡ,ㅡㅡㅡ
전주,B_LOC
여행,O
전북,B_LOC
여행,O
공장의,O
새로운,O
변신,O
팔복예술공장,B_TOR
ㅡㅡㅡ,ㅡㅡㅡ
전주,B_LOC
여행,O
전북,B_LOC
여행,O
동문거리,B_TOR
삼양다방,B_CAF
ㅡㅡㅡ,ㅡㅡㅡ
전주,B_LOC
여행지추천,O
조,O
선난장,O
전주,B_LOC
난장,O
ㅡㅡㅡ,ㅡㅡㅡ
전주,B_LOC
여행,O
전북,B_LOC
여행,O
목욕탕,O
음식점,O
ㅡㅡㅡ,ㅡㅡㅡ
전주,B_LOC
여행,O
전북,B_LOC
여행,O
왕관치킨,B_RES
ㅡㅡㅡ,ㅡㅡㅡ
전주동물원,B_TOR
의,O
변신,O
전주,B_LOC
여행,O
아이와갈만한곳,O
아이와,O
함께하는,O
전주가족,O
여행에,O
여기가,O
빠지면,O
안되죠,O
ㅡㅡㅡ,ㅡㅡㅡ
전주한옥마을,B_TOR
시간여행이,O
시작됩니다,O
1,O
ㅡㅡㅡ,ㅡㅡㅡ
작가,O
브이로그,O
일하며,O
전주,B_LOC
여행,O
다녀온,O
10월,O
어느,O
날의,O
일상,O
ㅡㅡㅡ,ㅡㅡㅡ
애견동반여행,O
강아지,O
와,O
함께,O
전주,B_LOC
여행,O
1편,O
ㅡㅡㅡ,ㅡㅡㅡ
속초,B_LOC
현지인,O
맛집,O
전주,B_LOC
한옥마을,B_LOC
맛집,O
여행,O
국내,O
여행,O
4,O
ㅡㅡㅡ,ㅡㅡㅡ
전주,B_LOC
여행영상,O
전주,B_LOC
전북,B_LOC
전라북도,B_LOC
전주한옥마을,B_TOR
ㅡㅡㅡ,ㅡㅡㅡ
전주,B_LOC
여행,O
전북,B_LOC
여행,O
오감로니어린이,B_TOR
미술관,I_TOR
ㅡㅡㅡ,ㅡㅡㅡ
아난티남해,B_LOC
로,O
떠나는,O
골프,O
여행,O
아점은,O
너로,O
정했다,O
전주,B_LOC
맛집,O
삼백집,B_RES
콩나물국밥,O
ㅡㅡㅡ,ㅡㅡㅡ
전주한옥마을,B_TOR
여행,O
경기전수문장교대의식,O
경기전,B_TOR
어진박물관,B_TOR
전주사고,B_TOR
전동성당,B_TOR
전주향교,B_TOR
교동미술관,B_TOR
전주부채문화관,B_TOR
최명희문학관,B_TOR
전주기접놀이,B_TOR
ㅡㅡㅡ,ㅡㅡㅡ
영화,O
39,O
스팅,O
39,O
의,O
주제곡,O
엔터테이너,O
일미터클래식,O
버스킹,O
전주한옥마을,B_TOR
음악,O
도시여행,O
1편,O
전주,B_LOC
ㅡㅡㅡ,ㅡㅡㅡ
더스트릿,O
전주,B_LOC
여행,O
ㅡㅡㅡ,ㅡㅡㅡ
전주,B_LOC
한옥마을,B_TOR
여행,O
ㅡㅡㅡ,ㅡㅡㅡ
먹고또,O
먹는,O
전주브이로그,O
한옥마을,B_TOR
유자차,O
ㅎ,O
쩡유,O
ㅡㅡㅡ,ㅡㅡㅡ
문재인,O
대통령,O
묵었던,O
전주,B_LOC
한옥마을,B_TOR
하룻밤,O
지낸,O
미국인,O
반응,O
아침밥,O
메뉴,O
실화인가,O
한류방탄여행,O
ㅡㅡㅡ,ㅡㅡㅡ
2박3일,O
전주,B_LOC
가족,O
여행,O
브이로그,O
ㅣ,O
박지윤,O
의,O
욕망티비,O
ㅡㅡㅡ,ㅡㅡㅡ
자유여행,O
여행의,O
도시,O
전주,B_LOC
와,O
군산,B_LOC
20대,O
가이드,O
ㅡㅡㅡ,ㅡㅡㅡ
지민아,O
부산,O
와,O
그럼,O
오빠,O
는,O
전주,B_LOC
와,O
부산,O
전주,B_LOC
ㅡㅡㅡ,ㅡㅡㅡ
제로,O
웨이스트,O
여행,O
전주,B_LOC
여행,O
쓰레기,O
없는,O
여행,O
모악산,O
의,O
아침,O
제로,O
웨이스트,O
라이프,O
ㅡㅡㅡ,ㅡㅡㅡ
가상,O
현실에서,O
떠나는,O
전주,B_LOC
한옥마을,B_TOR
여행은,O
어떨까,O
ㅡㅡㅡ,ㅡㅡㅡ
전주여행,O
2탄,O
한복,O
ㅡㅡㅡ,ㅡㅡㅡ
4살,O
아이,O
브이로그,O
전주,B_LOC
여행,O
2탄,O
가족,O
여행,O
전주동물원,B_TOR
다녀왔어요,O
2,O
ㅡㅡㅡ,ㅡㅡㅡ
아내,O
랑,O
청춘,O
찾으러,O
갔다가,O
먹기만,O
하는,O
브이로그,O
전주한옥마을,B_TOR
ㅡㅡㅡ,ㅡㅡㅡ
1박2일,O
전주로그,O
청년몰,B_TOR
국내,O
브이로그,O
트래블리더,O
2기,O
모집,O
브이로그,O
전주,B_LOC
음식,O
먹방,O
대한민국,O
구석구석,O
한국관광공사,O
트래블리더,O
ㅡㅡㅡ,ㅡㅡㅡ
전주,B_LOC
남부야시장,B_TOR
먹방,O
보이차,O
마시기,O
브런치,O
먹는,O
일상,O
집순이,O
브이로그,O
초보,O
주부,O
식탁,O
ㅡㅡㅡ,ㅡㅡㅡ
크리스마스,O
연말,O
새해,O
남의,O
집에서,O
살기,O
태안,B_LOC
전주,B_LOC
크리스마스,O
에,O
하는,O
일세미캠핑,O
간편한,O
크리스마스,O
셀프네일,O
스타벅스,O
시즌음료,O
서울라이트페스티벌,O
ㅡㅡㅡ,ㅡㅡㅡ
동생,O
찬스로,O
찾은,O
전주,B_LOC
맛집과,O
등등등,O
현지인,O
훈남,O
배우,O
초청,O
전주,B_LOC
여행,O
3,O
여러,O
곳,O
ㅡㅡㅡ,ㅡㅡㅡ
애견동반여행,O
강아지,O
와,O
함께,O
전주여행,O
2편,O
2,O
ㅡㅡㅡ,ㅡㅡㅡ
전주,B_LOC
여행,O
어우동,B_LOC
한복,O
을,O
입고,O
조선시대,O
여인,O
되어보기ㅣ,O
전주한옥마을,B_LOC
ㅡㅡㅡ,ㅡㅡㅡ
전주,B_LOC
여행,O
전주,B_LOC
맛집,O
전주,B_LOC
카페,O
전주,B_LOC
핫플,O
다녀왔어요,O
ㅡㅡㅡ,ㅡㅡㅡ
남편,O
과,O
첫여행,O
집이,O
젤,O
좋다,O
감사그림일기,O
전주,B_LOC
부부,O
여행,O
ㅡㅡㅡ,ㅡㅡㅡ
굿노트로,O
여행기록하기,O
전주,B_LOC
굿노트,O
활용,O
전주,B_LOC
카페,O
추천,O
ㅡㅡㅡ,ㅡㅡㅡ
02,O
全州,O
食道,O
旅行,O
전주,B_LOC
식도락,O
여행,O
ㅡㅡㅡ,ㅡㅡㅡ
전주,B_LOC
한옥마을,B_TOR
음식,O
먹방,O
지,O
혜,O
한국,O
여행,O
체코,O
농인소녀,O
지혜,O
한국,O
수어,O
자막,O
여행영상,O
커밍순,O
ㅡㅡㅡ,ㅡㅡㅡ
전주,B_LOC
여행,O
브이로그,O
거의,O
가는,O
날이,O
장날,O
ㅡㅡㅡ,ㅡㅡㅡ
전주,B_TOR
수목원,I_TOR
나들이,O
한달만,O
의,O
외출에,O
신난,O
삼남매,O
일상의,O
소중함을,O
느끼며,O
여행,O
육아,O
브이로그,O
ㅡㅡㅡ,ㅡㅡㅡ
전주,B_LOC
여행,O
전북,B_LOC
여행,O
자만벽화마을,B_TOR
비빔밥,O
와플,O
ㅡㅡㅡ,ㅡㅡㅡ
돌잔치,O
다녀온,O
브이로그,O
내장산,B_LOC
단풍,O
놀이,O
광주,O
미진,O
한정식,O
전주,B_RES
현대옥,I_RES
본점,I_RES
ㅡㅡㅡ,ㅡㅡㅡ
뚜벅뚜벅,O
해조음,O
배낭여행,O
통기타,O
전,B_LOC
주,O
애드립,O
ㅡㅡㅡ,ㅡㅡㅡ
