﻿word,ner
일상,O
천안,B_LOC
데이트,O
브이로그,O
성수미술관,B_TOR
할머니가래떡떡볶이,O
리틀포레스트,B_RES
불당동,B_LOC
데이트,O
천안,B_LOC
맛집,O
로제떡볶이,O
먹방,O
ㅡㅡㅡ,ㅡㅡㅡ
일상브이로그,O
천안브이로그,O
천안카페투어,O
천안맛집투어,O
일상기록,O
ㅡㅡㅡ,ㅡㅡㅡ
묭랑해,O
천안,B_LOC
브이로그,O
일상,O
브이로,O
그,O
천안카페투어,O
천안,B_LOC
맛집,O
조카랑함께하는브이로그,O
친구,O
생일,O
ㅡㅡㅡ,ㅡㅡㅡ
6월,O
데이트인데,O
7월,O
에,O
올리는,O
천안,B_LOC
나들이,O
브이로그,O
남자친구,O
생일맞이,O
쇼핑,O
ㅡㅡㅡ,ㅡㅡㅡ
03년생,O
남고생,O
의,O
학교,O
브이로그,O
ㅣ,O
코로나,O
ㅣ,O
천안두정고등학교,O
ㅣ,O
학교,O
ㅡㅡㅡ,ㅡㅡㅡ
일상브이로그,O
장마주간,O
천안,B_LOC
와인바,O
집밥해먹기,O
ㅡㅡㅡ,ㅡㅡㅡ
일상브이,O
로그,O
코로나그만,O
천안미용실추천,O
이솝,O
화장품리뷰,O
양념게장라면,O
ㅡㅡㅡ,ㅡㅡㅡ
일상,O
브이로그,O
천안,B_LOC
카페일상데이트,O
ㅡㅡㅡ,ㅡㅡㅡ
천안,B_LOC
브이로그,O
두정역,B_LOC
에어비앤비,O
에서,O
보낸,O
하루,O
씨씨무드,B_CAF
짜파게티,O
우동,O
ㅡㅡㅡ,ㅡㅡㅡ
비방용,O
가득,O
천안,B_LOC
술,O
먹방,O
브이로그,O
순수빈,O
유유상종,O
찐친이랑,O
용리단길,O
ㅡㅡㅡ,ㅡㅡㅡ
천안,B_LOC
천안,B_LOC
브이로그,O
오렌지블루스,B_RES
프롭프롬,B_TOR
눈들재,B_CAF
택스처,O
천안,B_LOC
맛집,O
천안,B_LOC
카페,O
천안,B_LOC
소품샵,O
ㅡㅡㅡ,ㅡㅡㅡ
천안브이로그,O
2,O
잘먹고,O
잘사는,O
백,O
수,O
일상,O
엿보기,O
ㅡㅡㅡ,ㅡㅡㅡ
일상,O
브이로그ㅣ,O
직장인,O
브이로그,O
천안,B_LOC
서울,O
출퇴근,O
함박스테이크,O
폴웨어,O
장만,O
스타필드,O
초밥,O
밤,O
산책,O
ㅡㅡㅡ,ㅡㅡㅡ
노랑나랑,O
천안,B_LOC
나들이,O
일상,O
데이트,O
브이로그,O
각원사,B_TOR
49,O
ㅡㅡㅡ,ㅡㅡㅡ
3,O
일상브이로그,O
택배,O
사용하는,O
제품,O
블로그,O
마켓,O
천안,B_LOC
고양이,O
ㅡㅡㅡ,ㅡㅡㅡ
일상,O
천안,B_LOC
브이로그,O
천안,B_LOC
교토리,B_CAF
천안,B_LOC
맛집,O
이고집,B_RES
만두,I_RES
지중해마을,O
ㅡㅡㅡ,ㅡㅡㅡ
국제,O
커플,O
천안,B_LOC
데이트,O
브이로그ㆍ쇼핑ㆍ,O
천안,B_LOC
타마르,B_CAF
카페,I_CAF
피자,O
먹방ㆍ,O
ㅡㅡㅡ,ㅡㅡㅡ
유라브이로그,O
주부,O
일상브이로그,O
천안카페브이로그,O
천안브이로그,O
천안,B_LOC
맛집,O
필라테스,O
홈트,O
먹방브이로그,O
ㅡㅡㅡ,ㅡㅡㅡ
천안,B_LOC
브이로그,O
맛좋은,O
어복쟁반,O
그리고,O
운동,O
ㅡㅡㅡ,ㅡㅡㅡ
브이로그,O
중학교,O
입학,O
현장,O
브이로그,O
천안불당중,O
ㅡㅡㅡ,ㅡㅡㅡ
천안,B_LOC
1인,O
미용실,O
첫,O
브이로그,O
ㅡㅡㅡ,ㅡㅡㅡ
사촌오빠,O
결혼식,O
브이로그,O
천안,B_LOC
웨딩홀,O
다녀왔어요,O
ㅡㅡㅡ,ㅡㅡㅡ
천안신당고간부수련회,O
브이로그,O
전,O
교부회장,O
의,O
브이로그,O
ㅡㅡㅡ,ㅡㅡㅡ
1,O
천안,B_LOC
테딘워터파크,B_TOR
다녀왔어요,O
물놀이브이로그당일여행,O
ㅡㅡㅡ,ㅡㅡㅡ
여행,O
브이로그국내여행당일여행,O
천안,B_LOC
뚜쥬루과자점돌가마점,B_CAF
아름다운정원화수목,B_TOR
여행,O
ㅡㅡㅡ,ㅡㅡㅡ
일상,O
브이로그,O
주말,O
천안,B_LOC
꽃,O
다방,O
라,B_CAF
비앙,I_CAF
인생네컷,O
청춘작업실,B_RES
호두과자,O
ㅡㅡㅡ,ㅡㅡㅡ
천안,B_LOC
광덕산,B_TOR
등산,O
브이로그,O
쉽다더니,O
왜,O
이렇게,O
이,O
드는,O
것인가,O
ㅡㅡㅡ,ㅡㅡㅡ
12,O
천안고깃집카페호두과자,O
뽀시고옴,O
일상브이로그,O
여행브이로그,O
감성브이로그,O
충남,O
천안,B_LOC
ㅡㅡㅡ,ㅡㅡㅡ
겨울,O
느낌,O
뿜뿜,O
다시,O
돌아온,O
천안,B_LOC
브이로그,O
겨울,O
천안,B_LOC
공세리성당,O
구제샵먹방,O
치킨,O
피자,O
초밥,O
ㅡㅡㅡ,ㅡㅡㅡ
직장인,O
퇴근,O
브이로그,O
직장인,O
퇴근,O
브이로그,O
직장인,O
주말,O
브이로그,O
당진,O
카페,O
15스테이션,O
당진,O
식스어클락카페,O
술브이로그,O
천안,O
소고기,O
맛집,O
천안,O
대산육가공,B_RES
ㅡㅡㅡ,ㅡㅡㅡ
천안,B_LOC
여행소노벨,O
천안,B_LOC
커플,O
브이로그호캉스,O
ㅡㅡㅡ,ㅡㅡㅡ
브이로그,O
핑크뮬리,O
천안,B_LOC
핑크뮬리,O
ㅡㅡㅡ,ㅡㅡㅡ
강남,O
나들이,O
천안,B_LOC
교토리,B_CAF
일상,O
브이로그,O
최샤인로그,O
ㅡㅡㅡ,ㅡㅡㅡ
브이로그,O
일상브이로그,O
천안,B_LOC
제주,O
미작,O
이네거네,O
ㅡㅡㅡ,ㅡㅡㅡ
천안,B_LOC
브이로그평범하지만,O
따뜻한,O
주말,O
ㅡㅡㅡ,ㅡㅡㅡ
일상브이로그,O
철이,O
없었죠,O
돼지,O
파티를,O
한다는게,O
천안브이로그,O
사진찍고,O
카페가고,O
먹는,O
돼지,O
파티,O
ㅡㅡㅡ,ㅡㅡㅡ
정현,O
첫,O
브이로그,O
천안,B_LOC
사인회,O
고마운,O
사람들,O
도림천,O
산책,O
걸음을,O
멈추게,O
하는,O
것들,O
ㅡㅡㅡ,ㅡㅡㅡ
윤,O
서울,O
근교여행,O
브이로그,O
천안,B_LOC
에,O
작은,O
빵마을,O
오랜만에,O
제대로,O
힐링한,O
나의,O
소중한,O
하루,O
커플,O
사이에,O
ㅡㅡㅡ,ㅡㅡㅡ
천안,B_LOC
여행,O
나,O
혼자,O
여행간다,O
브이로그,O
여행로그,O
ㅡㅡㅡ,ㅡㅡㅡ
8,O
사진만,O
찍다,O
온,O
천안,B_LOC
브이로그,O
12월21일,O
스냅,O
인생네컷,O
ㅡㅡㅡ,ㅡㅡㅡ
천안,B_LOC
브이로그,O
아침,O
준비,O
닭,B_RES
포,I_RES
포토이즘,O
소품샵투어,O
씨씨무드,B_CAF
고향에봄,B_CAF
한식,O
먹방,O
빵파티,O
백석대학교,O
돌솟해물뼈찜,B_RES
한끗차이,O
디저트소밀,O
천안,B_LOC
여행,O
힐링여행,O
ㅡㅡㅡ,ㅡㅡㅡ
여름,O
브이로그,O
강원도,O
여행,O
천안,B_LOC
서울,O
밖순이,O
일상,O
브이로그,O
새벽,O
인터파크티켓팅,O
1년9개월만,O
의,O
콘서트,O
코로나,O
로,O
멈춰버린,O
명동,O
고성,O
하늬라벤더팜,O
아페쎄,O
쇼핑,O
ㅡㅡㅡ,ㅡㅡㅡ
직장인,O
브이로그,O
천안,B_LOC
서울,O
출퇴근,O
일상,O
택배,O
언박싱,O
반복되는,O
노잼,O
하루,O
오늘,O
도,O
나는,O
일하는,O
개미,O
ㅡㅡㅡ,ㅡㅡㅡ
여행,O
당진,O
브이로그,O
포토이즘,O
천안,O
신리성지,O
아미미술관,O
삽교호,O
놀이공원,O
9년,O
지기,O
우정여행,O
ㅡㅡㅡ,ㅡㅡㅡ
천안,B_LOC
39,O
눈들재,B_CAF
39,O
한옥카페,O
구공,O
천안,B_LOC
브이로그,O
맛집투어,O
카페투어,O
카페,O
브이로그,O
눈들재,B_CAF
ㅡㅡㅡ,ㅡㅡㅡ
우당탕탕,O
천안,B_LOC
브이로그,O
ㅡㅡㅡ,ㅡㅡㅡ
천안,B_LOC
브이로그다이어트,O
6일째,O
캔들만들기캔들수업,O
ㅡㅡㅡ,ㅡㅡㅡ
5월,O
일상,O
브이로그,O
2,O
천안,B_LOC
여행,O
물갈비,O
맛집,O
석산장,B_RES
서올베이커리카페,B_CAF
천안카페,O
편스토랑,O
고추참치비빔우동,O
일일향,O
대모산,O
등산,O
아빠라구바질파스타,O
ㅡㅡㅡ,ㅡㅡㅡ
유라브이로그,O
주부,O
일상,O
브이로그,O
천안브이,O
로그화실먹방브이로그,O
화이자백신,O
2차,O
접종부작용,O
우리할매떡볶이,O
ㅡㅡㅡ,ㅡㅡㅡ
천안열린성결교회,O
동행,O
청년부,O
일상,O
브이로그,O
지지리,O
ㅡㅡㅡ,ㅡㅡㅡ
3,O
먹고,O
먹어서,O
장이,O
쉴틈,O
없는,O
하이텐션,O
천안,B_LOC
당일치기,O
여행,O
브이로그,O
ㅡㅡㅡ,ㅡㅡㅡ
일상,O
브이로그,O
아산,O
천안,B_LOC
1박2일,O
여행카페언더힐,O
이숲,B_CAF
성북동,O
나들이,O
제뉴어리피,O
크닉,O
ㅡㅡㅡ,ㅡㅡㅡ
화질안좋아용,O
ㅠㅠ,O
천안,B_LOC
브이로그,O
ㅡㅡㅡ,ㅡㅡㅡ
천안,B_LOC
브이로그,O
무계획,O
천안,B_LOC
여행,O
최애,O
동생,O
놈,O
ㅡㅡㅡ,ㅡㅡㅡ
2,O
천안,B_LOC
데이트,O
커플브이로그카페일상,O
ㅡㅡㅡ,ㅡㅡㅡ
천안,B_LOC
공고인,O
의,O
브이로그,O
천안,B_LOC
공고,O
천안공업고등학교,O
ㅡㅡㅡ,ㅡㅡㅡ
캔들공방,O
일상브이로그,O
캔들불멍,O
천안,B_LOC
캔들,O
공방,O
ㅡㅡㅡ,ㅡㅡㅡ
천안,B_LOC
당일치기,O
천안,B_LOC
당일치기,O
브이로그,O
여행,O
ㅡㅡㅡ,ㅡㅡㅡ
직딩의,O
휴무기록,O
천안,B_LOC
놀러간브이로그,O
베이글,O
도,O
사고,O
캘리,O
도,O
쓰고,O
타이마사지도,O
받고,O
쇼핑도한,O
여름,O
일상,O
브이로그,O
ㅡㅡㅡ,ㅡㅡㅡ
천안,B_LOC
독립기념관,B_TOR
단풍,O
나들이,O
브이로그,O
초밥,O
먹방,O
ㅡㅡㅡ,ㅡㅡㅡ
주말,O
일상,O
브이로그,O
생,O
산직,O
공장,O
천안,B_LOC
카페,O
갔다,O
온,O
날,O
광주,O
사람,O
오타쿠,O
브이로그,O
다메다네,O
다메요,O
다메나노요,O
ㅡㅡㅡ,ㅡㅡㅡ
일상브이로그,O
성수동,O
데이트,O
천안,B_LOC
뚜쥬루과자점돌가마점,B_CAF
마약옥수수,O
만들기,O
테,O
라로사,O
원두사고,O
드리이브하고,O
장보는,O
일상,O
영상,O
ㅡㅡㅡ,ㅡㅡㅡ
일상,O
브이로그,O
한입,O
팸,O
일상,O
수염포차,O
슬기로운천안생,O
활,O
인생네컷,O
술로그,O
먹로그,O
술냄새주의,O
신불당,O
천안,B_LOC
술집,O
신불당,O
맛집,O
먹로그,O
음주로그,O
ㅡㅡㅡ,ㅡㅡㅡ
여행,O
브이로그,O
당일치기,O
천안,B_LOC
여행,O
감성바베큐,O
핫플카페,O
일상,O
ㅡㅡㅡ,ㅡㅡㅡ
천안,B_LOC
삼시세끼,O
브이로그,O
일상은비로그,O
천안,B_LOC
힐링먹방,O
ㅡㅡㅡ,ㅡㅡㅡ
람콩월드,O
브이로그,O
먹부림의,O
향연,O
천안,B_LOC
맛집,O
투어,O
ㅡㅡㅡ,ㅡㅡㅡ
특별,O
게스트,O
쿠키,O
출연,O
일상,O
브이로그,O
천안,B_LOC
카페투어,O
ㅡㅡㅡ,ㅡㅡㅡ
5月,O
일상,O
브이로그,O
벌레의,O
습격,O
천안,B_LOC
데이트,O
맘스터치,O
소세지파스타,O
책,O
추천,O
ㅡㅡㅡ,ㅡㅡㅡ
유라,O
일상브이로그,O
카페브이로그,O
천안,B_LOC
카페맛집,O
ㅡㅡㅡ,ㅡㅡㅡ
한국,O
브이로그,O
그냥,O
베이커리라고,O
하기엔,O
베이커리,O
마을,O
같았던,O
천안뚜쥬르,O
에서,O
언니,O
랑,O
함께,O
한,O
하루,O
ㅡㅡㅡ,ㅡㅡㅡ
2박3일,O
짧은,O
천안,B_LOC
여행,O
브이로그,O
낙곱새,O
애슐리퀸즈,O
남친,O
자취방,O
ㅡㅡㅡ,ㅡㅡㅡ
충청남도,O
천안,B_LOC
여행,O
천안,B_LOC
브이로그,O
호도과자,O
87년,O
된,O
호도과자,O
먹어봤습니다,O
ㅡㅡㅡ,ㅡㅡㅡ
천안,B_LOC
청주,O
맛집,O
카페,O
가는,O
일상브이로그,O
소로리,O
프럼브릿지,B_CAF
컴포트커피,O
ㅡㅡㅡ,ㅡㅡㅡ
장블리네,O
일상,O
브이로그,O
평일키즈카페나들이,O
천안키즈카페,O
히어로키즈카페,O
육아브이로그,O
일상브이로그,O
ㅡㅡㅡ,ㅡㅡㅡ
일상브이로그,O
평택구제보물창고,O
천안,B_LOC
장원솥뚜껑삼겹살,B_RES
ㅡㅡㅡ,ㅡㅡㅡ
천안,B_LOC
브이로그,O
천안,B_LOC
이숲,B_CAF
스파이시돈,B_RES
아우어베이커리,B_CAF
빵집,O
무지개,O
ㅡㅡㅡ,ㅡㅡㅡ
천안먹투어,O
브이로그,O
ㅡㅡㅡ,ㅡㅡㅡ
천안,B_LOC
맛집탐방,O
브이로그,O
조개구이,O
먹방,O
브이로그,O
천안,B_LOC
브이로그,O
음주,O
브이로그,O
ㅡㅡㅡ,ㅡㅡㅡ
브이로그,O
메디움천안요양병원,O
일상,O
엿보기,O
ㅡㅡㅡ,ㅡㅡㅡ
단국대학교,O
천안,B_LOC
통학,O
브이로그,O
ㅡㅡㅡ,ㅡㅡㅡ
천안,B_LOC
브이로그,O
일상,O
천안,B_LOC
카페,O
친구,O
들,O
대학생,O
일상,O
방학,O
ㅡㅡㅡ,ㅡㅡㅡ
뚜벅이,O
브이로그,O
15,O
천안,B_LOC
독립기념관,B_TOR
210705,O
ㅡㅡㅡ,ㅡㅡㅡ
천안,B_LOC
브이로그,O
개강,O
전,O
마지막으로,O
노는,O
일상,O
뚜쥬루과자점돌가마점,B_CAF
기억저,O
장소,O
신라스테이,O
아산,O
신정호,O
천안,B_LOC
놀거리,O
추천,O
ㅡㅡㅡ,ㅡㅡㅡ
실용음악과,O
학생,O
의,O
지하철,O
통학,O
브이로그,O
지하철,O
타고,O
학교가기,O
천안,B_LOC
서울,O
개강편,O
통학,O
브이로그,O
통학러,O
든,O
통학러의,O
삶,O
지하철,O
1호선,O
ㅡㅡㅡ,ㅡㅡㅡ
신혼,O
브이로그,O
초보운전,O
혼자,O
100,O
도전,O
천안,B_LOC
에,O
초대형,O
카페가,O
있다직접,O
만든,O
타코,O
폭식,O
양철북,O
양대창,O
먹방,O
ㅡㅡㅡ,ㅡㅡㅡ
2,O
직장인,O
브이로그,O
일상,O
브이로그,O
시현하다,O
프로필촬영,O
바쁘다바빠,O
현대사회,O
반려견사랑,O
초코랑,O
데이뚜,O
천안카페,O
카페루,B_CAF
ㅡㅡㅡ,ㅡㅡㅡ
천안,B_LOC
브이로그생일,O
브이로그,O
ㅡㅡㅡ,ㅡㅡㅡ
천안열린성결교회,O
동행,O
청년부,O
바베큐장,O
브이로그,O
ㅡㅡㅡ,ㅡㅡㅡ
4,O
등산,O
브이로그,O
광덕산,B_TOR
철이,O
없었죠,O
산이,O
좋아서,O
천안,B_LOC
까지,O
갔다는게,O
백,O
대명산,O
100대,O
명산,O
ㅡㅡㅡ,ㅡㅡㅡ
일상브이로그,O
행복한,O
주말,O
보내기,O
천안독립서점,O
취향거실테이블교체,O
ㅡㅡㅡ,ㅡㅡㅡ
양평,O
에서,O
천안,B_LOC
까지,O
드라이브,O
브이로그,O
아쉬움만이,O
남은,O
단국대,O
탐방,O
편집하다,O
보니,O
분량이,O
너무,O
짧아짐,O
젤리,O
도,O
먹고,O
건빵,O
도,O
먹고,O
뭐니,O
뭐니,O
해도,O
울,O
학교가,O
최고라구,O
ㅡㅡㅡ,ㅡㅡㅡ
일상브이로그,O
일상이야기,O
아름다운정원화수목,B_TOR
만두전골,O
손만두,O
양념돼지갈비,O
냉면,O
스피또,O
ㅡㅡㅡ,ㅡㅡㅡ
일상,O
브이로그,O
통학러의,O
2박3일,O
천안,B_LOC
하숙살이,O
헤어모델,O
로,O
인생,O
첫,O
핑크,O
머리,O
뚜쥬루과자점돌가마점,B_CAF
빵집,O
ㅡㅡㅡ,ㅡㅡㅡ
교정,O
시작,O
스리랑카,O
치킨,O
커리,O
천안,B_LOC
브이로그,O
ㅡㅡㅡ,ㅡㅡㅡ
일상,O
예고,O
친구,O
들이랑,O
천안,B_LOC
카페투어,O
먹기만하는,O
브이로그,O
사네커피,O
양꼬치,O
아우어베이커리,B_CAF
ㅡㅡㅡ,ㅡㅡㅡ
꿀잼보장,O
여고,O
댄스동아리,O
홍보,O
공연,O
학교,O
브이로그,O
위비,O
천안여고,O
03년생,O
여고생,O
기숙사,O
ㅡㅡㅡ,ㅡㅡㅡ
신혼부부,O
당일치기,O
여행,O
브이로그,O
충남,O
천안,B_LOC
캠핑장,O
독립기념관,B_TOR
병천순대,B_RES
빵집,O
돌가마마을,O
뚜쥬루과자점돌가마점,B_CAF
서울,O
근교당일치기,O
ㅡㅡㅡ,ㅡㅡㅡ
대학생,O
브이로그,O
누룽지,O
브이로그,O
6,O
입술,O
헤르페스,O
천안,B_LOC
놀러간,O
일상,O
ㅡㅡㅡ,ㅡㅡㅡ
브이로그,O
천안,B_LOC
애슐리퀸즈,O
투썸,O
카페,O
유학생,O
의,O
한국,O
일상,O
브이로그,O
충남외고,O
5기,O
꼰대들의,O
만남,O
ㅡㅡㅡ,ㅡㅡㅡ
43,O
영어,O
샘브이로그,O
1일,O
1,O
카페,O
천안,B_LOC
아산,O
카페투어,O
언더힐,O
실브커피,O
사네카페,O
모두,O
추천,O
ㅡㅡㅡ,ㅡㅡㅡ
지방공연,O
브이로그,O
2편,O
광주,O
아산,O
천안,B_LOC
연극배우,O
일상,O
ㅡㅡㅡ,ㅡㅡㅡ
1,O
2020,O
마무리,O
밀린일상,O
브이로그,O
아산,O
배방,O
천안,B_LOC
안성스타필드,O
ㅡㅡㅡ,ㅡㅡㅡ
유라,O
일상브이로그,O
필라테스,O
천안,B_LOC
카페,O
오호라네,O
일,O
데일리룩,O
위내시경,O
까지,O
한,O
일주일,O
라룸,O
ㅡㅡㅡ,ㅡㅡㅡ
데일리,O
로그,O
1박2일,O
천안,B_LOC
여행,O
브이로그,O
누리로,O
신라스테이천안,O
언아더,B_CAF
카페,O
기차여행,O
ㅡㅡㅡ,ㅡㅡㅡ
휴가,O
알차게,O
보내는,O
브이로그,O
천안,B_LOC
카페,O
행궁동,O
투어,O
ㅡㅡㅡ,ㅡㅡㅡ
유라브이로그,O
주부,O
일상,O
브이로그,O
천안,B_LOC
브이로그,O
필라테,O
스화실,O
천안,B_LOC
맛집,O
갤러리아센터,O
시티,O
맛집,O
ㅡㅡㅡ,ㅡㅡㅡ
천안,B_LOC
단대,O
카페,O
마리스커피,B_CAF
데이트,O
브이로그,O
ㅡㅡㅡ,ㅡㅡㅡ
등산,O
브이로그,O
천안,B_LOC
ㅣ,O
태조산,B_TOR
ㅣ산ㅣ푸들ㅣ,O
유량동,O
ㅣ카페ㅣ카페브이로그ㅣㅣ,O
알로프트커피,O
ㅣ,O
아인슈페너,O
ㅣ,O
마들렌,O
ㅡㅡㅡ,ㅡㅡㅡ
주말마다,O
드라이브,O
가는,O
브이로그,O
천안,B_LOC
교토리,B_CAF
충주,O
맛집,O
충주,O
카페,O
비오는날,O
순대국,O
비대면,O
수업,O
ㅡㅡㅡ,ㅡㅡㅡ
천안실용음악학원,O
천안음악레슨,O
천안음악브이로그,O
요니뮤직실용음악학원,O
입시생,O
1탄,O
급,O
감성,O
주의,O
ㅡㅡㅡ,ㅡㅡㅡ
일상브이로그,O
천안나들이,O
베어트리파크,O
뚜쥬루과자점돌가마점,B_CAF
병천순대,B_RES
천안명물호두과자,O
카페투어,O
단대호수,O
ㅡㅡㅡ,ㅡㅡㅡ
고3,O
졸업사진,O
촬영,O
브이로그ㅣ컨셉사진ㅣ옛날교복ㅣ사진관,O
촬영ㅣ,O
남고생,O
ㅣ,O
천안두정고등학교,O
ㅣㅣ,O
볼링,O
ㅡㅡㅡ,ㅡㅡㅡ
이제,O
일상인지,O
먹방인지,O
헷갈리는,O
브이로그,O
천안,B_LOC
에서,O
놀기,O
초복,O
기념,O
찜닭,O
먹방,O
ㅡㅡㅡ,ㅡㅡㅡ
일상,O
브이로그,O
천안,B_LOC
에서,O
소소한,O
카페투어,O
2,O
일이이사,B_RES
공각,B_CAF
아라리오갤러리,B_TOR
프럼브릿지,B_CAF
하뉴로,O
그,O
ㅡㅡㅡ,ㅡㅡㅡ
천안드라이브,O
독립기념관,B_TOR
위로휴가커플브이로그,O
곰신,O
병천순대거리,O
병천쌍둥이네순대,B_RES
카페동향,O
전기차,O
여행브이로그,O
ㅡㅡㅡ,ㅡㅡㅡ
벤데타,O
님,O
만나고,O
강제로,O
산도,O
탔던,O
천안,B_LOC
나들이,O
김기자,O
브이로그,O
ㅡㅡㅡ,ㅡㅡㅡ
일상,O
브이로그,O
천안,B_LOC
신불당동,O
공각,B_CAF
페럿카페,O
금호미술관,O
바우하우스전,O
화요토닉,O
망원동,O
아틀리에크레타,O
ㅡㅡㅡ,ㅡㅡㅡ
일상,O
먹방,O
브이로그,O
천안,B_LOC
치과,O
스케일링,O
치아,O
교정,O
드라이브,O
ㅡㅡㅡ,ㅡㅡㅡ
셍로그,O
셍브이로그,O
천안,B_LOC
놀러가기,O
천안두정동,O
천안애견동반,O
이숲,B_CAF
대전백제식당,O
대전수족관,O
레인보우피쉬,O
선셋구피,O
일상브이로그,O
ㅡㅡㅡ,ㅡㅡㅡ
주부,O
브이로그,O
일상브이로그,O
카페브이로그,O
데일리룩,O
천안브이로그,O
홈트,O
취미미술,O
ㅡㅡㅡ,ㅡㅡㅡ
천안,B_LOC
아드레날린,O
매장탐방,O
베이프트릭,O
브이로그,O
ㅡㅡㅡ,ㅡㅡㅡ
유진쓰브이로그,O
71,O
온앤오프,O
본격,O
놀고,O
태안,O
당진,O
천안,B_LOC
국내여행,O
일하는,O
직장인,O
출근,O
일상,O
2020,O
39,O
블루,O
39,O
일주일,O
가을,O
데일리룩,O
룩북,O
ㅡㅡㅡ,ㅡㅡㅡ
고비서,O
금요일,O
퇴근하고,O
천안,B_LOC
으로,O
떠나는,O
직장인,O
브이로그,O
소고기,O
킹크랩,O
샌드위치,O
아이스라떼,O
폭풍먹방,O
브이로그,O
ㅡㅡㅡ,ㅡㅡㅡ
2,O
신혼부부,O
브이로그,O
천안,B_LOC
등산,O
ㅡㅡㅡ,ㅡㅡㅡ
천안와락,O
브이로그데이,O
ㅡㅡㅡ,ㅡㅡㅡ
천안,B_LOC
카페,O
투어,O
브이로그,O
노트북,O
하기,O
좋은,O
천안,B_LOC
예쁜카페,O
4곳,O
소개,O
ㅡㅡㅡ,ㅡㅡㅡ
친구,O
보러,O
천안,B_LOC
갔다가,O
갑자기,O
바디프로필,O
찍은,O
브이로그,O
ㅡㅡㅡ,ㅡㅡㅡ
일상브이로그,O
6,O
캘,O
리일상,O
꽃꽂,O
이,O
천안흥흥발전소,O
허송세월,B_TOR
독립서점,O
천안느긋과자점,O
ㅡㅡㅡ,ㅡㅡㅡ
39,O
천안중앙도서관,B_TOR
39,O
을,O
가다,O
뉴스앤북,O
도서관,O
브이로그,O
ㅡㅡㅡ,ㅡㅡㅡ
천안,B_LOC
으로,O
떠나는,O
여름,O
캠프다여캠일상,O
브이로그히읗리을,O
ㅡㅡㅡ,ㅡㅡㅡ
05,O
여고,O
일상,O
천안,B_LOC
벚꽃,O
사진,O
여고,O
학생,O
메이크업,O
공,O
오년생,O
브이로그,O
ㅡㅡㅡ,ㅡㅡㅡ
백수브이로그,O
계룡에도드디어공차,O
마젠타,B_RES
조카랑밤산책,O
ㅡㅡㅡ,ㅡㅡㅡ
후라39,O
브이로그,O
천안,B_LOC
숙소로,O
이사,O
컴퓨터,O
세팅,O
ㅡㅡㅡ,ㅡㅡㅡ
라이딩,O
브이로그,O
자린이,O
의,O
첫,O
천안,B_LOC
공,O
도,O
라이딩,O
ㅡㅡㅡ,ㅡㅡㅡ
03년생,O
남고생,O
들의,O
시험,O
끝,O
브이로그ㅣ,O
볼링,O
ㅣ눈싸움ㅣㅣ,O
천안두정고등학교,O
ㅡㅡㅡ,ㅡㅡㅡ
천안,B_LOC
난타때려,O
더히트,O
홍예공원,O
브이로그,O
ㅡㅡㅡ,ㅡㅡㅡ
먹부림,O
일상,O
데이트,O
브이로그,O
천안,B_LOC
천안,B_LOC
양연화,B_RES
로,I_RES
삼겹살,O
천안,B_LOC
카페,O
외교,O
살크업,O
배불러도,O
맛있는,O
건,O
못참지,O
꿀꿀,O
ㅡㅡㅡ,ㅡㅡㅡ
정신없는,O
조카,O
돌잔치,O
브이로그,O
천안,B_LOC
마블러스뷔페파크,B_RES
ㅡㅡㅡ,ㅡㅡㅡ
단대호수,O
카페,O
브이로그,O
천안,B_LOC
데이트코스,O
추천,O
힐링,O
천안,B_LOC
카페,O
브이로그,O
ㅡㅡㅡ,ㅡㅡㅡ
천안,B_LOC
길치,O
브이로그,O
계획대로,O
되지않는,O
인생,O
단국대,O
치과,O
천안휴게소,B_TOR
하이패스,O
길치,O
ㅡㅡㅡ,ㅡㅡㅡ
5,O
일상브이로그,O
꽃놀이,O
일상툰,O
천안,B_LOC
카페,O
집밥,O
먹고,O
서산,O
갔다가,O
천안,B_LOC
갔다가,O
행복했던,O
날들,O
모아보기,O
ㅡㅡㅡ,ㅡㅡㅡ
스타렉스,O
차박,O
캠핑,O
여행,O
브이로그,O
천안북면계곡야영장,B_TOR
춘장대해수욕장,O
ㅡㅡㅡ,ㅡㅡㅡ
캐띠,O
브이로그,O
위장의,O
한계를,O
알아보자,O
천안카페,O
단국대,O
인생사진,O
찍은,O
날,O
ㅡㅡㅡ,ㅡㅡㅡ
천안,B_LOC
당일여행,O
브이로그,O
순댓국,O
눈들재,O
독립기념관,B_TOR
야경,O
천안호두과자,O
당일치기,O
여행,O
ㅡㅡㅡ,ㅡㅡㅡ
공튜버,O
브이로그,O
쫑쫑이가,O
천안,B_LOC
에서,O
놀면,O
생기는,O
일,O
천사카드,O
ㅡㅡㅡ,ㅡㅡㅡ
1,O
첫번째,O
브이로그휴가,O
독립기념관,B_TOR
일상브이로그,O
군인,O
ㅡㅡㅡ,ㅡㅡㅡ
수원,O
천안,B_LOC
서울,O
방방곡곡,O
돌아다니는,O
브이로그,O
친구,O
생일파티,O
서울숲,O
대학생,O
브이로그,O
일상,O
ㅡㅡㅡ,ㅡㅡㅡ
천안,B_LOC
천안,B_LOC
데이트,O
천안,B_LOC
브이로그,O
제주,O
미작,O
카페,O
일상,O
데이트,O
커피,O
ㅡㅡㅡ,ㅡㅡㅡ
브이로그,O
여자,O
셋,O
글램핑,O
성공적쇼핑,O
바베큐,O
수영,O
천안,B_LOC
글램핑여행일상,O
브이로그,O
ㅡㅡㅡ,ㅡㅡㅡ
누구,O
하나,O
배,O
터져,O
죽어야,O
끝나는,O
모임,O
천안,B_LOC
맛집,O
먹방,O
브이로그,O
유량동,O
숯숯,O
감성,O
고깃집,O
캠핑,O
가락동,O
리어카,O
포차,O
행복한,O
전,O
ㅡㅡㅡ,ㅡㅡㅡ
일상,O
브이로그,O
직장인,O
브이로그,O
천안,B_LOC
서울,O
출퇴근,O
치즈뿌링치킨팝,O
셋팅펌,O
덕수궁,O
읍천리382,O
모츠나베,O
북한산제빵소,O
텐동,O
ㅡㅡㅡ,ㅡㅡㅡ
미팅하고,O
히피펌하고,O
천안,B_LOC
가서,O
요양하는,O
브이로그,O
프리랜서,O
는,O
동해,O
번쩍,O
서해,O
번쩍,O
라둥둥유튭,O
불시착,O
ㅡㅡㅡ,ㅡㅡㅡ
청년사업가,O
브이로그,O
1억,O
질렀습니다,O
티센크루프천안공장,O
까지,O
가서,O
ㅡㅡㅡ,ㅡㅡㅡ
직장인,O
브이로그,O
학원강사,O
브이로그,O
인도,O
레스토랑,O
천안,B_LOC
랜디스커피,B_CAF
천안베트남,O
음식점,O
거북이빵,O
새벽홈트,O
건강,O
다이어트,O
습관,O
ㅡㅡㅡ,ㅡㅡㅡ
동거,O
브이로그,O
동거일상,O
커플,O
브이로그,O
천안,B_LOC
각원사,B_TOR
겹벚꽃,O
예산,O
아그로랜드,O
태신목장,O
천안,O
이숲,B_CAF
ㅡㅡㅡ,ㅡㅡㅡ
남양유업,O
인턴,O
들의,O
천안공장,O
견학,O
브이로그ㅣ냠얌즈,O
ㅡㅡㅡ,ㅡㅡㅡ
도비로그,O
데이트브,O
이로그,O
천안,B_LOC
데이트,O
천안,B_LOC
성환읍,O
여행,O
가봤어요,O
ㅡㅡㅡ,ㅡㅡㅡ
천안오성고,O
1학년,O
12반,O
마지막날,O
브이로그,O
ㅡㅡㅡ,ㅡㅡㅡ
천안,B_LOC
남자의,O
일상,O
브이로그,O
크리스마스,O
일기,O
ㅡㅡㅡ,ㅡㅡㅡ
39,O
천안시신방도서관,O
39,O
을,O
가다,O
뉴스앤북,O
도서관,O
브이로그,O
ㅡㅡㅡ,ㅡㅡㅡ
유라브이로그,O
주부,O
일상브이로그,O
천안카,O
페브이로그,O
천안,B_LOC
맛집,O
필라테스,O
먹방브이로그갤러리전시생일날까지,O
ㅡㅡㅡ,ㅡㅡㅡ
일상,O
브이로그,O
박,O
가네천안투어,O
신방동,O
에서,O
불당동,O
까지,O
ㅡㅡㅡ,ㅡㅡㅡ
천안,B_LOC
달식당,B_RES
혼자,O
밥,O
먹는,O
브이로그,O
ㅜㅜ,O
ㅡㅡㅡ,ㅡㅡㅡ
002,O
일상,O
브이로그,O
영화,O
천안,B_LOC
해리포터마법사의돌,O
4,O
ㅡㅡㅡ,ㅡㅡㅡ
서울,O
근교맛집브이로그,O
소플러스,B_RES
수원페이앤썸머,O
혜화아리가또맘마,O
ㅡㅡㅡ,ㅡㅡㅡ
브이로그,O
대학생,O
브이로그,O
천안흥타령수영대회,O
수영,O
일상,O
과제,O
밤샘,O
ㅡㅡㅡ,ㅡㅡㅡ
천안카페,O
카페투어,O
카페브이로그,O
햇살카페,O
ㅡㅡㅡ,ㅡㅡㅡ
일상,O
먹방,O
브이로그,O
아산,O
천안,B_LOC
탕정,O
비스트로오마주,O
망파,O
카페미용실,O
ㅡㅡㅡ,ㅡㅡㅡ
003,O
일상,O
브이로그,O
영화,O
천안,B_LOC
해리포터마법사의돌,O
4,O
ㅡㅡㅡ,ㅡㅡㅡ
시민,O
리포터,O
브이로그,O
이색공간,O
천안볼트문화예술협동조합,O
ㅡㅡㅡ,ㅡㅡㅡ
ㅣ,O
주말,O
일상,O
브이로그,O
반려견,O
2019,O
천안흥타령축제,O
천안감성카페,O
충남,O
공주,O
애견동반식당,O
엔학고레,O
애견운동장,O
카페댕,O
ㅡㅡㅡ,ㅡㅡㅡ
브이로그일상일상브이로그,O
치과,O
사랑니,O
롯데월드,O
천안,B_LOC
가족,O
족발,O
꽃게탕,O
ㅡㅡㅡ,ㅡㅡㅡ
시민리포터,O
브이로그,O
걸으면서,O
배우는,O
천안,B_LOC
의,O
역사,O
여의주의,O
길,O
ㅡㅡㅡ,ㅡㅡㅡ
천안,B_LOC
노지캠핑,O
무료캠핑장,O
캠핑브이로그,O
ㅡㅡㅡ,ㅡㅡㅡ
천안,B_LOC
에,O
다녀왔습니다,O
ㅎㅎ,O
브이로그,O
1박2일,O
천안,B_LOC
ㅡㅡㅡ,ㅡㅡㅡ
남자친구,O
랑,O
경주,O
여행,O
브이로그,O
1일차,O
천안아산역,O
에서,O
출발,O
ㅡㅡㅡ,ㅡㅡㅡ
천안시립풍물단,O
연습실,O
브이로그,O
3,O
진도북놀이,O
장성천,O
류,O
ㅡㅡㅡ,ㅡㅡㅡ
아이니,O
브이로그,O
천안재즈페스티벌,O
재즈뮤지션,O
남편,O
재즈색소포니스트,O
이용문,O
ㅡㅡㅡ,ㅡㅡㅡ
4,O
천안,B_LOC
으로,O
놀러가는,O
브이로그,O
천안,B_LOC
브런치,O
맛집이네,O
뚜쥬루과자점돌가마점,B_CAF
싹쓸이,O
폭염주의보,O
ㅡㅡㅡ,ㅡㅡㅡ
용백이브이로그,O
카페,O
천안카페,O
천안,B_LOC
ㅡㅡㅡ,ㅡㅡㅡ
유튜브,O
최초,O
선거운동,O
브이로그,O
아침,O
출근인사,O
피켓,O
운동,O
천안,B_LOC
갈릴리교회사거리,O
ㅡㅡㅡ,ㅡㅡㅡ
일상,O
브이로그,O
친구,O
들,O
천안,B_LOC
집들이,O
복숭아청,O
만들기,O
가족,O
음악파티,O
칵테,O
일바,O
깜미,O
와,O
백두,O
조개전골,O
맛집,O
ㅡㅡㅡ,ㅡㅡㅡ
신혼부부,O
의,O
연말,O
일상,O
브이로그,O
연,O
말파티,O
천안,B_LOC
카페,O
청주,O
기흥이케아,O
ㅡㅡㅡ,ㅡㅡㅡ
2,O
브이로그,O
일상브이로그,O
천안,B_LOC
제주,O
미작,O
이네거네,O
ㅡㅡㅡ,ㅡㅡㅡ
이사브이로그,O
1편,O
단국대,O
천안캠,O
기숙사봉사관,O
투어ㅣ,O
단국대,O
브이로그,O
ㅣ쿼카쨘,O
ㅡㅡㅡ,ㅡㅡㅡ
일상브이로그,O
카페투어플리마켓,O
천안,B_LOC
맛집소개,O
일상브이로그,O
ㅡㅡㅡ,ㅡㅡㅡ
아산,O
배방,O
천안,B_LOC
오창,O
밀린,O
일상,O
브이로그,O
ㅡㅡㅡ,ㅡㅡㅡ
수학여행,O
2019,O
천안신당고,O
1학년,O
4반,O
ㅡㅡㅡ,ㅡㅡㅡ
일상,O
브이로그,O
직장인,O
브이로그,O
신혼부부,O
일상,O
오랜만에,O
천안,B_LOC
천안,B_LOC
명물,O
호두과자,O
친구,O
결혼식,O
하객,O
ㅡㅡㅡ,ㅡㅡㅡ
일상브이로,O
그,O
이자카야,O
광덕산등산,O
두부유부초밥도시락,O
천안,B_LOC
호랭이카페,O
평택배다리저수지,O
두부면토마토파스타,O
주말운동헬린이,O
ㅡㅡㅡ,ㅡㅡㅡ
커플,O
데이트,O
브이로그,O
천안,B_LOC
데이트,O
역시,O
해장에는,O
쌀국수,O
메콩타이,O
규카츠,O
냉모밀,O
이자와,O
먹방브이로그,O
천안터미널,O
신세계백화점,O
ㅡㅡㅡ,ㅡㅡㅡ
코로나시국,O
한가한,O
오토바이,O
매장,O
토요일,O
천안,B_LOC
오토바이,O
브이로그,O
진돗개,O
룰루랄라,O
ㅡㅡㅡ,ㅡㅡㅡ
천안,B_LOC
북면,O
노지,O
캠프닉,O
감성캠핑,O
초보캠퍼,O
브이로그,O
장비소개,O
미라클패밀리,O
우드,O
ㅡㅡㅡ,ㅡㅡㅡ
워터파크,O
여름,O
방학,O
막바지,O
즉흥으로,O
다녀온,O
천안,B_LOC
오션파크,O
야간권,O
브이로그,O
ㅡㅡㅡ,ㅡㅡㅡ
원친구,O
브이로그,O
천안카페,O
신상,O
브런치카페,O
홈메이드쿡,O
양배추볶음밥,O
언니,O
와의,O
데이트,O
ㅡㅡㅡ,ㅡㅡㅡ
달다롱,O
과,O
친구들,O
1,O
천안,B_LOC
나들이,O
겸둥이,O
삼인방,O
일상,O
브이로그,O
ㅡㅡㅡ,ㅡㅡㅡ
운전브이로그,O
시흥,O
에서,O
천안,B_LOC
까지,O
장롱면허로,O
맛집,O
찾아가기,O
ㅡㅡㅡ,ㅡㅡㅡ
서울,O
천안,B_LOC
출장,O
브이로그,O
ㅡㅡㅡ,ㅡㅡㅡ
진천,B_LOC
천안,B_LOC
브이로그,O
얼굴,O
안나옴,O
ㅡㅡㅡ,ㅡㅡㅡ
일상,O
브이로그,O
직장인,O
브이로그,O
천안,B_LOC
서울,O
출퇴근과자쇼핑,O
막회,O
중동오뎅집,O
곱창,O
네일하기,O
베이글굽기,O
읍천리382,O
아이맥구경,O
ㅡㅡㅡ,ㅡㅡㅡ
잰로그,O
일상,O
브이로그,O
천안,B_LOC
여행,O
청첩장,O
ㅡㅡㅡ,ㅡㅡㅡ
대학생,O
브이로그종강해따,O
천안,B_LOC
에서,O
만나자,O
천안,B_LOC
ㅡㅡㅡ,ㅡㅡㅡ
시민,O
리포터,O
브이로그,O
아이와,O
함께,O
하는,O
천안박물관,O
ㅡㅡㅡ,ㅡㅡㅡ
시민,O
리포터,O
브이로그,O
천안,B_LOC
비피해,O
수해복구,O
자원봉사,O
구슬땀,O
ㅡㅡㅡ,ㅡㅡㅡ
일상,O
먹브이로그,O
당진드라이브,O
천안호두과자,O
엽떡로제,O
피맥,O
감태연어초밥,O
실비김치구이,O
빵순이주부일상,O
청주카페,O
치아교정러,O
ㅡㅡㅡ,ㅡㅡㅡ
천안,B_LOC
당일치기,O
여행,O
브이로그,O
천국의,O
계단,O
카페,O
포리빈,O
학화할머니,O
호두과자,O
간장게장,O
정식,O
추억의,O
오락실,O
게임,O
신혼부부,O
일상,O
ㅡㅡㅡ,ㅡㅡㅡ
1박2일,O
서울,O
천안,B_LOC
여행,O
브이로그,O
카페,O
가고,O
밥,O
먹는,O
일상,O
빙봉,O
쎈느,O
아모레성수,O
가산물갈비,O
한강,O
야경보고,O
뽀글이,O
웜아이스,O
광덕양조장,O
ㅡㅡㅡ,ㅡㅡㅡ
갬성,O
대신,O
먹성,O
브이로그,O
비오는,O
날,O
천안,B_LOC
드라이브,O
동탄,O
어반리,O
카페,O
ㅡㅡㅡ,ㅡㅡㅡ
직장인,O
브이로그ㅣ,O
천안,B_LOC
여행,O
ㅣ,O
핑크뮬리,O
ㅣ,O
곡교천,O
ㅣ,O
이숲,B_CAF
ㅣ,O
각원사,B_TOR
ㅣ출사ㅣ,O
09,O
ㅡㅡㅡ,ㅡㅡㅡ
일요일,O
브이로그,O
일상브이로그,O
천안,B_LOC
카페동향,O
천안서대문족발,O
냠냠,O
배부른,O
일요일,O
ㅡㅡㅡ,ㅡㅡㅡ
일상,O
브이로그,O
천안,B_LOC
케이블,O
웨이크,O
보드,O
늦은,O
휴가,O
뜻,O
밖의,O
반전,O
ㅠㅠ,O
ㅡㅡㅡ,ㅡㅡㅡ
타악기,O
연주자,O
쟝,O
마림바,O
의,O
천안,B_LOC
연주,O
브이로그,O
피아졸라,O
ㅣ,O
비,O
브라폰,O
협연ㅣ,O
태고의달인,O
ㅣ,O
천안예술의전당,O
ㅣ무관중연주ㅣ,O
챔버인상주의,O
ㅣ,O
스테이위드미,O
블라우스,O
ㅣ,O
도미회,O
ㅡㅡㅡ,ㅡㅡㅡ
100만,O
유튜버,O
되기,O
거지되기,O
천안,B_LOC
브이로그,O
월남쌈,O
만들기,O
곱창떡볶이,O
천안,B_LOC
제주,O
미작,O
천안,B_LOC
예일타운,O
볼케이노,O
스파오,O
잠옷,O
캉골베레모,O
ㅡㅡㅡ,ㅡㅡㅡ
일상,O
브이로그쉬는,O
날,O
일상,O
세종,O
카페,O
클래식,O
천안,O
카페,O
핀스커피,O
자취요리,O
알리오올리오,O
만들기,O
샌드위치,O
만들기,O
ㅡㅡㅡ,ㅡㅡㅡ
일상,O
휴가인듯,O
휴가아닌,O
휴가,O
브이로그,O
신라스테이천안,O
베이킹클래스,O
오얏카페,O
가배서림,O
바이춘천,O
빠레뜨한남,O
써밋뷰,O
ㅡㅡㅡ,ㅡㅡㅡ
2,O
눈뉴난,O
냐,O
천안여행,O
말티푸,O
브이로그,O
ㅡㅡㅡ,ㅡㅡㅡ
일상브이로그,O
천안각원사,O
성심당,O
대전,O
카페,O
세종,O
카페,O
카페그려,O
가배서림,O
빛그리다,O
광천식당,O
ㅡㅡㅡ,ㅡㅡㅡ
7,O
신혼부부,O
브이로그,O
천안,B_LOC
은석교,O
캠핑,O
ㅡㅡㅡ,ㅡㅡㅡ
직장인,O
주말,O
브이로그,O
퇴근,O
브이로그,O
천안,B_LOC
맛집,O
추천,O
오렌지블루스,O
아우어베이커리,B_CAF
광덕산간이캠핑장,O
천안,B_LOC
노지캠핑,O
추천,O
ㅡㅡㅡ,ㅡㅡㅡ
천안,B_LOC
여행,O
브이로그,O
천안,B_LOC
각원사,O
청동,O
대불,O
천안,B_LOC
진산,O
태조산,O
에,O
위치,O
사찰,O
금파,O
부부,O
사찰여행,O
영상,O
스케치,O
ㅡㅡㅡ,ㅡㅡㅡ
집순이자매,O
고양이,O
강아지,O
나오는,O
브이로그,O
천안,B_LOC
형제상회,O
횡성한우곱창,O
집들이,O
ㅡㅡㅡ,ㅡㅡㅡ
2020,O
천안쌍용고,O
학생회,O
브이로그모여봐요쌍용의숲,O
ㅡㅡㅡ,ㅡㅡㅡ
캔들공방,O
일상브이로그,O
테이블매트,O
교체하기,O
천안캔들공방,O
ㅡㅡㅡ,ㅡㅡㅡ
카페,O
맛집,O
천안,B_LOC
천안,B_LOC
카페,O
천안,B_LOC
맛집,O
먹방,O
브이로그,O
휴니의,O
ㅡㅡㅡ,ㅡㅡㅡ
직장인,O
일상,O
브이로그,O
주말,O
1박2일,O
천안,B_LOC
탐방기,O
신라스테이,O
마라탕,O
수육국밥,O
ㅡㅡㅡ,ㅡㅡㅡ
5월,O
브이로그2,O
천안단대,O
피크닉,O
지로스터,O
카페,O
비스트로고메,O
ㅡㅡㅡ,ㅡㅡㅡ
천안오션파크,O
나의,O
첫번째,O
브이로그,O
ㅡㅡㅡ,ㅡㅡㅡ
브이로그,O
단국대천안캠퍼스,O
아싸,O
의,O
삶,O
ㅡㅡㅡ,ㅡㅡㅡ
남자,O
혼자,O
브이로그,O
라면볶이,O
천안삼거리공원,O
책,O
읽기,O
ㅡㅡㅡ,ㅡㅡㅡ
까치까치,O
설날,O
은,O
천안,B_LOC
남자의,O
일상,O
브이로그,O
ㅡㅡㅡ,ㅡㅡㅡ
폴킴,O
콘서트,O
브이로그,O
39,O
마음,O
39,O
천안콘,O
후기,O
ㅡㅡㅡ,ㅡㅡㅡ
천안살,O
이,O
리베카,O
9개월,O
아가,O
브이로그,O
ㅡㅡㅡ,ㅡㅡㅡ
집순이가,O
열심히,O
돌아다니는,O
브이로그,O
서울,O
과,O
천안,B_LOC
의,O
반복,O
집에서,O
감바스,O
해먹기,O
신불당동,O
에서,O
놀기,O
영원한,O
나의,O
사랑,O
양꼬치,O
들,O
ㅡㅡㅡ,ㅡㅡㅡ
시민,O
리포터,O
브이로그,O
천안,B_LOC
600번,O
산타버스,O
ㅡㅡㅡ,ㅡㅡㅡ
캠핑브이로그,O
천안,B_LOC
호두나무,O
캠핑장,O
ㅡㅡㅡ,ㅡㅡㅡ
천안,B_LOC
여행,O
종로,O
에서수다를,O
일상,O
브이로그,O
13,O
ㅡㅡㅡ,ㅡㅡㅡ
천안열린성결교회,O
동행,O
청년부,O
일상,O
브이로그,O
정장정,O
ㅡㅡㅡ,ㅡㅡㅡ
먹방,O
브이로그,O
빵,O
과,O
빵,O
해장,O
사이,O
신가네매떡,O
직접,O
만든,O
도넛,O
딸기타르트,O
천안,B_LOC
뚜쥬루빵파티,O
엽봉,O
엽기닭볶음탕,O
마들렌,O
멸치칼국수,O
황태국밥,O
까눌레,O
빈츠,O
등,O
ㅡㅡㅡ,ㅡㅡㅡ
직장인,O
퇴근,O
브이로그,O
직장인,O
퇴근,O
후,O
일상,O
신박카페,O
천안,B_LOC
카페,O
샐러드카페,O
천안북면계곡야영장,O
천안,B_LOC
노지캠핑,O
천안,B_LOC
캠핑장,O
캠핑브이로그,O
ㅡㅡㅡ,ㅡㅡㅡ
연차내고,O
천안,B_LOC
갔다가,O
고성가는,O
일상,O
마무리는,O
클린식인,O
브이로그,O
ㅡㅡㅡ,ㅡㅡㅡ
일상브이로그,O
천안,B_LOC
맛집추천,O
앗싸,O
곱창,O
인생네컷,O
설빙,O
천안,B_LOC
카페추천,O
샵808080,O
도넛,O
맛집,O
ㅡㅡㅡ,ㅡㅡㅡ
짹짹,O
외식하는날,O
천안,B_LOC
데이트,O
브이로그,O
천안,B_LOC
맛집새댁,O
스파게티,O
립윙스파게티웨스턴,O
불당동,O
성성동,O
천안,B_LOC
새댁,O
ㅡㅡㅡ,ㅡㅡㅡ
천안시립풍물단,O
연습실,O
브이로그,O
2,O
상모돌리기,O
ㅡㅡㅡ,ㅡㅡㅡ
추석,O
맞아,O
천안,B_LOC
에,O
간,O
자취생,O
브이로그,O
새로운,O
명절,O
풍습,O
하우스,O
오픈,O
탕진잼,O
호두과자,O
골뱅이비빔국수,O
동네,O
한바퀴,O
닭갈비,O
배스킨라빈스,O
ㅡㅡㅡ,ㅡㅡㅡ
브이로그,O
천안,B_LOC
친구,O
네,O
집들이,O
먹방,O
도미노피자,O
파스타,O
베라,O
계란장,O
지하철,O
세시간,O
타고,O
가서,O
집에만,O
있기,O
ㅗ코로나,O
ㅗ,O
ㅡㅡㅡ,ㅡㅡㅡ
천안,B_LOC
친구,O
집들이먹방,O
브이로그,O
홀롤롤,O
ㅡㅡㅡ,ㅡㅡㅡ
대학생,O
일상,O
브이로그,O
천안,B_LOC
카페,O
맥주,O
인생네컷,O
팔팔닭떡볶이,O
희정,O
ㅡㅡㅡ,ㅡㅡㅡ
희민이,O
의,O
먹방,O
브이로그,O
천안,B_LOC
맛집,O
선유원,O
돼지갈비,O
호두과자,O
청담이상,O
이자카야,O
ㅡㅡㅡ,ㅡㅡㅡ
1,O
마블,O
처돌이,O
제주,O
새내기,O
의,O
천안,B_LOC
상경,O
브이로그,O
ㅡㅡㅡ,ㅡㅡㅡ
일상브이로그,O
천안,B_LOC
카페공각눈썰매,O
타기,O
아틀리에크레타,O
타르타르샌드위치,O
만들어,O
먹기,O
ㅡㅡㅡ,ㅡㅡㅡ
먹방,O
애슐리새우축제,O
리뷰,O
대하구이,O
먹은,O
브이로그,O
새우조지는날,O
애슐리,O
먹방,O
애슐리새우축제,O
천안,B_LOC
브이로그,O
ㅡㅡㅡ,ㅡㅡㅡ
일상,O
브이로그ㅣ,O
천안,B_LOC
시골에서,O
힐링,O
병천순대,B_RES
코스트코,O
쇼핑,O
추천ㅣ,O
ㅡㅡㅡ,ㅡㅡㅡ
태교일상브이로그,O
바,O
구니카시트,O
라식수,O
술,O
천안서울안과,O
33,O
아기신발만들기,O
백,O
일해주사,O
폭풍태동,O
ㅡㅡㅡ,ㅡㅡㅡ
20211021,O
슈퍼커브타고,O
브이로그,O
천안,B_LOC
아산,O
곡교천,O
은행나무길,O
할로윈,O
용품사기,O
ㅡㅡㅡ,ㅡㅡㅡ
천안,B_LOC
조이플루트앙상블,O
공연,O
브이로그,O
ㅡㅡㅡ,ㅡㅡㅡ
자취,O
브이로그,O
12,O
크로플,O
와플메이커,O
스팸,O
무스비,O
천안,B_LOC
카라반,O
자취요리,O
ㅡㅡㅡ,ㅡㅡㅡ
브이로그,O
5,O
일상기록,O
천안,B_LOC
맛집,O
단대호수,O
비눗방울이사준비,O
ㅡㅡㅡ,ㅡㅡㅡ
일상,O
브이로그,O
천안,B_LOC
체리와친구들,O
키즈카페,O
핑크,O
퐁,O
노래,O
낚시놀이,O
기차놀이,O
초보,O
유튜버,O
ㅡㅡㅡ,ㅡㅡㅡ
일상브이로그,O
잠시천안,O
단대호수,O
먹주일,O
구운계란카레,O
지로스터,O
에그드랍,O
진쉔브이로그,O
ㅡㅡㅡ,ㅡㅡㅡ
솜솜한일상,O
천안,B_LOC
여행,O
브이로그,O
각원사,B_TOR
불,O
타는,O
불심,O
대신,O
식탐로그,O
ㅡㅡㅡ,ㅡㅡㅡ
12,O
평범,O
해진,O
대학생,O
일상,O
브이로그,O
술,O
공부,O
푸쉬팝,O
천안,B_LOC
당일치기,O
여행,O
홍대,O
알디프티바,O
ㅡㅡㅡ,ㅡㅡㅡ
육아브,O
이로그,O
고모,O
결혼식장,O
다녀왔어요,O
비렌체,O
천안예식장,O
신,O
랑축가핑크뮬리사진놀이아기천사,O
ㅡㅡㅡ,ㅡㅡㅡ
시민,O
리포터,O
브이로그,O
천안,B_LOC
일출명소,O
39,O
흑성산,O
일출39,O
ㅡㅡㅡ,ㅡㅡㅡ
공주,O
여행,O
브이로그,O
천안,B_LOC
더메인즈호텔,O
ㅣ,O
연미산자연미술공원,O
ㅣ,O
유구색동수국정원,O
ㅣ,O
공주,O
밤빵,O
ㅣ,O
신혼부부,O
ㅡㅡㅡ,ㅡㅡㅡ
천안,B_LOC
조개,O
전골,O
그리고,O
밀렸던,O
일상,O
브이로그는,O
아무나,O
하는게,O
아니다,O
ㅡㅡㅡ,ㅡㅡㅡ
좁쌀피부,O
인생기초,O
메이크업,O
제품,O
추천,O
세종,O
천안,B_LOC
투어,O
브이로그,O
ㅡㅡㅡ,ㅡㅡㅡ
유라브이로그,O
주부,O
일상브이로그,O
천안브이로그,O
1박2일,O
영덕여행,O
성수동,O
서울숲,O
맛집,O
ㅡㅡㅡ,ㅡㅡㅡ
천안시,O
중앙도서관,O
ㅣ도서관,O
브이로그,O
ㅡㅡㅡ,ㅡㅡㅡ
브이로그,O
ㅣ,O
24,O
4개월,O
아기와,O
핑크뮬리,O
나들이,O
천안카페이숲,O
핸드폰,O
분실쌍둥이돌보기,O
ㅡㅡㅡ,ㅡㅡㅡ
천안카페,O
갤러리아,O
구찌,O
모찌,O
고양이,O
브이로그,O
ㅡㅡㅡ,ㅡㅡㅡ
천안,B_LOC
지역,O
유별난,O
명상,O
클라쓰,O
전날,O
브이로그,O
행사,O
유별난,O
명상,O
클라쓰,O
전국,O
동시,O
행사,O
친구,O
대상자,O
명상,O
주문,O
체험,O
모기,O
공주,O
청소,O
봉청수,O
ㅡㅡㅡ,ㅡㅡㅡ
천안,B_LOC
독립서점,O
39,O
책방허송세월,O
39,O
편,O
뉴스앤북,O
독립서점,O
브이로그,O
ㅡㅡㅡ,ㅡㅡㅡ
학원강사,O
브이로그,O
직장인,O
브이로그,O
천안,B_LOC
맛집투어,O
잡인터뷰,O
쇼핑몰편,O
소고기샐러드,O
선글라스쇼핑,O
ㅡㅡㅡ,ㅡㅡㅡ
천안,B_LOC
각원사,O
시네마틱,O
브이로그,O
ㅡㅡㅡ,ㅡㅡㅡ
천안,B_LOC
아산,O
맛집,O
카페브이로그,O
사위식당,O
실브커피,O
경양카츠,O
겐트카페,O
ㅡㅡㅡ,ㅡㅡㅡ
일상,O
브이로그,O
직장인,O
브이로그,O
70,O
드라이브,O
천안,B_LOC
여행,O
세인트제임스,O
폴로,O
스콘,O
맛집,O
가족,O
브이로그,O
ㅡㅡㅡ,ㅡㅡㅡ
일상브이로그,O
호야네,O
사네카페,O
아산,O
당진,O
아산카페,O
천안카페,O
흑임자커피,O
콩가루크림커피,O
카페투어신혼브이로그,O
ㅡㅡㅡ,ㅡㅡㅡ
천안,B_LOC
독립기념관,B_TOR
브이로그,O
나어때보영,O
ㅡㅡㅡ,ㅡㅡㅡ
갤러리전시카페갤러리카페브이로그,O
천안,B_LOC
카페,O
ㅡㅡㅡ,ㅡㅡㅡ
천안시청소년방과후아카데미,O
8차,O
지원,O
물품,O
브이로그,O
ㅡㅡㅡ,ㅡㅡㅡ
천안,B_LOC
브이로그,O
천안,B_LOC
에,O
나타난,O
맛집사냥꾼,O
천안,B_LOC
의,O
강남,O
불당동,O
을,O
파헤치겠다,O
장칼국수,O
멜버른커피,O
ㅡㅡㅡ,ㅡㅡㅡ
진수오,O
브이로그,O
2,O
여행,O
천안,B_LOC
당일치기,O
천안,B_LOC
여행여행브이로그,O
ㅡㅡㅡ,ㅡㅡㅡ
4,O
신혼부부,O
브이로그,O
천안,B_LOC
교토리,B_CAF
카페,O
당진,O
코스트코,O
말티푸,O
ㅡㅡㅡ,ㅡㅡㅡ
일상,O
먹방,O
천안,B_LOC
배방,O
삽교천,O
드라이브,O
짬뽕,O
브이로그,O
ㅡㅡㅡ,ㅡㅡㅡ
꽃만,O
담은,O
브이로그,O
천안,B_LOC
꽃집소개,O
공주,O
유구색동수국정원,O
산책,O
ㅡㅡㅡ,ㅡㅡㅡ
감성,O
일상,O
브이로그,O
평택,O
천안,B_LOC
카페투어,O
폴로,O
트레이닝복,O
먹방,O
가을,O
옷,O
언박싱,O
바이레도,O
집시워터,O
ㅡㅡㅡ,ㅡㅡㅡ
직장인,O
브이로그,O
천안동남구원성동,O
렉산,O
캐노피시공후기,O
피아노,O
열심히,O
배우는중,O
마이크,O
어딜거를,O
사야할까요,O
ㅡㅡㅡ,ㅡㅡㅡ
사만도,O
주말,O
필름카메라,O
들고,O
천안,B_LOC
아산,O
여행,O
브이로그,O
주말,O
국내,O
여행,O
아산,O
사네카페,O
모나무르,O
코니카빅미니,O
코닥,O
ㅡㅡㅡ,ㅡㅡㅡ
천안,B_LOC
마지막,O
브이로그,O
ㅡㅡㅡ,ㅡㅡㅡ
4,O
밸런스커피,O
가죽공방,O
초보,O
사장,O
의,O
천안,B_LOC
나들이,O
브이로그,O
ㅡㅡㅡ,ㅡㅡㅡ
브이로그일상,O
천안,B_LOC
에,O
있는,O
천안박,O
물관에,O
다녀왔어요,O
종원,O
이와,O
성원,O
이,O
ㅡㅡㅡ,ㅡㅡㅡ
출근하는,O
직장인,O
봉용불고기,O
천안,B_LOC
저녁약속,O
꽃,O
선물,O
카페,O
언니,O
들과,O
만남,O
56월,O
브이로그,O
ㅡㅡㅡ,ㅡㅡㅡ
브이로그,O
여유로이,O
천안,B_LOC
데이트,O
ㅡㅡㅡ,ㅡㅡㅡ
퇴근버스,O
천안,B_LOC
나들이,O
우리,O
오늘,O
쑈핑하는거야,O
퇴근브이로그,O
2탄,O
ㅡㅡㅡ,ㅡㅡㅡ
캔들공방,O
일상브이,O
로그,O
천안,B_LOC
캔들,O
공방,O
ㅡㅡㅡ,ㅡㅡㅡ
브이로그,O
천안,B_LOC
독립기념관,B_TOR
관람,O
기천안,O
맛집,O
팔팔닭,O
떡볶이,O
직장인브이로그,O
횰라,O
ㅡㅡㅡ,ㅡㅡㅡ
브이로그,O
충남외고,O
천안아산,O
모임,O
카페,O
양꼬치엔칭따오,O
ㅡㅡㅡ,ㅡㅡㅡ
여름,O
휴가,O
브이로그,O
대부도,O
양양,O
강릉,O
천안,B_LOC
범길동,O
ㅡㅡㅡ,ㅡㅡㅡ
네모,O
생일파티,O
핑계로,O
먹고,O
노는,O
브이로그,O
천안,B_LOC
생일,O
엽떡,O
청년피자,O
치즈케이크,O
빅톤,O
ㅡㅡㅡ,ㅡㅡㅡ
짹짹,O
성성동,O
새댁,O
의,O
천안,B_LOC
맛집,O
일주일,O
브이로그,O
일주일,O
먹방,O
브이로그,O
직장인,O
일상,O
성성동,O
잇플레이트,O
신부동,O
신혼부부,O
야망떡볶이,O
떡볶이,O
족발,O
폭주족발,O
매운족발,O
분식,O
ㅡㅡㅡ,ㅡㅡㅡ
걸,O
어서,O
천안속,O
으로,O
여행브이로그,O
천안,B_LOC
여행,O
외친소공모전,O
찐여행공모전,O
ㅡㅡㅡ,ㅡㅡㅡ
브이로그,O
천안,B_LOC
출장출근,O
첨보는,O
강아지,O
배마사지한,O
썰,O
푼다ㅋㅋ,O
닭갈비,O
칼국수,O
고양이,O
강아지,O
ㅡㅡㅡ,ㅡㅡㅡ
일상,O
브이로그,O
천안,B_LOC
맛집,O
강쿠,O
아맨,O
먹쿠아맨,O
닭볶음탕,O
닭도리탕,O
볶음밥,O
읍내얼짱,O
성준,O
준수,O
고독한최실장,O
ㅡㅡㅡ,ㅡㅡㅡ
19,O
육아브이로그,O
아이와함께하는천안데이트,O
천안남산중앙시장칼국수,O
천안태학산자연휴양림숲놀이터,O
주말토요일데이트,O
ㅡㅡㅡ,ㅡㅡㅡ
카페,O
브이로그,O
천안,B_LOC
올블랙,O
카페추천,O
블랙문,O
아메리카노,O
만들기,O
ㅡㅡㅡ,ㅡㅡㅡ
브이로그일상,O
천안,B_LOC
두정동,O
서울,O
청계천,O
홍대,O
송도,O
트리플스트리트,O
인천,O
구월동,O
자취,O
빛초롱축제,O
홈파티,O
술,O
먹방,O
ㅡㅡㅡ,ㅡㅡㅡ
배구,O
보러,O
간,O
챎이,O
브이로그,O
ㅣ,O
천안현대캐피탈스카이워커스,O
ㅣ,O
배구,O
직관ㅣ,O
문성민,O
김지한,O
이승원,O
ㅣ퇴근길ㅣ,O
ㅡㅡㅡ,ㅡㅡㅡ
천안브이로그,O
ㅡㅡㅡ,ㅡㅡㅡ
브이로그,O
천안,B_LOC
맛집,O
순두부,O
ㅡㅡㅡ,ㅡㅡㅡ
퇴사,O
백수,O
브이로그,O
까사미아,O
쇼파수세미만들기,O
손,O
뜨개질,O
천안,B_LOC
드라이브계속되는,O
택배언박싱,O
크리스마스,O
홈데코,O
ㅡㅡㅡ,ㅡㅡㅡ
17,O
오랜만에,O
만난,O
군대동기,O
브이로그,O
천안삼거리,O
닥,O
스훈,O
트,O
정찬성,O
당구,O
볼링,O
ㅡㅡㅡ,ㅡㅡㅡ
일상,O
먹방,O
브이로그,O
천안,B_LOC
아산,O
천안,B_LOC
아산,O
불당동,O
신불당동,O
퍼센토,O
마약옥수수피자,O
까르보나라,O
해물리소토,O
백금당,O
백금당케이크,O
백금당커피,O
크림브루,O
크림브륄레라떼,O
ㅡㅡㅡ,ㅡㅡㅡ
자장면,O
먹방,O
브이로그,O
천안홈플러스,O
안성호웨이,O
안성맞춤랜드,O
짜장,O
먹고,O
달리기,O
중국집,O
먹방,O
아이스,O
홍시,O
먹방,O
홈플러스,O
장보기,O
안성맞춤랜드,O
산책,O
안성,O
드라이브,O
ㅡㅡㅡ,ㅡㅡㅡ
제이,O
브이로그,O
남자,O
둘이,O
서,O
우정여행,O
천안,B_LOC
맛집,O
교토리,B_CAF
카페,O
천안,B_LOC
공주,O
집힐링영상,O
ㅡㅡㅡ,ㅡㅡㅡ
천안,B_LOC
에스글램핑,O
브이로그,O
가족,O
브이로그,O
ㅡㅡㅡ,ㅡㅡㅡ
우당탕탕,O
저녁,O
결혼식,O
브이로그,O
천안셀레네하우스웨딩,O
주현쓰무드,O
ㅡㅡㅡ,ㅡㅡㅡ
39,O
천안,B_LOC
청수도서관,O
39,O
을,O
가다,O
뉴스앤북,O
도서관,O
브이로그,O
ㅡㅡㅡ,ㅡㅡㅡ
천안,B_LOC
지역,O
유별난,O
명상,O
클라쓰,O
브이로그,O
명상,O
수행,O
청수,O
기도,O
회식,O
뒤풀이,O
본부,O
출장,O
구독과,O
좋아요,O
모기,O
공주,O
ㅡㅡㅡ,ㅡㅡㅡ
일상,O
브이로그,O
천안,B_LOC
양꼬치,O
가게,O
알바,O
양꼬치,O
꼽기,O
ㅡㅡㅡ,ㅡㅡㅡ
자취,O
일상,O
브이로그,O
천안,B_LOC
일상,O
브이로그,O
음주브이로그,O
인계동,O
껍데기,O
정샘물에센셜스킨누더쿠션,O
에스티로더,O
립스틱,O
희정,O
ㅡㅡㅡ,ㅡㅡㅡ
천안,B_LOC
캠핑,O
당일치기,O
액사장의,O
하루,O
브이로그,O
ㅡㅡㅡ,ㅡㅡㅡ
천안,B_LOC
솜사탕녀,O
과,O
천안,B_LOC
탐방,O
브이로그,O
ㅡㅡㅡ,ㅡㅡㅡ
12,O
천안,B_LOC
애슐리퀸즈,O
신불당,O
곱창,O
냠냠,O
이마트,O
자주,O
에서,O
그릇쇼핑,O
먹기만,O
하는,O
일상,O
브이로그,O
ㅡㅡㅡ,ㅡㅡㅡ
민간정원1호,O
아름다운,O
정원,O
화수목,O
브이로그,O
천안,B_LOC
ㅡㅡㅡ,ㅡㅡㅡ
생일,O
천안,B_LOC
여행,O
브이로그,O
놉,O
고주망태되기,O
자취생,O
고양이,O
와,O
동거생활,O
혼술,O
숙취로,O
골골된,O
한주,O
ㅡㅡㅡ,ㅡㅡㅡ
미용실,O
근무,O
6주동안,O
실습미용과,O
천안,B_LOC
미용실미용실기숙사기숙사투어,O
순천만,O
갈대밭,O
천안,B_LOC
카페,O
12월,O
브이로그,O
ㅡㅡㅡ,ㅡㅡㅡ
혜짱,O
일상,O
브이로그,O
머리,O
도,O
자르고,O
천안,B_LOC
한옥,O
카페도,O
다녀온,O
일상,O
ㅡㅡㅡ,ㅡㅡㅡ
브이로그,O
오토바이,O
가게일상생활,O
슈퍼커브,O
혼다,O
천안,B_LOC
ㅡㅡㅡ,ㅡㅡㅡ
브이로그,O
독립기념관,B_TOR
서울광장시장,O
청계천,O
ㅡㅡㅡ,ㅡㅡㅡ
04년생,O
고2,O
나홀로,O
여행,O
레트로,O
감성,O
브이로그,O
천안,B_LOC
평택,O
자,O
매여행,O
던킨,O
알바,O
단국대,O
브이로그,O
여행,O
브이로그,O
ㅡㅡㅡ,ㅡㅡㅡ
덥다,O
더워,O
천안,B_LOC
마실,O
브이로그,O
천안,B_LOC
데이트,O
중앙,O
분식,O
신세계백화점,O
뚜비곱창,O
신부동,O
천안,B_LOC
놀거리,O
천안,B_LOC
맛집,O
ㅡㅡㅡ,ㅡㅡㅡ
나도,O
이제,O
서울,O
사람,O
셀프입주청소,O
절대하지마세요,O
천안,B_LOC
에서,O
서울,O
로,O
이사한,O
나의,O
이사,O
브이로그,O
ㅡㅡㅡ,ㅡㅡㅡ
일상,O
브이로그,O
부처님오신날,O
각원사,B_TOR
천안,B_LOC
절여행,O
여행브이로그,O
ㅡㅡㅡ,ㅡㅡㅡ
네일샵,O
브이로그,O
오늘,O
예약,O
명,O
굶지는,O
않겠다,O
천안,B_LOC
마카롱,O
디저트카페,O
3월,O
의,O
달콤함,O
마카롱,O
먹방,O
직장인,O
네일리스트,O
브이로그,O
혜리,O
네일,O
ㅡㅡㅡ,ㅡㅡㅡ
일상브이로그ㅣ카페투어,O
화성행궁,O
천안신부동,O
서울숲,O
성수동,O
이태원,O
ㅡㅡㅡ,ㅡㅡㅡ
9,O
안녕,O
2019,O
나의,O
27살,O
마지막날,O
천안,B_LOC
지문사,O
아이쇼핑,O
뿌링클,O
처돌이,O
일상브이로그,O
ㅡㅡㅡ,ㅡㅡㅡ
호텔관광학부,O
대학생,O
브이로그ㅣ,O
천안,B_LOC
방배,O
통학러의,O
학교,O
일상,O
ㅡㅡㅡ,ㅡㅡㅡ
천안,B_LOC
뭐라구,O
날단이,O
단대,O
축제,O
에,O
떴다구,O
단국대학교,O
축제,O
브이로그,O
ㅡㅡㅡ,ㅡㅡㅡ
빵수니,O
의,O
천안,B_LOC
당일치기,O
여행,O
국내여행,O
연우로그,O
ㅡㅡㅡ,ㅡㅡㅡ
간호사,O
휴일,O
브이로그ㅣ,O
남양주,O
카페ㅣ,O
천안,B_LOC
카페ㅣ먹방ㅣ드라이브,O
ㅡㅡㅡ,ㅡㅡㅡ
브이로그,O
10월,O
천안홍대용박물관,O
방문기,O
ㅡㅡㅡ,ㅡㅡㅡ
주말,O
브이로그,O
천안,B_LOC
뚜쥬루,O
할로윈쿠키,O
배달,O
컨버스하울,O
지금까지,O
모은,O
컨버스,O
소개,O
핸이,O
ㅡㅡㅡ,ㅡㅡㅡ
캠핑,O
천안,B_LOC
노지캠핑,O
브이로그,O
카즈미,O
티어돔,O
ㅡㅡㅡ,ㅡㅡㅡ
천안나,O
들이,O
천안갤러리아센터시티,O
먹방일상브이로그,O
ㅡㅡㅡ,ㅡㅡㅡ
날뇽,O
돌아왔다,O
출근,O
주말,O
천안,B_LOC
연구원,O
문화재,O
브이로그,O
ㅡㅡㅡ,ㅡㅡㅡ
민영39,O
브이로그,O
서울현대미술관,O
관람,O
천안,B_LOC
으로,O
가족,O
여행,O
직지사,O
그리고,O
공세리성당,O
ㅡㅡㅡ,ㅡㅡㅡ
간사,O
브이로그,O
일상,O
브이로그,O
심방,O
브이로그,O
2탄,O
천안,B_LOC
청년들,O
보러,O
가기,O
번외,O
지용청년,O
데려다주기,O
청주,O
정북동토성,O
ㅡㅡㅡ,ㅡㅡㅡ
학원강사,O
브이로그,O
직장인,O
브이로그,O
새벽운동,O
천안,B_LOC
대화맛집,O
머리자른날,O
천안,B_LOC
맛집,O
인생에그타르트,O
마켓컬리,O
다이어트식단,O
ㅡㅡㅡ,ㅡㅡㅡ
일상,O
브이로그,O
직장인,O
브이로그,O
천안,B_LOC
서울,O
출퇴근전시회셀프염색,O
필수템,O
주말,O
엔,O
카페,O
일의,O
노예,O
ㅡㅡㅡ,ㅡㅡㅡ
미용사,O
자격증,O
모델,O
브이로그,O
천안,B_LOC
남서울대학교,O
고라니,O
님,O
미용사,O
시험,O
결과는,O
ㅡㅡㅡ,ㅡㅡㅡ
줄리아코치,O
의,O
브이로그,O
천안,B_LOC
불당천변공원,O
산책,O
ㅡㅡㅡ,ㅡㅡㅡ
여자,O
혼자,O
국토대장정,O
05,O
평택,O
에서,O
천안,B_LOC
으로,O
가는,O
브이로그,O
ㅡㅡㅡ,ㅡㅡㅡ
대학생,O
일상,O
브이로그,O
천안,B_LOC
카페,O
브이로그,O
희정,O
ㅡㅡㅡ,ㅡㅡㅡ
오로라,O
브이로그,O
천안,B_LOC
불당호반써밋플레이스아파트,O
직접,O
걸어봄,O
ㅡㅡㅡ,ㅡㅡㅡ
직장인,O
브이로그,O
주말편,O
천안,B_LOC
봉서산,O
등산하기,O
벚꽃,O
불당동,O
주민,O
일상,O
벚꽃,O
등산,O
봉서산,O
봄꽃,O
즐기기,O
불당동,O
벚꽃,O
불당동,O
앞산,O
등산하기,O
ㅡㅡㅡ,ㅡㅡㅡ
대학원,O
졸업한,O
백수,O
브이로그,O
서울,O
나들이,O
요시고,O
사진전,O
신당,O
서촌,O
투어,O
근데,O
이제,O
천안,B_LOC
을,O
곁들인,O
알차게,O
잘,O
먹고,O
보낸,O
3박4일,O
ㅡㅡㅡ,ㅡㅡㅡ
대학생,O
브이로그,O
먹고,O
먹고,O
또,O
먹는,O
브이로그,O
천안,B_LOC
으로,O
놀러가기,O
보드게임카페,O
음주브이로그,O
ㅡㅡㅡ,ㅡㅡㅡ
주부브이로그,O
일상브이로그,O
천안카페브이로그,O
데,O
일리룩,O
홈트,O
필라테스,O
취미미술,O
집밥,O
오이김밥,O
두부유부초밥,O
닭,O
한마리,O
등등,O
ㅡㅡㅡ,ㅡㅡㅡ
유라브이로그,O
주부,O
일상브이로그,O
천안카페브이로그,O
천안맛집,O
필라테스,O
먹방브이로그,O
천안신상카페,O
ㅡㅡㅡ,ㅡㅡㅡ
3,O
아이돌,O
천안,B_LOC
맛집,O
스타필드,O
거울셀카,O
호박전,O
샤브샤브,O
고량주,O
막걸리,O
오오티디,O
오한수,O
우육면가,O
천안,B_LOC
브이로그,O
아이돌,O
ㅡㅡㅡ,ㅡㅡㅡ
인턴,O
동기,O
들과,O
퇴근,O
후,O
미니,O
브이로그,O
천안,B_LOC
신부동,O
미니,O
브이로그,O
ㅡㅡㅡ,ㅡㅡㅡ
대학생,O
일상,O
브이로그,O
피,O
치씨,O
브러시,O
리뷰,O
자취요리,O
천안,B_LOC
카페,O
희정,O
ㅡㅡㅡ,ㅡㅡㅡ
직장인,O
브이로그,O
하루,O
야근,O
주말교육,O
직업훈련교사,O
천안,B_LOC
교육,O
아이패드,O
직장인,O
공부,O
자격증공부,O
기차,O
노을,O
급식,O
ㅡㅡㅡ,ㅡㅡㅡ
천안,B_LOC
애견카페,O
꽃분이네,O
에서,O
모르는,O
강아지,O
가,O
자꾸,O
우리,O
강아지,O
인,O
척,O
해요,O
강아지,O
브이로그,O
ㅡㅡㅡ,ㅡㅡㅡ
장줄리앙전시,O
앤더슨씨,O
다이어트도시락리뷰,O
천안카페,O
직장인브이로그,O
4월,O
ㅡㅡㅡ,ㅡㅡㅡ
결혼식,O
브이로그,O
천안,B_LOC
비렌티웨딩홀,O
결혼,O
축하해,O
ㅡㅡㅡ,ㅡㅡㅡ
가슴,O
운동,O
중간점검,O
천안헬스,O
에너스킨짐헬스브이로그,O
ㅡㅡㅡ,ㅡㅡㅡ
일상,O
브이로그,O
천안,B_LOC
맛집,O
해물화짬뽕,O
독립기념관,B_TOR
단풍구경,O
집에서,O
요리해먹기,O
로제파스타,O
한우,O
ㅡㅡㅡ,ㅡㅡㅡ
커플,O
브이로그,O
2,O
3주년,O
에,O
카페에서,O
천안,B_LOC
불당동,O
딸기라떼,O
쿠앤크케잌,O
ㅡㅡㅡ,ㅡㅡㅡ
히조링,O
천안,B_LOC
을,O
가려면,O
누군가의,O
허락이,O
필요하다고,O
그러던데,O
는,O
천안,B_LOC
데이트,O
브이로그,O
ㅡㅡㅡ,ㅡㅡㅡ
천안남자,O
의,O
브이로그,O
39,O
추억의오락실,O
39,O
방문,O
ㅡㅡㅡ,ㅡㅡㅡ
2,O
1주년,O
기념,O
천안,B_LOC
나들이,O
만난지,O
1년,O
천안,B_LOC
브이로그,O
우렁쌈밥,O
커플링,O
유채,O
꽃밭에서,O
커플링,O
교환하기,O
ㅡㅡㅡ,ㅡㅡㅡ
곰신,O
브이로그,O
독립기념관,B_TOR
휴가,O
천안,B_LOC
독립기념관,B_TOR
전역,O
전,O
마지막,O
휴가,O
커플,O
브이로그,O
곰신,O
야수,O
교,O
ㅡㅡㅡ,ㅡㅡㅡ
주부,O
의,O
일상,O
아줌마,O
브이로그,O
천안,B_LOC
맛집,O
이봉원,O
의,O
봉짬뽕,O
ㅡㅡㅡ,ㅡㅡㅡ
김좌,O
추억기록,O
천안돼지,O
모임,O
제부도,O
뼈삼겹살,O
브이로그,O
음주로그,O
천안아산애견카페,O
떡볶이,O
먹방,O
2,O
ㅡㅡㅡ,ㅡㅡㅡ
천안,B_LOC
남자의,O
브이로그,O
볶음밥,O
20개,O
주문,O
8년,O
된,O
컴퓨터,O
장비,O
공개,O
ㅡㅡㅡ,ㅡㅡㅡ
천안,B_LOC
에,O
미러볼이,O
있는,O
치킨집이,O
있다,O
걸어서,O
가능한,O
천안,B_LOC
브이로그,O
ㅡㅡㅡ,ㅡㅡㅡ
이번주,O
천안,B_LOC
서울,O
핫플,O
완벽하게,O
뿌셨다,O
천안,B_LOC
맛집,O
카페투어,O
송파구,O
카페,O
압구정,O
카페,O
맛집,O
가을,O
룩,O
일주일,O
데일리룩,O
브이로그,O
ㅡㅡㅡ,ㅡㅡㅡ
천안시립풍물단,O
연습실,O
브이로그,O
1,O
설장고,O
춤,O
ㅡㅡㅡ,ㅡㅡㅡ
천안브이로그,O
유튜버,O
들의,O
모임,O
천안,B_LOC
카페,O
리스본오니크로플,O
천안,B_LOC
맛집,O
의,O
꽃다방,O
소고기,O
규타다,O
끼,O
심도파스타,O
유부비면,O
먹방,O
화이트셔츠,O
코디,O
ㅡㅡㅡ,ㅡㅡㅡ
여성용,O
헬스방법,O
천안헬스에너스킨짐헬스브이로그,O
ㅡㅡㅡ,ㅡㅡㅡ
일상,O
브이로그,O
천안아산역,O
킨,O
이로텐,O
불당동,O
카페,O
전주,O
듣고맞추기,O
시골애,O
지중해마을,O
방탈출,O
ㅡㅡㅡ,ㅡㅡㅡ
브이로그,O
천안흥타령춤축제,O
흥이난다,O
흥이나,O
백석대학교,O
간호학과,O
학생,O
들과,O
임부,O
체험,O
기릿,O
ㅡㅡㅡ,ㅡㅡㅡ
폭풍성장중인,O
11갤,O
천안,B_LOC
아산,O
여행,O
24살,O
엄마,O
의,O
육아브이로그,O
놀이터,O
대장,O
세아룽,O
ㅡㅡㅡ,ㅡㅡㅡ
일,O
상브이로그,O
직장인,O
브이로그,O
신혼부부,O
브이로그,O
천안,B_LOC
댁,O
데일리룩,O
ㅡㅡㅡ,ㅡㅡㅡ
임산부,O
브이로그,O
32,O
천안삼거리공원,O
캠핑,O
경양카츠,O
구공카페,O
눈들재,B_CAF
ㅡㅡㅡ,ㅡㅡㅡ
천안,B_LOC
남자,O
브이로그,O
70년,O
된,O
집에,O
사는,O
남자의,O
생활,O
ㅡㅡㅡ,ㅡㅡㅡ
내,O
친구,O
의,O
집은,O
어디인가,O
천안,B_LOC
매주리카페,O
에서,O
슬라임하기,O
ㅡㅡㅡ,ㅡㅡㅡ
브이로그,O
재료사러,O
천안,B_LOC
39,O
지문사,O
39,O
탐방기,O
문구점,O
예쁜물감미술재료꾸미기재료,O
강아지,O
와대형문구점,O
ㅡㅡㅡ,ㅡㅡㅡ
드럼딴딴,O
김진학,O
브이로그,O
처음에는,O
천안,B_LOC
단대호수공원,O
구경,O
보고,O
짱,O
2,O
ㅡㅡㅡ,ㅡㅡㅡ
마켓컬리,O
장봐서,O
집밥,O
해먹고,O
천안,B_LOC
아산,O
갔다온,O
자취생,O
브이로그,O
ㅡㅡㅡ,ㅡㅡㅡ
베트남,O
여행계획짜는,O
브이로그,O
천안,B_LOC
브이로그,O
천안,B_LOC
맛집,O
천안,B_LOC
카페,O
여행계획,O
계모임여행,O
호치민,O
무이,O
네,O
겨울,O
에,O
떠나는,O
여름,O
나라,O
곗돈모으기,O
닥치고조동,O
아리,O
ㅡㅡㅡ,ㅡㅡㅡ
4,O
대학생,O
과,O
직장인,O
의,O
중간,O
ㅣ,O
천안,B_LOC
ㅣ,O
아산,O
ㅣ,O
단국대,O
ㅣ,O
대학생,O
ㅣ브이로그ㅣ,O
아산풍성한영농조합,O
ㅣ떡집ㅣ청년ㅣ,O
크리스찬,O
ㅣ일상,O
ㅡㅡㅡ,ㅡㅡㅡ
여성,O
어깨,O
팔,O
운동,O
천안헬스에너스킨짐헬스,O
브이로,O
그,O
ㅡㅡㅡ,ㅡㅡㅡ
8개월,O
아기,O
캠핑,O
일상,O
브이로그,O
독립기념관,B_TOR
캠핑장,O
ㅡㅡㅡ,ㅡㅡㅡ
선별진료소,O
브이로그,O
現,O
천안시,O
공중보건의사,O
근무일지주말근무어바웃타임,O
공보의,O
의사,O
ㅡㅡㅡ,ㅡㅡㅡ
1편,O
학과,O
선배,O
들과,O
함께한,O
천안,B_LOC
여행기,O
ㅡㅡㅡ,ㅡㅡㅡ
도비로그,O
데,O
이트브이로그,O
천안,B_LOC
데이트코스,O
천안,B_LOC
원성천,O
에서,O
벚꽃,O
보고,O
왔어요,O
ㅡㅡㅡ,ㅡㅡㅡ
데이트,O
브이로그,O
천안,B_LOC
카페,O
교토리,B_CAF
어설픈,O
겟레디윗미,O
드라이브,O
월차,O
직장인,O
브이로그,O
데일리룩,O
그,O
외,O
일상,O
브이로그,O
ㅡㅡㅡ,ㅡㅡㅡ
그녀의하루,O
빵,O
덕들,O
꼭,O
가봐야할,O
천안,B_LOC
카페,O
뚜쥬루과자점돌가마점,O
뚜쥬루과자점돌가마점,B_CAF
성정동,O
맛집,O
도서관까지,O
천안,B_LOC
카페,O
일상브이로그,O
ㅡㅡㅡ,ㅡㅡㅡ
시민,O
리포터,O
브이로그,O
천안,B_LOC
핑크뮬리,O
랜선여행,O
ㅡㅡㅡ,ㅡㅡㅡ
브이로그,O
여름,O
방학,O
19일차,O
서울,O
여행,O
창경궁,O
천안,B_LOC
공주,O
한국문화연수원,O
연수듣기,O
알라딘,O
보기,O
ㅡㅡㅡ,ㅡㅡㅡ
그녀의,O
하루,O
천안,B_LOC
에서,O
버,O
스타는법,O
슈피겔라우,O
와인,O
잔,O
와인,O
안주,O
일상브이로그,O
와인,O
디캔팅,O
ㅡㅡㅡ,ㅡㅡㅡ
대전,O
천안,B_LOC
당진,O
여행여자들끼리,O
떠나는,O
여행,O
ㅡㅡㅡ,ㅡㅡㅡ
천안,B_LOC
브이로그,O
천안,B_LOC
에서,O
1박2일,O
존,O
잼,O
ㅡㅡㅡ,ㅡㅡㅡ
드럼딴딴,O
김진학,O
브이로그,O
처음에는,O
천안,B_LOC
단대호수공원,O
구경,O
보고,O
짱,O
1,O
ㅡㅡㅡ,ㅡㅡㅡ
천안,B_LOC
맛집,O
브이로그,O
앙큼한,O
여자들의,O
일상브이로그,O
ㅡㅡㅡ,ㅡㅡㅡ
천안,B_LOC
빵집,O
다,O
털러,O
왔어,O
먹을준비,O
다,O
됐습니까,O
몽상가인,O
ㅡㅡㅡ,ㅡㅡㅡ
일상,O
브이로그,O
자취요리,O
버터버섯솥밥,O
다이어트,O
하루,O
천안,B_LOC
일상근데,O
이제,O
석갈비,O
화덕피자,O
브런치,O
를,O
곁들인,O
ㅡㅡㅡ,ㅡㅡㅡ
5월,O
마지막,O
브이로그,O
천안,B_LOC
아라리오미술관,O
쿱스,O
둔산꽃시장,O
이태리,O
국시,O
신정호,O
ㅡㅡㅡ,ㅡㅡㅡ
천안아산역,O
카페,O
트리핀,O
방문,O
브이로그,O
ㅡㅡㅡ,ㅡㅡㅡ
서점,O
브이로그,O
천안시,O
책과,O
문화의,O
공간,O
교보문고,O
ㅡㅡㅡ,ㅡㅡㅡ
천안댄스학원,O
2017,O
천안시펀펀오디션,O
본선,O
런피플,O
브이로그,O
ㅡㅡㅡ,ㅡㅡㅡ
카페,O
천안,B_LOC
동향,O
브이로그,O
ㅡㅡㅡ,ㅡㅡㅡ
천안,B_LOC
평택,O
브이로그,O
더블바린이,O
로맨틱투휠,O
방문기,O
바린이,O
헌터125,O
125,O
평택대,O
평택,O
천안,B_LOC
로맨틱투휠,O
카페,O
바이크,O
오토바이,O
바이크,O
카페,O
ㅡㅡㅡ,ㅡㅡㅡ
천안댄스학원,O
런피플,O
댄스학원,O
브이로그,O
2,O
ㅡㅡㅡ,ㅡㅡㅡ
유니,O
힐링여행,O
브이,O
로그,O
천안,B_LOC
시골램핑,O
바베큐,O
불멍,O
ㅡㅡㅡ,ㅡㅡㅡ
브이로그,O
1,O
천안에서놀기,O
동향,O
커피,O
충남집,O
ㅡㅡㅡ,ㅡㅡㅡ
일상,O
브이로그,O
천안,B_LOC
신불당,O
맛집,O
무릉도원,O
브런치카페,O
청당동,O
카페,O
버,O
터레이어,O
ㅡㅡㅡ,ㅡㅡㅡ
5,O
일상브이로그,O
천안,B_LOC
아산,O
카페,O
향수공방,O
원데이,O
클래스,O
고기먹방,O
위니브이로그,O
몬베베브이로그,O
ㅡㅡㅡ,ㅡㅡㅡ
팀,O
막내,O
임동하,O
유튜브,O
데뷔,O
섬머솔트,O
브이로그,O
천안,B_LOC
나르샤,O
에,O
다녀온,O
썰,O
ㅡㅡㅡ,ㅡㅡㅡ
18,O
벤,O
축제영상,O
천안흥타령축제,O
대학교축제,O
단대호수,O
대딩,O
브이로그,O
ㅡㅡㅡ,ㅡㅡㅡ
흑백,O
셀프,O
사진관,O
데이트,O
포토이즘,O
천안,B_LOC
신부동,O
카페,O
데이트,O
브이로그,O
ㅡㅡㅡ,ㅡㅡㅡ
직장인브이로그,O
잡지,O
에디터,O
출장,O
호두과자,O
천안,B_LOC
만두,O
맛집,O
광덕산,O
아라리오갤러리,O
병천순대,B_RES
유관순기념관,O
독립기념관,B_TOR
천안,B_LOC
여행,O
ㅡㅡㅡ,ㅡㅡㅡ
육아브이로그즐추,O
아름다운정원화수목,B_TOR
ㅡㅡㅡ,ㅡㅡㅡ
일상,O
브이로그,O
천안,B_LOC
에서,O
전주,O
까지,O
방방곳곳,O
쏘다닌,O
10월,O
어느,O
멋진날,O
ㅡㅡㅡ,ㅡㅡㅡ
천안,B_LOC
카페,O
용곡동,O
택스처,O
브이로그일상,O
ㅡㅡㅡ,ㅡㅡㅡ
좋아하는,O
사람들과,O
함께하는,O
주말,O
천안브이로그,O
천안,B_LOC
맛집,O
익산브이로그,O
익산,O
여행,O
익산,O
맛집,O
용산아이파크몰,O
용산,O
맛집,O
커플브이로그,O
일상,O
커플,O
주,O
말브이로그,O
ㅡㅡㅡ,ㅡㅡㅡ
미니비숑,O
애견동반맛집,O
천안용수골,O
애견카페,O
주말,O
브이로그,O
ㅡㅡㅡ,ㅡㅡㅡ
얼간이들의,O
아무튼,O
브이로그,O
시험기간벚꽃먹방,O
천안,B_LOC
단국대,O
ㅡㅡㅡ,ㅡㅡㅡ
3,O
일상브이로그,O
친구,O
들과,O
먹방,O
천안,B_LOC
카페,O
교토리,B_CAF
돌솟해물뼈찜,O
ㅡㅡㅡ,ㅡㅡㅡ
천안,B_LOC
신상카페,O
눈들재,B_CAF
브이로그ㅣ카페투어,O
ㅡㅡㅡ,ㅡㅡㅡ
너무,O
날것의,O
일상인가,O
싶은,O
브이로그,O
천안,B_LOC
두정동,O
한신포차,O
닭발,O
역전,O
할머니,O
얼음,O
맥주,O
소주,O
서울역,O
도레도레,O
김천,O
산채령,O
킹기훈,O
한시연,O
딤디,O
얼이와빵이,O
수제비,O
제육볶음,O
유튜버,O
리뷰,O
ㅡㅡㅡ,ㅡㅡㅡ
보람찬,O
하루,O
트럭커,O
브이로그,O
천안사,O
는,O
트럭커,O
박,O
군,O
ㅡㅡㅡ,ㅡㅡㅡ
직장인,O
의,O
아름다운,O
비키니,O
무대,O
도전,O
브이로그,O
천안,B_LOC
소노벨리조트,O
ㅡㅡㅡ,ㅡㅡㅡ
천안,B_LOC
데이트코스,O
럽,O
토이몰,O
성인용품,O
카페,O
티핫,O
오픈,O
브이로그,O
ㅡㅡㅡ,ㅡㅡㅡ
