﻿word,ner
일상,O
브이로그,O
청주,B_LOC
브이로그,O
리얼리제이션,O
언박싱,O
망고빙수,O
와,O
함께,O
즐기는,O
청주,B_LOC
여름,O
친구,O
랑,O
데이트,O
변둔리,O
아트빈,B_CAF
커피호스텔,B_CAF
뮤제오,O
이조,B_RES
ㅡㅡㅡ,ㅡㅡㅡ
브이로그일상,O
브이로그,O
청주,B_LOC
브이로그,O
청주,B_LOC
신상,O
카페,O
투어,O
그리고,O
친구,O
들이랑,O
데이트,O
리파인,B_RES
다이어,B_CAF
이런이궈,B_RES
킨토토,B_RES
데어데어,B_CAF
스시키타이,B_RES
에이커,B_CAF
ㅡㅡㅡ,ㅡㅡㅡ
6,O
공무원,O
브이로그브이로그를,O
가장한,O
맛집,O
소개,O
청주,B_LOC
맛집,O
청주,B_LOC
카페추천,O
헤도닉,B_RES
이안테라스,B_CAF
도브테일,B_CAF
수암골,B_TOR
오지,B_CAF
나이스보울,O
맛있는정원,B_RES
오겹살,O
맛집,O
식한남자들,O
쌀국수,O
맛집,O
ㅡㅡㅡ,ㅡㅡㅡ
첫,O
브이로그,O
청주,B_LOC
정북동,B_TOR
토성,B_TOR
아트빈,B_CAF
카페,O
뮁란바게트,O
첫,O
영접,O
토성,B_TOR
에서,O
까불어,O
재끼기,O
귀뚜라미,O
비,O
오는,O
날,O
우산,O
없이,O
나들이,O
ㅡㅡㅡ,ㅡㅡㅡ
주규다오청주브이로그,O
느루밥집,B_RES
에이커,B_CAF
스튜디오라디오르,O
추정리,B_TOR
메밀밭,O
상리의,O
하루,O
와인,O
잔,O
전사지원데이클래스,O
ㅡㅡㅡ,ㅡㅡㅡ
청주,B_LOC
브이로그,O
콧바람,O
쐬러,O
나들이,O
브리밍,O
라토커피,B_CAF
노티스,B_TOR
소소로와,B_TOR
정북동토성,B_TOR
ㅡㅡㅡ,ㅡㅡㅡ
8월,O
브이로그,O
청주,B_LOC
아트빈,B_CAF
중앙탑,O
막국수,O
복숭아그릭요거트,O
만들기,O
ㅡㅡㅡ,ㅡㅡㅡ
12,O
일상브이로그,O
4년차,O
장거리,O
커플,O
데이트로그,O
청주,B_LOC
핫플,O
청주,B_LOC
당일치기,O
데이트,O
소로리,B_RES
캡쳐,O
편집샵,O
정북동토성,B_TOR
키프키프,B_CAF
킨토토마제소바,B_RES
ㅡㅡㅡ,ㅡㅡㅡ
청주,B_LOC
여행,O
브이로그,O
소로리,B_RES
라토커피,B_CAF
밀실,B_RES
언박싱,O
마지셔우드가방,O
애플워치,O
먹방브이로그,O
엽떡로제,O
냉우동,O
회,O
대전,B_LOC
여행,O
현대아울렛,O
커피,O
인터뷰,O
ㅡㅡㅡ,ㅡㅡㅡ
브이로그,O
일상,O
브이로그,O
나들이,O
피크닉,O
청주,B_LOC
문암생태공원,B_TOR
명랑핫도그,O
족발,O
막국수,O
내사랑밭두,O
렁,O
힐링타임,O
소중한사람,O
들,O
ㅡㅡㅡ,ㅡㅡㅡ
생일브이로그,O
청주,B_LOC
데이트,O
청주,B_LOC
카페,O
브리밍,B_CAF
청주,B_LOC
맛집,O
머물던자리,B_RES
정북동토성,B_TOR
생일파티,O
ㅡㅡㅡ,ㅡㅡㅡ
1박2일,O
청주,B_LOC
여행,O
2탄,O
브이로그,O
청주,B_LOC
가,O
시댁인,O
청주,B_LOC
러,O
버의,O
시댁방문,O
겸,O
여행,O
찐,O
주민,O
추천,O
청주,B_LOC
맛집,O
수암골,B_TOR
카페,O
운보의집,B_TOR
장군집,B_RES
청주,B_LOC
가볼만한,O
곳,O
추천,O
ㅡㅡㅡ,ㅡㅡㅡ
10월,O
청주,B_LOC
브이로그,O
정북동,B_TOR
토성,I_TOR
라비린스천국의계단,B_CAF
삼일회센타,B_RES
불대포,B_RES
쇼킹,B_RES
두남자의사랑방,B_RES
킹스햄버거,B_RES
청주,B_LOC
맛집,O
술집,O
카페,O
데이트코스,O
추천,O
ㅡㅡㅡ,ㅡㅡㅡ
여러분,O
저,O
결혼합니다,O
예식장,O
브이로그,O
예식장,O
뷔페,O
청주,B_LOC
수암골,B_TOR
고등학생,O
이,O
결혼을,O
해,O
ㅡㅡㅡ,ㅡㅡㅡ
일상그녀와,O
청주,B_LOC
여행,O
브이로그,O
스시마루,B_RES
골목다방청대점,B_RES
정북토성,B_TOR
수암골,B_TOR
풀문,B_CAF
룩켄클럽,O
켄다마,O
모임,O
일상,O
ㅡㅡㅡ,ㅡㅡㅡ
일상브이로,O
그,O
8,O
청주,B_LOC
핫플,O
유명맛집탐방,O
5곳,O
카페공원,B_CAF
크로플,O
금옥돌짜장,B_RES
고구려,B_RES
짬뽕,I_RES
모치모치,B_RES
소바,I_RES
두레,B_CAF
베이커리,I_CAF
ㅡㅡㅡ,ㅡㅡㅡ
청주,B_LOC
미술관,O
투어,O
오창전시관,B_TOR
편,O
심안으로보라전,O
시,O
청주,B_LOC
브이로그,O
오창호수공원,B_TOR
청주시립미술관,B_TOR
ㅡㅡㅡ,ㅡㅡㅡ
10,O
일상브이로그,O
맛집브이로그,O
청주국립현대미술관,B_TOR
상당산성,B_TOR
청주,B_LOC
맛집,O
내덕분식,B_RES
왕뚝배기,B_RES
수암골,B_TOR
카페,O
그날,B_CAF
제주,I_CAF
ㅡㅡㅡ,ㅡㅡㅡ
일상,O
브이로그,O
상당산성,B_TOR
피크닉,O
가을,O
소풍,O
청주,B_LOC
수암골,B_TOR
그날제주,B_CAF
먹고,O
놀고,O
칠링,O
ㅡㅡㅡ,ㅡㅡㅡ
천안,B_TOR
청주,B_LOC
맛집,O
카페,O
가는,O
일상브이로그,O
소로리,B_RES
프럼브릿지,O
컴포트커피,O
ㅡㅡㅡ,ㅡㅡㅡ
청주,B_LOC
데이트,O
청주,B_LOC
브이로그,O
청주,B_LOC
카페,O
청주,B_LOC
맛집,O
일상,O
데이트브이로그,O
수암골,B_TOR
닭떡볶이,O
아메리카노,O
디저트,O
ㅡㅡㅡ,ㅡㅡㅡ
일상,O
브이로그,O
오늘의집,O
언박싱,O
청주,B_LOC
자취생,O
브이로그진진짜라셀프쏙오프,O
또,O
담,O
소소로와,B_TOR
소로리,B_RES
ㅡㅡㅡ,ㅡㅡㅡ
26,O
브이로그라,O
쓰고,O
청주카페투,O
어라,O
읽는다,O
에이커,B_CAF
위드포레스트,B_CAF
아트빈,B_CAF
하우스하이드,B_CAF
스타벅스,O
좋은아침,B_CAF
세종아우어,O
덤으로,O
추석,O
준비브이로그까지,O
ㅡㅡㅡ,ㅡㅡㅡ
약사,O
일상,O
직장인,O
브이로그,O
6월,O
의,O
일상,O
자라,O
청주,B_LOC
카페,O
일상,O
딥디크,O
탐다오,O
수암골,B_TOR
ㅡㅡㅡ,ㅡㅡㅡ
일상,O
일상브이로그,O
대학생,O
일상,O
청주,B_LOC
카페,O
수암골,B_TOR
야경,O
오지,O
팔방미인,O
ㅡㅡㅡ,ㅡㅡㅡ
청주,B_LOC
브이로그,O
청주,B_LOC
여행,O
애,B_TOR
니멀,I_TOR
빌리지,I_TOR
라토커피,B_CAF
카,B_CAF
페오지,I_CAF
상당산성,B_TOR
수암골,B_TOR
ㅡㅡㅡ,ㅡㅡㅡ
청주,B_LOC
수암골,B_TOR
나들이,O
주말,O
ㅡㅡㅡ,ㅡㅡㅡ
