﻿word,ner
ㅡㅡㅡ,ㅡㅡㅡ
ㅡㅡㅡ,ㅡㅡㅡ
14,O
ㅡㅡㅡ,ㅡㅡㅡ
ㅡㅡㅡ,ㅡㅡㅡ
빵순이출격,O
입터뜨림,O
청주,B_LOC
여행,O
ㅡㅡㅡ,ㅡㅡㅡ
안녕하세요,O
여러분,O
ㅡㅡㅡ,ㅡㅡㅡ
먹는,O
것도,O
역대급,O
운동도,O
역대급이었던,O
브이로그입니다,O
얼떨결에,O
가게,O
된,O
청주,B_LOC
인데,O
청주,B_LOC
가,O
이렇게,O
재밌고,O
맛있는,O
도시인,O
걸,O
처음,O
알았지,O
뭐에요,O
ㅎㅎㅎ,O
개인적으로,O
하,O
체운동,O
10232,O
루틴,O
꼭,O
참고하셔서,O
해보시면,O
좋을,O
것,O
같아요,O
진짜,O
역대급,O
ㅎㅎㅎ,O
ㅡㅡㅡ,ㅡㅡㅡ
원래,O
어제,O
월요일,O
짠,O
올리려고,O
했는데,O
너무,O
일이,O
많았어서,O
썸넬,O
제작을,O
못한,O
탓에,O
화요일,O
에,O
올리게,O
됐네요,O
ㅠㅅㅠ,O
그래도,O
분량,O
긴,O
영상임에도,O
유튜브,O
가,O
빨리,O
올려준,O
덕에,O
수월하게,O
업로드돼서,O
다행이에요,O
그럼,O
긴말은,O
줄이고,O
긴영상으로,O
봐주세요,O
감사합니다,O
ㅡㅡㅡ,ㅡㅡㅡ
ㅡㅡㅡ,ㅡㅡㅡ
ㅡㅡㅡ,ㅡㅡㅡ
000,O
ㅡㅡㅡ,ㅡㅡㅡ
121,O
10월9일,O
ㅡㅡㅡ,ㅡㅡㅡ
127,O
옥천,O
대박집,O
생선국수,O
생선국밥,O
도리뱅뱅,O
ㅡㅡㅡ,ㅡㅡㅡ
647,O
옥천,O
둔주봉,O
ㅡㅡㅡ,ㅡㅡㅡ
728,O
청주,B_LOC
고선재,O
ㅡㅡㅡ,ㅡㅡㅡ
청주,B_LOC
빵투어,O
844,O
김관식빵집,B_CAF
1022,O
안셈,B_CAF
ㅡㅡㅡ,ㅡㅡㅡ
1528,O
청주,B_LOC
옛역사문화공원,O
ㅡㅡㅡ,ㅡㅡㅡ
1556,O
청주,B_LOC
바램,B_RES
양고기,O
ㅡㅡㅡ,ㅡㅡㅡ
2058,O
야밤,O
의,O
빵파티,O
ㅡㅡㅡ,ㅡㅡㅡ
292000,O
10월10일,O
런닝응원무,O
자전거,O
로,O
시작,O
ㅡㅡㅡ,ㅡㅡㅡ
350600,O
청주,B_LOC
정북동토성,B_TOR
ㅡㅡㅡ,ㅡㅡㅡ
354700,O
청주,B_LOC
상당산성,B_TOR
ㅡㅡㅡ,ㅡㅡㅡ
360800,O
청주,B_LOC
듀레베이커리,B_CAF
ㅡㅡㅡ,ㅡㅡㅡ
411800,O
청주,B_LOC
소로리,B_RES
ㅡㅡㅡ,ㅡㅡㅡ
445600,O
청주,B_LOC
쫄쫄호떡,B_RES
ㅡㅡㅡ,ㅡㅡㅡ
471600,O
청주,B_LOC
빈스가든,B_CAF
ㅡㅡㅡ,ㅡㅡㅡ
473300,O
빵,O
치킨,O
파티,O
ㅡㅡㅡ,ㅡㅡㅡ
10145,O
10월11일,O
ㅡㅡㅡ,ㅡㅡㅡ
10232,O
역대급,O
하체,O
운동,O
ㅡㅡㅡ,ㅡㅡㅡ
11402,O
식단,O
메밀김밥,O
닭찌양배추볶음,O
ㅡㅡㅡ,ㅡㅡㅡ
ㅡㅡㅡ,ㅡㅡㅡ
유지어터,O
유지어트,O
유지어트브이로그,O
ㅡㅡㅡ,ㅡㅡㅡ
다이어터,O
다이어트,O
다이어트브이로그,O
ㅡㅡㅡ,ㅡㅡㅡ
ㅡㅡㅡ,ㅡㅡㅡ
ㅡㅡㅡ,ㅡㅡㅡ
브금,O
대통령,O
ㅡㅡㅡ,ㅡㅡㅡ
소꿉친구,O
240,O
ㅡㅡㅡ,ㅡㅡㅡ
아기,O
고양이,O
17,O
ㅡㅡㅡ,ㅡㅡㅡ
ㅡㅡㅡ,ㅡㅡㅡ
ㅡㅡㅡ,ㅡㅡㅡ
1,O
ㅡㅡㅡ,ㅡㅡㅡ
ㅡㅡㅡ,ㅡㅡㅡ
오늘,O
의,O
일기,O
ㅡㅡㅡ,ㅡㅡㅡ
492,O
ㅡㅡㅡ,ㅡㅡㅡ
ㅡㅡㅡ,ㅡㅡㅡ
안녕하세요,O
팍언니,O
ㅡㅡㅡ,ㅡㅡㅡ
청주핫플레이스,O
당일치기,O
브이로그입니다,O
ㅡㅡㅡ,ㅡㅡㅡ
청주,B_LOC
여행계획하신다면,O
저처럼,O
ㅡㅡㅡ,ㅡㅡㅡ
청주,B_LOC
브리밍,B_CAF
청주운도의집,B_TOR
청주정북동토성,B_TOR
ㅡㅡㅡ,ㅡㅡㅡ
청주카페로드비,B_CAF
청주하이르방,B_RES
ㅡㅡㅡ,ㅡㅡㅡ
청주카페고트,B_CAF
ㅡㅡㅡ,ㅡㅡㅡ
어떨까요,O
ㅎ,O
ㅡㅡㅡ,ㅡㅡㅡ
도움되면,O
좋겠어요,O
ㅡㅡㅡ,ㅡㅡㅡ
사용한음악,O
ㅡㅡㅡ,ㅡㅡㅡ
자세히,O
알고싶다면,O
ㅡㅡㅡ,ㅡㅡㅡ
8688,O
ㅡㅡㅡ,ㅡㅡㅡ
청주,B_LOC
브이로그,O
ㅡㅡㅡ,ㅡㅡㅡ
카페,O
아트빈,B_CAF
ㅡㅡㅡ,ㅡㅡㅡ
중앙탑,B_RES
막국수,I_RES
ㅡㅡㅡ,ㅡㅡㅡ
썬,O
이네서,O
복숭아,O
그릭요거트,O
만들기,O
ㅡㅡㅡ,ㅡㅡㅡ
청주,B_LOC
여행,O
1박2일,O
국내여행,O
청주,B_LOC
맛집,O
ㅡㅡㅡ,ㅡㅡㅡ
지난,O
번,O
업로드했던,O
청주,B_LOC
여행,O
영상을,O
많이들,O
봐주셔서,O
ㅡㅡㅡ,ㅡㅡㅡ
이번에,O
또,O
청주,B_LOC
간김에,O
만들어왔어요,O
ㅡㅡㅡ,ㅡㅡㅡ
이번엔,O
남편,O
과,O
함께,O
시댁,O
방문,O
겸,O
다녀왔습니다,O
ㅡㅡㅡ,ㅡㅡㅡ
인스타,O
에서만,O
유명한,O
갬성,O
맛집,O
말고,O
ㅡㅡㅡ,ㅡㅡㅡ
리얼,O
청주,B_LOC
맛집,O
육거리,B_RES
춘천닭갈비,I_RES
도,O
먹고,O
ㅡㅡㅡ,ㅡㅡㅡ
수암골,B_TOR
가서,O
카페도가고,O
장군집도,B_RES
가고,O
운보,B_TOR
의집도가고,I_TOR
ㅡㅡㅡ,ㅡㅡㅡ
알차게,O
잘,O
다녀왔습니다,O
ㅡㅡㅡ,ㅡㅡㅡ
오늘,O
영상도,O
보러,O
와주셔서,O
곰아오요,O
ㅡㅡㅡ,ㅡㅡㅡ
고등학생,O
결혼식,O
예식장,O
뷔페,O
수암골,B_TOR
청주,B_LOC
카페,O
청주,B_LOC
ㅡㅡㅡ,ㅡㅡㅡ
브금,O
브금,O
대통령,O
매번,O
이쁜,O
사용,O
중이에요,O
감사합니다,O
ㅡㅡㅡ,ㅡㅡㅡ
20190420,O
ㅡㅡㅡ,ㅡㅡㅡ
오전,O
에,O
결혼식,O
갔다가,O
내덕분,O
식가서,O
도너츠,O
사고,O
친구,O
랑,O
청주국립현대미술관,B_TOR
갔다가,O
상당산성가,B_TOR
서,O
벚꽃,O
보고,O
저와,O
친구,O
들이,O
좋아하는,O
청주,B_LOC
맛집,O
왕뚝배기에서,B_RES
감자탕,O
먹고,O
수암골,B_TOR
그날,B_CAF
제주,I_CAF
에서,O
커피,O
마신,O
바쁜,O
토요일,O
하루,O
ㅡㅡㅡ,ㅡㅡㅡ
내덕동,B_LOC
내덕분식,B_RES
찹쌀도너츠,O
생활의달인,O
에도,O
출연,O
ㅡㅡㅡ,ㅡㅡㅡ
내덕동,B_LOC
국립협대미술관,B_TOR
청주,B_LOC
ㅡㅡㅡ,ㅡㅡㅡ
산성동,B_LOC
상당산성,B_TOR
ㅡㅡㅡ,ㅡㅡㅡ
우암동,B_LOC
왕뚝배기,B_RES
감자탕,O
ㅡㅡㅡ,ㅡㅡㅡ
수암골,B_TOR
수동,O
그날,B_CAF
제주,I_CAF
카페,O
ㅡㅡㅡ,ㅡㅡㅡ
청주나들이,O
브이로그,O
소문난부부떡볶이,B_RES
쫄쫄호떡,B_RES
흥흥제과,B_CAF
비올라,B_CAF
ㅡㅡㅡ,ㅡㅡㅡ
동생,O
과,O
쉬는,O
날을,O
이용해,O
청주,B_LOC
에,O
디저트,O
먹으러,O
갔어요,O
ㅡㅡㅡ,ㅡㅡㅡ
청주,B_LOC
특산품이,O
디저트,O
라고,O
하던데,O
증말,O
쫀맛입니다,O
ㅡㅡㅡ,ㅡㅡㅡ
다음,O
또,O
꼭꼭,O
갈거에요,O
ㅡㅡㅡ,ㅡㅡㅡ
친구,O
들과,O
날씨,O
좋은,O
가을날,O
나들이,O
다녀왔어요,O
ㅡㅡㅡ,ㅡㅡㅡ
청주,B_LOC
에,O
피크닉하기,O
좋은,O
장소가,O
몇군데,O
있는데,O
상당산성,B_TOR
이,O
그,O
중,O
하나랍니다,O
ㅡㅡㅡ,ㅡㅡㅡ
원래는,O
등산,O
피크닉을,O
함께,O
하려고,O
상당산성,B_TOR
청주,B_LOC
에서,O
등산하러,O
많이들,O
가는,O
곳을,O
골랐는데,O
어쩌다,O
보니,O
먹방만,O
하다가,O
끝났어요ㅋㅋ,O
ㅡㅡㅡ,ㅡㅡㅡ
상당산성,B_TOR
에서,O
오후,O
를,O
보내다가,O
급격한,O
일교차로,O
인해,O
추워져서,O
수암골,B_TOR
의,O
카페거리로,O
피신했어요,O
ㅡㅡㅡ,ㅡㅡㅡ
보러,O
오시는,O
분들,O
감사합니다,O
행복한,O
추석,O
연휴,O
보내세요,O
ㅡㅡㅡ,ㅡㅡㅡ
구독과,O
좋아요는,O
환영합니다,O
ㅡㅡㅡ,ㅡㅡㅡ
불쾌감을,O
주는,O
악의적인,O
댓글,O
선넘는,O
댓글은,O
거부합니다,O
네티켓,O
부탁드려요,O
ㅡㅡㅡ,ㅡㅡㅡ
오랜만에,O
찾아,O
온,O
일상브이로그,O
ㅡㅡㅡ,ㅡㅡㅡ
천안,B_LOC
나베조,O
새로,O
생긴,O
프럼브릿지,O
ㅡㅡㅡ,ㅡㅡㅡ
청주,B_LOC
소로리,B_RES
컴포트커피,O
플레이버인에스프레소,B_CAF
방문했어요,O
ㅡㅡㅡ,ㅡㅡㅡ
오른쪽,O
상단,O
에서,O
1080,O
로,O
봐야,O
선명해요,O
ㅡㅡㅡ,ㅡㅡㅡ
저는,O
원래,O
빵,O
을,O
안,O
좋아하는,O
새럼,O
인데,O
이쯤,O
되면,O
빵,O
순이로,O
인정,O
해야될,O
것,O
같으네요,O
ㅡㅡㅡ,ㅡㅡㅡ
타임라인,O
ㅡㅡㅡ,ㅡㅡㅡ
002,O
소고기,O
떡볶이,O
ㅡㅡㅡ,ㅡㅡㅡ
147,O
듀레베이커리,B_CAF
고구마빵,O
ㅡㅡㅡ,ㅡㅡㅡ
154,O
카페,O
에이커,B_CAF
ㅡㅡㅡ,ㅡㅡㅡ
319,O
삼정원가든,B_RES
ㅡㅡㅡ,ㅡㅡㅡ
500,O
엥,B_RES
선술집,I_RES
ㅡㅡㅡ,ㅡㅡㅡ
648,O
757,O
맹꽁이공원,O
ㅡㅡㅡ,ㅡㅡㅡ
710,O
우암꿀꿀이순대,O
ㅡㅡㅡ,ㅡㅡㅡ
818,O
띵,B_CAF
킹컵,I_CAF
ㅡㅡㅡ,ㅡㅡㅡ
1014,O
1156,O
버블맨24,O
ㅡㅡㅡ,ㅡㅡㅡ
1114,O
배스킨라빈스,O
ㅡㅡㅡ,ㅡㅡㅡ
1244,O
밀꽃국수정원,B_RES
ㅡㅡㅡ,ㅡㅡㅡ
1415,O
롯데아울렛,O
ㅡㅡㅡ,ㅡㅡㅡ
1423,O
삼성디지털프라자,O
ㅡㅡㅡ,ㅡㅡㅡ
1454,O
그,B_CAF
린핑거스,I_CAF
ㅡㅡㅡ,ㅡㅡㅡ
1648,O
상하목장,O
아이스크림,O
ㅡㅡㅡ,ㅡㅡㅡ
1706,O
와클어니언바게트,O
ㅡㅡㅡ,ㅡㅡㅡ
1734,O
버섯전골,O
ㅡㅡㅡ,ㅡㅡㅡ
1745,O
고산스시,B_RES
ㅡㅡㅡ,ㅡㅡㅡ
1846,O
스타벅스,O
바닐라크림콜드브루,O
ㅡㅡㅡ,ㅡㅡㅡ
1931,O
캐논,O
카메라,O
언박싱,O
ㅡㅡㅡ,ㅡㅡㅡ
자세한,O
정보후기는,O
블로그,O
참고해주세요,O
ㅡㅡㅡ,ㅡㅡㅡ
53,O
ㅡㅡㅡ,ㅡㅡㅡ
시청해,O
주셔서,O
감사합니다,O
ㅡㅡㅡ,ㅡㅡㅡ
청주,B_LOC
청주,B_LOC
브이로그,O
ㅡㅡㅡ,ㅡㅡㅡ
940130,O
0106,O
ㅡㅡㅡ,ㅡㅡㅡ
안녕하세요,O
ㅡㅡㅡ,ㅡㅡㅡ
2주만,O
에,O
만난,O
남치니,O
와,O
청주,B_LOC
데이트를,O
즐겼답니다,O
ㅡㅡㅡ,ㅡㅡㅡ
새롭게,O
생긴,O
떡볶이,O
집이,O
있어,O
다녀왔습니다,O
ㅡㅡㅡ,ㅡㅡㅡ
야경하면,O
역시,O
수암골,B_TOR
이죠,O
ㅡㅡㅡ,ㅡㅡㅡ
수암골,B_TOR
에도,O
새로운,O
카페가,O
있어,O
가보았어요,O
ㅡㅡㅡ,ㅡㅡㅡ
저희,O
영상,O
봐주셔서,O
감사합니다,O
ㅡㅡㅡ,ㅡㅡㅡ
청주,B_LOC
데이트,O
청주,B_LOC
청주,B_LOC
카페,O
ㅡㅡㅡ,ㅡㅡㅡ
청주,B_LOC
나들이,O
일상,O
브이로그,O
ㅡㅡㅡ,ㅡㅡㅡ
맛집탐방,O
소로리,B_RES
ㅡㅡㅡ,ㅡㅡㅡ
카페,O
그,B_CAF
로우,I_CAF
ㅡㅡㅡ,ㅡㅡㅡ
소품샵,O
럽믹노티스,O
ㅡㅡㅡ,ㅡㅡㅡ
인생네컷,O
ㅡㅡㅡ,ㅡㅡㅡ
ㅡㅡㅡ,ㅡㅡㅡ
음악,O
ㅡㅡㅡ,ㅡㅡㅡ
음악가,O
ㅡㅡㅡ,ㅡㅡㅡ
청주,B_LOC
브이로그,O
청주,B_LOC
소품샵,O
성안길,B_LOC
맛집,O
성안길,B_LOC
카페,O
소로리,B_RES
그로우,B_CAF
성안길,B_LOC
소품샵,O
럽믹,O
노티스,B_TOR
인생네컷,O
일상브이로그,O
먹방,O
벽돌달고나,O
청주,B_LOC
맛집,O
청주,B_LOC
카페,O
시내투어,O
ㅡㅡㅡ,ㅡㅡㅡ
수암골,B_TOR
너는나의봄,O
촬영지,O
주말,O
브이로그,O
두히스토리,O
ㅡㅡㅡ,ㅡㅡㅡ
아,O
고대하고,O
고대하던,O
수암골,B_TOR
방문기,O
ㅡㅡㅡ,ㅡㅡㅡ
