﻿word,ner
3월,O
여행,O
기록,O
ㅡㅡㅡ,ㅡㅡㅡ
지하철,O
타고,O
가볍게,O
다녀온,O
당일치기,O
춘천,B_LOC
여행,O
브이로그입니다,O
ㅡㅡㅡ,ㅡㅡㅡ
시청해주셔서,O
감사합니다,O
ㅡㅡㅡ,ㅡㅡㅡ
ㅡㅡㅡ,ㅡㅡㅡ
ㅡㅡㅡ,ㅡㅡㅡ
ㅡㅡㅡ,ㅡㅡㅡ
여행브이로그,O
국내여행브이로그,O
대학생,O
브이로그,O
혼자여행,O
ㅡㅡㅡ,ㅡㅡㅡ
ㅡㅡㅡ,ㅡㅡㅡ
경비,O
ㅡㅡㅡ,ㅡㅡㅡ
감자,B_CAF
밭,I_CAF
친구,O
선물,O
제외,O
11100,O
ㅡㅡㅡ,ㅡㅡㅡ
막국수,O
8000,O
ㅡㅡㅡ,ㅡㅡㅡ
카페,O
올라,B_CAF
그린티라떼,O
5000,O
ㅡㅡㅡ,ㅡㅡㅡ
교통비,O
지하철,O
버스,O
약6000,O
ㅡㅡㅡ,ㅡㅡㅡ
약30100,O
ㅡㅡㅡ,ㅡㅡㅡ
춘천,B_LOC
여행,O
춘천,B_LOC
맛집,O
춘천,B_LOC
카페,O
감자,B_CAF
밭,I_CAF
온이,B_CAF
카페,O
통나무집,B_RES
닭갈비,I_RES
커플,O
여행,O
국내여행,O
국내여행추천,O
700일,O
기념,O
ㅡㅡㅡ,ㅡㅡㅡ
ㅡㅡㅡ,ㅡㅡㅡ
이번에는,O
춘천,B_LOC
으로,O
여행을,O
다녀왔어요,O
ㅎㅎ,O
벌써,O
저희가,O
사귄지,O
700일,O
이에요,O
시간이,O
정말,O
빠른,O
것,O
같아요,O
날씨가,O
너무,O
더워서,O
야외활동을,O
많이,O
못,O
한게,O
아쉬워요,O
날씨,O
좋을,O
때,O
다시,O
한번,O
춘천,B_LOC
에,O
가볼려구요,O
ㅡㅡㅡ,ㅡㅡㅡ
혹시,O
궁금하신,O
부분,O
있으시면,O
댓글,O
남겨주세요,O
ㅡㅡㅡ,ㅡㅡㅡ
드디어,O
올리는,O
춘천,B_LOC
븨로그,O
ㅡㅡㅡ,ㅡㅡㅡ
강원도,B_LOC
춘천,B_LOC
여행,O
1박2일,O
대학교,O
친구,O
카누,O
레일바이크,B_TOR
카누,O
산토리니,B_CAF
카페,O
ㅡㅡㅡ,ㅡㅡㅡ
영상,O
내,O
음악,O
ㅡㅡㅡ,ㅡㅡㅡ
19,O
ㅡㅡㅡ,ㅡㅡㅡ
0,O
ㅡㅡㅡ,ㅡㅡㅡ
ㅡㅡㅡ,ㅡㅡㅡ
진짜,O
회영루,B_RES
가서,O
중국냉면,O
은,O
꼭,O
드셔보세요,O
ㅡㅡㅡ,ㅡㅡㅡ
여름,O
에,O
콩국수,O
말고,O
중국냉면,O
먹고싶을,O
것,O
같아요,O
또,O
먹고싶구만,O
ㅡㅡㅡ,ㅡㅡㅡ
견과류알러지,O
있는사람들은,O
꼭,O
확인하고,O
먹기,O
ㅡㅡㅡ,ㅡㅡㅡ
안녕하세요,O
제이마인,O
입니다,O
ㅡㅡㅡ,ㅡㅡㅡ
여행,O
영상은,O
처음인데,O
친구,O
랑,O
단둘,O
이,O
간,O
여행에서,O
ㅡㅡㅡ,ㅡㅡㅡ
제,O
얼굴,O
만,O
모자이크,O
처리를,O
하는건,O
아닌,O
것,O
같아서,O
ㅡㅡㅡ,ㅡㅡㅡ
의도치,O
않게,O
얼굴,O
을,O
공개해버렸어요소심,O
ㅡㅡㅡ,ㅡㅡㅡ
예쁘게,O
봐주세요,O
ㅡㅡㅡ,ㅡㅡㅡ
업로드,O
도중에,O
약간의,O
오류가,O
나서,O
초반,O
인트로,O
부분과,O
중간,O
부분에,O
어색한,O
부분이,O
생겨버렸어요,O
죄송합니다,O
ㅡㅡㅡ,ㅡㅡㅡ
춘천,B_LOC
꼭,O
가야하는,O
곳,O
ㅡㅡㅡ,ㅡㅡㅡ
해피초원목장,B_TOR
한국,O
의,O
스위스,O
ㅡㅡㅡ,ㅡㅡㅡ
춘천,B_LOC
맛집,O
추천,O
ㅡㅡㅡ,ㅡㅡㅡ
유하,O
대창덮밥,O
ㅡㅡㅡ,ㅡㅡㅡ
토담,B_RES
숯불,I_RES
닭갈비,I_RES
ㅡㅡㅡ,ㅡㅡㅡ
춘천,B_LOC
카페,O
추천,O
ㅡㅡㅡ,ㅡㅡㅡ
유기농카페,O
핑크뮬리,O
ㅡㅡㅡ,ㅡㅡㅡ
구봉산,B_TOR
전망대,O
카페거리,O
야경,O
ㅡㅡㅡ,ㅡㅡㅡ
카페,O
감자밭,B_CAF
감자빵,O
ㅡㅡㅡ,ㅡㅡㅡ
광장상회,B_CAF
인절미크로플,O
ㅡㅡㅡ,ㅡㅡㅡ
이,O
영상은,O
사회적,O
거리두기,O
1단계,O
가,O
시행중이던,O
10월말,O
에,O
촬영하였습니다,O
ㅡㅡㅡ,ㅡㅡㅡ
처음,O
찍어봐서,O
많이,O
흔들리고,O
어설프네요ㅠㅠ,O
ㅡㅡㅡ,ㅡㅡㅡ
춘천,B_LOC
브이로그,O
막국수,O
박물관,O
이상원뮤지엄스테이,O
ㅡㅡㅡ,ㅡㅡㅡ
춘천,B_LOC
춘천,B_LOC
여행,O
춘천,B_LOC
맛집,O
ㅡㅡㅡ,ㅡㅡㅡ
안녕하세요,O
ㅡㅡㅡ,ㅡㅡㅡ
베베블러,O
입니당,O
ㅡㅡㅡ,ㅡㅡㅡ
2019070520190706,O
ㅡㅡㅡ,ㅡㅡㅡ
춘천,B_LOC
에,O
사는,O
친구,O
랑,O
춘천,B_LOC
의,O
요기,O
조기,O
놀다,O
왔어용,O
ㅡㅡㅡ,ㅡㅡㅡ
오랜만에,O
소소하게,O
친구,O
네,O
집에서,O
친구,O
의,O
취미도,O
구경하고,O
술,O
도,O
먹고,O
ㅡㅡㅡ,ㅡㅡㅡ
그,O
다음날,O
춘천,B_LOC
의,O
육림고개,B_TOR
맛집,O
목장,O
등등,O
알차게,O
다녀왔네용,O
ㅋㅋㅋㅋ,O
ㅡㅡㅡ,ㅡㅡㅡ
영상은,O
너무,O
길어져서,O
1편,O
과,O
2편,O
으로,O
나눠서,O
올립니당,O
ㅡㅡㅡ,ㅡㅡㅡ
2편,O
도,O
기대해,O
주세용,O
ㅡㅡㅡ,ㅡㅡㅡ
친구,O
와,O
함께한,O
춘천,B_LOC
에서의,O
일상,O
브이로그,O
재밌게,O
봐주셨으면,O
좋겠어요,O
ㅡㅡㅡ,ㅡㅡㅡ
오늘,O
도,O
시청해주셔서,O
감사하구요,O
ㅡㅡㅡ,ㅡㅡㅡ
좋은,O
주말,O
보내세요,O
ㅡㅡㅡ,ㅡㅡㅡ
일상을여행처럼,O
ㅡㅡㅡ,ㅡㅡㅡ
영상은,O
고화질,O
1080,O
버전으로,O
맞춰주시면,O
더,O
좋은,O
화질로,O
감상하실,O
수,O
있습니다,O
ㅡㅡㅡ,ㅡㅡㅡ
ㅡㅡㅡ,ㅡㅡㅡ
ㅡㅡㅡ,ㅡㅡㅡ
ㅡㅡㅡ,ㅡㅡㅡ
199221,O
ㅡㅡㅡ,ㅡㅡㅡ
브이로그,O
여행브이로그,O
여행,O
힐링,O
춘천,B_LOC
가평,B_LOC
남이섬,B_TOR
ㅡㅡㅡ,ㅡㅡㅡ
안녕하세요,O
여러분들,O
컨트리초이에요,O
ㅡㅡㅡ,ㅡㅡㅡ
올해,O
의,O
목표라고,O
하면,O
작게나마,O
유튜브,O
일주일,O
에,O
하나,O
업로드인데요,O
ㅡㅡㅡ,ㅡㅡㅡ
소소하게,O
일주일동안,O
찍어본,O
저의,O
일상이랍니다,O
ㅡㅡㅡ,ㅡㅡㅡ
직장인,O
브이로그,O
춘천,B_LOC
산토리니,B_CAF
산토리니,B_CAF
춘천,B_LOC
감자,B_CAF
밭,I_CAF
감자빵,O
춘천감자밭,B_CAF
ㅡㅡㅡ,ㅡㅡㅡ
ㅡㅡㅡ,ㅡㅡㅡ
52411,O
ㅡㅡㅡ,ㅡㅡㅡ
ㅡㅡㅡ,ㅡㅡㅡ
해피초원목장,B_TOR
201,O
ㅡㅡㅡ,ㅡㅡㅡ
토담숯,B_RES
불갈비,I_RES
724,O
ㅡㅡㅡ,ㅡㅡㅡ
감자밭,B_CAF
836,O
ㅡㅡㅡ,ㅡㅡㅡ
헤이춘천,O
1018,O
ㅡㅡㅡ,ㅡㅡㅡ
팬더하우스,O
1137,O
ㅡㅡㅡ,ㅡㅡㅡ
코게러,O
지,O
1256,O
ㅡㅡㅡ,ㅡㅡㅡ
서피비치,O
1324,O
ㅡㅡㅡ,ㅡㅡㅡ
제2,O
송림순대집,O
1425,O
ㅡㅡㅡ,ㅡㅡㅡ
글라스하우스,O
1509,O
ㅡㅡㅡ,ㅡㅡㅡ
중앙닭강정,O
1539,O
ㅡㅡㅡ,ㅡㅡㅡ
코끼리만두분식,O
1551,O
ㅡㅡㅡ,ㅡㅡㅡ
정든식당,O
1725,O
ㅡㅡㅡ,ㅡㅡㅡ
애시당초,O
1816,O
ㅡㅡㅡ,ㅡㅡㅡ
하슬라아트월드,O
1908,O
ㅡㅡㅡ,ㅡㅡㅡ
스테이인터뷰,O
1928,O
ㅡㅡㅡ,ㅡㅡㅡ
810,O
ㅡㅡㅡ,ㅡㅡㅡ
코드유레이스뷔스티에,O
ㅡㅡㅡ,ㅡㅡㅡ
프롬비기닝,O
모어진,O
레트로,O
ㅡㅡㅡ,ㅡㅡㅡ
하바이아나스,O
ㅡㅡㅡ,ㅡㅡㅡ
미닛뮤트,O
아리백,O
ㅡㅡㅡ,ㅡㅡㅡ
모데스트무드,O
버킷백,O
ㅡㅡㅡ,ㅡㅡㅡ
811,O
ㅡㅡㅡ,ㅡㅡㅡ
뉴모즈,O
화이트,O
레이스,O
린넨,O
나시,O
원피스,O
ㅡㅡㅡ,ㅡㅡㅡ
메이비베이비,O
ㅡㅡㅡ,ㅡㅡㅡ
하바이아나스,O
ㅡㅡㅡ,ㅡㅡㅡ
미닛뮤트,O
아리백,O
ㅡㅡㅡ,ㅡㅡㅡ
코드유,O
애플니트,O
ㅡㅡㅡ,ㅡㅡㅡ
모데스트무,O
드,O
버킷햇,O
ㅡㅡㅡ,ㅡㅡㅡ
85,O
ㅡㅡㅡ,ㅡㅡㅡ
코드유벨,O
원피스,O
ㅡㅡㅡ,ㅡㅡㅡ
미닛뮤트,O
아리백,O
ㅡㅡㅡ,ㅡㅡㅡ
하바이아나스,O
ㅡㅡㅡ,ㅡㅡㅡ
모데스트무,O
드,O
버킷햇,O
ㅡㅡㅡ,ㅡㅡㅡ
안녕하세요,O
무아진경입니다,O
ㅡㅡㅡ,ㅡㅡㅡ
멀리는,O
못,O
가고,O
가까운데,O
놀러가고,O
싶어서,O
ㅡㅡㅡ,ㅡㅡㅡ
춘천,B_LOC
으로,O
놀다왔어요,O
ㅡㅡㅡ,ㅡㅡㅡ
갑자기,O
날씨가,O
너무,O
좋아져서,O
ㅡㅡㅡ,ㅡㅡㅡ
집에만,O
있으면,O
아까운,O
날씨입니다,O
ㅡㅡㅡ,ㅡㅡㅡ
브이로그,O
일상,O
춘천,B_LOC
여행,O
남이섬,B_TOR
ㅡㅡㅡ,ㅡㅡㅡ
춘천,B_LOC
여행,O
브이로그,O
여행브이로그,O
ㅡㅡㅡ,ㅡㅡㅡ
드디어,O
춘천,B_LOC
여행이,O
끝났군요,O
다녀온지,O
벌써,O
3주전,O
ㅡㅡㅡ,ㅡㅡㅡ
이제,O
현실을,O
사는,O
제가,O
되려고요,O
후후,O
ㅡㅡㅡ,ㅡㅡㅡ
개인적으로,O
감자,B_CAF
밭,I_CAF
너무,O
좋았는데,O
감자빵,O
가격이,O
조금,O
사악함,O
ㅡㅡㅡ,ㅡㅡㅡ
그런데,O
제가,O
딱,O
다녀오니까,O
메가커피,O
에서,O
감자빵,O
을,O
팔더라고요,O
ㅡㅡㅡ,ㅡㅡㅡ
배신감,O
느껴,O
ㅡㅡㅡ,ㅡㅡㅡ
어린이,O
친구,O
들과,O
동행하거나,O
동심의,O
세계로,O
돌아가고,O
싶다면,O
ㅡㅡㅡ,ㅡㅡㅡ
애니메이션,B_TOR
박물관도,I_TOR
추천드려요,O
ㅡㅡㅡ,ㅡㅡㅡ
나름,O
재미집니다,O
ㅡㅡㅡ,ㅡㅡㅡ
숙소,O
정보,O
ㅡㅡㅡ,ㅡㅡㅡ
헤이,O
춘천,B_LOC
ㅡㅡㅡ,ㅡㅡㅡ
영상,O
속,O
장소,O
ㅡㅡㅡ,ㅡㅡㅡ
베러,O
댄,O
잼,O
ㅡㅡㅡ,ㅡㅡㅡ
카페,O
감자,B_CAF
밭,I_CAF
ㅡㅡㅡ,ㅡㅡㅡ
애니메이션,B_TOR
박물관,I_TOR
토이로봇관,O
ㅡㅡㅡ,ㅡㅡㅡ
현암,B_RES
막국수,I_RES
ㅡㅡㅡ,ㅡㅡㅡ
ㅡㅡㅡ,ㅡㅡㅡ
ㅡㅡㅡ,ㅡㅡㅡ
ㅡㅡㅡ,ㅡㅡㅡ
2021,O
혜오니소스,O
ㅡㅡㅡ,ㅡㅡㅡ
브이로그,O
춘천,B_LOC
여행,O
ㅡㅡㅡ,ㅡㅡㅡ
ㅡㅡㅡ,ㅡㅡㅡ
ㅡㅡㅡ,ㅡㅡㅡ
ㅡㅡㅡ,ㅡㅡㅡ
오늘,O
영상은,O
절친,O
동기언니,O
들과의,O
1박2일,O
춘천,B_LOC
여행이에요,O
ㅡㅡㅡ,ㅡㅡㅡ
춘천,B_LOC
에서,O
맛집으로,O
유명한,O
중국,O
음식점,O
회영루,B_RES
에서,O
맛있는,O
짜장면,O
과,O
짬뽕,O
먹었구요,O
ㅡㅡㅡ,ㅡㅡㅡ
분위기가,O
정말,O
끝내주는,O
17,B_CAF
카페에가서,O
커피,O
도,O
맛있게,O
마셨답니다,O
ㅡㅡㅡ,ㅡㅡㅡ
원래는,O
소양강,B_TOR
을,O
따라서,O
자전거,O
라이딩을,O
할려고,O
했는데,O
ㅡㅡㅡ,ㅡㅡㅡ
플랜을,O
조금,O
바꿔서,O
공지천공원,B_TOR
에서,O
피크닉을,O
즐겼어요,O
ㅡㅡㅡ,ㅡㅡㅡ
영상,O
끝에는,O
저세상,O
텐션으로,O
와인,O
파티를,O
하는,O
재미난,O
영상도,O
있으니,O
즐겨주쎄요,O
ㅡㅡㅡ,ㅡㅡㅡ
부족하지만,O
재밌게봐주세욥,O
ㅡㅡㅡ,ㅡㅡㅡ
구독,O
댓글,O
좋아요는,O
사랑입니다,O
ㅡㅡㅡ,ㅡㅡㅡ
ㅡㅡㅡ,ㅡㅡㅡ
ㅡㅡㅡ,ㅡㅡㅡ
춘천,B_LOC
여행은,O
뚜벅이로,O
갈,O
뻔,O
했지만,O
친구,O
덕에,O
차,O
로,O
다녀왔어요,O
그래도,O
뚜벅이분들도,O
갈,O
수,O
있을만큼,O
가까운,O
동선만,O
다녔으니,O
아래,O
에,O
갔다온,O
곳들,O
써둘게요,O
ㅡㅡㅡ,ㅡㅡㅡ
본가회냉면,B_RES
ㅡㅡㅡ,ㅡㅡㅡ
강원,B_LOC
춘천시,B_LOC
영서로,O
3199,O
ㅡㅡㅡ,ㅡㅡㅡ
엄청난,O
위생을,O
기대하고,O
가면,O
안되지만,O
그래도,O
깨끗한,O
편이고,O
평균연령이,O
450대,O
인,O
것을,O
보아,O
맛집이,O
맞았어요,O
ㅡㅡㅡ,ㅡㅡㅡ
해피초원목장,B_TOR
ㅡㅡㅡ,ㅡㅡㅡ
강원,B_LOC
춘천시,B_LOC
사북면,B_LOC
춘화로,O
33048,O
ㅡㅡㅡ,ㅡㅡㅡ
딱,O
지금,O
가야,O
예뻐요,O
초록초록,O
ㅡㅡㅡ,ㅡㅡㅡ
카페,O
쉬러와,B_CAF
ㅡㅡㅡ,ㅡㅡㅡ
강원,B_LOC
춘천시,B_LOC
신북읍,B_LOC
지내고탄로,O
246,O
12층,O
ㅡㅡㅡ,ㅡㅡㅡ
쌀케이크,O
존맛,O
사람,O
없을때,O
가서,O
통창,O
쪽에,O
앉으면,O
예쁠것,O
같아요,O
ㅎ,O
ㅎ,O
ㅡㅡㅡ,ㅡㅡㅡ
카페,O
감자,B_CAF
밭,I_CAF
ㅡㅡㅡ,ㅡㅡㅡ
강원,B_LOC
춘천시,B_LOC
신북읍,B_LOC
신샘밭로,O
674,O
ㅡㅡㅡ,ㅡㅡㅡ
진짜,O
감자빵,O
고구마빵,O
만,O
있으니까,O
참고하고,O
가셔야하고,O
ㅡㅡㅡ,ㅡㅡㅡ
야외좌석이,O
많아서,O
여기서,O
먹고,O
가는,O
분들도,O
많았어요,O
ㅡㅡㅡ,ㅡㅡㅡ
감자빵,O
맛은,O
의외로,O
달달하고,O
겉에,O
가루에서,O
미숫가루,O
맛이,O
나요,O
그닥,O
제,O
취향은,O
아니었슴니다,O
허허,O
ㅡㅡㅡ,ㅡㅡㅡ
학곡리,B_RES
막국수,I_RES
닭갈비,I_RES
ㅡㅡㅡ,ㅡㅡㅡ
강원,B_LOC
춘천시,B_LOC
공지로,O
29,O
ㅡㅡㅡ,ㅡㅡㅡ
여긴,O
가보고싶었는데,O
못갔어요,O
춘천,B_LOC
가는,O
길이,O
너무,O
막혀서,O
시간을,O
많이,O
잡아,O
먹었거듬요,O
ㅡㅡㅡ,ㅡㅡㅡ
일찍,O
나가서,O
기차,O
타고,O
춘천,B_LOC
에서,O
차,O
렌트해서,O
다니시는것도,O
추천해요,O
ㅡㅡㅡ,ㅡㅡㅡ
물론,O
저는,O
안먹어도,O
될,O
정도로,O
배불러서,O
엄청,O
큰,O
아쉬움은,O
없었고,O
친구,O
가,O
운전해줘서,O
편하게,O
다녀왔어요,O
ㅡㅡㅡ,ㅡㅡㅡ
모두,O
즐거운,O
여행하세요,O
ㅡㅡㅡ,ㅡㅡㅡ
ㅡㅡㅡ,ㅡㅡㅡ
ㅡㅡㅡ,ㅡㅡㅡ
닭가슴살,O
다이어트,O
식품,O
등,O
최저가,O
구매,O
링크,O
ㅡㅡㅡ,ㅡㅡㅡ
100433255,O
ㅡㅡㅡ,ㅡㅡㅡ
추천인,O
코드,O
100433255,O
ㅡㅡㅡ,ㅡㅡㅡ
상기,O
링크에서의,O
구매는,O
채널,O
운영에,O
보탬이,O
됩니다,O
ㅡㅡㅡ,ㅡㅡㅡ
안녕하세요,O
평생,O
몸짱을,O
추구하는,O
50대,O
몸,O
짱,O
입니다,O
ㅡㅡㅡ,ㅡㅡㅡ
제가,O
춘천,B_LOC
에,O
여행,O
다녀온,O
브이로그,O
즐겨,O
보시죠,O
ㅡㅡㅡ,ㅡㅡㅡ
ㅡㅡㅡ,ㅡㅡㅡ
구독과,O
좋아요는,O
큰,O
이,O
됩니다,O
감사합니다,O
ㅡㅡㅡ,ㅡㅡㅡ
ㅡㅡㅡ,ㅡㅡㅡ
저서,O
50살기위한최소한의운동,O
구매,O
링크,O
ㅡㅡㅡ,ㅡㅡㅡ
예스24,O
링크,O
ㅡㅡㅡ,ㅡㅡㅡ
65,O
ㅡㅡㅡ,ㅡㅡㅡ
교보,O
링크,O
ㅡㅡㅡ,ㅡㅡㅡ
ㅡㅡㅡ,ㅡㅡㅡ
알라딘,O
링크,O
ㅡㅡㅡ,ㅡㅡㅡ
71,O
ㅡㅡㅡ,ㅡㅡㅡ
50대몸짱,O
인스타그램,O
50,O
ㅡㅡㅡ,ㅡㅡㅡ
기획,O
출연,O
편집,O
50대,O
몸짱,O
ㅡㅡㅡ,ㅡㅡㅡ
촬영,O
와이프,O
50대,O
몸짱,O
ㅡㅡㅡ,ㅡㅡㅡ
안동시,O
가,O
2020년,O
에,O
제작한,O
서체,O
안동엄마까투리체,O
를,O
사용하였습니다,O
ㅡㅡㅡ,ㅡㅡㅡ
춘천,B_LOC
여행,O
브이로그,O
닭갈비,O
막국수,O
감자빵,O
커피,O
고양이,O
고기,O
맥주,O
드라이브,O
걷기,O
ㅡㅡㅡ,ㅡㅡㅡ
대학생,O
대학생,O
브이로그,O
춘천,B_LOC
브이로그,O
일상브이로그,O
ㅡㅡㅡ,ㅡㅡㅡ
ㅡㅡㅡ,ㅡㅡㅡ
ㅡㅡㅡ,ㅡㅡㅡ
ㅡㅡㅡ,ㅡㅡㅡ
ㅡㅡㅡ,ㅡㅡㅡ
ㅡㅡㅡ,ㅡㅡㅡ
제이스타일,O
텐디즈베이직싱글자켓,O
블랙,O
ㅡㅡㅡ,ㅡㅡㅡ
844834,O
25025,O
254,O
25,O
024,O
000,O
5011,O
ㅡㅡㅡ,ㅡㅡㅡ
핑너겟클라푸티워머탑,O
스카이,O
ㅡㅡㅡ,ㅡㅡㅡ
9591888149918809888839134655,O
104,O
1,O
ㅡㅡㅡ,ㅡㅡㅡ
핑너겟리틀포레스트스커트,O
스카이,O
ㅡㅡㅡ,ㅡㅡㅡ
688080888488888448824982,O
135,O
ㅡㅡㅡ,ㅡㅡㅡ
ㅡㅡㅡ,ㅡㅡㅡ
안녕하세요,O
델리현,O
입니다,O
ㅡㅡㅡ,ㅡㅡㅡ
이번주,O
제가,O
2개,O
영상,O
못,O
올렸던,O
이유가,O
즉흥,O
무계획,O
여행을,O
다녀왔어요,O
그래서,O
후다닥,O
편집해서,O
업로드,O
했어요,O
ㅡㅡㅡ,ㅡㅡㅡ
오늘,O
도,O
재밌게,O
봐주세요,O
감사합니다,O
ㅡㅡㅡ,ㅡㅡㅡ
사진,O
찍을,O
때,O
잠시,O
말곤,O
여행,O
다닐,O
동안,O
마스크,O
와,O
손소독은,O
항상,O
하였습니다,O
ㅡㅡㅡ,ㅡㅡㅡ
1221,O
ㅡㅡㅡ,ㅡㅡㅡ
ㅡㅡㅡ,ㅡㅡㅡ
강릉,B_LOC
ㅡㅡㅡ,ㅡㅡㅡ
055,O
9남매,O
두부집,O
ㅡㅡㅡ,ㅡㅡㅡ
141,O
순두부,O
젤라또,O
1호점,O
ㅡㅡㅡ,ㅡㅡㅡ
158,O
툇마,O
루,O
ㅡㅡㅡ,ㅡㅡㅡ
244,O
만석,O
닭강정,O
안목,O
직영점,O
ㅡㅡㅡ,ㅡㅡㅡ
258,O
여고시절,O
카레떡볶이,O
ㅡㅡㅡ,ㅡㅡㅡ
355,O
팡파미유,O
중앙시장,B_TOR
ㅡㅡㅡ,ㅡㅡㅡ
413,O
만동제과,O
ㅡㅡㅡ,ㅡㅡㅡ
433,O
동해,B_LOC
막국수,O
ㅡㅡㅡ,ㅡㅡㅡ
춘천,B_LOC
ㅡㅡㅡ,ㅡㅡㅡ
721,O
원조,B_RES
숯불,I_RES
닭갈비,I_RES
ㅡㅡㅡ,ㅡㅡㅡ
828,O
대나무집,B_RES
닭갈비,I_RES
ㅡㅡㅡ,ㅡㅡㅡ
1012,O
감자밭카페,B_CAF
ㅡㅡㅡ,ㅡㅡㅡ
강릉,B_LOC
여행,O
춘천,B_LOC
여행,O
국내여행,O
ㅡㅡㅡ,ㅡㅡㅡ
안녕하세요,O
당일치기,O
춘천,B_LOC
여행,O
영상을,O
가지고,O
왔어요,O
ㅡㅡㅡ,ㅡㅡㅡ
첫,O
브이로그라,O
부족한,O
점이,O
많지만,O
즐겁게,O
보셨으면,O
좋겠어요,O
ㅡㅡㅡ,ㅡㅡㅡ
시청해주신,O
모든,O
분들,O
감사드리고,O
구독과,O
좋아요,O
부탁드려요,O
ㅡㅡㅡ,ㅡㅡㅡ
브이로그,O
춘천,B_LOC
여행,O
당일치기,O
가족,O
여행,O
기차,O
자전거,O
전기자전거,O
라이딩,O
소양강,B_TOR
북한강,O
닭갈비,O
막국수,O
소양강댐,B_TOR
일상,O
ㅡㅡㅡ,ㅡㅡㅡ
가평,B_LOC
여행,O
춘천,B_LOC
여행,O
국내여행,O
국내여행브이로그,O
브이로그,O
여행브이로그,O
드라이브,O
자라섬,B_TOR
춘천,B_LOC
숯불닭갈비,O
우드카누,O
쁘띠프랑스,O
춘천중도물레길,B_TOR
가평레일바이크,O
ㅡㅡㅡ,ㅡㅡㅡ
안녕하세요,O
ㅡㅡㅡ,ㅡㅡㅡ
5월,O
휴가,O
여행으로,O
놀러간,O
가평,B_LOC
춘천,B_LOC
브이로그를,O
가지고,O
왔어요,O
ㅡㅡㅡ,ㅡㅡㅡ
가평,B_LOC
팬션,O
빌라노빌레,O
ㅡㅡㅡ,ㅡㅡㅡ
막국수,O
춘천소담막국수,B_RES
ㅡㅡㅡ,ㅡㅡㅡ
숯불닭갈비,O
금병산,B_RES
숯불철판닭갈비,I_RES
ㅡㅡㅡ,ㅡㅡㅡ
우드카누,O
춘천중도물레길,B_TOR
ㅡㅡㅡ,ㅡㅡㅡ
가본곳,O
가평레일바이크,O
ㅡㅡㅡ,ㅡㅡㅡ
쁘띠프랑스,O
ㅡㅡㅡ,ㅡㅡㅡ
자라섬,B_TOR
ㅡㅡㅡ,ㅡㅡㅡ
카페,O
코미호미,B_CAF
ㅡㅡㅡ,ㅡㅡㅡ
ㅡㅡㅡ,ㅡㅡㅡ
ㅡㅡㅡ,ㅡㅡㅡ
진진전여행,O
브이로그,O
춘천,B_LOC
편입니다,O
ㅡㅡㅡ,ㅡㅡㅡ
재미있게,O
봐주세요,O
ㅡㅡㅡ,ㅡㅡㅡ
중간에,O
편집과정에서,O
문제가,O
생겨,O
ㅡㅡㅡ,ㅡㅡㅡ
싱크가,O
안맞는,O
점,O
이해부탁드립니다,O
ㅡㅡㅡ,ㅡㅡㅡ
대학생,O
우정여행,O
번개여행,O
ㅡㅡㅡ,ㅡㅡㅡ
게임,O
퀴즈,O
ㅡㅡㅡ,ㅡㅡㅡ
춘천,B_LOC
메밀막국수,O
소양강,B_TOR
ㅡㅡㅡ,ㅡㅡㅡ
돼지런히,O
먹은,O
하루,O
ㅡㅡㅡ,ㅡㅡㅡ
미스터봉피자,B_RES
화덕피자,O
페퍼로니피자,O
ㅡㅡㅡ,ㅡㅡㅡ
로제파스타,O
포코라커피로스터스,B_CAF
소양강,B_TOR
봉의산,B_TOR
초이랑,B_CAF
수플레,O
ㅡㅡㅡ,ㅡㅡㅡ
우측,O
상단에,O
1080,O
화질로,O
시청,O
부탁드립니다,O
ㅡㅡㅡ,ㅡㅡㅡ
일상,O
브이로그,O
춘천,B_LOC
여행,O
ㅡㅡㅡ,ㅡㅡㅡ
안녕하세요,O
탱이숲,O
입니다,O
ㅡㅡㅡ,ㅡㅡㅡ
아주,O
오랜만에,O
브이로그로,O
돌아온,O
것,O
같아요,O
머쓱,O
ㅡㅡㅡ,ㅡㅡㅡ
스물여덟상반기,O
를,O
잘,O
마무리하고,O
싶은,O
마음에,O
춘천,B_LOC
에,O
다녀왔어요,O
춘천,B_LOC
하면,O
남이섬,B_TOR
이라는,O
편견을,O
드디어,O
깨고,O
왔다고도,O
할,O
수,O
있을,O
거,O
같아요,O
쉬러간,O
여행이었는데,O
막상,O
이곳,O
저곳,O
다니다,O
보니,O
아름다운,O
풍경이,O
눈,O
에,O
많이,O
들어오는,O
거예요,O
아무래도,O
그냥,O
지나칠,O
수,O
없어서,O
하나,O
둘,O
남기게,O
된,O
기록이,O
또,O
하나,O
의,O
영상으로,O
만들어졌어요,O
ㅡㅡㅡ,ㅡㅡㅡ
기쁜,O
마음으로,O
담은,O
영상이,O
그곳까지,O
잘,O
전해졌으면,O
좋겠습니다,O
ㅡㅡㅡ,ㅡㅡㅡ
시청해주셔서,O
고맙숲니다,O
건강합시다,O
ㅡㅡㅡ,ㅡㅡㅡ
ㅡㅡㅡ,ㅡㅡㅡ
삼대막국수,B_RES
ㅡㅡㅡ,ㅡㅡㅡ
해피초원목장,B_TOR
ㅡㅡㅡ,ㅡㅡㅡ
카페,O
포지티,B_CAF
브즈,I_CAF
ㅡㅡㅡ,ㅡㅡㅡ
춘천중도물레길,B_TOR
ㅡㅡㅡ,ㅡㅡㅡ
오후,O
펜션,O
ㅡㅡㅡ,ㅡㅡㅡ
풍경,B_RES
닭갈비,I_RES
ㅡㅡㅡ,ㅡㅡㅡ
자전거,O
카페,O
오후,O
ㅡㅡㅡ,ㅡㅡㅡ
상상마당,O
ㅡㅡㅡ,ㅡㅡㅡ
전시,O
포레스트뮤지엄,O
ㅡㅡㅡ,ㅡㅡㅡ
의암호,B_TOR
ㅡㅡㅡ,ㅡㅡㅡ
0420,O
ㅡㅡㅡ,ㅡㅡㅡ
0420,O
ㅡㅡㅡ,ㅡㅡㅡ
콩희,O
브이로그,O
1,O
ㅡㅡㅡ,ㅡㅡㅡ
안녕하세요,O
콩희,O
입니다,O
ㅡㅡㅡ,ㅡㅡㅡ
저의,O
첫,O
브이로그,O
영상은,O
남자친구,O
와,O
함께,O
다녀온,O
양평,B_LOC
춘천,B_LOC
당일치기,O
여행,O
브이로그로,O
시작합니다,O
ㅡㅡㅡ,ㅡㅡㅡ
콩희,O
ㅡㅡㅡ,ㅡㅡㅡ
양평,B_LOC
춘천,B_LOC
여행,O
데이트,O
국내드라이브,O
ㅡㅡㅡ,ㅡㅡㅡ
양평,B_LOC
두물머리,O
통나무집닭갈비,B_RES
해피초원목장,B_TOR
산토리니,B_CAF
ㅡㅡㅡ,ㅡㅡㅡ
하루동안,O
양평,B_LOC
과,O
춘천,B_LOC
을,O
찍고,O
왔어요,O
ㅡㅡㅡ,ㅡㅡㅡ
붉그락,O
단풍과,O
푸르른,O
느낌,O
만땅인,O
양평,B_LOC
과,O
춘천,B_LOC
의,O
영상보시고,O
힐링,O
하시다,O
가세요,O
ㅡㅡㅡ,ㅡㅡㅡ
영상,O
시청해주셔서,O
감사합니다,O
ㅡㅡㅡ,ㅡㅡㅡ
하하,O
병아리,O
유튜버,O
라,O
일반,O
카메라,O
가,O
아닌,O
다른,O
어플을,O
쓰고,O
편집을,O
했더니,O
ㅡㅡㅡ,ㅡㅡㅡ
화질이,O
안좋은,O
점,O
양해,O
부탁드리며,O
다음,O
브이로그엔,O
좋은,O
영상으로,O
찾아뵙겠습니다,O
ㅡㅡㅡ,ㅡㅡㅡ
구독과,O
좋아요,O
부탁드립니다,O
ㅡㅡㅡ,ㅡㅡㅡ
ㅡㅡㅡ,ㅡㅡㅡ
휴가,O
일상,O
중년,O
ㅡㅡㅡ,ㅡㅡㅡ
안녕하세요,O
놀고,O
먹는,O
할머니,O
입니다,O
ㅡㅡㅡ,ㅡㅡㅡ
오늘,O
은,O
춘천,B_LOC
시골집에서의,O
하루,O
를,O
보여드립니다,O
ㅡㅡㅡ,ㅡㅡㅡ
옥수수,O
고추,O
가지,O
등을,O
따고,O
맛난,O
막국수,O
도,O
먹고,O
ㅡㅡㅡ,ㅡㅡㅡ
소소한,O
시골밥상도,O
함께,O
느껴보세요,O
ㅡㅡㅡ,ㅡㅡㅡ
갓따서,O
찐,O
옥수수,O
는,O
쫄깃함의,O
극치입니다,O
ㅡㅡㅡ,ㅡㅡㅡ
가지,O
를,O
썰어서,O
말리고,O
ㅡㅡㅡ,ㅡㅡㅡ
고추,O
는,O
김치,O
담그려고,O
한,O
가득,O
따서,O
돌아옵니다,O
ㅡㅡㅡ,ㅡㅡㅡ
소소한,O
즐거움이,O
있는,O
곳,O
그곳은,O
춘천,B_LOC
입니다,O
ㅡㅡㅡ,ㅡㅡㅡ
안녕하세요,O
여러분,O
디어은입니다,O
ㅡㅡㅡ,ㅡㅡㅡ
저,O
종강했어요,O
신난다,O
ㅡㅡㅡ,ㅡㅡㅡ
당일치기,O
춘천,B_LOC
여행을,O
다녀왔습니다,O
ㅡㅡㅡ,ㅡㅡㅡ
너네,O
집엔,O
감자,O
없지,O
동백꽃,O
김유정,O
ㅡㅡㅡ,ㅡㅡㅡ
사실,O
몇군데,O
더,O
들리려고,O
했는데,O
더워서,O
패스,O
했어욥,O
ㅡㅡㅡ,ㅡㅡㅡ
그리고,O
마을버스,O
배차간격이,O
진짜,O
길어서,O
하루,O
에,O
몇,O
번,O
안와요,O
ㅡㅡㅡ,ㅡㅡㅡ
택시,O
이용이,O
필수적인,O
듯,O
합니다,O
ㅡㅡㅡ,ㅡㅡㅡ
그래도,O
날씨가,O
너무,O
좋았고,O
사람이,O
많지,O
않아서,O
재밌게,O
놀다왔어요,O
ㅡㅡㅡ,ㅡㅡㅡ
그럼,O
건강,O
조심하시구,O
다음,O
영상에서,O
만나요,O
안녕,O
ㅡㅡㅡ,ㅡㅡㅡ
입장료,O
ㅡㅡㅡ,ㅡㅡㅡ
해피초원목장,B_TOR
6000원,O
ㅡㅡㅡ,ㅡㅡㅡ
소양강스카이워크,B_TOR
2000원,O
춘천사랑상품권,O
으로,O
돌려줘요,O
ㅡㅡㅡ,ㅡㅡㅡ
애니메이션,B_TOR
박물관,I_TOR
6000원,O
토이로봇관,O
까지,O
하면,O
만원,O
ㅡㅡㅡ,ㅡㅡㅡ
ㅡㅡㅡ,ㅡㅡㅡ
고프로,O
8,O
ㅡㅡㅡ,ㅡㅡㅡ
8,O
ㅡㅡㅡ,ㅡㅡㅡ
춘천,B_LOC
춘천,B_LOC
여행,O
ㅡㅡㅡ,ㅡㅡㅡ
안녕하세요,O
자도,O
입니다,O
ㅡㅡㅡ,ㅡㅡㅡ
이번,O
브이로그,O
올리면,O
벌써,O
31번째,O
영상이,O
올라가게,O
되었네요,O
ㅡㅡㅡ,ㅡㅡㅡ
시월말부터,O
시작했는데,O
어느덧,O
해가,O
바뀌고,O
ㅡㅡㅡ,ㅡㅡㅡ
꾸준히,O
올리고,O
있는,O
제,O
자신도,O
신기하게,O
느껴지고,O
있어요,O
ㅡㅡㅡ,ㅡㅡㅡ
저는,O
올해,O
엔,O
책을,O
좀,O
더,O
읽으려고,O
노력하고,O
있어서,O
ㅡㅡㅡ,ㅡㅡㅡ
새해,O
들어,O
열권,O
의,O
책을,O
읽었습니다,O
ㅡㅡㅡ,ㅡㅡㅡ
다들,O
작지만,O
조금씩,O
어떤,O
것에,O
가까워졌으면,O
좋겠어요,O
ㅡㅡㅡ,ㅡㅡㅡ
이번,O
영상은,O
일,O
월의,O
짧은,O
일상과,O
춘천,B_LOC
여행,O
갔던,O
브이로그입니다,O
ㅡㅡㅡ,ㅡㅡㅡ
용산,B_LOC
에서,O
기차,O
타면,O
한시간,O
조금,O
더,O
걸리는,O
거리에,O
ㅡㅡㅡ,ㅡㅡㅡ
서울,B_LOC
과는,O
확연히,O
다른,O
풍경들이,O
조용히,O
눈,O
에,O
밟히는,O
그런,O
곳이라,O
꽤,O
애정하는,O
동네가,O
되었어요,O
ㅡㅡㅡ,ㅡㅡㅡ
오늘,O
도,O
재밌게,O
봐주세요,O
ㅡㅡㅡ,ㅡㅡㅡ
컴퓨터,O
를,O
새로,O
바꾸고,O
설치,O
하느라,O
한동안,O
브이로그,O
업댓은,O
조금,O
들,O
거,O
같습니다,O
조금만,O
기다려주세요,O
ㅡㅡㅡ,ㅡㅡㅡ
늙,O
은,O
호박전,O
호박,O
범벅,O
햄버거,O
동치미,O
막국수,O
자유빵집,B_CAF
앙버터,O
팡도르,O
닭갈비,O
버섯칼국수,O
튀김만두,O
ㅡㅡㅡ,ㅡㅡㅡ
브이로그,O
춘천,B_LOC
ㅡㅡㅡ,ㅡㅡㅡ
이번,O
여행지는,O
강원도,B_LOC
춘천,B_LOC
입니다,O
ㅡㅡㅡ,ㅡㅡㅡ
날씨가,O
살인적이긴,O
했지만,O
엄청,O
맑아서,O
춘천,B_LOC
을,O
감상하기엔,O
좋은,O
날씨였어요,O
ㅡㅡㅡ,ㅡㅡㅡ
산토리니,B_CAF
카페랑,O
제이드가든,B_TOR
추천드려요,O
ㅡㅡㅡ,ㅡㅡㅡ
ㅡㅡㅡ,ㅡㅡㅡ
ㅡㅡㅡ,ㅡㅡㅡ
ㅡㅡㅡ,ㅡㅡㅡ
70,O
ㅡㅡㅡ,ㅡㅡㅡ
참,O
제가,O
봐도,O
드릅게,O
못만들었네요ㅎㅎ,O
ㅡㅡㅡ,ㅡㅡㅡ
삼형제,O
춘천,B_LOC
춘천,B_LOC
여행,O
소양강,B_TOR
여행브이로그,O
브이로그,O
카페,O
힐링,O
ㅡㅡㅡ,ㅡㅡㅡ
춘천,B_LOC
춘천,B_LOC
맛집,O
춘천,B_LOC
숯불닭갈비,O
춘천농가닭갈비,B_RES
앤서니브라운전시,O
강원디자인진흥원,O
춘천,B_LOC
카페,O
카페쉬러와,O
쉬러와,B_CAF
말차쌀케이크,O
쌀티라미수,O
춘천,B_LOC
소양강,B_TOR
소양강스카이워크,B_TOR
ㅡㅡㅡ,ㅡㅡㅡ
ㅡㅡㅡ,ㅡㅡㅡ
안녕하세요,O
ㅡㅡㅡ,ㅡㅡㅡ
소희언니,O
에서,O
소소,O
로,O
돌아왔습니다,O
ㅡㅡㅡ,ㅡㅡㅡ
이번,O
영상은,O
원래,O
룩북을,O
준비하려,O
했는데요,O
망해버렸숴,O
속닥속닥속닥,O
ㅡㅡㅡ,ㅡㅡㅡ
그래서,O
영상,O
올리는데,O
오래,O
걸렸어요,O
조금이라도,O
살려보자,O
하는,O
마음으로,O
여행,O
데일리룩,O
브이로그,O
춘천,B_LOC
편을,O
찍어보았어용,O
ㅡㅡㅡ,ㅡㅡㅡ
아우터,O
만,O
4벌,O
가져갔답니당,O
ㅡㅡㅡ,ㅡㅡㅡ
조금,O
더,O
배우고,O
익숙해지면,O
그때,O
봄,O
룩북으로,O
다시,O
돌아올게요,O
기대해주세요,O
3,O
ㅡㅡㅡ,ㅡㅡㅡ
이번,O
편,O
끝까지,O
보시고,O
구독과,O
좋아요,O
부탁드릴게용,O
ㅡㅡㅡ,ㅡㅡㅡ
펜션,O
ㅡㅡㅡ,ㅡㅡㅡ
갔던,O
곳,O
중,O
가장,O
깨끗하고,O
마음에,O
든,O
펜션,O
ㅡㅡㅡ,ㅡㅡㅡ
22만원,O
주고,O
예약한,O
춘천,B_LOC
에서,O
핫한,O
펜션이었어요,O
ㅡㅡㅡ,ㅡㅡㅡ
사진으로,O
기대하고,O
가면,O
실망하기,O
필수였는데,O
ㅡㅡㅡ,ㅡㅡㅡ
여기는,O
정말,O
사진,O
그대로,O
조용하고,O
힐링,O
할,O
수,O
있는,O
펜션이었어요,O
ㅡㅡㅡ,ㅡㅡㅡ
아베다,O
어메니티까지,O
완벽,O
ㅡㅡㅡ,ㅡㅡㅡ
바베큐,O
할,O
때,O
조심,O
고양이,O
들이,O
우르르,O
ㅡㅡㅡ,ㅡㅡㅡ
고양이,O
무서워,O
하시는분들은,O
들실,O
것,O
같아요,O
ㅡㅡㅡ,ㅡㅡㅡ
탁자,O
위에,O
올려놓으면,O
다,O
가져가버려서,O
들고서,O
구웠어요ㅠ,O
ㅠ,O
ㅡㅡㅡ,ㅡㅡㅡ
아침,O
조식까지,O
마음에,O
든,O
이곳,O
빵,O
이,O
촉촉하게,O
맛있었고,O
서비스,O
최고였어요,O
춘천,B_LOC
에,O
가신다면,O
펜션혜원,O
꼭,O
추천드려요,O
ㅡㅡㅡ,ㅡㅡㅡ
카페투어,O
ㅡㅡㅡ,ㅡㅡㅡ
분덕스,O
ㅡㅡㅡ,ㅡㅡㅡ
홍천,B_LOC
과,O
춘천,B_LOC
의,O
경계선에,O
있는,O
분덕스카페,B_CAF
홍천,B_LOC
비발디파크,O
가시기,O
전에,O
들려도,O
좋을듯해요,O
ㅡㅡㅡ,ㅡㅡㅡ
시골의,O
작은,O
교회,O
같기도,O
한,O
분덕스,O
는,O
외관의,O
초록색,O
큰,O
문이,O
가장,O
매력적이었어요,O
ㅡㅡㅡ,ㅡㅡㅡ
복층으로,O
되어있는,O
실내는,O
아기자기한,O
소품들로,O
꾸며주었고,O
ㅡㅡㅡ,ㅡㅡㅡ
또,O
하나,O
의,O
눈길을,O
끄는,O
것은,O
달마티안,O
강아지,O
였어요,O
ㅡㅡㅡ,ㅡㅡㅡ
조용하고,O
차분한,O
분위기를,O
원한다면,O
분덕스카페,B_CAF
추천,O
ㅡㅡㅡ,ㅡㅡㅡ
아뜰리에김가,B_CAF
ㅡㅡㅡ,ㅡㅡㅡ
빵,O
으로,O
유명한,O
빵,O
공장,O
디저트,O
카페,O
ㅡㅡㅡ,ㅡㅡㅡ
카페가,O
큰,O
만큼,O
빵,O
종류,O
다양해요,O
ㅡㅡㅡ,ㅡㅡㅡ
빵뷔페,O
평일낮,O
에가면선착순,O
100명,O
9900,O
ㅡㅡㅡ,ㅡㅡㅡ
분위기가,O
좋아서,O
춘천,B_LOC
에,O
온다면,O
한번,O
들리는,O
것으로,O
추천,O
ㅡㅡㅡ,ㅡㅡㅡ
맛은,O
너무,O
기대하진,O
말,O
것,O
ㅡㅡㅡ,ㅡㅡㅡ
개인적으론,O
살구타르트,O
명란바게트,O
맛있었어요,O
ㅡㅡㅡ,ㅡㅡㅡ
명란바게트,O
살구타르트,O
버터식빵,O
초코케익,O
구매,O
ㅡㅡㅡ,ㅡㅡㅡ
광장상회,B_CAF
ㅡㅡㅡ,ㅡㅡㅡ
요즘,O
핫한,O
광장상회,B_CAF
ㅡㅡㅡ,ㅡㅡㅡ
새로,O
생긴지,O
얼마,O
안,O
된,O
뉴트로한,O
느낌의,O
카페,O
주차공간,O
협소,O
ㅡㅡㅡ,ㅡㅡㅡ
외관의,O
특징적인,O
타일과,O
간판이,O
잘,O
어울림,O
ㅡㅡㅡ,ㅡㅡㅡ
생각보다,O
작은,O
공간에,O
공간,O
활용이,O
잘,O
되어있어요,O
ㅡㅡㅡ,ㅡㅡㅡ
빈티지하고,O
인스타,O
감성의,O
느낌이라,O
사진,O
찍고,O
싶다면,O
추천드려요,O
전신,O
거울,O
도,O
있어요,O
ㅡㅡㅡ,ㅡㅡㅡ
카페,O
공간,O
설명문,O
ㅡㅡㅡ,ㅡㅡㅡ
뉴트로는,O
뉴와,O
레트로의,O
합성어로,O
복고를,O
새롭게,O
즐기는,O
문화를,O
의미한다,O
ㅡㅡㅡ,ㅡㅡㅡ
저희가,O
시킨,O
메뉴,O
인절미크림비엔나,O
아이스아메리카노,O
딸기생크림카스테라,O
ㅡㅡㅡ,ㅡㅡㅡ
인절미크림,O
비엔나,O
라고해서,O
인절미,O
맛이,O
나는,O
크림,O
인,O
줄,O
알았으나,O
인절미떡,O
이랑,O
함께,O
나오는,O
커피,O
라,O
조금,O
당황했어요,O
제일,O
인기,O
많았음,O
ㅡㅡㅡ,ㅡㅡㅡ
아이스아메리카노,O
는,O
그냥,O
전형적인,O
아이스아메리카노,O
ㅡㅡㅡ,ㅡㅡㅡ
딸기,O
생크림,O
카스테라,O
는,O
사진,O
찍기용,O
맛이없는건,O
아니에요,O
제,O
스타일이,O
아니였던걸로,O
ㅡㅡㅡ,ㅡㅡㅡ
맛집,O
ㅡㅡㅡ,ㅡㅡㅡ
농가숯,B_RES
불닭갈비,I_RES
ㅡㅡㅡ,ㅡㅡㅡ
숯불닭갈비,O
보다,O
철판,O
닭갈비,O
를,O
선호하는,O
편인데,O
ㅡㅡㅡ,ㅡㅡㅡ
먹는,O
순간,O
정말,O
부드러웠어요,O
ㅡㅡㅡ,ㅡㅡㅡ
양념,O
하나,O
간장,O
하나,O
주문,O
ㅡㅡㅡ,ㅡㅡㅡ
개인적인,O
입맛으론,O
간장,O
이,O
더,O
맛있었어요,O
둘,O
다,O
최고지만유,O
ㅡㅡㅡ,ㅡㅡㅡ
같이,O
먹던,O
막국수,O
도,O
왜,O
춘천,B_LOC
에서,O
막국수,O
가,O
유명한지,O
왜,O
먹는지,O
알겠더라구요,O
ㅡㅡㅡ,ㅡㅡㅡ
조금,O
아쉬웠던,O
점은,O
여자,O
둘,O
이,O
먹었지만,O
양이,O
조금,O
적었네용,O
춘천,B_LOC
에,O
오시면,O
농가숯불,B_RES
닭갈비,I_RES
추천드려용,O
ㅡㅡㅡ,ㅡㅡㅡ
낭만국시,B_RES
ㅡㅡㅡ,ㅡㅡㅡ
춘천중앙시장,B_TOR
안에,O
있는,O
낭만국시,B_RES
ㅡㅡㅡ,ㅡㅡㅡ
뭐먹을지,O
돌아다니다가,O
사람,O
제일,O
많은,O
곳으로,O
ㅡㅡㅡ,ㅡㅡㅡ
멸치육수,O
와,O
칼국수면,O
김가루,O
송,O
송,O
썰어서,O
올라간,O
대파,O
가,O
함께,O
어우러져,O
특별한,O
음식은,O
아니지만,O
소박하게,O
한끼,O
식사를,O
할,O
수,O
있는,O
곳이며,O
맛있고,O
양도,O
많고,O
가격도,O
착해서,O
굉장히,O
만족했던,O
점심이었어요,O
김치,O
ㅡㅡㅡ,ㅡㅡㅡ
할머니,O
할아버지,O
도,O
많았던걸,O
보니,O
맛집으로,O
인정한,O
가게인,O
거,O
같아요,O
ㅡㅡㅡ,ㅡㅡㅡ
개인적인,O
취향은,O
잔치국수,O
보다,O
칼국수,O
추천,O
ㅡㅡㅡ,ㅡㅡㅡ
중앙시장,B_TOR
에,O
왔다면,O
낭만국시,O
ㅡㅡㅡ,ㅡㅡㅡ
ㅡㅡㅡ,ㅡㅡㅡ
ㅡㅡㅡ,ㅡㅡㅡ
ㅡㅡㅡ,ㅡㅡㅡ
ㅡㅡㅡ,ㅡㅡㅡ
1992344,O
ㅡㅡㅡ,ㅡㅡㅡ
ㅡㅡㅡ,ㅡㅡㅡ
027,O
ㅡㅡㅡ,ㅡㅡㅡ
ㅡㅡㅡ,ㅡㅡㅡ
ㅡㅡㅡ,ㅡㅡㅡ
ㅡㅡㅡ,ㅡㅡㅡ
ㅡㅡㅡ,ㅡㅡㅡ
8194,O
ㅡㅡㅡ,ㅡㅡㅡ
ㅡㅡㅡ,ㅡㅡㅡ
ㅡㅡㅡ,ㅡㅡㅡ
ㅡㅡㅡ,ㅡㅡㅡ
1992313,O
ㅡㅡㅡ,ㅡㅡㅡ
ㅡㅡㅡ,ㅡㅡㅡ
259358,O
ㅡㅡㅡ,ㅡㅡㅡ
춘천,B_LOC
춘천,B_LOC
여행,O
춘천,B_LOC
카페투어카페투어,O
데일리브이로그,O
여행브이로그,O
브이로그,O
춘천브이로그,O
데일리룩룩북,O
분덕스카페,B_CAF
펜션혜원,O
스타벅스,O
그리프카페,O
아뜰리에김가,B_CAF
낭만국시,B_RES
광장상회,B_CAF
중앙시장,B_TOR
춘천중앙시장,B_TOR
춘천,B_LOC
펜션데일리,O
춘천,B_LOC
여행,O
강원도,B_LOC
강원도,B_LOC
춘천,B_LOC
카페,O
춘천,B_LOC
맛집,O
ㅡㅡㅡ,ㅡㅡㅡ
춘천,B_LOC
여행,O
브이로그,O
남이섬,B_TOR
여행정보,O
ㅡㅡㅡ,ㅡㅡㅡ
남이섬,B_TOR
222225376709,O
ㅡㅡㅡ,ㅡㅡㅡ
떵,O
쥬,O
계정,O
ㅡㅡㅡ,ㅡㅡㅡ
인플루언서,O
홈,O
ㅡㅡㅡ,ㅡㅡㅡ
인스타그램,O
ㅡㅡㅡ,ㅡㅡㅡ
네이버블로그,O
ㅡㅡㅡ,ㅡㅡㅡ
ㅡㅡㅡ,ㅡㅡㅡ
키네마스터에셋,O
과,O
유튜브,O
오디오,O
라이브러리,O
ㅡㅡㅡ,ㅡㅡㅡ
춘천,B_LOC
여행브이로그,O
남이섬,B_TOR
여행,O
춘천,B_LOC
여행,O
ㅡㅡㅡ,ㅡㅡㅡ
다리,O
다쳐서,O
하루,O
늦게,O
올렸어요,O
ㅡㅡㅡ,ㅡㅡㅡ
아무도,O
안,O
기다렸을까나,O
ㅡㅡㅡ,ㅡㅡㅡ
오늘,O
은,O
저의,O
고향인,O
희망이,O
강물처럼,O
흐르는,O
도시,O
춘천,B_LOC
의,O
맛집들을,O
소개해봅니다,O
ㅡㅡㅡ,ㅡㅡㅡ
지극히,O
개인적인,O
취향임을,O
고려하며,O
봐주세요,O
ㅡㅡㅡ,ㅡㅡㅡ
1,O
보릿고개,B_RES
보리밥,O
026,O
ㅡㅡㅡ,ㅡㅡㅡ
2,O
메밀,B_RES
밭,I_RES
감자,O
옹심이,O
049,O
ㅡㅡㅡ,ㅡㅡㅡ
3,O
삼교리,B_RES
동치미,I_RES
막국수,I_RES
막국수,O
128,O
ㅡㅡㅡ,ㅡㅡㅡ
4,O
춘천,B_LOC
한우,O
한우,O
200,O
ㅡㅡㅡ,ㅡㅡㅡ
5,O
개성,B_RES
손만두,I_RES
만두,O
전골,O
230,O
ㅡㅡㅡ,ㅡㅡㅡ
6,O
홍농댁,B_CAF
카페,O
크로플,O
246,O
ㅡㅡㅡ,ㅡㅡㅡ
7,O
풍물,B_RES
생고기,I_RES
삼겹살,O
족발고기,O
306,O
ㅡㅡㅡ,ㅡㅡㅡ
8,O
통나무집,B_RES
닭갈비,I_RES
닭갈비,O
354,O
ㅡㅡㅡ,ㅡㅡㅡ
9,O
카페,O
감자밭,B_CAF
카페,O
감자빵,O
400,O
ㅡㅡㅡ,ㅡㅡㅡ
2017년08월12일,O
ㅡㅡㅡ,ㅡㅡㅡ
아침부터,O
치과,O
치료를,O
받고,O
ㅡㅡㅡ,ㅡㅡㅡ
오빠,O
랑,O
춘천,B_LOC
에,O
당일치기를,O
갔다,O
ㅡㅡㅡ,ㅡㅡㅡ
출발하면서,O
버거킹,O
에서,O
통새우주니어와퍼,O
를,O
픽업해서,O
ㅡㅡㅡ,ㅡㅡㅡ
차,O
안에서,O
먹었다,O
ㅡㅡㅡ,ㅡㅡㅡ
연휴,O
시작이라,O
그런지,O
사람들이,O
도로에,O
많았다,O
ㅡㅡㅡ,ㅡㅡㅡ
춘천,B_LOC
을,O
4시간,O
걸려,O
가다니,O
이런,O
ㅡㅡㅡ,ㅡㅡㅡ
중간에,O
휴게소도,O
없어,O
휴식도,O
못,O
취한,O
채,O
ㅡㅡㅡ,ㅡㅡㅡ
춘천,B_LOC
다와가서,O
옆,O
에,O
건물하나,O
작게,O
있는,O
ㅡㅡㅡ,ㅡㅡㅡ
휴게소에,O
들러,O
쉬다가,O
다시,O
출발했다,O
ㅡㅡㅡ,ㅡㅡㅡ
제이드가든,B_TOR
이,O
첫번째,O
코스였는데,O
ㅡㅡㅡ,ㅡㅡㅡ
날씨도,O
그렇고,O
생각보다,O
너무,O
넓고,O
볼게,O
없었다,O
ㅡㅡㅡ,ㅡㅡㅡ
오르막길도,O
너무,O
들었음,O
ㅡㅡㅡ,ㅡㅡㅡ
체력이,O
바닥난,O
우리는,O
반도,O
못돈,O
채,O
뒤돌아,O
나왔다,O
ㅡㅡㅡ,ㅡㅡㅡ
그,O
후에,O
소양강,B_TOR
스카이워크,B_TOR
를,O
가서,O
ㅡㅡㅡ,ㅡㅡㅡ
오빠,O
가,O
두려움에,O
떠는,O
모습을,O
확인하고,O
ㅡㅡㅡ,ㅡㅡㅡ
밥,O
을,O
먹으러,O
갔다,O
ㅡㅡㅡ,ㅡㅡㅡ
수요미식회,O
에,O
나왔던,O
집인데,O
2년전인,O
가,O
미국,O
에서,O
온,O
ㅡㅡㅡ,ㅡㅡㅡ
사촌동생,O
과,O
같이,O
먹었다가,O
입,O
에서,O
녹는줄,O
ㅡㅡㅡ,ㅡㅡㅡ
그런데,O
이번엔,O
좀,O
그정도까지,O
아니었다,O
ㅡㅡㅡ,ㅡㅡㅡ
내가,O
입맛이,O
변한걸까,O
아니면,O
ㅡㅡㅡ,ㅡㅡㅡ
회사,O
근처,O
닭갈비,O
집이,O
너무,O
맛있어서,O
그런가,O
ㅡㅡㅡ,ㅡㅡㅡ
그,O
후에,O
가보고싶었던,O
카페,O
올레,B_CAF
에,O
갔다,O
ㅡㅡㅡ,ㅡㅡㅡ
테라스가,O
너무,O
예쁜,O
곳,O
ㅡㅡㅡ,ㅡㅡㅡ
카메라,O
배터리,O
가,O
나가서,O
많이는,O
못,O
찍었지만,O
ㅡㅡㅡ,ㅡㅡㅡ
아이폰,O
도,O
나름대로,O
역시,O
쓸만해,O
ㅡㅡㅡ,ㅡㅡㅡ
안녕하세요,O
아이지,O
입니다,O
ㅡㅡㅡ,ㅡㅡㅡ
이번에는,O
지난주,O
에,O
다녀온,O
춘천,B_LOC
당일치기,O
여행,O
브이로그예요ㅎㅎ,O
ㅡㅡㅡ,ㅡㅡㅡ
춘천,B_LOC
여행,O
강원도,B_LOC
ㅡㅡㅡ,ㅡㅡㅡ
여행,O
코스는,O
이렇게,O
됩니다,O
ㅡㅡㅡ,ㅡㅡㅡ
춘천역,B_LOC
도착,O
소양강스카이워크,B_TOR
다릿목닭갈비,B_RES
김유정역,B_TOR
해피초원목장,B_TOR
산토리니,B_CAF
라뜰리에,B_CAF
ㅡㅡㅡ,ㅡㅡㅡ
정말,O
하루동안,O
알차게,O
여행하다,O
왔어요,O
여유롭고,O
푸릇푸릇한,O
춘천,B_LOC
의,O
힐링영상을,O
즐기다,O
가세요ㅎㅎ,O
ㅡㅡㅡ,ㅡㅡㅡ
구독과,O
좋아요,O
부탁드립니다,O
ㅡㅡㅡ,ㅡㅡㅡ
0429,O
ㅡㅡㅡ,ㅡㅡㅡ
안녕하세요,O
유튜버,O
수파두파,O
유튜바,O
입니다,O
ㅡㅡㅡ,ㅡㅡㅡ
학교생활에,O
피폐해져,O
편집을,O
못하고,O
있었습니다,O
ㅡㅡㅡ,ㅡㅡㅡ
너무,O
게을렀죠ㅠ,O
반성합니다,O
ㅡㅡㅡ,ㅡㅡㅡ
이번,O
영상은,O
무려,O
4개월전,O
춘천,B_LOC
여행,O
영상입니다,O
ㅡㅡㅡ,ㅡㅡㅡ
한겨울,O
이었죠,O
지금은,O
한여름,O
이지만,O
ㅡㅡㅡ,ㅡㅡㅡ
방역수칙도,O
잘,O
지키고,O
무사히,O
갔다,O
왔습니다,O
ㅡㅡㅡ,ㅡㅡㅡ
앞으로,O
더,O
발전하는,O
모습,O
보여드릴게요,O
ㅡㅡㅡ,ㅡㅡㅡ
좋아요,O
구독,O
부탁드려용,O
감사합니다,O
ㅡㅡㅡ,ㅡㅡㅡ
촬영,O
갤럭시노트9,O
아이폰7,O
ㅡㅡㅡ,ㅡㅡㅡ
마이크,O
보야,O
1,O
ㅡㅡㅡ,ㅡㅡㅡ
편집,O
ㅡㅡㅡ,ㅡㅡㅡ
ㅡㅡㅡ,ㅡㅡㅡ
ㅡㅡㅡ,ㅡㅡㅡ
ㅡㅡㅡ,ㅡㅡㅡ
ㅡㅡㅡ,ㅡㅡㅡ
ㅡㅡㅡ,ㅡㅡㅡ
ㅡㅡㅡ,ㅡㅡㅡ
ㅡㅡㅡ,ㅡㅡㅡ
춘천,B_LOC
닭갈비,O
산토리니,B_CAF
브이로그,O
1박2일,O
여행,O
감자빵,O
음주,O
막국수,O
ㅡㅡㅡ,ㅡㅡㅡ
안녕하세요,O
오늘,O
은,O
춘천,B_LOC
여행,O
브이로그입니당,O
ㅡㅡㅡ,ㅡㅡㅡ
템플릿,O
론박자막연구소,O
ㅡㅡㅡ,ㅡㅡㅡ
ㅡㅡㅡ,ㅡㅡㅡ
오늘의,O
일기,O
ㅡㅡㅡ,ㅡㅡㅡ
기분전환이,O
필요해,O
ㅡㅡㅡ,ㅡㅡㅡ
77,O
ㅡㅡㅡ,ㅡㅡㅡ
ㅡㅡㅡ,ㅡㅡㅡ
오늘의,O
일기,O
ㅡㅡㅡ,ㅡㅡㅡ
카페인,O
바운스,O
ㅡㅡㅡ,ㅡㅡㅡ
77,O
ㅡㅡㅡ,ㅡㅡㅡ
ㅡㅡㅡ,ㅡㅡㅡ
오늘의,O
일기,O
ㅡㅡㅡ,ㅡㅡㅡ
스파클링워터,O
ㅡㅡㅡ,ㅡㅡㅡ
77,O
ㅡㅡㅡ,ㅡㅡㅡ
ㅡㅡㅡ,ㅡㅡㅡ
여행브이로그,O
초등,O
교사,O
춘천,B_LOC
여행,O
닭갈비,O
맛집,O
춘천,B_LOC
맛집,O
육림닭강정,B_RES
감자밭,B_CAF
감자빵,O
제이드가든,B_TOR
춘천,B_LOC
카페,O
카페디쿼드,B_CAF
ㅡㅡㅡ,ㅡㅡㅡ
춘천,B_LOC
여행,O
춘천,B_LOC
당일치기,O
무박,O
여행,O
브이로그,O
기차,O
여행,O
청춘,O
220볼트,B_CAF
소양강,B_TOR
스카이워크,B_TOR
감자,B_CAF
밭,I_CAF
통나무,B_RES
집,I_RES
ㅡㅡㅡ,ㅡㅡㅡ
안녕하세요,O
청춘,O
타고,O
간,O
무,O
박,O
당일치기,O
춘천,B_LOC
여행을,O
영상에,O
빠르게,O
담았습니다,O
ㅡㅡㅡ,ㅡㅡㅡ
시청해,O
주셔서,O
감사합니다,O
ㅡㅡㅡ,ㅡㅡㅡ
대룡산막국수,B_RES
ㅡㅡㅡ,ㅡㅡㅡ
카페드,O
220볼트,O
ㅡㅡㅡ,ㅡㅡㅡ
소양강,B_TOR
스카,B_TOR
이워,I_TOR
크,I_TOR
ㅡㅡㅡ,ㅡㅡㅡ
감자,B_CAF
밭,I_CAF
ㅡㅡㅡ,ㅡㅡㅡ
통나무집,B_RES
숯불닭갈비,I_RES
ㅡㅡㅡ,ㅡㅡㅡ
음악관련정보,O
ㅡㅡㅡ,ㅡㅡㅡ
1,O
ㅡㅡㅡ,ㅡㅡㅡ
ㅡㅡㅡ,ㅡㅡㅡ
ㅡㅡㅡ,ㅡㅡㅡ
199224,O
ㅡㅡㅡ,ㅡㅡㅡ
2,O
ㅡㅡㅡ,ㅡㅡㅡ
ㅡㅡㅡ,ㅡㅡㅡ
ㅡㅡㅡ,ㅡㅡㅡ
199224,O
ㅡㅡㅡ,ㅡㅡㅡ
횰라,O
안녕하쉐요,O
ㅡㅡㅡ,ㅡㅡㅡ
늦었지만,O
강원도,B_LOC
마지막날,O
여행영상,O
입니닷,O
ㅡㅡㅡ,ㅡㅡㅡ
오늘,O
도,O
시청해,O
주셔서,O
감사합니다,O
ㅡㅡㅡ,ㅡㅡㅡ
강원도,B_LOC
춘천,B_LOC
여행,O
제이드가든,B_TOR
산토리니,B_CAF
카페,O
ㅡㅡㅡ,ㅡㅡㅡ
ㅡㅡㅡ,ㅡㅡㅡ
ㅡㅡㅡ,ㅡㅡㅡ
ㅡㅡㅡ,ㅡㅡㅡ
1207,O
ㅡㅡㅡ,ㅡㅡㅡ
3살,O
딸,O
호돈,O
붙여준,O
유주,O
육아,O
브이로그,O
ㅡㅡㅡ,ㅡㅡㅡ
겨울,O
에,O
다녀온,O
남이섬,B_TOR
여행,O
담아봤습니다,O
ㅡㅡㅡ,ㅡㅡㅡ
행복하자,O
우리,O
가족,O
다들,O
행복한,O
주말,O
보내세요,O
ㅡㅡㅡ,ㅡㅡㅡ
키즈펜션,O
춘천,B_LOC
여행,O
남이섬,B_TOR
ㅡㅡㅡ,ㅡㅡㅡ
식당,O
춘천왕닭갈비,B_RES
ㅡㅡㅡ,ㅡㅡㅡ
카페,O
및,O
베이커리,O
카페나스,B_CAF
ㅡㅡㅡ,ㅡㅡㅡ
여행브이로그,O
국내여행,O
여행,O
브이로그,O
춘천,B_LOC
춘천,B_LOC
여행,O
춘천,B_LOC
당일치기,O
국내당일치기,O
당일치기여행,O
춘천,B_LOC
맛집,O
춘천,B_LOC
카페,O
소양강,B_TOR
카페,O
춘천,B_LOC
닭갈비,O
숯불닭갈비,O
닭갈비,O
맛집,O
춘천풍물시장,B_TOR
풍물시장,B_TOR
소양강처녀상,O
소양댐,B_TOR
의암호,B_TOR
대학생,O
대학생,O
브이로그,O
일상,O
연대생,O
연대생,O
브이로그,O
연세대학교,O
ㅡㅡㅡ,ㅡㅡㅡ
안녕하세요,O
소희리,O
야에요,O
ㅡㅡㅡ,ㅡㅡㅡ
정말,O
오랜만에,O
브이로그,O
업로드,O
하네요,O
ㅡㅡㅡ,ㅡㅡㅡ
회사,O
적응하느라,O
너무,O
바빴어요,O
ㅠㅠ,O
ㅡㅡㅡ,ㅡㅡㅡ
이제,O
다시,O
자주,O
올려보고록,O
할게요,O
ㅡㅡㅡ,ㅡㅡㅡ
1월,O
에ㅎㅎ,O
다녀온,O
당일치기,O
춘천,B_LOC
여행,O
ㅡㅡㅡ,ㅡㅡㅡ
이번에도,O
알차게,O
여행코스,O
짜서,O
다녀왔습니당,O
ㅡㅡㅡ,ㅡㅡㅡ
소양강스카이워크,B_TOR
춘천,B_LOC
명동,B_LOC
유림,O
닭강정,O
낭만골목,B_TOR
효자마을,B_TOR
데미안북스토어,O
산토리니,B_CAF
카페,O
비와별,B_RES
닭갈비,I_RES
김유정역,B_TOR
ㅡㅡㅡ,ㅡㅡㅡ
유명한,O
곳부터,O
가볼만한,O
곳까지,O
ㅡㅡㅡ,ㅡㅡㅡ
날씨는,O
좀,O
흐렸지만,O
그래도,O
재밌게,O
잘,O
다녀왔어요,O
ㅡㅡㅡ,ㅡㅡㅡ
요즘,O
코로나,O
때문에,O
너무,O
걱정이네요,O
ㅠㅠ,O
ㅡㅡㅡ,ㅡㅡㅡ
마스크,O
착용하시고,O
건강,O
꼭,O
챙기세요,O
ㅡㅡㅡ,ㅡㅡㅡ
궁금하신,O
사항은,O
댓글로,O
남겨주시고,O
ㅡㅡㅡ,ㅡㅡㅡ
구독과,O
좋아요,O
부탁드려요,O
ㅡㅡㅡ,ㅡㅡㅡ
ㅡㅡㅡ,ㅡㅡㅡ
춘천,B_LOC
여행,O
브이로그,O
여행브이로그,O
국내여행,O
ㅡㅡㅡ,ㅡㅡㅡ
안녕하세요,O
금요일과월요일사이,O
금월사,O
에요,O
ㅡㅡㅡ,ㅡㅡㅡ
추석,O
연휴,O
는,O
다들,O
잘,O
보내셨나요,O
ㅡㅡㅡ,ㅡㅡㅡ
저도,O
이,O
번,O
연휴는,O
알차게,O
보내려고,O
애를,O
많이,O
썼는데요,O
ㅡㅡㅡ,ㅡㅡㅡ
그중에서도,O
1박2일,O
춘천,B_LOC
여행이,O
기억에,O
남아서,O
가져왔어요,O
ㅡㅡㅡ,ㅡㅡㅡ
1박2일,O
2인,O
여행경비,O
총,O
30만원,O
들었습니다,O
ㅡㅡㅡ,ㅡㅡㅡ
1,O
숙소숙박,O
바베큐,O
카약,O
체험,O
2인,O
14만원,O
1인,O
7만원,O
로하스테이,O
추천,O
100,O
최고최고,O
ㅡㅡㅡ,ㅡㅡㅡ
2,O
숙소,O
외,O
식사카페,O
등,O
ㅡㅡㅡ,ㅡㅡㅡ
1,O
명가,B_RES
막국수,I_RES
24000원,O
막국수,O
2개,O
전병,O
1개,O
ㅡㅡㅡ,ㅡㅡㅡ
2,O
산토리니,B_CAF
카페,O
18300원,O
커피,O
2잔,O
케이크,O
1개,O
단호박케이크,O
맛있어요,O
ㅡㅡㅡ,ㅡㅡㅡ
3,O
다심원,B_CAF
다도체험,O
1인,O
5000원,O
녹차,O
황차,O
홍차,O
다과,O
제공,O
ㅡㅡㅡ,ㅡㅡㅡ
4,O
라뜰리에,B_CAF
15000원,O
빵,O
3개,O
ㅡㅡㅡ,ㅡㅡㅡ
5,O
탑플레이스,B_RES
구봉산,B_TOR
레스토랑,O
28300원,O
파스타,O
1,O
샐러드,O
1,O
ㅡㅡㅡ,ㅡㅡㅡ
6,O
어반그린,B_CAF
의암호,B_TOR
카페,O
13500원,O
커피,O
2잔,O
미니파운드케이크,O
1,O
ㅡㅡㅡ,ㅡㅡㅡ
약2인,O
30만원,O
ㅡㅡㅡ,ㅡㅡㅡ
너무,O
저렴하고,O
알차고,O
카약체험도,O
하고,O
바베큐,O
도,O
해준,O
로하스테이,O
는,O
다음에,O
또,O
꼭,O
가보고,O
싶어요,O
ㅡㅡㅡ,ㅡㅡㅡ
영상에,O
나오는,O
곳,O
다,O
적어봤는데,O
정말,O
좋았던,O
곳들이니,O
한번씩,O
방문해보세요,O
ㅡㅡㅡ,ㅡㅡㅡ
연휴가,O
아니더라도,O
1박2일,O
이면,O
충분한,O
춘천,B_LOC
여행,O
주말여행으로도,O
추천드립니다,O
ㅡㅡㅡ,ㅡㅡㅡ
오늘,O
도,O
부족한,O
영상,O
끝까지,O
봐주셔서,O
너무,O
감사드리고,O
늘,O
좋은,O
일만,O
가득하세요,O
ㅡㅡㅡ,ㅡㅡㅡ
금월사브이로그,O
9편,O
직장인,O
주말,O
브이로그,O
춘천,B_LOC
1박2일,O
여행브이로그,O
춘천,B_LOC
카약체험,O
춘천,B_LOC
게스트하우스,O
서울,B_LOC
근교,O
가성비,O
여행,O
서울,B_LOC
근교,O
1박2일,O
1박2일,O
여행지,O
추천,O
춘천,B_LOC
카페추천,O
산토리니,B_CAF
다도체험,O
다심원,B_CAF
ㅡㅡㅡ,ㅡㅡㅡ
안녕하세요,O
코우딩입니다,O
ㅡㅡㅡ,ㅡㅡㅡ
이번,O
영상에서는,O
10월1일,O
에,O
진행됐던,O
ㅡㅡㅡ,ㅡㅡㅡ
강원도,B_LOC
29초영,O
화제,O
시상식에,O
참석했는데요,O
ㅡㅡㅡ,ㅡㅡㅡ
첫,O
출품이다,O
보니,O
작품,O
자체도,O
많이,O
부족했고,O
ㅡㅡㅡ,ㅡㅡㅡ
준비했던,O
영상이,O
생각보다,O
방향이,O
많이,O
다르더라구요,O
ㅡㅡㅡ,ㅡㅡㅡ
그래도,O
수상작들을,O
감상하면서,O
ㅡㅡㅡ,ㅡㅡㅡ
어떤,O
분위기의,O
영상들이,O
수상하는지,O
느낌을,O
알,O
수,O
있었고,O
ㅡㅡㅡ,ㅡㅡㅡ
다른,O
감독,O
님들의,O
작품을,O
볼,O
수,O
있는,O
좋은,O
기회였습니다,O
ㅡㅡㅡ,ㅡㅡㅡ
당일치기는,O
너무,O
아쉬워서,O
친구,O
들과,O
1박2일,O
로,O
ㅡㅡㅡ,ㅡㅡㅡ
여행,O
겸,O
다녀왔는데,O
재밌는,O
장면들이,O
너무,O
많이,O
나왔어요,O
ㅎㅎ,O
ㅡㅡㅡ,ㅡㅡㅡ
산토리니,B_CAF
카페도,O
너무,O
예뻤고,O
ㅡㅡㅡ,ㅡㅡㅡ
먹었던,O
음식들도,O
다,O
너무,O
맛있었구요,O
ㅠㅠ,O
ㅡㅡㅡ,ㅡㅡㅡ
못,O
먹고,O
못,O
보고,O
돌아온,O
곳이,O
너무,O
많아서,O
ㅡㅡㅡ,ㅡㅡㅡ
춘천,B_LOC
과,O
강원도,B_LOC
는,O
언제나,O
다시,O
가고,O
싶은,O
여행지,O
같아요,O
ㅎㅎ,O
ㅡㅡㅡ,ㅡㅡㅡ
여러분들도,O
더,O
추워지기전에,O
방문하셔서,O
ㅡㅡㅡ,ㅡㅡㅡ
맛있는,O
음식들,O
싹,O
다,O
먹고,O
오세요,O
ㅡㅡㅡ,ㅡㅡㅡ
오늘,O
도,O
끝까지,O
영상을,O
시청해주셔서,O
감사하고,O
ㅡㅡㅡ,ㅡㅡㅡ
저는,O
다음,O
영상으로,O
돌아오겠습니다,O
ㅡㅡㅡ,ㅡㅡㅡ
감사합니다,O
ㅡㅡㅡ,ㅡㅡㅡ
29초영화제,O
춘천,B_LOC
브이로그,O
ㅡㅡㅡ,ㅡㅡㅡ
사용한,O
음악,O
저작권,O
표시,O
ㅡㅡㅡ,ㅡㅡㅡ
ㅡㅡㅡ,ㅡㅡㅡ
ㅡㅡㅡ,ㅡㅡㅡ
ㅡㅡㅡ,ㅡㅡㅡ
나눔뮤직,O
9972058,O
ㅡㅡㅡ,ㅡㅡㅡ
ㅡㅡㅡ,ㅡㅡㅡ
ㅡㅡㅡ,ㅡㅡㅡ
7,O
ㅡㅡㅡ,ㅡㅡㅡ
나눔뮤직,O
9521597,O
ㅡㅡㅡ,ㅡㅡㅡ
ㅡㅡㅡ,ㅡㅡㅡ
ㅡㅡㅡ,ㅡㅡㅡ
ㅡㅡㅡ,ㅡㅡㅡ
나눔뮤직,O
9399553,O
ㅡㅡㅡ,ㅡㅡㅡ
ㅡㅡㅡ,ㅡㅡㅡ
ㅡㅡㅡ,ㅡㅡㅡ
ㅡㅡㅡ,ㅡㅡㅡ
나눔뮤직,O
9399141,O
ㅡㅡㅡ,ㅡㅡㅡ
ㅡㅡㅡ,ㅡㅡㅡ
브이로그,O
일상,O
여행,O
낭만,O
춘천,B_LOC
춘천,B_LOC
여행,O
감자,B_CAF
밭,I_CAF
카페,O
감자빵,O
닭갈비,O
막국수,O
음식,O
여행일지,O
여행기록,O
간호학과,O
01년생,O
ㅡㅡㅡ,ㅡㅡㅡ
닭갈비,O
인어의집,B_RES
ㅡㅡㅡ,ㅡㅡㅡ
강원도,B_LOC
춘천시,B_LOC
신동면,B_LOC
의암리,B_LOC
3111,O
ㅡㅡㅡ,ㅡㅡㅡ
저에게,O
맛집은,O
아니였습니다ㅜㅜ,O
가는길에,O
가까워서,O
간거에요,O
ㅡㅡㅡ,ㅡㅡㅡ
자주가는,O
맛집은,O
따로있어요,O
ㅎㅎ,O
ㅡㅡㅡ,ㅡㅡㅡ
카페,O
춘천,B_LOC
산토리니,B_CAF
ㅡㅡㅡ,ㅡㅡㅡ
강원,B_LOC
춘천시,B_LOC
동면,O
순환대로,O
115497,O
ㅡㅡㅡ,ㅡㅡㅡ
카페,O
라퀴송,O
ㅡㅡㅡ,ㅡㅡㅡ
서울특별시,B_LOC
성북구,B_LOC
북악산로,O
31길,O
39,O
ㅡㅡㅡ,ㅡㅡㅡ
빕스왕십리역점,O
ㅡㅡㅡ,ㅡㅡㅡ
서울,B_LOC
성동구,B_LOC
왕십리광장로,O
17,O
왕십리역사,O
2층,O
ㅡㅡㅡ,ㅡㅡㅡ
분명,O
지점마다,O
맛차이가,O
있을거라,O
생각됩니다ㅎㅎ,O
ㅡㅡㅡ,ㅡㅡㅡ
빕스,O
할인정보,O
생일,O
달,O
1만원,O
할인쿠폰,O
ㅡㅡㅡ,ㅡㅡㅡ
통신사,O
15,O
할인,O
캐쉬,O
백,O
30,O
할인,O
20포인트,O
차감,O
10,O
할인,O
또는,O
10,O
적립,O
ㅡㅡㅡ,ㅡㅡㅡ
ㅡㅡㅡ,ㅡㅡㅡ
음악,O
ㅡㅡㅡ,ㅡㅡㅡ
봄,O
에,O
듣기좋은,O
모음,O
ㅡㅡㅡ,ㅡㅡㅡ
브금,O
대통령,O
ㅡㅡㅡ,ㅡㅡㅡ
브금,O
대통령,O
ㅡㅡㅡ,ㅡㅡㅡ
50,O
ㅡㅡㅡ,ㅡㅡㅡ
브금,O
대통령,O
ㅡㅡㅡ,ㅡㅡㅡ
스쿠터,O
여행,O
3368,O
ㅡㅡㅡ,ㅡㅡㅡ
ㅡㅡㅡ,ㅡㅡㅡ
브금,O
대통령,O
ㅡㅡㅡ,ㅡㅡㅡ
브금,O
대통령,O
ㅡㅡㅡ,ㅡㅡㅡ
9,O
ㅡㅡㅡ,ㅡㅡㅡ
춘천,B_LOC
닭갈비,O
빕스,O
할아버지,O
공장,O
데이트,O
춘천산토리니,B_CAF
인어의집,B_RES
라퀴송,O
26주,O
임산부,O
임신,O
26주,O
임신,O
예비,O
맘,O
소,O
띠맘,O
브이로그,O
ㅡㅡㅡ,ㅡㅡㅡ
임산부,O
브이로그,O
ㅡㅡㅡ,ㅡㅡㅡ
감자빵,O
과,O
닭갈비,O
ㅡㅡㅡ,ㅡㅡㅡ
그리고,O
김유정역,B_TOR
소양강,B_TOR
스카이워크,B_TOR
ㅡㅡㅡ,ㅡㅡㅡ
해피초원목장,B_TOR
까지,O
춘천,B_LOC
명소,O
다,O
가봤다,O
ㅡㅡㅡ,ㅡㅡㅡ
아이오닉5,O
와,O
루마버텍스,O
가,O
ㅡㅡㅡ,ㅡㅡㅡ
함께라면,O
어디든,O
갈,O
수,O
있어,O
ㅡㅡㅡ,ㅡㅡㅡ
요약보기,O
ㅡㅡㅡ,ㅡㅡㅡ
020,O
설레는,O
여행의,O
시작,O
ㅡㅡㅡ,ㅡㅡㅡ
112,O
김유정,B_TOR
역,I_TOR
ㅡㅡㅡ,ㅡㅡㅡ
232,O
남춘천닭갈비,B_RES
ㅡㅡㅡ,ㅡㅡㅡ
324,O
소양강,B_TOR
스카이워크,B_TOR
ㅡㅡㅡ,ㅡㅡㅡ
359,O
카페,O
감자,B_CAF
밭,I_CAF
ㅡㅡㅡ,ㅡㅡㅡ
525,O
해피초원목장,B_TOR
ㅡㅡㅡ,ㅡㅡㅡ
루마썬팅,O
공식,O
채널,O
ㅡㅡㅡ,ㅡㅡㅡ
홈페이지,O
ㅡㅡㅡ,ㅡㅡㅡ
블로그,O
ㅡㅡㅡ,ㅡㅡㅡ
인스타그램,O
ㅡㅡㅡ,ㅡㅡㅡ
페이스북,O
ㅡㅡㅡ,ㅡㅡㅡ
춘천,B_LOC
여행,O
여행브이로그,O
국내여행,O
ㅡㅡㅡ,ㅡㅡㅡ
거의,O
수학여행급으로,O
돌아다닌,O
1박2일,O
춘천,B_LOC
여행기,O
ㅡㅡㅡ,ㅡㅡㅡ
빡세다고요,O
저도,O
그렇게,O
생각합니다,O
ㅡㅡㅡ,ㅡㅡㅡ
그래서,O
2개,O
영상으로,O
나눠서,O
올릴,O
예정이에요,O
ㅡㅡㅡ,ㅡㅡㅡ
여행,O
한정,O
인,O
친구,O
덕분에,O
가득가득,O
채워진,O
ㅡㅡㅡ,ㅡㅡㅡ
상세,O
일정은,O
영상과,O
아,O
래에서,O
확인,O
가능합니다,O
ㅡㅡㅡ,ㅡㅡㅡ
숙소,O
정보,O
ㅡㅡㅡ,ㅡㅡㅡ
헤이,O
춘천,O
ㅡㅡㅡ,ㅡㅡㅡ
영상,O
속,O
장소,O
ㅡㅡㅡ,ㅡㅡㅡ
신남,O
큰집,B_RES
삼계탕,I_RES
ㅡㅡㅡ,ㅡㅡㅡ
레일파크,B_TOR
레일바이크,B_TOR
탄,O
곳,O
ㅡㅡㅡ,ㅡㅡㅡ
책과,B_TOR
인쇄,I_TOR
박물관,I_TOR
ㅡㅡㅡ,ㅡㅡㅡ
김유정문학촌,B_TOR
ㅡㅡㅡ,ㅡㅡㅡ
혜정닭갈비,B_RES
ㅡㅡㅡ,ㅡㅡㅡ
카페,O
올라,O
ㅡㅡㅡ,ㅡㅡㅡ
2021,O
혜오니소스,O
ㅡㅡㅡ,ㅡㅡㅡ
여러분,O
안녕하세요,O
ㅡㅡㅡ,ㅡㅡㅡ
9월초,O
2주년,O
기념으로,O
춘천,B_LOC
에,O
다녀왔어요,O
ㅡㅡㅡ,ㅡㅡㅡ
선선한,O
날씨도,O
좋고,O
특별한,O
날이였어서,O
그런지,O
ㅡㅡㅡ,ㅡㅡㅡ
이번,O
영상에서는,O
유난히,O
제,O
본캐가,O
많이,O
보여지는,O
것,O
같아,O
ㅡㅡㅡ,ㅡㅡㅡ
조금,O
부끄럽네요ㅎㅎ,O
ㅡㅡㅡ,ㅡㅡㅡ
그래도,O
현실에서,O
벗어나,O
힐링도,O
하고,O
서프라이즈,O
선물도,O
ㅡㅡㅡ,ㅡㅡㅡ
주고,O
받으며,O
행복지수,O
충전해왔답니다,O
ㅡㅡㅡ,ㅡㅡㅡ
그럼,O
춘천,B_LOC
여행,O
브이로그,O
재미있게,O
봐주세요,O
ㅡㅡㅡ,ㅡㅡㅡ
춘천,B_LOC
여행,O
춘천,B_LOC
2박3일,O
춘천,B_LOC
여행브이로그,O
ㅡㅡㅡ,ㅡㅡㅡ
ㅡㅡㅡ,ㅡㅡㅡ
039,O
팔도해장국,B_RES
ㅡㅡㅡ,ㅡㅡㅡ
110,O
더잭슨나인스호텔,O
ㅡㅡㅡ,ㅡㅡㅡ
154,O
육림고개,B_TOR
ㅡㅡㅡ,ㅡㅡㅡ
232,O
올라,O
ㅡㅡㅡ,ㅡㅡㅡ
305,O
육림닭강정,B_RES
ㅡㅡㅡ,ㅡㅡㅡ
ㅡㅡㅡ,ㅡㅡㅡ
708,O
해피초원목장,B_TOR
ㅡㅡㅡ,ㅡㅡㅡ
922,O
장호닭갈비,B_RES
명가,O
ㅡㅡㅡ,ㅡㅡㅡ
940,O
카페,O
감자,B_CAF
밭,I_CAF
ㅡㅡㅡ,ㅡㅡㅡ
1016,O
산토리니,B_CAF
ㅡㅡㅡ,ㅡㅡㅡ
1103,O
소양강댐,B_TOR
ㅡㅡㅡ,ㅡㅡㅡ
ㅡㅡㅡ,ㅡㅡㅡ
1305,O
꽃돼지분식,B_RES
ㅡㅡㅡ,ㅡㅡㅡ
1317,O
북청레저,B_TOR
ㅡㅡㅡ,ㅡㅡㅡ
1353,O
124,O
ㅡㅡㅡ,ㅡㅡㅡ
ㅡㅡㅡ,ㅡㅡㅡ
1993,O
ㅡㅡㅡ,ㅡㅡㅡ
1993,O
ㅡㅡㅡ,ㅡㅡㅡ
