﻿word,ner
하니,O
춘천,B_LOC
뚜벅이,O
여행,O
김유정역,B_TOR
레일바이크,B_TOR
인,O
생샷스팟,O
스카,B_TOR
이워,I_TOR
크,I_TOR
감자,B_CAF
밭,I_CAF
감자빵,O
산토리니,B_CAF
춘천,B_LOC
맛집,O
ㅡㅡㅡ,ㅡㅡㅡ
일상브이로그,O
춘천,B_LOC
여행,O
브이로그,O
1탄,O
춘천,B_LOC
여행,O
남이섬,B_TOR
춘천,O
브이로,O
그,O
김유정역,B_TOR
에어비앤비,O
추천,O
춘천,B_LOC
감성숙소,O
춘천,B_LOC
에어비앤비,O
코닥,O
미니샷레트로3,O
ㅡㅡㅡ,ㅡㅡㅡ
일상브이로그,O
춘천,B_LOC
여행,O
브이로그,O
2탄,O
춘천여행,O
해피초원목장,B_TOR
춘천뚜벅이여행,O
해피초원목장,B_TOR
버스,O
춘천,B_LOC
감자밭,B_CAF
감바스,O
만들기나홀로,O
생일파티레이어드컷,O
고데기,O
ㅡㅡㅡ,ㅡㅡㅡ
여행,O
당일치기,O
강원도,B_LOC
춘천,B_LOC
여행,O
브이로그,O
춘천,B_LOC
맛집,O
산토리니,B_CAF
통나무집닭갈비,B_RES
감자밭,B_CAF
강촌테마랜드,B_TOR
어반그린,B_CAF
ㅡㅡㅡ,ㅡㅡㅡ
직장인,O
브이로그,O
데일리룩,O
자라,O
언박싱,O
춘천,B_LOC
춘천,B_LOC
여행,O
남이섬,B_TOR
가족,O
여행,O
여행,O
브이로그,O
ㅡㅡㅡ,ㅡㅡㅡ
할라로그,O
춘천,B_LOC
브이로그,O
소양강,B_TOR
밥,O
먹고,O
카페가는,O
일상,O
ㅡㅡㅡ,ㅡㅡㅡ
51,O
부족한,O
브이로그,O
춘천,B_LOC
여행현실,O
브이로그,O
와플,O
만들기,O
춘천,B_LOC
감자빵,B_CAF
춘천,B_LOC
닭갈비,O
소양강,B_TOR
랜선,O
여행,O
ㅡㅡㅡ,ㅡㅡㅡ
일상,O
브이로그,O
춘천,B_LOC
의,O
이색,O
박물관,O
달아실,B_TOR
방문,O
춘천,B_LOC
당일치기,O
여행,O
춘천,B_LOC
가볼만한곳,O
여행지추천,O
춘천,B_LOC
맛집,O
춘천,B_LOC
카페,O
오수물막국수,B_RES
카페나스,B_CAF
피규어박물관,O
ㅡㅡㅡ,ㅡㅡㅡ
춘천,B_LOC
에서,O
인생샷,O
찍고왔어요,O
직장인,O
브이로그근교여행,O
춘천닭갈비,O
우미닭갈비,B_RES
카,O
페투,O
어,O
산토리니,B_CAF
해피초원목장,B_TOR
영상,O
피디,O
인생샷찍기ㅣ하놀ㅣ,O
ㅡㅡㅡ,ㅡㅡㅡ
춘천브이로그,O
좀정,O
의,O
당일치기,O
춘천,B_LOC
여행,O
일정,O
춘천,B_LOC
맛집,O
카페,O
회영루,B_RES
산토리니,B_CAF
의암호수,B_TOR
스카이워크,B_TOR
제이드가든,B_TOR
춘천닭갈비,O
ㅡㅡㅡ,ㅡㅡㅡ
먹방,O
브이로그,O
즉흥으로,O
춘천,B_LOC
가서,O
춘천,B_LOC
닭갈비,O
에,O
볶음밥,O
볶고,O
막국수,O
먹는,O
일상,O
ㅡㅡㅡ,ㅡㅡㅡ
브이로그,O
15,O
춘천,B_LOC
2박3일,O
여행,O
완벽한,O
2주년,O
춘천핫플,O
카페맛집,O
추천,O
포지티브즈,B_CAF
감자밭,B_CAF
아몬드트리,B_CAF
장호,B_RES
쌈밥,O
ㅡㅡㅡ,ㅡㅡㅡ
춘천,B_LOC
여행,O
두번째,O
이야기,O
아기여행,O
육아브이로그,O
춘천,B_LOC
스카이워크,B_TOR
춘천,B_LOC
산토리니,B_CAF
가평,B_LOC
동기간,O
가평,B_LOC
서로하우스,O
ㅡㅡㅡ,ㅡㅡㅡ
여행,O
브이로그,O
ㅣ,O
친구,O
랑,O
가평,B_LOC
춘천,B_LOC
여행가기,O
ㅣ,O
남이섬,B_TOR
골든트리카페,B_CAF
ㅡㅡㅡ,ㅡㅡㅡ
직장인,O
브이로그,O
1탄,O
춘천산토리니,B_CAF
춘천감자빵,O
감자밭,B_CAF
데이트출근하기일상브이로그,O
ㅡㅡㅡ,ㅡㅡㅡ
브이로그,O
일상,O
춘천,B_LOC
여행,O
브이로그,O
온이카페,B_CAF
라뜰리에김가,B_CAF
해피초원목장,B_TOR
남이섬,B_TOR
주말,O
일상,O
ㅡㅡㅡ,ㅡㅡㅡ
여행,O
춘천,B_LOC
여행,O
브이로그,O
2,O
ㅣ,O
친구,O
들과,O
1박2일,O
ㅣ카페,O
감자밭,B_CAF
부터,O
애니메이션,B_TOR
박물관,I_TOR
숯불닭갈비,O
ㅡㅡㅡ,ㅡㅡㅡ
여행브이로그,O
캠핑브이로그,O
춘천,B_LOC
여행,O
아웃오브파크,B_TOR
글램핑,O
캠핑,O
동동카누,O
헬렌카민스키,O
로에베,O
춘천,O
막국수,O
ㅡㅡㅡ,ㅡㅡㅡ
춘천,B_LOC
여행,O
브이로그,O
당일치기,O
토담숯불닭갈비,B_RES
카페감자밭,B_CAF
육림랜드,B_TOR
소양강,B_TOR
드라이,O
브,O
테라로사서종,B_CAF
ㅡㅡㅡ,ㅡㅡㅡ
춘천,B_LOC
데이트,O
브이로그,O
카페,O
산토리니,B_CAF
220,O
춘천,B_LOC
핫플,O
드라이브,O
서울,B_LOC
근교데이트,O
숯불닭갈비,O
막국수,O
ㅡㅡㅡ,ㅡㅡㅡ
빠지에,O
빠지다,O
브이로그ㅣ,O
춘천,B_LOC
ㅣ당일치기여행,O
ㅣ수상레저ㅣ,O
여름,O
당일치기명소ㅣ힐링여행ㅣ,O
남이섬,B_TOR
근처,O
빠지수상레저ㅣ꿀잼각,O
ㅡㅡㅡ,ㅡㅡㅡ
09,O
춘천,B_LOC
여행,O
2탄,O
브이로그,O
회영루,B_RES
17,O
공지천피크닉,O
트랙킬라,O
ㅡㅡㅡ,ㅡㅡㅡ
지옥의,O
일상,O
브이로그,O
춘천,B_LOC
여행,O
소울로스터리,O
카페,O
감자밭,B_CAF
꼴두바우,B_RES
갓포핫토,B_RES
백일칼국수,B_RES
와이어드커피,B_CAF
ㅡㅡㅡ,ㅡㅡㅡ
최애브이로그,O
날씨가,O
다한,O
1박2일,O
춘천,B_LOC
필수여행코스,O
토담,B_RES
숯불닭갈비,I_RES
감자,B_CAF
밭,I_CAF
어반그린카누,B_CAF
ㅡㅡㅡ,ㅡㅡㅡ
1박2일,O
먹방,O
브이로그글램핑,O
즐기고,O
춘천,B_LOC
먹방,O
찍고왔습니다,O
신전떡볶이,O
파리바게트,O
슈크림도넛,O
민초케이크,O
목살,O
까르보불닭,O
피자,O
감자밭,B_CAF
감자빵,O
옥수수빵,O
민초감자빵,O
구봉농원,B_RES
ㅡㅡㅡ,ㅡㅡㅡ
춘천,B_LOC
여행,O
브이로그,O
행복만,O
가득했던,O
초가을,O
여행,O
육림고개,B_TOR
아가사식당,B_RES
해피초원목장,B_TOR
감자밭,B_CAF
브릭스피자,B_RES
녹색시간,B_CAF
ㅡㅡㅡ,ㅡㅡㅡ
장난빼면,O
시체,O
뒤돌면,O
당한다,O
찬양팀,O
브이로그,O
춘천,B_LOC
강릉,B_LOC
여행기,O
산토리니,B_CAF
카페,O
ㅡㅡㅡ,ㅡㅡㅡ
시골휴가,O
브이로그,O
춘천,B_LOC
시골집에서의,O
휴가,O
운동,O
막국수,O
옥수수,O
따기,O
소소한,O
시골밥상,O
ㅡㅡㅡ,ㅡㅡㅡ
춘천,B_LOC
남이섬,B_TOR
공연,O
명,O
도팀,O
출동,O
브이로그,O
찍어봤어요,O
양철인간,O
배,O
처음,O
탄데요,O
ㅡㅡㅡ,ㅡㅡㅡ
여행브이로그,O
춘천,B_LOC
당일치기여행,O
부제,O
진짜,O
춘천,B_LOC
여행,O
맞아,O
춘천통나무집닭갈비,B_RES
막국수,O
서울,B_LOC
맛집,O
저질체력의,O
여행후기,O
ㅡㅡㅡ,ㅡㅡㅡ
가평,B_LOC
브이로그,O
크리스마스,O
파티,O
춘천,B_LOC
브이로그,O
남이섬,B_TOR
자라섬,B_TOR
펜션,O
브이로그,O
바,O
베큐파티,O
ㅡㅡㅡ,ㅡㅡㅡ
당일치기,O
춘천,B_LOC
여행,O
브이로그,O
김유정역,B_TOR
해피초원목장,B_TOR
소양강스카이워크,B_TOR
애니메이션,B_TOR
박물관,I_TOR
디어은,O
ㅡㅡㅡ,ㅡㅡㅡ
여행브이로그,O
16개,O
시도전국일주,O
강원도,B_LOC
춘천,B_LOC
산토리니,B_CAF
카페,O
남이섬,B_TOR
짚라인,O
닭갈비,O
막국수,O
제이드가든,B_TOR
모아이카페,O
춘천,B_LOC
맛집,O
춘천,B_LOC
카페,O
ㅡㅡㅡ,ㅡㅡㅡ
춘천,B_LOC
여행,O
브이로그,O
남이섬,B_TOR
난타,O
강사,O
인플루언서,O
ㅡㅡㅡ,ㅡㅡㅡ
28,O
주자매,O
언니,O
모,O
녀춘천,O
여행,O
브이로그,O
춘천,B_LOC
닭갈비,O
막국수,O
카페먹방로드,O
ㅡㅡㅡ,ㅡㅡㅡ
춘천,B_LOC
여행,O
브이로그,O
뮤직비디오,O
ㅣ,O
소양강소녀상,O
소양걍스카이워크,B_TOR
김유정역,B_TOR
카페감자밭,B_CAF
빵공장,O
라뜰리에,B_CAF
ㅡㅡㅡ,ㅡㅡㅡ
춘천,B_LOC
여행,O
브이로그,O
힐링,O
따뜻했던,O
날씨,O
김유정역,B_TOR
폐역,O
레일바이크,B_TOR
저녁,O
남이섬,B_TOR
사진,O
왕창,O
찍기,O
ㅡㅡㅡ,ㅡㅡㅡ
변호사,O
브이로그,O
춘천,B_LOC
백수,O
변호사,O
의,O
춘천,B_LOC
맛집,O
소개,O
보리밥,O
옹심이,O
막국수,O
한우,O
만두전골,O
크,O
로플,O
풍물생고기,B_RES
통나무집닭갈비,B_RES
감자밭감자빵,B_CAF
ㅡㅡㅡ,ㅡㅡㅡ
우리하다,O
여행,O
브이로그,O
춘천,B_LOC
당일치기,O
여행코스,O
김유정역,B_TOR
춘천닭갈비,O
스카이워크,B_TOR
명동,B_LOC
낭만골목,O
산토리니,B_CAF
ㅡㅡㅡ,ㅡㅡㅡ
여행2,O
춘천,B_LOC
당일치기,O
브이로그,O
이보다,O
알찰,O
수,O
없는,O
여행,O
목장,O
힐링,O
여행,O
ㅡㅡㅡ,ㅡㅡㅡ
춘천,B_LOC
당일치기,O
여행,O
브이로그,O
닭갈비,O
막국수,O
먹방,O
ㅡㅡㅡ,ㅡㅡㅡ
18,O
역시,O
닭갈비,O
의,O
고장,O
춘천,B_LOC
브이로그,O
뚜벅이,O
커플,O
데이트,O
추천,O
닭갈비,O
올라카페,B_CAF
막국수,O
카페,O
ㅡㅡㅡ,ㅡㅡㅡ
9,O
춘천,B_LOC
1박2일,O
브이로그,O
통나무,B_RES
집,I_RES
닭갈비,I_RES
감자밭,B_CAF
산토리니,B_CAF
등등,O
숲둪로그,O
ㅡㅡㅡ,ㅡㅡㅡ
겨울,O
일상,O
브이로그,O
강촌엘리시안스키장,O
춘천,B_LOC
남이섬,B_TOR
닭갈비,O
맛집,O
집밥,O
해먹기,O
ㅡㅡㅡ,ㅡㅡㅡ
브이로그,O
강원도,B_LOC
춘천,B_LOC
여행,O
제이드가든,B_TOR
산토리니카페,B_CAF
회영루,B_RES
가보다,O
직장,O
인브이로그,O
춘천,B_LOC
제이드가든,B_TOR
산토리니,B_CAF
카페,O
회영루,B_RES
횰라,O
ㅡㅡㅡ,ㅡㅡㅡ
춘천,B_LOC
닭갈비,O
여행,O
떠나,O
쌀국수,O
에,O
빠져,O
돌아온,O
브이로그,O
토담숯불닭갈비,B_RES
카페,O
감자,B_CAF
밭,I_CAF
산토리니,B_CAF
우성닭갈비,B_RES
퍼후,B_RES
에,I_RES
ㅡㅡㅡ,ㅡㅡㅡ
다슬기,O
여행,O
브이로그,O
결혼기념일,O
급,O
춘천,B_LOC
여행,O
22시간,O
바짝여행,O
국내여행,O
춘천,B_LOC
소양강,B_TOR
숯불닭갈비,O
ㅡㅡㅡ,ㅡㅡㅡ
육아브이로그,O
3살,O
딸,O
이랑,O
춘천,B_LOC
가족,O
여행,O
다녀왔습니다,O
남이섬,B_TOR
ㅡㅡㅡ,ㅡㅡㅡ
여행브이로그,O
갑자기,O
춘천,B_LOC
당일치기,O
춘천,B_LOC
여행,O
국내여행,O
춘천풍물시장,B_TOR
공지천길,O
의암호,B_TOR
소양강처녀상,O
소양댐,B_TOR
무야호,O
소양강,B_TOR
카페,O
숯불닭갈비,O
몬꺼로그,O
ㅡㅡㅡ,ㅡㅡㅡ
브이로그,O
춘천,B_LOC
여행,O
알찬,O
여행,O
코스,O
김유정역,B_TOR
낭만골목,B_TOR
효자마을,B_TOR
산토리니,B_CAF
춘천,B_LOC
닭갈비,O
ㅡㅡㅡ,ㅡㅡㅡ
전편,O
4,O
춘천,B_LOC
남이섬,B_TOR
데이트,O
커플,O
브이로그,O
데이트,O
브이로그,O
남이섬,B_TOR
데이트기동,O
커플,O
ㅡㅡㅡ,ㅡㅡㅡ
오디오가,O
안,O
비는,O
친구,O
들과,O
1박2일,O
춘천,B_LOC
여행,O
브이로그,O
비대면,O
힐링스팟,O
춘천,B_LOC
닭갈비,O
막국수,O
감자빵,O
륭림닭발,O
냠냠,O
ㅡㅡㅡ,ㅡㅡㅡ
춘천,B_LOC
당일치기,O
브이로그첫,O
슬라임,O
쇼핑당일치기,O
코스,O
추천,O
춘천,B_LOC
맛집,O
춘천,B_LOC
카페,O
추천,O
남이섬,B_TOR
간단한,O
스타필드,O
브이로그,O
ㅡㅡㅡ,ㅡㅡㅡ
춘천,B_LOC
여행,O
브이로그,O
1박2일,O
감성숙소추천,O
주광색,O
현지추천맛집,O
토담닭갈비,B_RES
감자밭,B_CAF
평양막국수,B_RES
해피초원목장,B_TOR
ㅡㅡㅡ,ㅡㅡㅡ
브이로그,O
뇌,O
를,O
쉬게하는,O
미니멀라이프,O
여행,O
춘천,B_LOC
소양강,B_TOR
청평사,B_TOR
ㅡㅡㅡ,ㅡㅡㅡ
춘천,B_LOC
1박2일,O
여행브이로그,O
춘천,B_LOC
카,O
약체험,O
춘천,B_LOC
게스트하우스,O
서울,B_LOC
근교,O
가성비,O
여행,O
서울,B_LOC
근교,O
1박2일,O
1박2일,O
여행지,O
추천,O
춘천,B_LOC
카페추천,O
산토리니,B_CAF
다도체험,O
다심원,O
ㅡㅡㅡ,ㅡㅡㅡ
시험,O
끝난,O
수험생,O
브이로그,O
속초,B_LOC
춘천,B_LOC
감자밭,B_CAF
성수,B_LOC
난포,O
카페순이,O
ㅡㅡㅡ,ㅡㅡㅡ
난리부르스,O
강원도,B_LOC
브이로그,O
춘천,B_LOC
29초,O
영화제,O
산토리니,B_CAF
닭갈비,O
막국수,O
ㅡㅡㅡ,ㅡㅡㅡ
춘천,B_LOC
브이로그,O
블타바강,O
하,O
나도,O
안부러운,O
노을,O
맛집,O
소양강,B_TOR
춘천,B_LOC
나들이,O
상린,B_RES
카페디쿼드,B_CAF
꽃필녘,B_RES
춘천,B_LOC
대학생,O
일상,O
브이로그,O
ㅡㅡㅡ,ㅡㅡㅡ
여행,O
브이로그,O
춘천,B_LOC
당일치기,O
여행코스,O
중도,O
레저에서,O
웨이크보드,O
타고,O
물먹기,O
의암호,B_TOR
뷰가,O
멋진,O
서면카페,O
카르페,O
춘천,B_LOC
로컬맛집,O
소양강,B_TOR
다슬기,O
ㅡㅡㅡ,ㅡㅡㅡ
강원도,B_LOC
촌캉스,O
여행,O
춘천,B_LOC
편,O
꼬마놈컬러,O
브이로그,O
5탄,O
브라운인춘천,O
감자밭,B_CAF
카페포지티브즈,B_CAF
육림고개,B_TOR
오월학교,B_CAF
해피초원목장,B_TOR
첫서재,B_CAF
등,O
ㅡㅡㅡ,ㅡㅡㅡ
춘천,B_LOC
여행,O
가고,O
싶어지는,O
영상,O
2주년,O
서프라이즈,O
선물,O
맥북에어1,O
루이비통,O
지갑,O
해피초원목장,B_TOR
카페감자밭,B_CAF
사륜바이크,O
육림고개,B_TOR
산토리니,B_CAF
ㅡㅡㅡ,ㅡㅡㅡ
