﻿word,ner
ㅡㅡㅡ,ㅡㅡㅡ
안녕하세요,O
여러분,O
ㅡㅡㅡ,ㅡㅡㅡ
이번,O
브이로그는,O
얼마전,O
다녀온,O
하동,B_LOC
여행을,O
담아봤어요,O
ㅡㅡㅡ,ㅡㅡㅡ
아주,O
조용하고,O
잔잔했던,O
곳이라,O
마이리틀포레스트,O
가,O
떠오르는,O
여행이었어요,O
ㅡㅡㅡ,ㅡㅡㅡ
오랜만에,O
고등학교,O
때,O
친구,O
들이랑,O
간,O
여행이라,O
내일로여행,O
도,O
떠오르더라구요,O
ㅡㅡㅡ,ㅡㅡㅡ
하동,B_LOC
여행,O
계획,O
중이시라면,O
참고해주세요,O
ㅡㅡㅡ,ㅡㅡㅡ
모두,O
건강,O
유의하세요,O
ㅡㅡㅡ,ㅡㅡㅡ
ㅡㅡㅡ,ㅡㅡㅡ
ㅡㅡㅡ,ㅡㅡㅡ
ㅡㅡㅡ,ㅡㅡㅡ
ㅡㅡㅡ,ㅡㅡㅡ
데일리룩,O
ㅡㅡㅡ,ㅡㅡㅡ
1,O
ㅡㅡㅡ,ㅡㅡㅡ
블라우스,O
르브제,O
207,O
ㅡㅡㅡ,ㅡㅡㅡ
팬츠,O
드파운,O
드,O
246,O
ㅡㅡㅡ,ㅡㅡㅡ
가방,O
드파운드,O
3,O
ㅡㅡㅡ,ㅡㅡㅡ
캐리어허쉘서플라이,O
ㅡㅡㅡ,ㅡㅡㅡ
2,O
ㅡㅡㅡ,ㅡㅡㅡ
원피스,O
더페이퍼룸,O
39,O
ㅡㅡㅡ,ㅡㅡㅡ
가방,O
ㅡㅡㅡ,ㅡㅡㅡ
모자,O
ㅡㅡㅡ,ㅡㅡㅡ
3,O
ㅡㅡㅡ,ㅡㅡㅡ
원피스드파운드,O
품절,O
ㅡㅡㅡ,ㅡㅡㅡ
인생을,O
여행처럼,O
안녕하세요,O
여행하는,O
부부,O
채널,O
웅아,O
부부,O
입니다,O
ㅡㅡㅡ,ㅡㅡㅡ
코로나,O
의료지원을,O
무사히,O
다녀와서,O
자가격리를,O
마치고,O
오랜만에,O
바람쐬러,O
다녀왔습니다,O
ㅡㅡㅡ,ㅡㅡㅡ
예전에,O
벚굴,O
이라는걸,O
매체에서,O
접하고,O
매년,O
34월,O
에,O
특정한,O
곳에서만,O
맛,O
볼,O
수,O
있다는,O
이야기를,O
듣고,O
꼭,O
먹으러,O
가보자,O
라는,O
생각을,O
했는데요,O
ㅡㅡㅡ,ㅡㅡㅡ
이번에,O
그,O
목표를,O
달성하기,O
위해,O
경상남도,O
하동,B_LOC
에,O
다녀왔습니다,O
ㅡㅡㅡ,ㅡㅡㅡ
하동,B_LOC
은,O
그,O
외에도,O
벚꽃,O
으로,O
유명하더라구요,O
그,O
중,O
가볼만한,O
하다는,O
화개장터,B_TOR
쌍계사,B_TOR
코스인,O
십리벚꽃길,B_TOR
에,O
다녀왔습니다,O
감사합니다,O
ㅡㅡㅡ,ㅡㅡㅡ
영상이,O
즐거우셨다면,O
도움이,O
되셨다면,O
좋아요,O
댓글,O
구독,O
감사합니다,O
구독하고,O
함께,O
여행해요,O
ㅡㅡㅡ,ㅡㅡㅡ
저희,O
웅아부부,O
는,O
방역수칙을,O
준수했습니다,O
감사합니다,O
ㅡㅡㅡ,ㅡㅡㅡ
본,O
영상은,O
자체자막,O
외에,O
자막을,O
제공합니다,O
ㅡㅡㅡ,ㅡㅡㅡ
안녕하세요,O
ㅡㅡㅡ,ㅡㅡㅡ
며칠,O
전,O
사천,B_LOC
과,O
하동,B_LOC
을,O
짧게,O
다녀왔어요,O
ㅡㅡㅡ,ㅡㅡㅡ
날씨는,O
추웠지만,O
좋았던,O
사천,B_LOC
과,O
하동,B_LOC
을,O
기록했습니다,O
ㅡㅡㅡ,ㅡㅡㅡ
사천,B_LOC
맛집,O
유화식당,O
ㅡㅡㅡ,ㅡㅡㅡ
사천,B_LOC
카페,O
로터스,O
ㅡㅡㅡ,ㅡㅡㅡ
하동,B_LOC
카페,O
스타웨이하동,B_CAF
ㅡㅡㅡ,ㅡㅡㅡ
하동,B_LOC
핫플,O
스카이워크,B_TOR
ㅡㅡㅡ,ㅡㅡㅡ
사천,B_LOC
여행,O
하동,B_LOC
여행,O
하동,B_LOC
핫플,O
ㅡㅡㅡ,ㅡㅡㅡ
저의,O
여행로그를,O
봐주셔서,O
감사드려요,O
ㅡㅡㅡ,ㅡㅡㅡ
여행,O
여행로그,O
ㅡㅡㅡ,ㅡㅡㅡ
ㅡㅡㅡ,ㅡㅡㅡ
ㅡㅡㅡ,ㅡㅡㅡ
화질은,O
1080,O
로,O
설정하시면,O
선명하게,O
보실,O
수,O
있습니다,O
ㅡㅡㅡ,ㅡㅡㅡ
안녕하세요,O
ㅡㅡㅡ,ㅡㅡㅡ
지점토,O
공예,O
영상,O
이후로,O
ㅡㅡㅡ,ㅡㅡㅡ
오랜만에,O
브이로그로,O
인사드려요,O
ㅡㅡㅡ,ㅡㅡㅡ
시청해주셔서,O
감사합니다,O
ㅡㅡㅡ,ㅡㅡㅡ
오늘,O
도,O
행복하고,O
ㅡㅡㅡ,ㅡㅡㅡ
즐거운,O
하루,O
되세요,O
ㅡㅡㅡ,ㅡㅡㅡ
ㅡㅡㅡ,ㅡㅡㅡ
ㅡㅡㅡ,ㅡㅡㅡ
4499,O
ㅡㅡㅡ,ㅡㅡㅡ
ㅡㅡㅡ,ㅡㅡㅡ
6555981,O
ㅡㅡㅡ,ㅡㅡㅡ
하동,B_LOC
여행,O
브이로그,O
일상,O
ㅡㅡㅡ,ㅡㅡㅡ
봄,O
이되어,O
꽃,O
이,O
피고,O
날씨도,O
따뜻해지니,O
ㅡㅡㅡ,ㅡㅡㅡ
마음까지도,O
따뜻해지는,O
것,O
같은,O
요즘이예요,O
ㅡㅡㅡ,ㅡㅡㅡ
정말,O
오랜만에,O
신랑,O
과,O
데이트를,O
했어요,O
ㅡㅡㅡ,ㅡㅡㅡ
이번영상은,O
예쁜,O
벚꽃,O
과,O
꽃비를,O
보며,O
힐링하고,O
온,O
브이로그,O
예요,O
ㅡㅡㅡ,ㅡㅡㅡ
하동,B_LOC
구례,B_LOC
로,O
갔다가,O
벚꽃,O
이,O
거의,O
다,O
떨어져,O
있어서,O
ㅡㅡㅡ,ㅡㅡㅡ
계획에,O
없었던,O
전주,B_LOC
까지,O
벚꽃,O
보러,O
가게,O
되었는데,O
ㅡㅡㅡ,ㅡㅡㅡ
다녀왔던,O
곳들,O
다,O
좋아서,O
행복했던,O
하루,O
였어요,O
ㅡㅡㅡ,ㅡㅡㅡ
기존에,O
업로드를,O
했던,O
이,O
영상에,O
편집,O
오류가,O
있어서,O
수정,O
후,O
다시,O
재업로드를,O
하게,O
되었습니다,O
ㅡㅡㅡ,ㅡㅡㅡ
먼저,O
올렸던,O
영상에,O
댓글을,O
남겨주신,O
분들께,O
감사,O
드리며,O
사과드립니다,O
ㅡㅡㅡ,ㅡㅡㅡ
그리고,O
인스타,O
하시는,O
분들,O
ㅡㅡㅡ,ㅡㅡㅡ
1,O
인스타,O
에서도,O
함께,O
소통해요,O
ㅡㅡㅡ,ㅡㅡㅡ
000,O
인트로,O
ㅡㅡㅡ,ㅡㅡㅡ
038,O
하동십리벚꽃길,B_TOR
화개장터,B_TOR
ㅡㅡㅡ,ㅡㅡㅡ
113,O
구례,B_LOC
송정가든,O
재첩정식,O
ㅡㅡㅡ,ㅡㅡㅡ
235,O
구례,B_LOC
쌍산제,O
윤스테이,O
촬영지,O
ㅡㅡㅡ,ㅡㅡㅡ
354,O
전주천벚꽃길,O
ㅡㅡㅡ,ㅡㅡㅡ
514,O
전주,B_LOC
한옥마을,B_LOC
전망카페,O
ㅡㅡㅡ,ㅡㅡㅡ
625,O
전주,B_LOC
화산물갈비,O
ㅡㅡㅡ,ㅡㅡㅡ
브이로그,O
데이트,O
국내여행,O
ㅡㅡㅡ,ㅡㅡㅡ
구독과,O
좋아요,O
댓글,O
부탁드려요,O
ㅡㅡㅡ,ㅡㅡㅡ
화질은,O
꼭,O
고화질로,O
변경해서,O
시청해주세요자동모드일경우,O
저화질로,O
보여질때도,O
있어요,O
ㅡㅡㅡ,ㅡㅡㅡ
1,O
ㅡㅡㅡ,ㅡㅡㅡ
ㅡㅡㅡ,ㅡㅡㅡ
출처,O
ㅡㅡㅡ,ㅡㅡㅡ
ㅡㅡㅡ,ㅡㅡㅡ
ㅡㅡㅡ,ㅡㅡㅡ
이호수,O
ㅡㅡㅡ,ㅡㅡㅡ
ㅡㅡㅡ,ㅡㅡㅡ
ㅡㅡㅡ,ㅡㅡㅡ
ㅡㅡㅡ,ㅡㅡㅡ
ㅡㅡㅡ,ㅡㅡㅡ
ㅡㅡㅡ,ㅡㅡㅡ
이호수,O
ㅡㅡㅡ,ㅡㅡㅡ
ㅡㅡㅡ,ㅡㅡㅡ
50,O
ㅡㅡㅡ,ㅡㅡㅡ
50,O
ㅡㅡㅡ,ㅡㅡㅡ
ㅡㅡㅡ,ㅡㅡㅡ
ㅡㅡㅡ,ㅡㅡㅡ
ㅡㅡㅡ,ㅡㅡㅡ
ㅡㅡㅡ,ㅡㅡㅡ
안녕하세요,O
미민주입니다,O
ㅡㅡㅡ,ㅡㅡㅡ
한국,O
의,O
알프스,B_LOC
라는,O
슬로건,O
답게,O
산이,O
너무,O
멋진,O
ㅡㅡㅡ,ㅡㅡㅡ
고개,O
만,O
돌려도,O
멋진,O
경치로,O
가득한,O
멋진,O
하동,B_LOC
여행에,O
다녀왔습니다,O
ㅡㅡㅡ,ㅡㅡㅡ
하동,B_LOC
은,O
다시,O
또,O
가고,O
싶은,O
곳이에요,O
아무것도,O
안,O
해도,O
행복한,O
곳,O
ㅡㅡㅡ,ㅡㅡㅡ
실제로,O
아무것도,O
못,O
한,O
ㅋㅋㅋㅋㅋㅋㅋㅋㅋ,O
삼성궁,B_TOR
만,O
들렸지만,O
진짜,O
또,O
방문하고,O
싶은,O
아름답고,O
조용한,O
곳이였어요,O
제,O
생각엔,O
풍수지리적으로,O
좋은거,O
같기도,O
ㅋ,O
마음이,O
편해요,O
있는,O
내내,O
ㅡㅡㅡ,ㅡㅡㅡ
영상,O
재밌게,O
봐주시길,O
바라면서,O
항상,O
건강에,O
유의하시길,O
바랍니다,O
ㅡㅡㅡ,ㅡㅡㅡ
다음,O
영상으로,O
만나요,O
안녕,O
ㅡㅡㅡ,ㅡㅡㅡ
등,O
오타는,O
못본척,O
해주시지요,O
ㅡㅡㅡ,ㅡㅡㅡ
하동,B_LOC
여행,O
벚꽃,O
대리만족,O
랜선,O
벚꽃놀이,O
국내여행,O
ㅡㅡㅡ,ㅡㅡㅡ
봄,O
이,O
만연합니다,O
ㅡㅡㅡ,ㅡㅡㅡ
꽃들도,O
언제나,O
그렇듯,O
활짝,O
폈습니다,O
ㅡㅡㅡ,ㅡㅡㅡ
그래서,O
준비,O
하동,B_LOC
여행,O
랜선,O
벚꽃놀,O
이,O
ㅡㅡㅡ,ㅡㅡㅡ
온통,O
벚꽃,O
모든,O
곳이,O
아름다운,O
하동,B_LOC
ㅡㅡㅡ,ㅡㅡㅡ
대리만족,O
하동,B_LOC
여행,O
벚꽃놀이,O
ㅡㅡㅡ,ㅡㅡㅡ
함께,O
떠나보시죠,O
ㅡㅡㅡ,ㅡㅡㅡ
시청해,O
주신,O
여러분,O
모두,O
애정합니다,O
ㅡㅡㅡ,ㅡㅡㅡ
영상을,O
재미있게,O
보시고,O
난,O
후,O
좋아요,O
와,O
구독,O
ㅡㅡㅡ,ㅡㅡㅡ
알람설정,O
부탁,O
드립니다,O
ㅡㅡㅡ,ㅡㅡㅡ
하동,B_LOC
여행,O
벚꽃놀이,O
하동,B_LOC
벚꽃,O
벚꽃,O
화개장터벚꽃,O
쌍계사,B_TOR
벚꽃,O
하동,B_LOC
ㅡㅡㅡ,ㅡㅡㅡ
ㅡㅡㅡ,ㅡㅡㅡ
코비,O
가,O
17,O
ㅡㅡㅡ,ㅡㅡㅡ
코비,O
가,O
구독,O
2,O
ㅡㅡㅡ,ㅡㅡㅡ
2,O
ㅡㅡㅡ,ㅡㅡㅡ
안녕들,O
하신지요,O
ㅡㅡㅡ,ㅡㅡㅡ
저는,O
지지난주,O
에,O
하동,B_LOC
으로,O
짧은,O
여름,O
휴가를,O
다녀왔습니다,O
ㅡㅡㅡ,ㅡㅡㅡ
짧은,O
시간이었지만,O
과분한,O
힐링을,O
하고,O
왔어요,O
ㅡㅡㅡ,ㅡㅡㅡ
좋았던,O
순간,O
아름다웠던,O
풍경을,O
공유하고자,O
영상을,O
들고,O
왔습니다,O
ㅡㅡㅡ,ㅡㅡㅡ
모두,O
힐링하세요,O
ㅡㅡㅡ,ㅡㅡㅡ
본,O
영상은,O
코,O
로나,O
사회적,O
거리두기,O
2단계,O
격상,O
전,O
촬영한,O
영상입니다,O
ㅡㅡㅡ,ㅡㅡㅡ
92,O
ㅡㅡㅡ,ㅡㅡㅡ
ㅡㅡㅡ,ㅡㅡㅡ
ㅡㅡㅡ,ㅡㅡㅡ
ㅡㅡㅡ,ㅡㅡㅡ
ㅡㅡㅡ,ㅡㅡㅡ
ㅡㅡㅡ,ㅡㅡㅡ
6,O
ㅡㅡㅡ,ㅡㅡㅡ
ㅡㅡㅡ,ㅡㅡㅡ
ㅡㅡㅡ,ㅡㅡㅡ
ㅡㅡㅡ,ㅡㅡㅡ
ㅡㅡㅡ,ㅡㅡㅡ
하동,B_LOC
은,O
강의,O
도시,O
섬진강,B_TOR
이라는,O
큰,O
강이,O
있어요,O
ㅡㅡㅡ,ㅡㅡㅡ
하동,B_LOC
식당에서는,O
다,O
재첩,O
을,O
팔아요,O
ㅡㅡㅡ,ㅡㅡㅡ
재첩,O
은,O
섬진강,B_TOR
에서,O
나오는,O
작은,O
조개,O
ㅡㅡㅡ,ㅡㅡㅡ
재첩무침,O
재첩부침개,O
재첩국,O
다,O
조개,O
맛,O
ㅡㅡㅡ,ㅡㅡㅡ
게,O
를,O
갈아서,O
만든,O
죽,O
게,O
를,O
간장,O
에,O
절인,O
요리,O
게매운탕,O
도,O
있어요,O
ㅡㅡㅡ,ㅡㅡㅡ
은어튀김,O
은,O
은어,O
맛,O
강에,O
사는,O
물고기,O
맛이,O
났어요,O
ㅡㅡㅡ,ㅡㅡㅡ
신기한데,O
맛은,O
그냥,O
그래요,O
ㅡㅡㅡ,ㅡㅡㅡ
삼겹살,O
굽는,O
고기집에,O
갈,O
걸,O
그랬나,O
약간,O
후회가,O
됐어요,O
ㅡㅡㅡ,ㅡㅡㅡ
그래도,O
섬진강,B_TOR
에,O
갔으면,O
섬진강,B_TOR
요리를,O
먹어야죠,O
ㅡㅡㅡ,ㅡㅡㅡ
6시,O
내고향,O
느낌으로,O
섬진강,B_TOR
특선요리,O
모두,O
먹었어요,O
ㅡㅡㅡ,ㅡㅡㅡ
섬진강,B_TOR
이,O
보이는,O
식당,O
뷰는,O
좋았어요,O
ㅡㅡㅡ,ㅡㅡㅡ
하동십리벚꽃길,B_TOR
고프로,O
벚,O
꽃엔딩,O
별,O
타임랩스,O
桜道,O
樱花路,O
ㅡㅡㅡ,ㅡㅡㅡ
ㅡㅡㅡ,ㅡㅡㅡ
ㅡㅡㅡ,ㅡㅡㅡ
2020년봄,O
은,O
우리를,O
ㅡㅡㅡ,ㅡㅡㅡ
우울하게,O
합니다,O
ㅡㅡㅡ,ㅡㅡㅡ
잠시나마,O
우울한,O
기분,O
날려,O
버리시고,O
ㅡㅡㅡ,ㅡㅡㅡ
쌍계사,B_TOR
십리벚꽃길,B_TOR
을,O
감상하시기,O
바랍니다,O
ㅡㅡㅡ,ㅡㅡㅡ
하동,B_LOC
의,O
쌍계사,B_TOR
십리,B_TOR
벚꽃,I_TOR
길,I_TOR
ㅡㅡㅡ,ㅡㅡㅡ
아름답기로,O
유명한,O
길입니다,O
ㅡㅡㅡ,ㅡㅡㅡ
멋진,O
십리,O
벚꽃,O
길을,O
드론,O
으로,O
ㅡㅡㅡ,ㅡㅡㅡ
촬영하고,O
주간과,O
야간,O
온종일,O
촬영,O
했습니다,O
ㅡㅡㅡ,ㅡㅡㅡ
하동,B_LOC
의,O
별,O
일주,O
영상으로,O
마무리,O
합니다,O
ㅡㅡㅡ,ㅡㅡㅡ
감사합니다,O
ㅡㅡㅡ,ㅡㅡㅡ
2020,O
ㅡㅡㅡ,ㅡㅡㅡ
ㅡㅡㅡ,ㅡㅡㅡ
ㅡㅡㅡ,ㅡㅡㅡ
ㅡㅡㅡ,ㅡㅡㅡ
ㅡㅡㅡ,ㅡㅡㅡ
ㅡㅡㅡ,ㅡㅡㅡ
ㅡㅡㅡ,ㅡㅡㅡ
ㅡㅡㅡ,ㅡㅡㅡ
ㅡㅡㅡ,ㅡㅡㅡ
ㅡㅡㅡ,ㅡㅡㅡ
국내여행지추천,O
여행전문채널,O
경상남도,B_LOC
여행,O
ㅡㅡㅡ,ㅡㅡㅡ
하동,B_LOC
4월,O
여행,O
봄,O
꽃,O
여행지,O
하동,B_LOC
십리벚꽃길,B_TOR
벚꽃,O
명소,O
ㅡㅡㅡ,ㅡㅡㅡ
여행,O
브이로그,O
벚꽃엔딩,O
드론,O
하동,B_LOC
벚꽃,O
4,O
ㅡㅡㅡ,ㅡㅡㅡ
하동,B_LOC
벚꽃,O
4,O
영상,O
드론,O
영상,O
쌍계사,B_TOR
십리벚꽃길,B_TOR
ㅡㅡㅡ,ㅡㅡㅡ
2박3일,O
하동,B_LOC
여행,O
ㅡㅡㅡ,ㅡㅡㅡ
전어회,O
콩국수,O
오스틴,O
ㅡㅡㅡ,ㅡㅡㅡ
맛집,O
지도요,O
ㅡㅡㅡ,ㅡㅡㅡ
티셔츠,O
앞치마,O
후드티,O
ㅡㅡㅡ,ㅡㅡㅡ
ㅡㅡㅡ,ㅡㅡㅡ
ㅡㅡㅡ,ㅡㅡㅡ
와이프,O
는,O
잔다고,O
해서,O
아침,O
에,O
혼자,O
시장,O
구경하러,O
나왔어요,O
ㅡㅡㅡ,ㅡㅡㅡ
ㅡㅡㅡ,ㅡㅡㅡ
있다가,O
산에서,O
바베큐,O
할,O
신선한,O
재료도,O
좀,O
구입하구요,O
ㅡㅡㅡ,ㅡㅡㅡ
ㅡㅡㅡ,ㅡㅡㅡ
원래,O
계획은,O
시장에서,O
반찬을,O
좀,O
사서,O
ㅡㅡㅡ,ㅡㅡㅡ
ㅡㅡㅡ,ㅡㅡㅡ
전어수산시장,B_LOC
에,O
가서,O
점심,O
을,O
먹으려고,O
했는데요,O
ㅡㅡㅡ,ㅡㅡㅡ
ㅡㅡㅡ,ㅡㅡㅡ
너무,O
일찍,O
도착하기도,O
하고,O
여름,O
더위가,O
기승이라,O
간단한,O
아침,O
으로,O
ㅡㅡㅡ,ㅡㅡㅡ
ㅡㅡㅡ,ㅡㅡㅡ
콩국수,O
를,O
먹기로,O
했어요,O
ㅡㅡㅡ,ㅡㅡㅡ
술상전어마을,B_LOC
ㅡㅡㅡ,ㅡㅡㅡ
시장에서,O
몇,O
키로,O
떨어지지,O
않은,O
곳에,O
술상전어마을,B_TOR
이,O
있습니다,O
ㅡㅡㅡ,ㅡㅡㅡ
ㅡㅡㅡ,ㅡㅡㅡ
전어,O
를,O
전문으로,O
하는,O
작은,O
어촌,O
마을인데요,O
ㅡㅡㅡ,ㅡㅡㅡ
10000,O
1,O
ㅡㅡㅡ,ㅡㅡㅡ
만원짜리,O
한장,O
이면,O
전어,O
1키로,O
를,O
사실,O
수,O
있어요,O
ㅡㅡㅡ,ㅡㅡㅡ
ㅡㅡㅡ,ㅡㅡㅡ
어떻게,O
드실,O
지,O
말씀드리면,O
생선,O
을,O
다듬어,O
주십니다,O
ㅡㅡㅡ,ㅡㅡㅡ
ㅡㅡㅡ,ㅡㅡㅡ
파시는,O
곳,O
옆,O
에,O
테이블들이,O
깔려있구요,O
ㅡㅡㅡ,ㅡㅡㅡ
ㅡㅡㅡ,ㅡㅡㅡ
추가로,O
돈을,O
내지,O
않고,O
앉아서,O
신선하게,O
손질된,O
전어,O
를,O
맛볼,O
수,O
있어요,O
ㅡㅡㅡ,ㅡㅡㅡ
500,O
ㅡㅡㅡ,ㅡㅡㅡ
500그램만,O
먹고,O
가겠다고,O
부탁드렸어요,O
ㅡㅡㅡ,ㅡㅡㅡ
ㅡㅡㅡ,ㅡㅡㅡ
나머지는,O
집에,O
가져가서,O
저녁,O
에,O
구워,O
먹을,O
거예요,O
ㅡㅡㅡ,ㅡㅡㅡ
ㅡㅡㅡ,ㅡㅡㅡ
맛집링크,O
5355630531424013720587884162365857353613000,O
23,O
ㅡㅡㅡ,ㅡㅡㅡ
ㅡㅡㅡ,ㅡㅡㅡ
화질은,O
1080,O
로,O
설정하시고,O
편안하게,O
봐주세요,O
ㅡㅡㅡ,ㅡㅡㅡ
안녕하세요,O
오랜만에,O
인사드려요,O
ㅡㅡㅡ,ㅡㅡㅡ
컴퓨터,O
가,O
말썽이라,O
편집을,O
못했어요,O
흐엉,O
ㅡㅡㅡ,ㅡㅡㅡ
저는,O
그,O
동안,O
결혼,O
준비,O
하느라,O
바빴어요,O
ㅡㅡㅡ,ㅡㅡㅡ
신혼집도,O
거의,O
완성이,O
되어,O
가고,O
ㅡㅡㅡ,ㅡㅡㅡ
브라이덜샤워,O
대신,O
ㅡㅡㅡ,ㅡㅡㅡ
친구,O
들과,O
당일치기,O
하동,B_LOC
여행도,O
다녀오고,O
ㅡㅡㅡ,ㅡㅡㅡ
본식,O
웨딩드레스,O
도,O
입어보고,O
ㅡㅡㅡ,ㅡㅡㅡ
아크릴,O
청첩장도,O
직접,O
만들어봤어요,O
ㅡㅡㅡ,ㅡㅡㅡ
훗,O
ㅡㅡㅡ,ㅡㅡㅡ
저는,O
결혼하고,O
새댁,O
신분으로,O
ㅡㅡㅡ,ㅡㅡㅡ
다음,O
브이로그로,O
인사드릴게요,O
ㅡㅡㅡ,ㅡㅡㅡ
그,O
동안,O
건강하시고,O
ㅡㅡㅡ,ㅡㅡㅡ
오늘,O
도,O
시청해주셔서,O
감사합니다,O
ㅡㅡㅡ,ㅡㅡㅡ
ㅡㅡㅡ,ㅡㅡㅡ
2915635,O
ㅡㅡㅡ,ㅡㅡㅡ
4986,O
ㅡㅡㅡ,ㅡㅡㅡ
9,O
35446,O
ㅡㅡㅡ,ㅡㅡㅡ
ㅡㅡㅡ,ㅡㅡㅡ
ㅡㅡㅡ,ㅡㅡㅡ
브이로그,O
웨,O
딩,O
드레스,O
청첩장,O
ㅡㅡㅡ,ㅡㅡㅡ
하동,B_LOC
의,O
섬진강,B_TOR
에서는,O
카누,O
를,O
탈,O
수,O
있어요,O
ㅡㅡㅡ,ㅡㅡㅡ
유명한,O
시장,O
화개장터,B_TOR
근처에,O
타는,O
곳이,O
있어요,O
ㅡㅡㅡ,ㅡㅡㅡ
카누,O
에,O
무거운,O
사람,O
세명,O
이,O
타면,O
어떻게,O
될까요,O
ㅡㅡㅡ,ㅡㅡㅡ
저는,O
물을,O
무서워해서,O
카누,O
가,O
무서웠어요,O
ㅡㅡㅡ,ㅡㅡㅡ
노를,O
저어,O
빠르게,O
앞으로,O
나가면,O
멋있는,O
경치가,O
보여요,O
ㅡㅡㅡ,ㅡㅡㅡ
지리산,B_LOC
과,O
섬진강,B_LOC
을,O
보면서,O
뱃놀이해요,O
ㅡㅡㅡ,ㅡㅡㅡ
1시간,O
에,O
20000원정도,O
가격,O
ㅡㅡㅡ,ㅡㅡㅡ
물이,O
잔잔해서,O
카누,O
타기,O
좋은,O
섬진강,B_TOR
ㅡㅡㅡ,ㅡㅡㅡ
하동,B_LOC
에,O
가면,O
꼭,O
해볼만한,O
액티비티,O
ㅡㅡㅡ,ㅡㅡㅡ
자막이,O
필요하시다면,O
자막,O
기능을,O
활성화,O
해주세요,O
ㅡㅡㅡ,ㅡㅡㅡ
모든,O
촬영은,O
정부,O
의,O
사회적,O
거리두기,O
지침을,O
준수하여,O
촬영되었습니다,O
ㅡㅡㅡ,ㅡㅡㅡ
힐링여행의,O
중심지,O
경남,B_LOC
하동군,B_LOC
입니다,O
ㅡㅡㅡ,ㅡㅡㅡ
방문장소,O
ㅡㅡㅡ,ㅡㅡㅡ
1,O
북천코스모스메밀꽃축제장,B_TOR
ㅡㅡㅡ,ㅡㅡㅡ
경남,O
하동군,B_LOC
북천면,B_LOC
직전리,B_LOC
ㅡㅡㅡ,ㅡㅡㅡ
2,O
칠불사,B_TOR
ㅡㅡㅡ,ㅡㅡㅡ
경남,O
하동군,B_LOC
화개면,B_LOC
범왕길,O
528,O
ㅡㅡㅡ,ㅡㅡㅡ
3,O
화개장터,B_TOR
5,O
ㅡㅡㅡ,ㅡㅡㅡ
경남,B_LOC
하동군,B_LOC
화개면,B_LOC
탑리,B_LOC
ㅡㅡㅡ,ㅡㅡㅡ
4,O
동정호,B_TOR
평사리,B_LOC
부부소나무,B_TOR
3,O
ㅡㅡㅡ,ㅡㅡㅡ
경남,B_LOC
하동군,B_LOC
악양면,B_LOC
평사리,B_LOC
ㅡㅡㅡ,ㅡㅡㅡ
5,O
최참판댁,B_TOR
ㅡㅡㅡ,ㅡㅡㅡ
경남,B_LOC
하동군,B_LOC
악양면,B_LOC
평사리,B_LOC
ㅡㅡㅡ,ㅡㅡㅡ
6,O
한밭제다,B_TOR
5,O
ㅡㅡㅡ,ㅡㅡㅡ
경남,B_LOC
하동군,B_LOC
화개면,B_LOC
부춘길,O
22,O
ㅡㅡㅡ,ㅡㅡㅡ
대한민국,O
힐링,O
1번지,O
ㅡㅡㅡ,ㅡㅡㅡ
경상남도하동군,B_LOC
ㅡㅡㅡ,ㅡㅡㅡ
ㅡㅡㅡ,ㅡㅡㅡ
6400,O
ㅡㅡㅡ,ㅡㅡㅡ
18105,O
ㅡㅡㅡ,ㅡㅡㅡ
ㅡㅡㅡ,ㅡㅡㅡ
7,O
ㅡㅡㅡ,ㅡㅡㅡ
1,O
ㅡㅡㅡ,ㅡㅡㅡ
2,O
ㅡㅡㅡ,ㅡㅡㅡ
ㅡㅡㅡ,ㅡㅡㅡ
2020,O
ㅡㅡㅡ,ㅡㅡㅡ
000,O
ㅡㅡㅡ,ㅡㅡㅡ
057,O
북천코스모스메밀꽃축제장,B_TOR
ㅡㅡㅡ,ㅡㅡㅡ
152,O
칠불사,B_TOR
ㅡㅡㅡ,ㅡㅡㅡ
351,O
화개장터,B_TOR
ㅡㅡㅡ,ㅡㅡㅡ
526,O
동정호수,B_TOR
부부나무,B_TOR
ㅡㅡㅡ,ㅡㅡㅡ
747,O
최참판댁,B_TOR
ㅡㅡㅡ,ㅡㅡㅡ
1054,O
한밭제다,B_TOR
ㅡㅡㅡ,ㅡㅡㅡ
1235,O
ㅡㅡㅡ,ㅡㅡㅡ
한국,O
의,O
알프스,B_LOC
하동,B_LOC
ㅡㅡㅡ,ㅡㅡㅡ
높은,O
산이,O
많고,O
사람이,O
적게,O
살아서,O
매우,O
깨끗한,O
도시,O
ㅡㅡㅡ,ㅡㅡㅡ
기찻길을,O
달리는,O
레일바이크,O
를,O
타요,O
ㅡㅡㅡ,ㅡㅡㅡ
비용은,O
4인승,O
1개차,O
에,O
40000원,O
이고,O
현장에서만,O
예약,O
가능해요,O
ㅡㅡㅡ,ㅡㅡㅡ
시간마다,O
인원,O
제한이,O
있으니,O
빨리,O
예약하세요,O
ㅡㅡㅡ,ㅡㅡㅡ
코스모스,O
와,O
메밀꽃,O
이,O
많이,O
피어서,O
예뻐요,O
ㅡㅡㅡ,ㅡㅡㅡ
기차,O
기다리면서,O
사진을,O
많이,O
찍어요,O
ㅡㅡㅡ,ㅡㅡㅡ
기차,O
터널,O
안에는,O
조명이,O
장식이,O
번쩍번쩍해요,O
ㅡㅡㅡ,ㅡㅡㅡ
공기,O
좋고,O
날씨,O
좋은,O
하동,B_LOC
여행,O
ㅡㅡㅡ,ㅡㅡㅡ
봄,O
을,O
맞아,O
벚꽃,O
구경을,O
다녀왔어요,O
ㅡㅡㅡ,ㅡㅡㅡ
첫,O
구경은,O
하동,B_LOC
으로,O
떠난,O
가족,O
여행,O
ㅡㅡㅡ,ㅡㅡㅡ
부산,O
에서는,O
마리나아파트,O
수영강,B_LOC
달맞이길,B_LOC
을,O
산책했어요,O
ㅡㅡㅡ,ㅡㅡㅡ
326,O
03282021,O
ㅡㅡㅡ,ㅡㅡㅡ
04012021,O
ㅡㅡㅡ,ㅡㅡㅡ
브이로그,O
일상,O
ㅡㅡㅡ,ㅡㅡㅡ
안녕하세요,O
버킷이스트,O
입니다,O
ㅡㅡㅡ,ㅡㅡㅡ
친구,O
의,O
추천으로,O
시작한,O
첫번째,O
브이로그입니다,O
ㅡㅡㅡ,ㅡㅡㅡ
경남,B_LOC
하동,B_LOC
으로,O
드라이브,O
간,O
김에,O
차,O
안에서,O
간단히,O
벚꽃,O
구경을,O
했어요,O
ㅡㅡㅡ,ㅡㅡㅡ
하동,B_LOC
재첩국수,O
맛집에서부터,O
서울,O
의,O
친구,O
결혼식까지,O
ㅡㅡㅡ,ㅡㅡㅡ
소소하게,O
먹고,O
다니는,O
영상으로,O
시작을,O
해보았습니다,O
ㅡㅡㅡ,ㅡㅡㅡ
아직,O
미흡한,O
것이,O
많지만,O
잔잔한,O
제,O
일상을,O
영상,O
일기로,O
남기려합니다,O
ㅡㅡㅡ,ㅡㅡㅡ
제,O
첫번째,O
브이로그에,O
방문해주셔서,O
고맙습니다,O
ㅡㅡㅡ,ㅡㅡㅡ
브이로그,O
프리랜서브이로그,O
강사,O
브이로그,O
일상,O
먹방,O
드라이브,O
여행,O
ㅡㅡㅡ,ㅡㅡㅡ
화개장터,B_LOC
4,O
드론,O
영상,O
경상도,B_LOC
여행,O
한국여행,O
남도대교,B_TOR
ㅡㅡㅡ,ㅡㅡㅡ
화개장터,B_TOR
는,O
경상남도,O
하동군,B_LOC
화개면,B_LOC
탑리,B_LOC
에,O
있는,O
재래시장으로,O
화개장,B_TOR
또는,O
화개시장,B_TOR
이라고,O
한다,O
ㅡㅡㅡ,ㅡㅡㅡ
경상남도,O
하동군,B_LOC
과,O
전라남도,B_LOC
구례군,B_LOC
광양시,O
의,O
접경,O
지역에,O
있으며,O
행정구역상으로는,O
하동군,B_LOC
ㅡㅡㅡ,ㅡㅡㅡ
화개면,B_LOC
탑리,B_LOC
에,O
속한다,O
ㅡㅡㅡ,ㅡㅡㅡ
지리산,O
의,O
영신봉,O
에서,O
발원한,O
화개천,B_TOR
이,O
섬진강,B_TOR
으로,O
합류하는,O
지점인,O
화개장터,B_TOR
는,O
섬진강,B_TOR
의,O
종점으로,O
ㅡㅡㅡ,ㅡㅡㅡ
행상선이,O
들어올,O
수,O
있는,O
가장,O
상류의,O
지점이었다,O
ㅡㅡㅡ,ㅡㅡㅡ
이러한,O
지리적,O
특성으로,O
경상도,O
와,O
전라도,O
사람들이,O
모여들어,O
내륙에서,O
생산된,O
임산물농산물과,O
ㅡㅡㅡ,ㅡㅡㅡ
남해,O
에서,O
생산된,O
해산물,O
등을,O
교환하는,O
장터가,O
형성되었다,O
ㅡㅡㅡ,ㅡㅡㅡ
경상남도,O
하동군,B_LOC
화개면,B_LOC
에서,O
해마다,O
4월초,O
에는,O
화개장터,B_TOR
에서,O
쌍계사,B_TOR
까지,O
10리,O
에,O
걸쳐,O
만발한,O
ㅡㅡㅡ,ㅡㅡㅡ
벚꽃,O
을,O
즐기는,O
화개장터벚꽃축제,B_TOR
가,O
열린다,O
ㅡㅡㅡ,ㅡㅡㅡ
화개장터,B_TOR
에서,O
쌍계사,B_TOR
까지,O
이어지는,O
화개십리,B_TOR
벚꽃,I_TOR
길,I_TOR
절정을,O
이루는,O
3월말,O
에,O
섬진강둔치,B_TOR
ㅡㅡㅡ,ㅡㅡㅡ
일원에서,O
3일동안,O
펼쳐진다,O
ㅡㅡㅡ,ㅡㅡㅡ
남도대교,B_TOR
ㅡㅡㅡ,ㅡㅡㅡ
남도대교,B_TOR
는,O
경상남도,B_LOC
하동군,B_LOC
화개면,B_LOC
탑리,B_LOC
와,O
전라남도,B_LOC
구례군,B_LOC
간전면,B_LOC
운천리,B_LOC
사이의,O
섬진강,B_LOC
을,O
ㅡㅡㅡ,ㅡㅡㅡ
가로질러,O
놓은,O
다리이다,O
ㅡㅡㅡ,ㅡㅡㅡ
양쪽,O
난간,O
아치,O
중,O
하나,O
는,O
빨간색,O
다른,O
하나는,O
파란색,O
으로,O
태극,O
문양을,O
상징화하였다,O
ㅡㅡㅡ,ㅡㅡㅡ
남도대교,B_TOR
의,O
두시작점,O
인,O
화개,B_LOC
와,O
구례,B_LOC
는,O
쌍계사,B_TOR
와,O
화엄사,B_TOR
지리산,O
섬진강,B_TOR
으로,O
대표되는,O
천혜의,O
ㅡㅡㅡ,ㅡㅡㅡ
관광지로서,O
사철,O
많은,O
관광객,O
이,O
찾는,O
곳이다,O
ㅡㅡㅡ,ㅡㅡㅡ
남도대교,B_TOR
는,O
양,O
지역을,O
연결함으로써,O
두지역민,O
의,O
생활상,O
편의는,O
물론,O
관광,O
수익에도,O
일조하고,O
있다,O
ㅡㅡㅡ,ㅡㅡㅡ
6,O
ㅡㅡㅡ,ㅡㅡㅡ
가장,O
좋아하는,O
계절이,O
찾아왔지만,O
유독,O
아쉽게,O
보내야만,O
했던,O
올해,O
ㅡㅡㅡ,ㅡㅡㅡ
그,O
가을,O
을,O
붙잡고,O
싶어,O
찾아간,O
곳,O
ㅡㅡㅡ,ㅡㅡㅡ
용용,O
부부,O
하동,B_LOC
에,O
빠지다,O
두달전,O
의,O
기록,O
ㅡㅡㅡ,ㅡㅡㅡ
행복가득용용,O
부부,O
ㅡㅡㅡ,ㅡㅡㅡ
하동횡천강핑크뮬리,B_TOR
ㅡㅡㅡ,ㅡㅡㅡ
신혼부부,O
브이로그,O
ㅡㅡㅡ,ㅡㅡㅡ
썸네일영상,O
ㅡㅡㅡ,ㅡㅡㅡ
사진,O
ㅡㅡㅡ,ㅡㅡㅡ
2,O
ㅡㅡㅡ,ㅡㅡㅡ
ㅡㅡㅡ,ㅡㅡㅡ
2020,O
용용부부,O
2,O
ㅡㅡㅡ,ㅡㅡㅡ
브금,O
대통령,O
ㅡㅡㅡ,ㅡㅡㅡ
마음이,O
영그는,O
계절,O
114,O
ㅡㅡㅡ,ㅡㅡㅡ
사랑에,O
빠지는,O
순간,O
0,O
ㅡㅡㅡ,ㅡㅡㅡ
