﻿word,ner
하동,B_LOC
십리벚꽃길,B_TOR
202042,O
ㅡㅡㅡ,ㅡㅡㅡ
ㅡㅡㅡ,ㅡㅡㅡ
ㅡㅡㅡ,ㅡㅡㅡ
ㅡㅡㅡ,ㅡㅡㅡ
화개장터,B_TOR
ㅡㅡㅡ,ㅡㅡㅡ
사천,B_LOC
유화식당,O
ㅡㅡㅡ,ㅡㅡㅡ
석쇠구이,O
로,O
유명한,O
맛집이래요,O
ㅡㅡㅡ,ㅡㅡㅡ
뜨끈한,O
누룽지,O
는,O
셀프로,O
떠먹어야해요,O
ㅡㅡㅡ,ㅡㅡㅡ
석쇠구이,O
와,O
반찬들이,O
나왔어요,O
ㅡㅡㅡ,ㅡㅡㅡ
숯불맛이,O
솔솔나는,O
맛있었던,O
불고기,O
ㅡㅡㅡ,ㅡㅡㅡ
카페,O
로터스,O
ㅡㅡㅡ,ㅡㅡㅡ
빵,O
맛집이라고,O
하는,O
이곳은,O
요즘,O
아주,O
핫합니다,O
ㅡㅡㅡ,ㅡㅡㅡ
다,O
맛있어보이네요,O
ㅡㅡㅡ,ㅡㅡㅡ
맛있는,O
빵,O
과,O
아메리카노,O
를,O
주문했습니다,O
ㅡㅡㅡ,ㅡㅡㅡ
1층,O
입구,O
쪽은,O
이렇게,O
꾸며져있어요,O
ㅡㅡㅡ,ㅡㅡㅡ
카페로터스,O
의,O
제일,O
인기있는,O
공간은,O
바로바로,O
ㅡㅡㅡ,ㅡㅡㅡ
계단식,O
소파베드가,O
있는,O
이,O
곳입니다,O
ㅡㅡㅡ,ㅡㅡㅡ
2층,O
으로,O
올라가,O
볼게요,O
ㅡㅡㅡ,ㅡㅡㅡ
공간이,O
아주,O
넓어요,O
ㅡㅡㅡ,ㅡㅡㅡ
평일,O
점심시간,O
이라,O
조용하네요,O
ㅡㅡㅡ,ㅡㅡㅡ
연꽃,O
필,O
무렵에,O
오면,O
좋을,O
것,O
같아요,O
ㅡㅡㅡ,ㅡㅡㅡ
맛있겠다,O
ㅡㅡㅡ,ㅡㅡㅡ
햇빛,O
받으며,O
먹는,O
커피,O
와,O
빵,O
은,O
최고,O
ㅡㅡㅡ,ㅡㅡㅡ
하동,B_LOC
스타웨이,B_TOR
스카이워크,B_TOR
가는,O
길,O
ㅡㅡㅡ,ㅡㅡㅡ
꽤나,O
높은,O
곳에,O
위치한,O
스타웨이,B_TOR
ㅡㅡㅡ,ㅡㅡㅡ
스타웨이,B_TOR
입장료는,O
3000원,O
이었어요,O
ㅡㅡㅡ,ㅡㅡㅡ
카페를,O
이용하면,O
음료가,O
2천원,O
할인됩니다,O
ㅡㅡㅡ,ㅡㅡㅡ
탁,O
트인,O
섬진강,B_TOR
뷰를,O
한번에,O
볼,O
수,O
있어요,O
ㅡㅡㅡ,ㅡㅡㅡ
바람이,O
너무,O
많이,O
불어서,O
카페로,O
피신했어요,O
ㅡㅡㅡ,ㅡㅡㅡ
맛있어,O
보였던,O
마카롱,O
과,O
아이스크림,O
들,O
ㅡㅡㅡ,ㅡㅡㅡ
생강차,O
와,O
아포카토,O
가,O
나왔어요,O
ㅡㅡㅡ,ㅡㅡㅡ
정말,O
좋았던,O
창가자리,O
ㅡㅡㅡ,ㅡㅡㅡ
저는,O
겨울,O
에,O
생강차,O
를,O
자주,O
마셔요,O
ㅡㅡㅡ,ㅡㅡㅡ
코,O
가,O
찡긋하도록,O
진하게,O
마시는,O
편입니다,O
ㅡㅡㅡ,ㅡㅡㅡ
구멍이,O
송송,O
난,O
철,O
로,O
된,O
길을,O
걸어내려갔어요,O
ㅡㅡㅡ,ㅡㅡㅡ
유리,O
로,O
되어,O
있는,O
바닥을,O
조심스럽게,O
걸어봅니다,O
ㅡㅡㅡ,ㅡㅡㅡ
유리,O
깨지면,O
죽는다고,O
절대,O
안으로,O
들어오지,O
않던,O
남친,O
ㅡㅡㅡ,ㅡㅡㅡ
사실,O
이때,O
나도,O
무서웠어,O
ㅡㅡㅡ,ㅡㅡㅡ
악양,B_TOR
동정호공원,B_TOR
두꺼비공원,B_TOR
ㅡㅡㅡ,ㅡㅡㅡ
산책하기,O
너무,O
좋은,O
곳이었어요,O
ㅡㅡㅡ,ㅡㅡㅡ
짧지만,O
아주,O
좋았던,O
사천,B_LOC
하동,B_LOC
여행,O
이었습니다,O
ㅡㅡㅡ,ㅡㅡㅡ
하동,B_LOC
에,O
왔어요,O
ㅡㅡㅡ,ㅡㅡㅡ
여기는,O
하동,B_LOC
핫,O
플,O
스카이워크,B_TOR
라는,O
곳이에요,O
ㅡㅡㅡ,ㅡㅡㅡ
이렇게,O
높은,O
곳에,O
위치해있어서,O
뷰가,O
아주,O
좋아요,O
ㅡㅡㅡ,ㅡㅡㅡ
바닥이,O
뿅뿅,O
뚫려,O
있고요,O
ㅡㅡㅡ,ㅡㅡㅡ
날씨가,O
흐려,O
아쉽지만,O
그래도,O
기분은,O
짱좋,O
ㅡㅡㅡ,ㅡㅡㅡ
벚꽃,O
필,O
때면,O
아주,O
예쁜,O
하동,B_LOC
ㅡㅡㅡ,ㅡㅡㅡ
커피,O
도,O
한잔,O
빠르게,O
마시고,O
갑니다,O
ㅡㅡㅡ,ㅡㅡㅡ
원조나루터재첩식당,B_RES
ㅡㅡㅡ,ㅡㅡㅡ
이,O
식당은,O
제가,O
10년전부터,O
한번씩,O
오는,O
곳인데요,O
ㅡㅡㅡ,ㅡㅡㅡ
재첩국,O
과,O
재첩비빔밥,O
이,O
맛있어요,O
ㅡㅡㅡ,ㅡㅡㅡ
고추장,O
듬뿍,O
넣어주기,O
ㅡㅡㅡ,ㅡㅡㅡ
맛있게,O
비벼서,O
먹어볼게요,O
ㅡㅡㅡ,ㅡㅡㅡ
오랜만에,O
먹어서,O
맛있군,O
ㅡㅡㅡ,ㅡㅡㅡ
대화를,O
들어보면,O
싸우는,O
것,O
같지만,O
절대로,O
아닙니다ㅋㅋ,O
ㅡㅡㅡ,ㅡㅡㅡ
재첩국,O
너무,O
좋앙,O
ㅡㅡㅡ,ㅡㅡㅡ
집에,O
와서,O
푹,O
쉬다가,O
이제,O
야식,O
먹으려고요,O
ㅡㅡㅡ,ㅡㅡㅡ
마켓컬리,O
에서,O
주문한,O
미니,O
붕어빵,O
입니다,O
ㅡㅡㅡ,ㅡㅡㅡ
이건,O
단팥,O
미니,O
붕어빵,O
이고요,O
ㅡㅡㅡ,ㅡㅡㅡ
이건,O
슈크림,O
미니,O
붕어빵,O
입니다,O
ㅡㅡㅡ,ㅡㅡㅡ
4개씩,O
나눠,O
먹어야지,O
ㅡㅡㅡ,ㅡㅡㅡ
따끈해져라,O
미니,O
붕어,O
야,O
ㅡㅡㅡ,ㅡㅡㅡ
귀여운,O
미니붕어빵,O
먹어볼게요,O
ㅡㅡㅡ,ㅡㅡㅡ
은근,O
맛있네,O
이거,O
ㅡㅡㅡ,ㅡㅡㅡ
저,O
슈크림,O
파인데,O
이건,O
팥,O
이,O
맛있네요,O
ㅡㅡㅡ,ㅡㅡㅡ
분명,O
4개씩,O
먹기로,O
했는데,O
ㅡㅡㅡ,ㅡㅡㅡ
2개,O
먹을,O
동안,O
6개,O
먹은,O
사람사람이냐,O
ㅡㅡㅡ,ㅡㅡㅡ
점심,O
먹고,O
뭐니,O
뭐니,O
해도,O
커피,O
지,O
ㅡㅡㅡ,ㅡㅡㅡ
커피,O
떨어지는,O
소리가,O
너무,O
좋아요,O
ㅡㅡㅡ,ㅡㅡㅡ
하루,O
에,O
커피,O
3잔,O
은,O
기본,O
아니겠습니까,O
ㅡㅡㅡ,ㅡㅡㅡ
커피,O
만,O
마실,O
수,O
없죠,O
ㅡㅡㅡ,ㅡㅡㅡ
오늘,O
점심,O
먹고,O
저의,O
일상은,O
ㅡㅡㅡ,ㅡㅡㅡ
이렇게,O
코인,O
방송을,O
보는,O
겁니다,O
ㅡㅡㅡ,ㅡㅡㅡ
아침,O
에,O
리플,O
코인,O
샀는데,O
지금,O
오르고,O
있어요,O
ㅡㅡㅡ,ㅡㅡㅡ
코인을,O
시작한지는,O
5개월정도,O
지났는데,O
아직까지,O
전,O
코린,O
이,O
ㅡㅡㅡ,ㅡㅡㅡ
근데,O
이거,O
진짜꾸덕할,O
것,O
같은데,O
ㅡㅡㅡ,ㅡㅡㅡ
생각보다,O
너무,O
맛있잖아,O
ㅡㅡㅡ,ㅡㅡㅡ
이번엔,O
빵,O
이랑,O
같이,O
먹어본다,O
ㅡㅡㅡ,ㅡㅡㅡ
커피,O
랑,O
먹으니,O
진짜,O
찐이다,O
ㅡㅡㅡ,ㅡㅡㅡ
저녁,O
에는,O
택배를,O
뜯어보려고요,O
ㅡㅡㅡ,ㅡㅡㅡ
좋아하는,O
유튜버,O
브이로그,O
보고,O
구매하게,O
된,O
ㅡㅡㅡ,ㅡㅡㅡ
패키지가,O
선물을,O
해도,O
좋을,O
것,O
같아요,O
ㅡㅡㅡ,ㅡㅡㅡ
박향희,O
네모난,O
밥,O
김,O
ㅡㅡㅡ,ㅡㅡㅡ
일반,O
김,O
보다는,O
크기가,O
커요,O
ㅡㅡㅡ,ㅡㅡㅡ
맛있다고,O
하니까,O
저녁,O
에,O
한번,O
먹어볼게요,O
ㅡㅡㅡ,ㅡㅡㅡ
이거이거,O
이,O
김,O
진짜맛있어요,O
ㅡㅡㅡ,ㅡㅡㅡ
김,O
이,O
맛있다고,O
느낀,O
적은,O
처음이에요,O
ㅡㅡㅡ,ㅡㅡㅡ
마켓컬리,O
에서,O
또,O
뭘,O
주문했냐면요,O
ㅡㅡㅡ,ㅡㅡㅡ
마켓,O
컬리,O
없인,O
못살아,O
ㅡㅡㅡ,ㅡㅡㅡ
미니크로와상,O
생지,O
샀고요,O
ㅡㅡㅡ,ㅡㅡㅡ
샤인토마토,O
를,O
샀는데,O
왜,O
양이,O
적지,O
했더니,O
ㅡㅡㅡ,ㅡㅡㅡ
스티로폼,O
박스,O
안에,O
다,O
흘렀더라고요,O
ㅡㅡㅡ,ㅡㅡㅡ
이건,O
딸기잼,O
ㅡㅡㅡ,ㅡㅡㅡ
무항생제,O
삼겹살,O
이거,O
진짜,O
맛있었어요,O
ㅡㅡㅡ,ㅡㅡㅡ
흘린,O
토마토,O
줍줍,O
ㅡㅡㅡ,ㅡㅡㅡ
샤인,O
토마토,O
사랑혀,O
ㅡㅡㅡ,ㅡㅡㅡ
잼,O
은,O
이거였는데,O
그냥그저그랬어요,O
ㅡㅡㅡ,ㅡㅡㅡ
저녁9시쯤,O
후식을,O
찾은,O
하이애나,O
둘,O
ㅡㅡㅡ,ㅡㅡㅡ
이런거,O
별로,O
안좋아,O
해,O
오빠,O
먹어,O
라고,O
말한,O
내,O
조동아리,O
ㅡㅡㅡ,ㅡㅡㅡ
그래도,O
한입,O
은,O
먹어봐야지,O
하며,O
기다리는,O
중,O
ㅡㅡㅡ,ㅡㅡㅡ
마요네즈,O
폭,O
찍어서,O
먹어보자,O
ㅡㅡㅡ,ㅡㅡㅡ
진짜,O
몰랑몰랑하니,O
맛있더라고요,O
ㅡㅡㅡ,ㅡㅡㅡ
겉바속촉이라며,O
뿌듯해하는,O
우리,O
집,O
중딩,O
ㅡㅡㅡ,ㅡㅡㅡ
한입,O
은,O
무슨,O
한마리,O
더,O
구웠습니다,O
ㅡㅡㅡ,ㅡㅡㅡ
맥주,O
도,O
한잔,O
마셔볼게요,O
ㅡㅡㅡ,ㅡㅡㅡ
이렇게,O
오늘,O
하루,O
도,O
마무리,O
ㅡㅡㅡ,ㅡㅡㅡ
친구,O
들이랑,O
브런치,O
먹기로,O
했어요,O
ㅡㅡㅡ,ㅡㅡㅡ
인트로망경,O
ㅡㅡㅡ,ㅡㅡㅡ
귀염둥이,O
세허니도,O
있지요,O
ㅡㅡㅡ,ㅡㅡㅡ
너는,O
어쩜,O
그렇게,O
귀엽니,O
ㅡㅡㅡ,ㅡㅡㅡ
식전빵,O
이,O
40분만,O
에,O
나왔다,O
ㅡㅡㅡ,ㅡㅡㅡ
치즈,O
듬뿍듬뿍,O
들어간,O
샐러드,O
ㅡㅡㅡ,ㅡㅡㅡ
파스타,O
맛있었지,O
ㅡㅡㅡ,ㅡㅡㅡ
라쟈냐,O
비주얼,O
미쳤다구요,O
ㅡㅡㅡ,ㅡㅡㅡ
수제,O
감자,O
뇨끼,O
ㅡㅡㅡ,ㅡㅡㅡ
음식이,O
늦게,O
나와,O
서비스로,O
주신,O
감자튀김,O
ㅡㅡㅡ,ㅡㅡㅡ
어떤,O
맛인지,O
모르고,O
먹을,O
만큼,O
수다를,O
떨었네,O
ㅡㅡㅡ,ㅡㅡㅡ
면,O
사랑,O
세허니,O
ㅡㅡㅡ,ㅡㅡㅡ
이,O
모습을,O
보고,O
사랑하지,O
않을,O
수,O
있나요,O
ㅡㅡㅡ,ㅡㅡㅡ
친구,O
아들,O
이지만,O
동영상,O
찍어,O
놓고,O
매일,O
봐요,O
ㅡㅡㅡ,ㅡㅡㅡ
크면,O
이모,O
기억이나,O
하려나,O
흑,O
ㅡㅡㅡ,ㅡㅡㅡ
오후,O
에는,O
빵,O
선물을,O
왕창,O
받았어요,O
ㅡㅡㅡ,ㅡㅡㅡ
배부르지만,O
빵,O
배,O
는,O
따로,O
있지,O
ㅡㅡㅡ,ㅡㅡㅡ
내가,O
먹고,O
싶은,O
것만,O
고르지,O
마라,O
특히,O
에그타르트,O
ㅡㅡㅡ,ㅡㅡㅡ
나의,O
중딩,O
남편,O
먼저,O
챙겨주고,O
ㅡㅡㅡ,ㅡㅡㅡ
중,O
딩이,O
마실,O
우유,O
도,O
배달,O
ㅡㅡㅡ,ㅡㅡㅡ
먹는,O
건,O
그,O
누구보다도,O
잘,O
먹는,O
우리집,O
중딩,O
ㅡㅡㅡ,ㅡㅡㅡ
에그타르트,O
미쵸따,O
ㅡㅡㅡ,ㅡㅡㅡ
먹었던,O
에그타르트,O
중,O
세손가락,O
안이다,O
진짜,O
ㅡㅡㅡ,ㅡㅡㅡ
너무,O
맛있어서,O
조금씩,O
먹었어요,O
ㅡㅡㅡ,ㅡㅡㅡ
근데,O
왜,O
벌써,O
없는거야,O
손,O
떨려,O
ㅡㅡㅡ,ㅡㅡㅡ
오늘,O
도,O
어김없이,O
택배가,O
왔습니다,O
ㅡㅡㅡ,ㅡㅡㅡ
남편,O
이,O
좋아하는,O
음료수,O
가,O
왔어요,O
ㅡㅡㅡ,ㅡㅡㅡ
음료수,O
를,O
여기다,O
채워줄게요,O
ㅡㅡㅡ,ㅡㅡㅡ
오빠,O
가,O
좋아하는,O
나랑드,O
사이다,O
ㅡㅡㅡ,ㅡㅡㅡ
이렇게,O
가득가득,O
채웠습니다,O
ㅡㅡㅡ,ㅡㅡㅡ
뿌듯하군,O
ㅡㅡㅡ,ㅡㅡㅡ
냉장고,O
에서,O
굴러다니는,O
파프리카,O
를,O
먹어보려고요,O
ㅡㅡㅡ,ㅡㅡㅡ
파프리카,O
를,O
포,O
를,O
떠서,O
얇게,O
만들어,O
줍니다,O
ㅡㅡㅡ,ㅡㅡㅡ
잘게,O
잘게,O
썰어줍니다,O
ㅡㅡㅡ,ㅡㅡㅡ
버터,O
를,O
후라이팬에,O
발라줍니다,O
ㅡㅡㅡ,ㅡㅡㅡ
버터,O
가,O
녹는,O
것도,O
기다리지,O
못하는,O
급한,O
성격,O
ㅡㅡㅡ,ㅡㅡㅡ
마요네즈,O
듬뿍,O
ㅡㅡㅡ,ㅡㅡㅡ
레몬즙,O
내,O
마음대로,O
ㅡㅡㅡ,ㅡㅡㅡ
파슬리,O
는,O
많이,O
넣어본다,O
ㅡㅡㅡ,ㅡㅡㅡ
마지막은,O
꿀,O
반숟가락,O
ㅡㅡㅡ,ㅡㅡㅡ
마요네즈,O
더,O
넣어서,O
소스,O
완성,O
ㅡㅡㅡ,ㅡㅡㅡ
네모난,O
치즈,O
가,O
없어서,O
이걸로,O
대신,O
ㅡㅡㅡ,ㅡㅡㅡ
얇게,O
6조각,O
썰어볼게요,O
ㅡㅡㅡ,ㅡㅡㅡ
만들었던,O
소스를,O
발라주고요,O
ㅡㅡㅡ,ㅡㅡㅡ
썰어둔,O
파프리카,O
를,O
가득가득,O
올려줍니다,O
ㅡㅡㅡ,ㅡㅡㅡ
파프리카,O
색이,O
너무,O
예쁘담,O
ㅡㅡㅡ,ㅡㅡㅡ
얇게,O
잘라둔,O
치즈,O
를,O
올려줄게요,O
ㅡㅡㅡ,ㅡㅡㅡ
이렇게,O
완성,O
된,O
식빵,O
을,O
오븐레인지,O
에,O
20초,O
ㅡㅡㅡ,ㅡㅡㅡ
이,O
그릇,O
오븐레인지,O
에,O
넣으면,O
안되는,O
데,O
깜빡한거,O
있죠,O
ㅡㅡㅡ,ㅡㅡㅡ
금테가,O
타다다닥,O
튀기는,O
소리에,O
놀래서,O
그릇,O
체인지,O
ㅡㅡㅡ,ㅡㅡㅡ
드디어,O
완성,O
ㅡㅡㅡ,ㅡㅡㅡ
먹어볼까나,O
ㅡㅡㅡ,ㅡㅡㅡ
생각보다,O
맛있어서,O
놀랬어요,O
ㅡㅡㅡ,ㅡㅡㅡ
3월,O
은,O
정말,O
순식간에,O
지나가버리네요,O
ㅡㅡㅡ,ㅡㅡㅡ
이번봄,O
은,O
벚꽃,O
이,O
너무,O
빨리,O
피고,O
저버렸어요,O
ㅡㅡㅡ,ㅡㅡㅡ
전,O
아직,O
벚꽃,O
구경도,O
못했는데,O
ㅡㅡㅡ,ㅡㅡㅡ
4월,O
에는,O
뭐라도,O
구경할,O
수,O
있겠죠,O
ㅡㅡㅡ,ㅡㅡㅡ
조금,O
더,O
부지런하고,O
규칙적인,O
생활을,O
할,O
수,O
있도록,O
노력해야겠어요,O
ㅡㅡㅡ,ㅡㅡㅡ
4월,O
에는,O
더,O
즐거운,O
일들만,O
가득했으면,O
좋겠습니다,O
ㅡㅡㅡ,ㅡㅡㅡ
여러분두요,O
ㅡㅡㅡ,ㅡㅡㅡ
여러분,O
하이,O
ㅡㅡㅡ,ㅡㅡㅡ
저는,O
지금,O
여행을,O
가기,O
위해서,O
택시,O
를,O
기다리고,O
있어요,O
터미널을,O
가기,O
위해서,O
ㅡㅡㅡ,ㅡㅡㅡ
오늘,O
걸친,O
거적때기들,O
ㅡㅡㅡ,ㅡㅡㅡ
엄지,O
들어,O
ㅡㅡㅡ,ㅡㅡㅡ
엄지,O
내려,O
ㅡㅡㅡ,ㅡㅡㅡ
알프스,B_LOC
소녀같은,O
상의,O
가방과,O
같이,O
맨,O
머리카락,O
ㅡㅡㅡ,ㅡㅡㅡ
가방이,O
엄청,O
뚱뚱해요,O
ㅡㅡㅡ,ㅡㅡㅡ
적막이,O
맴도는,O
버스,O
에,O
도착,O
ㅡㅡㅡ,ㅡㅡㅡ
차량에서,O
5시간,O
보낼,O
준비를,O
합니다,O
ㅡㅡㅡ,ㅡㅡㅡ
마음의,O
창을,O
열고,O
ㅡㅡㅡ,ㅡㅡㅡ
버스,O
에,O
혼자탄,O
기쁨의,O
춤사위,O
ㅡㅡㅡ,ㅡㅡㅡ
편하게,O
누워봅니다,O
ㅡㅡㅡ,ㅡㅡㅡ
버스,O
전세,O
낸,O
기분,O
아니까,O
ㅡㅡㅡ,ㅡㅡㅡ
창원,O
에,O
도착해서,O
친구,O
웨딩촬영,O
도와주고,O
다음날,O
하동,B_LOC
으로,O
1박2일,O
여행할,O
거에요,O
ㅡㅡㅡ,ㅡㅡㅡ
가는,O
동안,O
끄적끄적,O
ㅡㅡㅡ,ㅡㅡㅡ
참혹한,O
결과물,O
ㅡㅡㅡ,ㅡㅡㅡ
디자이너,O
그림,O
잘,O
그려야하냐고,O
물으시던데,O
이래도,O
먹고,O
살,O
수,O
있습니다,O
ㅡㅡㅡ,ㅡㅡㅡ
틱톡,O
재질,O
ㅋㅋㅋㅋㅋㅋㅋ,O
ㅡㅡㅡ,ㅡㅡㅡ
부족한,O
2,O
의,O
수분을,O
채워주고,O
ㅡㅡㅡ,ㅡㅡㅡ
깡생수,O
에,O
거하게,O
취한,O
아니라,O
멀미,O
에,O
취해,O
괴롭습니다,O
ㅡㅡㅡ,ㅡㅡㅡ
근데,O
누구라도,O
멀미하셨을거에요,O
ㅡㅡㅡ,ㅡㅡㅡ
브레이크를,O
재미로,O
밟으시는건가,O
ㅡㅡㅡ,ㅡㅡㅡ
ㅎ,O
ㅡㅡㅡ,ㅡㅡㅡ
귀여운,O
가로수,O
나무,O
보며,O
참을,O
인,O
5번,O
새기기,O
ㅡㅡㅡ,ㅡㅡㅡ
들어서,O
흔드는,O
셀프,O
당근,O
ㅡㅡㅡ,ㅡㅡㅡ
살,O
ㄹ,O
ㅕㅝ,O
ㅡㅡㅡ,ㅡㅡㅡ
원래,O
35분,O
도착,O
예정인데,O
45분,O
이,O
지났어요,O
ㅡㅡㅡ,ㅡㅡㅡ
완전,O
지각,O
ㅡㅡㅡ,ㅡㅡㅡ
멀미해요,O
멀미,O
ㅡㅡㅡ,ㅡㅡㅡ
도착한,O
사진,O
스튜디오,O
ㅡㅡㅡ,ㅡㅡㅡ
오늘,O
의,O
찍사,O
미세,O
민주,O
ㅡㅡㅡ,ㅡㅡㅡ
따라라라따,O
따라,O
따라라라따,O
따라,O
ㅡㅡㅡ,ㅡㅡㅡ
저는,O
친구,O
웨딩촬영장,O
와서,O
열심히,O
도와주고,O
있어요,O
ㅡㅡㅡ,ㅡㅡㅡ
여기보세요,O
여기보세요,O
ㅡㅡㅡ,ㅡㅡㅡ
저도,O
들,O
러리,O
촬영해서,O
ㅡㅡㅡ,ㅡㅡㅡ
친구,O
의,O
권유로,O
찍고,O
ㅡㅡㅡ,ㅡㅡㅡ
그래서,O
지금,O
화장이,O
조금,O
진해요,O
ㅡㅡㅡ,ㅡㅡㅡ
촬영장에서,O
하는,O
일,O
사진찍기,O
ㅡㅡㅡ,ㅡㅡㅡ
사진을,O
정말,O
열심히,O
찍기,O
ㅡㅡㅡ,ㅡㅡㅡ
응원하기,O
ㅡㅡㅡ,ㅡㅡㅡ
대기,O
ㅡㅡㅡ,ㅡㅡㅡ
멍도,O
때리고요,O
ㅡㅡㅡ,ㅡㅡㅡ
이제,O
마지막,O
야외,O
촬영,O
남았어요,O
ㅡㅡㅡ,ㅡㅡㅡ
눈물의,O
찰칵쇼,O
ㅡㅡㅡ,ㅡㅡㅡ
제가,O
뭐할거냐면요,O
ㅡㅡㅡ,ㅡㅡㅡ
끝나지,O
않은,O
눈물의,O
찰칵쇼,O
ㅡㅡㅡ,ㅡㅡㅡ
이러는,O
이유는,O
없습니다,O
ㅡㅡㅡ,ㅡㅡㅡ
분위기,O
정말,O
좋죠,O
ㅡㅡㅡ,ㅡㅡㅡ
이,O
때,O
옆구리,O
에,O
모기,O
물렸어요,O
혼내줘요,O
모기,O
ㅡㅡㅡ,ㅡㅡㅡ
ㅡㅡㅡ,ㅡㅡㅡ
ㅡㅡㅡ,ㅡㅡㅡ
다,O
번졌어,O
ㅡㅡㅡ,ㅡㅡㅡ
기름에,O
절은,O
앞머리,O
ㅡㅡㅡ,ㅡㅡㅡ
깨꼬닥,O
ㅡㅡㅡ,ㅡㅡㅡ
수고했어,O
나,O
자신아,O
ㅡㅡㅡ,ㅡㅡㅡ
다음날,O
숙취,O
가득,O
안고,O
하동,B_LOC
으로,O
떠날,O
짐을,O
쌉니다,O
ㅡㅡㅡ,ㅡㅡㅡ
안녕하세요,O
ㅡㅡㅡ,ㅡㅡㅡ
뭐라고,O
ㅡㅡㅡ,ㅡㅡㅡ
아니,O
나,O
거북목,O
너무,O
심해져서,O
거북이,O
야,O
진짜,O
ㅡㅡㅡ,ㅡㅡㅡ
목적지에,O
가는,O
길에,O
풍경이,O
멋있어서,O
잠시,O
정차하기,O
ㅡㅡㅡ,ㅡㅡㅡ
원피스,O
허리,O
끈이,O
왜,O
거기서,O
나와,O
ㅡㅡㅡ,ㅡㅡㅡ
도착한,O
곳은,O
하동,B_LOC
의,O
최참판댁,B_TOR
입니다,O
ㅡㅡㅡ,ㅡㅡㅡ
드라마,B_TOR
토지,I_TOR
세트장,I_TOR
ㅡㅡㅡ,ㅡㅡㅡ
매표소,O
있는,O
곳에서,O
조금,O
더,O
들어가면,O
ㅡㅡㅡ,ㅡㅡㅡ
저기에,O
있습니다,O
저희가,O
먹으려는,O
칼국수,O
집,O
ㅡㅡㅡ,ㅡㅡㅡ
티나는,O
붙임,O
머리,O
ㅡㅡㅡ,ㅡㅡㅡ
오,O
밀면,O
도,O
맛있겠다,O
ㅡㅡㅡ,ㅡㅡㅡ
칼국수,O
먹을,O
생각이였는데,O
재첩국수,O
라는게,O
있어서,O
시켜봤어요,O
ㅡㅡㅡ,ㅡㅡㅡ
주문은,O
주방에서,O
하고,O
ㅡㅡㅡ,ㅡㅡㅡ
내부,O
공간은,O
이렇습니다,O
ㅡㅡㅡ,ㅡㅡㅡ
머리,O
끈,O
어디갔냐,O
ㅡㅡㅡ,ㅡㅡㅡ
뭘,O
묶었나,O
했더니,O
꼬랑지를,O
묶었구만,O
ㅡㅡㅡ,ㅡㅡㅡ
약간,O
맛,O
보장된,O
기사식당,O
밑반찬,O
ㅡㅡㅡ,ㅡㅡㅡ
이게,O
초면인,O
재첩국수,O
고,O
ㅡㅡㅡ,ㅡㅡㅡ
얜,O
비빔밥,O
입니다요,O
ㅡㅡㅡ,ㅡㅡㅡ
이정도,O
ㅡㅡㅡ,ㅡㅡㅡ
조금,O
더,O
ㅡㅡㅡ,ㅡㅡㅡ
속수무책으로,O
비벼지는,O
비빔밥,O
ㅡㅡㅡ,ㅡㅡㅡ
손,O
이,O
너무,O
떨리는데,O
진짜숙취,O
여파,O
ㅡㅡㅡ,ㅡㅡㅡ
우와,O
면이,O
노란색,O
이야,O
ㅡㅡㅡ,ㅡㅡㅡ
처음,O
먹어보는,O
재첩국수,O
두근두근,O
ㅡㅡㅡ,ㅡㅡㅡ
후르룩,O
ㅡㅡㅡ,ㅡㅡㅡ
이,O
맛은,O
ㅡㅡㅡ,ㅡㅡㅡ
ㅡㅡㅡ,ㅡㅡㅡ
ㅡㅡㅡ,ㅡㅡㅡ
ㅡㅡㅡ,ㅡㅡㅡ
친구,O
말도,O
맞고,O
맹,O
한,O
느낌이였어요,O
ㅡㅡㅡ,ㅡㅡㅡ
재첩,O
이랑,O
같이,O
먹으니까,O
맛있다,O
ㅡㅡㅡ,ㅡㅡㅡ
반찬은,O
자취를,O
다,O
감췄어,O
ㅡㅡㅡ,ㅡㅡㅡ
듬뿍,O
뜬,O
재첩,O
ㅡㅡㅡ,ㅡㅡㅡ
재첩,O
이랑,O
같이,O
먹어야,O
맛있어,O
ㅡㅡㅡ,ㅡㅡㅡ
맨,O
처음에,O
그냥,O
먹었을땐,O
비린맛밖에,O
안,O
났어,O
ㅡㅡㅡ,ㅡㅡㅡ
우와,O
여기서,O
먹었어야했다,O
진짜,O
예쁘다,O
ㅡㅡㅡ,ㅡㅡㅡ
와,O
멋있다,O
ㅡㅡㅡ,ㅡㅡㅡ
논밭,O
쫙,O
펼쳐진거,O
대박이다,O
ㅡㅡㅡ,ㅡㅡㅡ
이거,O
가을,O
에,O
벼,O
다,O
익으면,O
진짜,O
금,O
같겠다,O
ㅡㅡㅡ,ㅡㅡㅡ
최참판댁,B_TOR
관람,O
요금표,O
입니다요,O
ㅡㅡㅡ,ㅡㅡㅡ
지금,O
46분,O
인데,O
ㅡㅡㅡ,ㅡㅡㅡ
14분,O
있다,O
문,O
닫는다고,O
ㅡㅡㅡ,ㅡㅡㅡ
그냥,O
들어가서,O
볼,O
만큼만,O
보고,O
오라해서,O
일단,O
올라가고,O
있어요,O
ㅡㅡㅡ,ㅡㅡㅡ
가는길을,O
등산이라고,O
하더라고요,O
ㅡㅡㅡ,ㅡㅡㅡ
아,O
근데,O
진짜로,O
경사가,O
너무,O
심해,O
ㅡㅡㅡ,ㅡㅡㅡ
아무,O
생각이,O
없어서,O
ㅡㅡㅡ,ㅡㅡㅡ
아,O
맞아,O
못,O
갔지,O
ㅡㅡㅡ,ㅡㅡㅡ
우리,O
진짜,O
계획적이잖아무계획,O
ㅡㅡㅡ,ㅡㅡㅡ
우리가,O
진짜,O
잘,O
맞는게,O
그거야,O
ㅡㅡㅡ,ㅡㅡㅡ
여행,O
코스가,O
잘못됐는데,O
둘,O
다,O
기분이,O
안,O
나빠,O
ㅡㅡㅡ,ㅡㅡㅡ
어,O
그럼,O
우리,O
다른데,O
가면,O
되겠다,O
ㅡㅡㅡ,ㅡㅡㅡ
저,O
멀리,O
초가집,O
ㅡㅡㅡ,ㅡㅡㅡ
어,O
진짜,O
멋있어,O
저,O
위에,O
산,O
없어지는,O
것,O
좀,O
봐,O
ㅡㅡㅡ,ㅡㅡㅡ
진짜,O
운치,O
장난,O
아니야,O
ㅡㅡㅡ,ㅡㅡㅡ
어,O
맞네,O
ㅡㅡㅡ,ㅡㅡㅡ
아,O
위에,O
기와집도,O
있다,O
ㅡㅡㅡ,ㅡㅡㅡ
갈랫길에서,O
초가집만,O
보고,O
다가간거라,O
최참판댁,B_TOR
아닌줄,O
알았어요,O
ㅎㅎ,O
ㅡㅡㅡ,ㅡㅡㅡ
여기,O
진짜,O
풍수지리적으로,O
아름다운,O
데라고,O
ㅡㅡㅡ,ㅡㅡㅡ
산이,O
이렇게,O
구름에,O
지워지는게,O
너무,O
예뻐,O
ㅡㅡㅡ,ㅡㅡㅡ
끝날,O
때라,O
사람이,O
없어서,O
더,O
좋아요,O
ㅡㅡㅡ,ㅡㅡㅡ
차,O
로,O
돌아가는,O
길,O
ㅡㅡㅡ,ㅡㅡㅡ
아,O
여기가,O
게스트,O
하우슨가보다,O
ㅡㅡㅡ,ㅡㅡㅡ
근처에,O
게스트,O
하우스,O
있으면,O
좋겠다,O
생각했는데,O
알고보니,O
친구,O
가,O
서치했던,O
곳이,O
있었어요,O
ㅡㅡㅡ,ㅡㅡㅡ
여기,O
너무,O
조용하고,O
아름다운,O
동네다,O
ㅡㅡㅡ,ㅡㅡㅡ
하동,B_LOC
여행,O
내내,O
마음이,O
편안했어요,O
ㅡㅡㅡ,ㅡㅡㅡ
차,O
에,O
습기뭐야,O
ㅡㅡㅡ,ㅡㅡㅡ
저흰,O
이제,O
단발,O
너무,O
티난다,O
ㅡㅡㅡ,ㅡㅡㅡ
카페,O
갔다가,O
숙소,O
갈,O
예정이에요,O
ㅡㅡㅡ,ㅡㅡㅡ
너,O
진짜,O
안,O
불편해,O
ㅡㅡㅡ,ㅡㅡㅡ
의자,O
앞,O
으로,O
땡겨놓고,O
짐,O
가방,O
무릎,O
에,O
얹어놓고,O
안,O
불편하다고,O
한다고요,O
ㅡㅡㅡ,ㅡㅡㅡ
풍경,O
보여,O
ㅡㅡㅡ,ㅡㅡㅡ
풍경이,O
예뻐서,O
담고,O
싶었는데,O
ㅡㅡㅡ,ㅡㅡㅡ
하동,B_LOC
은,O
주변,O
산이,O
주는,O
아름다움이,O
가득한,O
곳이에요,O
ㅠㅠ,O
한국,O
의,O
알프스,B_LOC
인정합니다,O
ㅡㅡㅡ,ㅡㅡㅡ
가는,O
길에,O
있어서,O
화개,B_TOR
장터,I_TOR
에,O
잠깐,O
들렸어요,O
ㅡㅡㅡ,ㅡㅡㅡ
여섯시반,O
가게가,O
모두,O
닫아서,O
살,O
수가,O
없어요,O
ㅡㅡㅡ,ㅡㅡㅡ
우리,O
음식,O
아예,O
못,O
사겠는데,O
ㅡㅡㅡ,ㅡㅡㅡ
이상하네,O
그러고보니,O
가는,O
데마다,O
다,O
문,O
닫고,O
있네,O
ㅡㅡㅡ,ㅡㅡㅡ
어,O
고양이,O
다,O
ㅡㅡㅡ,ㅡㅡㅡ
식빵,O
저게,O
식빵,O
굽는건가,O
ㅡㅡㅡ,ㅡㅡㅡ
졸렸어,O
나,O
갈,O
거야,O
자,O
ㅡㅡㅡ,ㅡㅡㅡ
숙소에서,O
저녁,O
으로,O
먹을,O
전병을,O
포장주문,O
합니다,O
ㅡㅡㅡ,ㅡㅡㅡ
차,O
있으면,O
포장,O
안,O
해주시고,O
이렇게만,O
담아주신데요,O
ㅡㅡㅡ,ㅡㅡㅡ
6시40분,O
인데,O
가게,O
진짜,O
다,O
닫았어요,O
ㅡㅡㅡ,ㅡㅡㅡ
화개장터,B_TOR
오시려면,O
일찍,O
움직여야,O
될,O
거,O
같습니다,O
6시,O
마감으로,O
보여요,O
ㅡㅡㅡ,ㅡㅡㅡ
밤,O
에,O
운전할,O
땐,O
무조건,O
안경,O
ㅡㅡㅡ,ㅡㅡㅡ
난시,O
심한,O
분들은,O
다,O
그렇더라고,O
ㅡㅡㅡ,ㅡㅡㅡ
약간,O
이번,O
여행도,O
우리,O
차,O
에만,O
있던거,O
맞지,O
ㅡㅡㅡ,ㅡㅡㅡ
우리,O
여행에,O
필요한건,O
딱,O
하나,O
야,O
ㅡㅡㅡ,ㅡㅡㅡ
좋은,O
노래,O
목록,O
ㅡㅡㅡ,ㅡㅡㅡ
어차피,O
차,O
에만,O
있으니깐,O
ㅡㅡㅡ,ㅡㅡㅡ
숙소,O
안내,O
받으며,O
걷고,O
있어요,O
ㅡㅡㅡ,ㅡㅡㅡ
우와,O
ㅡㅡㅡ,ㅡㅡㅡ
헉,O
우와,O
너무,O
예쁘다,O
ㅡㅡㅡ,ㅡㅡㅡ
아이,O
괜찮아,O
ㅡㅡㅡ,ㅡㅡㅡ
아,O
뭐야,O
나,O
비,O
맞고,O
있었어,O
ㅡㅡㅡ,ㅡㅡㅡ
괜찮아,O
아니,O
진짜,O
너무,O
예쁜데,O
ㅡㅡㅡ,ㅡㅡㅡ
한옥,O
숙소,O
예약한건,O
알았지만,O
밤,O
에,O
이런,O
분위기일,O
줄이야,O
ㅡㅡㅡ,ㅡㅡㅡ
게다가,O
코로나,O
이후로,O
집,O
밖이,O
오랜만이라,O
과한,O
리액션,O
남발,O
ㅎ,O
ㅡㅡㅡ,ㅡㅡㅡ
들숨으로,O
감탄하는,O
소리,O
ㅡㅡㅡ,ㅡㅡㅡ
저희의,O
숙소는,O
제일,O
뒤에,O
위치했어요,O
ㅡㅡㅡ,ㅡㅡㅡ
저,O
감탄무새,O
인정해주세요,O
ㅠ,O
ㅡㅡㅡ,ㅡㅡㅡ
대박,O
진짜,O
너무,O
좋죠,O
ㅡㅡㅡ,ㅡㅡㅡ
어머,O
ㅡㅡㅡ,ㅡㅡㅡ
야,O
뭐야,O
ㅡㅡㅡ,ㅡㅡㅡ
친구,O
의,O
쪼리,O
와,O
제,O
고무신이,O
옆집과,O
완벽하게,O
같을,O
확률은,O
취향이,O
199,O
겹치는,O
ㅡㅡㅡ,ㅡㅡㅡ
문,O
잠그는,O
방법,O
등을,O
설명,O
받습니다,O
ㅡㅡㅡ,ㅡㅡㅡ
와,O
귀뚜라미,O
소리,O
대박이다,O
ㅡㅡㅡ,ㅡㅡㅡ
다시봐도,O
너무,O
멋있어,O
ㅡㅡㅡ,ㅡㅡㅡ
숙소에,O
아무것도,O
없어서,O
물을,O
사러,O
가려고요,O
ㅡㅡㅡ,ㅡㅡㅡ
바베큐,O
파티,O
여기서,O
하면,O
분위기,O
대박이겠다,O
ㅡㅡㅡ,ㅡㅡㅡ
편의점,O
8,O
걸렸어요,O
25분,O
ㅡㅡㅡ,ㅡㅡㅡ
화개장터,B_TOR
들렸을때,O
사가지고,O
왔어야했던,O
ㅡㅡㅡ,ㅡㅡㅡ
엥,O
짐,O
옮기는데,O
이미,O
빈,O
상자,O
ㅡㅡㅡ,ㅡㅡㅡ
진짜,O
안,O
먹던건데,O
갑자기,O
땡겨서,O
산,O
김치,O
사발면,O
ㅡㅡㅡ,ㅡㅡㅡ
친구,O
가,O
속이,O
너무,O
안,O
좋아서,O
과자를,O
두봉지,O
먹었습니다,O
ㅡㅡㅡ,ㅡㅡㅡ
속,O
좋은,O
나도,O
두봉지,O
못,O
먹는다,O
ㅡㅡㅡ,ㅡㅡㅡ
이,O
숙소,O
똥,O
냄새,O
너무,O
심,O
해,O
내,O
생각엔,O
이,O
안에서,O
싼거야,O
화장실,O
냄새,O
아니라,O
ㅡㅡㅡ,ㅡㅡㅡ
위생때문에,O
ㅡㅡㅡ,ㅡㅡㅡ
맞아,O
ㅡㅡㅡ,ㅡㅡㅡ
근데,O
진짜,O
관리,O
안,O
됐다고,O
느끼는건,O
천장에,O
거미줄,O
뭔데,O
ㅡㅡㅡ,ㅡㅡㅡ
아니,O
여기,O
할로윈,O
이라고요,O
여기저기,O
거미줄,O
진짜,O
많아,O
ㅡㅡㅡ,ㅡㅡㅡ
너,O
정말,O
뻔뻔해,O
해,O
ㅡㅡㅡ,ㅡㅡㅡ
어떻게,O
숙취,O
어쩌고,O
하면서,O
싹,O
비운거,O
ㅡㅡㅡ,ㅡㅡㅡ
맛있겠다,O
ㅡㅡㅡ,ㅡㅡㅡ
음,O
ㅡㅡㅡ,ㅡㅡㅡ
음,O
ㅡㅡㅡ,ㅡㅡㅡ
어,O
만두,O
같아,O
ㅡㅡㅡ,ㅡㅡㅡ
진짜,O
쫀득쫀득해,O
ㅡㅡㅡ,ㅡㅡㅡ
라면,O
뚜껑은,O
고이접어,O
ㅡㅡㅡ,ㅡㅡㅡ
라면,O
을,O
호로록,O
ㅡㅡㅡ,ㅡㅡㅡ
배,O
부르고,O
등,O
따신,O
상태로,O
누워,O
수다타임,O
ㅡㅡㅡ,ㅡㅡㅡ
이것이,O
행복이지라,O
ㅡㅡㅡ,ㅡㅡㅡ
같이,O
인스타,O
도,O
구경하고,O
ㅡㅡㅡ,ㅡㅡㅡ
글자를,O
적기도,O
합니다,O
ㅡㅡㅡ,ㅡㅡㅡ
그렇게,O
계획은,O
단,O
하나,O
도,O
이루어지지,O
않은,O
첫날,O
을,O
마무리합니다,O
ㅡㅡㅡ,ㅡㅡㅡ
일찍,O
떠진,O
눈,O
ㅡㅡㅡ,ㅡㅡㅡ
저녁,O
에와서,O
못,O
본,O
창,O
밖,O
풍경을,O
구경합니다,O
ㅡㅡㅡ,ㅡㅡㅡ
저,O
부분,O
멋있다,O
ㅡㅡㅡ,ㅡㅡㅡ
이런,O
풍경이,O
있어요,O
ㅡㅡㅡ,ㅡㅡㅡ
뒤,O
엔,O
녹차밭이,O
있습니다,O
ㅡㅡㅡ,ㅡㅡㅡ
어,O
ㅡㅡㅡ,ㅡㅡㅡ
푸,O
ㅡㅡㅡ,ㅡㅡㅡ
어,O
ㅡㅡㅡ,ㅡㅡㅡ
푸,O
ㅡㅡㅡ,ㅡㅡㅡ
조심스럽게,O
어제,O
남긴,O
전병,O
먹방,O
ㅡㅡㅡ,ㅡㅡㅡ
차게,O
식었는데,O
더,O
맛있어요,O
ㅡㅡㅡ,ㅡㅡㅡ
을매나,O
쫄깃한지,O
ㅡㅡㅡ,ㅡㅡㅡ
어제,O
사온,O
라면,O
과,O
먹고,O
남긴,O
전병,O
그리고,O
팝콘,O
ㅡㅡㅡ,ㅡㅡㅡ
저희,O
방이,O
같은,O
숙소에서는,O
좋은,O
뷰가,O
있는,O
방이,O
아니래요,O
ㅡㅡㅡ,ㅡㅡㅡ
숙소,O
치우기,O
ㅡㅡㅡ,ㅡㅡㅡ
한옥과,O
어울려서,O
가져온,O
동생,O
원피스,O
입고,O
쓰레기,O
버리러,O
갑니다,O
ㅡㅡㅡ,ㅡㅡㅡ
와,O
흙냄새,O
좋다,O
잉,O
ㅡㅡㅡ,ㅡㅡㅡ
새,O
소리,O
들으면서,O
분리수거,O
하니까,O
기분,O
좋다,O
ㅡㅡㅡ,ㅡㅡㅡ
저희,O
숙소,O
나와서,O
바로,O
앞,O
에,O
풍경,O
진짜,O
멋있죠,O
ㅡㅡㅡ,ㅡㅡㅡ
기와집들,O
아래,O
내려다,O
보이는게,O
예쁘기도,O
하고,O
ㅡㅡㅡ,ㅡㅡㅡ
특히,O
저,O
구름,O
ㅡㅡㅡ,ㅡㅡㅡ
뒤에,O
멋있다,O
대나무,O
같은,O
ㅡㅡㅡ,ㅡㅡㅡ
대나무,O
구나,O
ㅡㅡㅡ,ㅡㅡㅡ
한옥이니,O
은근슬쩍,O
동양풍의,O
배경음악,O
깔기보기,O
ㅎㅎ,O
ㅡㅡㅡ,ㅡㅡㅡ
네,O
숙소에,O
반했습니다,O
ㅡㅡㅡ,ㅡㅡㅡ
흙이,O
보는,O
시점,O
ㅡㅡㅡ,ㅡㅡㅡ
화면에,O
안,O
담기는게,O
한이다,O
ㅡㅡㅡ,ㅡㅡㅡ
산이,O
카메라,O
로,O
보는,O
것보다,O
어두워요색에,O
깊이가,O
있어요,O
ㅡㅡㅡ,ㅡㅡㅡ
기웃기웃,O
ㅡㅡㅡ,ㅡㅡㅡ
목,O
떨어지겠다,O
ㅡㅡㅡ,ㅡㅡㅡ
숙소,O
나가기,O
전에,O
여유롭게,O
숙소,O
구경을,O
했어요,O
ㅡㅡㅡ,ㅡㅡㅡ
찐,O
아련,O
ㅡㅡㅡ,ㅡㅡㅡ
비,O
안,O
오고,O
흐림,O
최적의,O
날씨,O
ㅡㅡㅡ,ㅡㅡㅡ
ㅡㅡㅡ,ㅡㅡㅡ
지금,O
저,O
보고,O
있는거,O
맞죠,O
ㅡㅡㅡ,ㅡㅡㅡ
나보고,O
짖고,O
있나봐,O
ㅡㅡㅡ,ㅡㅡㅡ
미안,O
ㅡㅡㅡ,ㅡㅡㅡ
아직도,O
짖고,O
있나,O
ㅡㅡㅡ,ㅡㅡㅡ
나,O
안,O
보이는데,O
ㅡㅡㅡ,ㅡㅡㅡ
나,O
안,O
보일텐데,O
ㅡㅡㅡ,ㅡㅡㅡ
와,O
멋있다,O
ㅡㅡㅡ,ㅡㅡㅡ
나보고,O
짖고,O
있었어,O
ㅡㅡㅡ,ㅡㅡㅡ
나가는,O
길에,O
만난,O
오랜만에,O
보는,O
부레옥잠,O
ㅡㅡㅡ,ㅡㅡㅡ
동화속,O
마을,O
같은,O
풍경,O
ㅡㅡㅡ,ㅡㅡㅡ
또,O
가고,O
싶은,O
여행지입니다,O
완전,O
추천드려요,O
ㅡㅡㅡ,ㅡㅡㅡ
산을,O
지나쳐,O
녹차,O
카페로,O
달려갑니다,O
ㅡㅡㅡ,ㅡㅡㅡ
전화하고,O
올,O
걸,O
잠정폐쇠래요,O
코로나,O
확진자,O
방문,O
ㅡㅡㅡ,ㅡㅡㅡ
예정에,O
없던,O
카페에,O
왔어요,O
ㅡㅡㅡ,ㅡㅡㅡ
준비,O
안,O
한,O
자들의,O
우연한,O
방문,O
ㅡㅡㅡ,ㅡㅡㅡ
뉴욕치즈,O
랑,O
샐러드,O
랑,O
ㅡㅡㅡ,ㅡㅡㅡ
지금,O
부터의,O
계획은,O
ㅡㅡㅡ,ㅡㅡㅡ
케잌,O
이랑,O
샐러드,O
먹고,O
삼성궁,B_TOR
갔다가,O
ㅡㅡㅡ,ㅡㅡㅡ
활공장,B_TOR
갔다가,O
아마,O
집,O
갈,O
것,O
같아요,O
ㅡㅡㅡ,ㅡㅡㅡ
아인슈페너,O
처음,O
마시는,O
분,O
ㅡㅡㅡ,ㅡㅡㅡ
난,O
입,O
에,O
커피,O
안,O
들어오는데,O
ㅡㅡㅡ,ㅡㅡㅡ
더,O
쭉,O
ㅡㅡㅡ,ㅡㅡㅡ
쭉,O
빨아야,O
크림,O
커피,O
가,O
입,O
에,O
함께,O
들어온다는데,O
ㅡㅡㅡ,ㅡㅡㅡ
크림,O
만,O
입,O
에,O
한,O
가득,O
ㅡㅡㅡ,ㅡㅡㅡ
나와,O
ㅡㅡㅡ,ㅡㅡㅡ
거의,O
블루투스,O
하듯이,O
마시네,O
ㅡㅡㅡ,ㅡㅡㅡ
거품,O
한입,O
ㅡㅡㅡ,ㅡㅡㅡ
커피,O
는,O
빨대로,O
ㅋㅋㅋㅋㅋㅋ,O
ㅡㅡㅡ,ㅡㅡㅡ
지금,O
삼성궁,B_TOR
가는,O
길에,O
풍경,O
멋있어서,O
잠깐,O
내렸어요,O
ㅡㅡㅡ,ㅡㅡㅡ
양사이드,O
에,O
코스모스,O
피고,O
ㅡㅡㅡ,ㅡㅡㅡ
사실,O
이,O
다리,O
넘어갈때,O
국경,O
넘어가는,O
기분이였는데,O
방금,O
ㅡㅡㅡ,ㅡㅡㅡ
진짜,O
멋있다,O
ㅡㅡㅡ,ㅡㅡㅡ
지적삼각,O
점,O
경남,O
ㅡㅡㅡ,ㅡㅡㅡ
잔잔한,O
물결과,O
우직한,O
산이,O
마음을,O
편안하게,O
해주는,O
느낌,O
ㅡㅡㅡ,ㅡㅡㅡ
와,O
진짜,O
잔잔하다,O
ㅡㅡㅡ,ㅡㅡㅡ
낚시,O
할,O
것,O
같아,O
ㅡㅡㅡ,ㅡㅡㅡ
산,O
넘어,O
산,O
넘어,O
산,O
ㅡㅡㅡ,ㅡㅡㅡ
우연히,O
만난,O
장소가,O
주는,O
기쁨,O
ㅡㅡㅡ,ㅡㅡㅡ
와,O
바람,O
기분,O
너무,O
좋아,O
ㅡㅡㅡ,ㅡㅡㅡ
목적지를,O
향해,O
다시,O
출바알,O
ㅡㅡㅡ,ㅡㅡㅡ
가위바위보해서,O
진,O
사람,O
삼성궁,B_TOR
가서,O
발,O
빠지기,O
어때,O
ㅡㅡㅡ,ㅡㅡㅡ
아,O
나,O
너랑,O
이제,O
가위바위보,O
안,O
해,O
ㅡㅡㅡ,ㅡㅡㅡ
어,O
ㅡㅡㅡ,ㅡㅡㅡ
너가,O
그리고,O
그랬잖아,O
ㅡㅡㅡ,ㅡㅡㅡ
지난,O
안산,O
브이로그,O
에서,O
ㅡㅡㅡ,ㅡㅡㅡ
엄마,O
가,O
그거보더니,O
너,O
바보야이랬어,O
나한테,O
ㅡㅡㅡ,ㅡㅡㅡ
도착한,O
삼성궁,B_TOR
ㅡㅡㅡ,ㅡㅡㅡ
오자마자,O
날씨,O
흐려지고,O
ㅡㅡㅡ,ㅡㅡㅡ
원래는,O
방문객,O
이,O
많아서,O
도로에도,O
주차가,O
되어있데요,O
ㅡㅡㅡ,ㅡㅡㅡ
아,O
대인,O
소독기,O
ㅡㅡㅡ,ㅡㅡㅡ
천천히,O
통과래,O
천천히,O
ㅡㅡㅡ,ㅡㅡㅡ
친구,O
놀래서,O
후진하는,O
바람에,O
두번,O
고통받기,O
ㅡㅡㅡ,ㅡㅡㅡ
아니,O
너무,O
겁쟁이,O
아니야,O
ㅡㅡㅡ,ㅡㅡㅡ
신나게,O
놀렸지만,O
같은,O
쫄보,O
ㅡㅡㅡ,ㅡㅡㅡ
성인,O
입장료,O
7000원,O
입니다요,O
ㅡㅡㅡ,ㅡㅡㅡ
이런,O
입구를,O
지나면,O
ㅡㅡㅡ,ㅡㅡㅡ
이런,O
돌탑들이,O
보여요,O
ㅡㅡㅡ,ㅡㅡㅡ
사진,O
1장,O
보고,O
방문한,O
곳이라,O
이런,O
모습은,O
상상도,O
못한,O
상태,O
ㄴㅇㄱ,O
ㅡㅡㅡ,ㅡㅡㅡ
삼성궁,B_TOR
은,O
거의,O
등산,O
코스,O
였어요,O
1시간,O
넘게,O
소요,O
되는,O
긴,O
ㅡㅡㅡ,ㅡㅡㅡ
우와,O
자세히,O
보니,O
다,O
조각이에요,O
ㅡㅡㅡ,ㅡㅡㅡ
삼성궁,B_TOR
은,O
환인,O
환웅,O
단군,O
을,O
모시는,O
배달겨레,O
의,O
성전이며,O
수도장이고,O
ㅡㅡㅡ,ㅡㅡㅡ
1500여개,O
돌탑들은,O
수련하며,O
쌓아올린,O
돌들이라고,O
합니다,O
ㅡㅡㅡ,ㅡㅡㅡ
비오고,O
추워서,O
첫날,O
옷으로,O
갈아입었어요,O
ㅡㅡㅡ,ㅡㅡㅡ
갑자기,O
이렇게,O
비가,O
오다,O
니,O
ㅡㅡㅡ,ㅡㅡㅡ
이유없이,O
뛰고,O
싶구만,O
ㅡㅡㅡ,ㅡㅡㅡ
빨리,O
가고,O
싶어,O
ㅡㅡㅡ,ㅡㅡㅡ
뭐야,O
친구,O
없어졌어,O
ㅡㅡㅡ,ㅡㅡㅡ
그리고,O
날씨도,O
흐리고,O
코로나,O
이슈,O
때문인지,O
사람이,O
거의,O
없어요,O
ㅡㅡㅡ,ㅡㅡㅡ
친구,O
저기,O
있다,O
ㅡㅡㅡ,ㅡㅡㅡ
와,O
돌담,O
많다,O
ㅡㅡㅡ,ㅡㅡㅡ
돌,O
천국이구만요,O
ㅡㅡㅡ,ㅡㅡㅡ
여느,O
등산로,O
같아요,O
ㅡㅡㅡ,ㅡㅡㅡ
폭포도,O
있고,O
ㅡㅡㅡ,ㅡㅡㅡ
조각된,O
돌도,O
많고,O
ㅡㅡㅡ,ㅡㅡㅡ
연못도,O
정말,O
잘,O
꾸며져,O
있어요,O
진짜,O
이색적인,O
느낌을,O
받았습니다,O
ㅡㅡㅡ,ㅡㅡㅡ
상상도,O
못한,O
모습들,O
ㅡㅡㅡ,ㅡㅡㅡ
특이하다,O
이게,O
길이야,O
ㅡㅡㅡ,ㅡㅡㅡ
이렇게,O
지나가는,O
길이에요,O
신기,O
ㅡㅡㅡ,ㅡㅡㅡ
돌담을,O
지나갈,O
때,O
마다,O
다음,O
길은,O
뭐가,O
있을까하는,O
기대감이,O
드는,O
길들의,O
연속입니다,O
ㅡㅡㅡ,ㅡㅡㅡ
와,O
저거,O
길이래요,O
진짜,O
특이하다,O
여기,O
ㅡㅡㅡ,ㅡㅡㅡ
다른,O
세계로,O
가는,O
길,O
같아,O
ㅡㅡㅡ,ㅡㅡㅡ
약간,O
판타지,O
같아,O
판타지,O
덕후,O
ㅡㅡㅡ,ㅡㅡㅡ
저는,O
저기에서,O
나왔다고요,O
ㅡㅡㅡ,ㅡㅡㅡ
천장에서,O
물,O
떨어진다,O
ㅡㅡㅡ,ㅡㅡㅡ
어,O
ㅡㅡㅡ,ㅡㅡㅡ
우와,O
천장에,O
벽화,O
있어요,O
ㅡㅡㅡ,ㅡㅡㅡ
아이폰,O
이,O
밝게,O
촬영되는거지,O
엄청,O
어두워요,O
ㅡㅡㅡ,ㅡㅡㅡ
통로를,O
지나,O
이런,O
곳이,O
나올,O
줄이야,O
ㅡㅡㅡ,ㅡㅡㅡ
여기서,O
나오는거에요,O
ㅡㅡㅡ,ㅡㅡㅡ
가다보니,O
나온,O
신기한,O
길,O
ㅡㅡㅡ,ㅡㅡㅡ
야,O
그리고,O
우산,O
가져오자마자,O
비,O
끝친거,O
뭐야,O
ㅡㅡㅡ,ㅡㅡㅡ
우리도,O
해야하는거,O
아니야,O
ㅡㅡㅡ,ㅡㅡㅡ
됐다,O
ㅡㅡㅡ,ㅡㅡㅡ
들어주세요,O
ㅡㅡㅡ,ㅡㅡㅡ
뭔가,O
ㅡㅡㅡ,ㅡㅡㅡ
뭔가,O
있나,O
ㅡㅡㅡ,ㅡㅡㅡ
바람,O
확,O
불어요,O
갑자기,O
ㅡㅡㅡ,ㅡㅡㅡ
와,O
진짜,O
예쁘다,O
물색,O
녹색,O
이야,O
ㅡㅡㅡ,ㅡㅡㅡ
여기,O
사람들,O
다,O
모여있구나,O
ㅡㅡㅡ,ㅡㅡㅡ
와,O
바람,O
엄청,O
쎄,O
ㅡㅡㅡ,ㅡㅡㅡ
오기,O
전,O
봤다는,O
삼성궁,B_TOR
사진이,O
여기였어요,O
ㅡㅡㅡ,ㅡㅡㅡ
과거의,O
것이,O
그대로,O
보존된,O
느낌,O
ㅡㅡㅡ,ㅡㅡㅡ
삼신,O
을,O
모신다는,O
삼신궁,B_TOR
ㅡㅡㅡ,ㅡㅡㅡ
여기,O
진짜,O
조용해,O
그치,O
ㅡㅡㅡ,ㅡㅡㅡ
여긴,O
제사,O
지내는데,O
같아,O
ㅡㅡㅡ,ㅡㅡㅡ
걷고,O
걷다보면,O
ㅡㅡㅡ,ㅡㅡㅡ
저기가,O
아까,O
사진,O
스팟이에요,O
ㅡㅡㅡ,ㅡㅡㅡ
저,O
나무가,O
위에서,O
보니,O
멋있어요,O
ㅡㅡㅡ,ㅡㅡㅡ
멋있게,O
솟아있는,O
나무와,O
ㅡㅡㅡ,ㅡㅡㅡ
예기치,O
못한,O
등산에,O
버거운,O
저희ㅠ,O
또르르,O
ㅡㅡㅡ,ㅡㅡㅡ
기대가,O
된다,O
ㅡㅡㅡ,ㅡㅡㅡ
이,O
돌담을,O
넘었을때,O
어떤,O
풍경일지,O
ㅡㅡㅡ,ㅡㅡㅡ
허,O
더,O
가야돼,O
ㅡㅡㅡ,ㅡㅡㅡ
우와,O
ㅡㅡㅡ,ㅡㅡㅡ
진짜,O
특이하다,O
그쳐,O
ㅡㅡㅡ,ㅡㅡㅡ
근데,O
너무,O
신식이야,O
건물이,O
ㅡㅡㅡ,ㅡㅡㅡ
뒤,O
에,O
배경보소,O
ㅡㅡㅡ,ㅡㅡㅡ
최판딱,O
ㅡㅡㅡ,ㅡㅡㅡ
최판대기,O
ㅡㅡㅡ,ㅡㅡㅡ
쵯,O
ㅡㅡㅡ,ㅡㅡㅡ
최참판댁,B_TOR
같다안,O
들어갔지만서도,O
ㅡㅡㅡ,ㅡㅡㅡ
다음엔,O
가족,O
과,O
와보고,O
싶어요,O
산책,O
등산,O
느낌으로,O
ㅡㅡㅡ,ㅡㅡㅡ
아니,O
집가니까,O
갑자기,O
와,O
진짜,O
쨍쨍해,O
하늘보소,O
ㅡㅡㅡ,ㅡㅡㅡ
하동,B_LOC
ㅡㅡㅡ,ㅡㅡㅡ
저런게,O
너무,O
멋있어,O
산그림자,O
ㅡㅡㅡ,ㅡㅡㅡ
산에,O
드리워진,O
구름,O
그림자,O
ㅡㅡㅡ,ㅡㅡㅡ
집,O
가기,O
전에,O
휴게소,O
들렸어요,O
ㅡㅡㅡ,ㅡㅡㅡ
우린,O
단,O
한,O
순간도,O
ㅡㅡㅡ,ㅡㅡㅡ
계획에,O
없는,O
일들만,O
하는구만,O
ㅡㅡㅡ,ㅡㅡㅡ
아까,O
산,O
샐러드,O
와,O
어머,O
애기돈까쓰,O
말랐어요,O
ㅡㅡㅡ,ㅡㅡㅡ
메밀소바소스,O
에,O
고춧가루,O
넣은,O
소스,O
에,O
처음,O
찍어먹어봤는데,O
너무,O
맛있었어요,O
ㅡㅡㅡ,ㅡㅡㅡ
나,O
말,O
많은데,O
피곤하면,O
말,O
수가,O
없어진다,O
ㅡㅡㅡ,ㅡㅡㅡ
잠시,O
생각과,O
말을,O
쉬면,O
금방,O
재충전,O
돼요,O
ㅡㅡㅡ,ㅡㅡㅡ
돈가스소스,O
매콤해,O
ㅡㅡㅡ,ㅡㅡㅡ
집가니까,O
딱,O
하늘,O
개,O
이고,O
노을,O
예쁘고,O
노을오고,O
ㅡㅡㅡ,ㅡㅡㅡ
이거,O
잡고,O
해야지,O
한바퀴,O
돌아야지,O
ㅡㅡㅡ,ㅡㅡㅡ
펌프,O
위,O
에서,O
한바퀴,O
돌아야,O
진정한,O
고수지,O
ㅡㅡㅡ,ㅡㅡㅡ
하지만,O
제가,O
고수,O
라고,O
한,O
적은,O
없습니다,O
ㅡㅡㅡ,ㅡㅡㅡ
어,O
네,O
가,O
아니라,O
ㅡㅡㅡ,ㅡㅡㅡ
명예회복을,O
꿈꾸며,O
어려운,O
단계,O
선택ㅋ,O
ㅡㅡㅡ,ㅡㅡㅡ
ㅠㅠ,O
열심히,O
했구나,O
ㅡㅡㅡ,ㅡㅡㅡ
펌프는,O
좋은,O
유산소,O
입니다,O
ㅡㅡㅡ,ㅡㅡㅡ
아,O
들어,O
하얗게,O
불,O
태웠다,O
ㅡㅡㅡ,ㅡㅡㅡ
아,O
장난하냐,O
ㅡㅡㅡ,ㅡㅡㅡ
하늘,O
진짜,O
예쁘다,O
ㅡㅡㅡ,ㅡㅡㅡ
하늘,O
진짜,O
찢어질,O
거,O
같아,O
타,O
들어간다,O
ㅡㅡㅡ,ㅡㅡㅡ
우리,O
마지막이야,O
ㅡㅡㅡ,ㅡㅡㅡ
잘가아,O
어허엉,O
ㅡㅡㅡ,ㅡㅡㅡ
내가,O
가는거고,O
너는,O
여기,O
있겠지만,O
ㅡㅡㅡ,ㅡㅡㅡ
같이,O
인사해줘,O
ㅡㅡㅡ,ㅡㅡㅡ
하동,B_LOC
여행,O
브이로그를,O
봐주신,O
여러분,O
ㅡㅡㅡ,ㅡㅡㅡ
재밌게,O
보셨나요,O
ㅡㅡㅡ,ㅡㅡㅡ
다음,O
영상으로,O
만나요,O
ㅡㅡㅡ,ㅡㅡㅡ
안녀엉,O
ㅡㅡㅡ,ㅡㅡㅡ
한국,O
의,O
알프스,O
하동,B_LOC
ㅡㅡㅡ,ㅡㅡㅡ
러시아,O
사람,O
다,O
모였다,O
ㅡㅡㅡ,ㅡㅡㅡ
가을,O
의,O
상징,O
코스모스,O
ㅡㅡㅡ,ㅡㅡㅡ
사진,O
보여줘,O
ㅡㅡㅡ,ㅡㅡㅡ
오래된,O
기차,O
가,O
있다,O
ㅡㅡㅡ,ㅡㅡㅡ
기차,O
안에,O
카페도,O
있다,O
ㅡㅡㅡ,ㅡㅡㅡ
기차,O
승강장을,O
멋지게,O
꾸몄다,O
ㅡㅡㅡ,ㅡㅡㅡ
우리도,O
저기서,O
사진찍자,O
ㅡㅡㅡ,ㅡㅡㅡ
세료가는,O
뭘,O
해도,O
다,O
재밌다,O
ㅡㅡㅡ,ㅡㅡㅡ
기차,O
가,O
도착했다,O
ㅡㅡㅡ,ㅡㅡㅡ
제한,O
인원이,O
있어서,O
예매를,O
빨리,O
해야,O
된다,O
ㅡㅡㅡ,ㅡㅡㅡ
우리는,O
20분정도,O
기다렸다,O
ㅡㅡㅡ,ㅡㅡㅡ
메밀꽃,O
ㅡㅡㅡ,ㅡㅡㅡ
경치,O
좋은,O
곳에,O
집들이,O
꽤,O
많다,O
ㅡㅡㅡ,ㅡㅡㅡ
터널,O
통과,O
ㅡㅡㅡ,ㅡㅡㅡ
자전거,O
타기,O
시작,O
ㅡㅡㅡ,ㅡㅡㅡ
진짜,O
엔진같은,O
파워,O
ㅡㅡㅡ,ㅡㅡㅡ
기차,O
타고,O
왔던,O
길을,O
그대로,O
돌아간다,O
ㅡㅡㅡ,ㅡㅡㅡ
사진,O
찍어주는,O
곳이다,O
ㅡㅡㅡ,ㅡㅡㅡ
맑은,O
공기,O
화창한,O
날씨,O
ㅡㅡㅡ,ㅡㅡㅡ
호랑이,O
입,O
으로,O
들어간다,O
ㅡㅡㅡ,ㅡㅡㅡ
호랑이,O
소리도,O
난다,O
ㅡㅡㅡ,ㅡㅡㅡ
쌀,O
ㅡㅡㅡ,ㅡㅡㅡ
남도대교,B_TOR
ㅡㅡㅡ,ㅡㅡㅡ
남도대교,B_TOR
는,O
경상남도,O
하동군,B_LOC
화개면,O
탑리,O
와,O
ㅡㅡㅡ,ㅡㅡㅡ
전라남도,O
구례군,O
간전면,O
운천리,O
사이의,O
섬진강,B_TOR
을,O
가로질러,O
놓은,O
다리이다,O
ㅡㅡㅡ,ㅡㅡㅡ
양쪽,O
난간,O
아치,O
중,O
하나,O
는,O
빨간색,O
ㅡㅡㅡ,ㅡㅡㅡ
다른,O
하나는,O
파란색,O
으로,O
태극,O
문양을,O
상징화하였다,O
ㅡㅡㅡ,ㅡㅡㅡ
남도대교,B_TOR
의,O
두시작점,O
인,O
화개,O
와,O
구례,O
는,O
쌍계사,O
와,O
화엄사,O
지리산,O
ㅡㅡㅡ,ㅡㅡㅡ
섬진강,B_TOR
으로,O
대표되는,O
천혜의,O
관광지로서,O
사철,O
많은,O
관광객,O
이,O
찾는,O
곳이다,O
ㅡㅡㅡ,ㅡㅡㅡ
화개장터,B_TOR
ㅡㅡㅡ,ㅡㅡㅡ
경상남도,O
하동군,B_LOC
화개면,B_LOC
탑리,O
에,O
있는,O
재래시장으로,O
ㅡㅡㅡ,ㅡㅡㅡ
화개장,B_TOR
또는,O
화개시장,B_TOR
이라고,O
한다,O
ㅡㅡㅡ,ㅡㅡㅡ
경상남도,O
하동군,B_LOC
과,O
전라남도,O
구례군,B_LOC
광양시,O
의,O
접경,O
지역에,O
있으며,O
ㅡㅡㅡ,ㅡㅡㅡ
행정구역상으로는,O
하동군,B_LOC
화개면,B_LOC
탑리,B_LOC
에,O
속한다,O
ㅡㅡㅡ,ㅡㅡㅡ
지리산,O
의,O
영신봉,O
에서,O
발원한,O
화개천,O
이,O
섬진강,B_TOR
으로,O
합류하는,O
지점인,O
ㅡㅡㅡ,ㅡㅡㅡ
화개장터,B_TOR
는,O
섬진강,B_TOR
의,O
종점으로,O
행상선이,O
들어올,O
수,O
있는,O
가장,O
상류의,O
지점이었다,O
ㅡㅡㅡ,ㅡㅡㅡ
이러한,O
지리적,O
특성으로,O
경상도,O
와,O
전라도,O
사람들이,O
모여들어,O
ㅡㅡㅡ,ㅡㅡㅡ
내륙에서,O
생산된,O
임산물농산물과,O
남해,O
에서,O
생산된,O
해산물,O
등을,O
교환하는,O
장터가,O
형성되었다,O
ㅡㅡㅡ,ㅡㅡㅡ
경상남도,O
하동군,B_LOC
화개면,B_LOC
에서,O
해마다,O
3월말,O
에,O
ㅡㅡㅡ,ㅡㅡㅡ
화개장터,B_TOR
에서,O
쌍계사,B_TOR
까지,O
십리,O
에,O
걸쳐,O
만발한,O
벚꽃,O
을,O
즐기는,O
ㅡㅡㅡ,ㅡㅡㅡ
화개장터벚꽃축제,B_TOR
가,O
열린다,O
ㅡㅡㅡ,ㅡㅡㅡ
화개장터,B_TOR
에서,O
쌍계사,B_TOR
까지,O
이어지는,O
화개십리,B_TOR
벚꽃길이,O
ㅡㅡㅡ,ㅡㅡㅡ
절정을,O
이루는,O
3월말,O
에,O
섬진강둔치,B_TOR
일원에서,O
3일동안,O
펼쳐진다,O
ㅡㅡㅡ,ㅡㅡㅡ
남도대교,B_TOR
는,O
양,O
지역을,O
연결함으로써,O
두지역민,O
의,O
생활상,O
편의는,O
물론,O
ㅡㅡㅡ,ㅡㅡㅡ
관광,O
수익에도,O
일조하고,O
있다,O
ㅡㅡㅡ,ㅡㅡㅡ
비가,O
많이,O
내리던,O
지난토요일,O
ㅡㅡㅡ,ㅡㅡㅡ
하동,B_LOC
으로,O
드라이브를,O
갔다,O
ㅡㅡㅡ,ㅡㅡㅡ
벚꽃,O
이,O
만개해서,O
비가와도,O
경관이,O
멋지다,O
ㅡㅡㅡ,ㅡㅡㅡ
차,O
가,O
많이,O
밀려,O
간신히,O
도착한,O
재첩국수,O
맛집,O
ㅡㅡㅡ,ㅡㅡㅡ
굶주린,O
배,O
를,O
얼른,O
채우고,O
싶은데,O
면발은,O
왜,O
풀리질,O
않니,O
ㅡㅡㅡ,ㅡㅡㅡ
그래도,O
맑은,O
국물에,O
먹은,O
재첩국수,O
맛이,O
참,O
좋았다,O
ㅡㅡㅡ,ㅡㅡㅡ
벚꽃,O
풍경보면서,O
먹어서,O
그럴지도풍경맛집,O
ㅡㅡㅡ,ㅡㅡㅡ
오랜만에,O
먼길,O
나들이어서,O
들떠있었던,O
하루,O
ㅡㅡㅡ,ㅡㅡㅡ
다음날,O
걸어서,O
산책,O
겸,O
아점,O
먹으러,O
브런치,O
식당,O
방문,O
ㅡㅡㅡ,ㅡㅡㅡ
요즘,O
계속,O
한식,O
위주로,O
먹었더니,O
양식,O
이랑,O
서먹,O
ㅡㅡㅡ,ㅡㅡㅡ
바질크림파스타,O
가,O
꾸덕하니,O
좋았다,O
ㅡㅡㅡ,ㅡㅡㅡ
사실,O
이렇게,O
브이로그를,O
찍게,O
될,O
줄,O
몰라서,O
ㅡㅡㅡ,ㅡㅡㅡ
여태,O
쫌쫌따리,O
찍은,O
영상을,O
긁어,O
모으고,O
있다,O
ㅡㅡㅡ,ㅡㅡㅡ
친구,O
가,O
영상을,O
찍는,O
버릇하랬지만,O
잘,O
안된다,O
ㅡㅡㅡ,ㅡㅡㅡ
그래도,O
편집하면서,O
지나간,O
것을,O
보는,O
재미가,O
쏠쏠하다고,O
생각중,O
ㅡㅡㅡ,ㅡㅡㅡ
첫,O
영상이지만,O
별,O
거,O
없을,O
예정이다,O
ㅡㅡㅡ,ㅡㅡㅡ
출근하면,O
계단,O
오르는,O
것이,O
든,O
것처럼,O
ㅡㅡㅡ,ㅡㅡㅡ
영상도,O
찍기,O
들어,O
건너뛴,O
날이,O
더,O
많다,O
ㅎ,O
ㅡㅡㅡ,ㅡㅡㅡ
이제와서,O
적어보지만,O
나는,O
프리랜서,O
강사,O
다,O
ㅡㅡㅡ,ㅡㅡㅡ
코로나,O
이후,O
이,O
직업에,O
회의감이,O
드는,O
중이다,O
ㅡㅡㅡ,ㅡㅡㅡ
그럼에도,O
삶은,O
계속,O
되기,O
때문에,O
ㅡㅡㅡ,ㅡㅡㅡ
맛있는,O
것들을,O
먹고,O
종종,O
친구,O
들을,O
만나,O
수다도,O
떤다,O
ㅡㅡㅡ,ㅡㅡㅡ
집으로,O
돌아가는,O
길,O
하늘이,O
어슴푸레하니,O
예쁘다,O
ㅡㅡㅡ,ㅡㅡㅡ
집에서,O
건상식,O
먹겠다며,O
유부초밥,O
과,O
김밥,O
을,O
만들었다,O
ㅡㅡㅡ,ㅡㅡㅡ
하지만,O
떡볶이,O
와,O
튀김,O
이,O
생겼다,O
ㅡㅡㅡ,ㅡㅡㅡ
어찌,O
먹지,O
아니,O
할,O
수,O
있겠는가,O
ㅡㅡㅡ,ㅡㅡㅡ
고된,O
하루,O
를,O
위로해주는,O
떡볶이,O
이거늘,O
ㅡㅡㅡ,ㅡㅡㅡ
올해,O
들어,O
수업을,O
많이,O
줄였다,O
ㅡㅡㅡ,ㅡㅡㅡ
덕분에,O
시간이,O
많이,O
생겼다,O
ㅡㅡㅡ,ㅡㅡㅡ
물론,O
지갑은,O
홀쭉해졌다,O
ㅡㅡㅡ,ㅡㅡㅡ
이따금,O
잡생각이,O
많이,O
들지만,O
괜찮다,O
ㅡㅡㅡ,ㅡㅡㅡ
우리집,O
고양이,O
와,O
함께라면,O
근심걱정이,O
없다,O
ㅡㅡㅡ,ㅡㅡㅡ
최근,O
새로,O
구입한,O
캣폴,O
ㅡㅡㅡ,ㅡㅡㅡ
투명해먹은,O
사랑이다,O
ㅡㅡㅡ,ㅡㅡㅡ
고양고양,O
님과,O
놀고나면,O
고양,O
님은,O
지쳐,O
주무신다,O
ㅡㅡㅡ,ㅡㅡㅡ
이때,O
나는,O
재빨리,O
할,O
일들을,O
한다,O
ㅡㅡㅡ,ㅡㅡㅡ
주로,O
수업준비를,O
하거나,O
이,O
자리를,O
알아본다,O
ㅡㅡㅡ,ㅡㅡㅡ
사실,O
그냥,O
유투브,O
를,O
보거나,O
인터넷,O
서핑을,O
할,O
때가,O
더,O
많다,O
ㅡㅡㅡ,ㅡㅡㅡ
저녁,O
은,O
집,O
근처,O
개정에서,O
뚝불을,O
먹었다,O
ㅡㅡㅡ,ㅡㅡㅡ
뜨끈뜨끈한,O
불고기,O
와,O
쌀밥,O
은,O
환상,O
조합인,O
듯,O
ㅡㅡㅡ,ㅡㅡㅡ
요즘,O
꽂힌,O
음식,O
중,O
하나,O
다,O
ㅡㅡㅡ,ㅡㅡㅡ
툐요일,O
서울,O
나들이를,O
갔다,O
ㅡㅡㅡ,ㅡㅡㅡ
오랜,O
친구,O
의,O
결혼식이,O
있었기,O
때문이다,O
ㅡㅡㅡ,ㅡㅡㅡ
나이가,O
조금씩,O
들어서,O
그런가,O
ㅡㅡㅡ,ㅡㅡㅡ
자주,O
얼굴,O
을,O
보지못해도,O
경조사에,O
불러주는,O
친구,O
들이,O
고맙다,O
ㅡㅡㅡ,ㅡㅡㅡ
기쁜,O
일을,O
축하해줄,O
수,O
있는,O
자리에,O
불러줌이,O
감사하다,O
ㅡㅡㅡ,ㅡㅡㅡ
먹는,O
것때문에,O
그런,O
것은,O
아니고,O
ㅡㅡㅡ,ㅡㅡㅡ
계속,O
먹는,O
영상밖에,O
없어서,O
찔린다,O
ㅡㅡㅡ,ㅡㅡㅡ
드레스,O
를,O
입은,O
친구,O
는,O
정말,O
아름다웠다,O
ㅡㅡㅡ,ㅡㅡㅡ
왜,O
남의,O
결혼식에선,O
주책스럽게,O
기분이,O
몽글해지는,O
걸까,O
ㅡㅡㅡ,ㅡㅡㅡ
어릴,O
적,O
만난,O
친구,O
라,O
그럴지도자문자답,O
ㅡㅡㅡ,ㅡㅡㅡ
아무튼,O
식장,O
요리가,O
맛이,O
그리,O
좋아,O
ㅡㅡㅡ,ㅡㅡㅡ
너무,O
배불러,O
ㅡㅡㅡ,ㅡㅡㅡ
그래도,O
두런두런,O
세상사는,O
이야기하면서,O
먹으니,O
ㅡㅡㅡ,ㅡㅡㅡ
시간가는,O
줄도,O
모르고,O
즐거웠음,O
ㅡㅡㅡ,ㅡㅡㅡ
마지막,O
디저트,O
까지,O
야무지게,O
냠냠,O
ㅡㅡㅡ,ㅡㅡㅡ
주말,O
아침,O
밀렸던,O
다이어리를,O
쓴다,O
ㅡㅡㅡ,ㅡㅡㅡ
사실,O
다이어리라기보다,O
스케줄러에,O
가까움,O
ㅡㅡㅡ,ㅡㅡㅡ
필요하고,O
중요한,O
일정만,O
간략히,O
쓴다,O
ㅡㅡㅡ,ㅡㅡㅡ
하지만,O
오늘,O
은,O
내서,O
이렇게,O
영상,O
편집도,O
해보았다,O
ㅡㅡㅡ,ㅡㅡㅡ
이걸,O
계기로,O
좀더,O
부지런해져야지,O
ㅡㅡㅡ,ㅡㅡㅡ
찍다보면,O
나도,O
10분짜리,O
브이로그를,O
만들,O
수,O
있겠지,O
ㅡㅡㅡ,ㅡㅡㅡ
너무,O
단조로운,O
일상이라,O
편집하니,O
5분,O
도,O
안되네,O
ㅡㅡㅡ,ㅡㅡㅡ
다음,O
영상은,O
좀더,O
알차게,O
써봐야지,O
ㅡㅡㅡ,ㅡㅡㅡ
나의,O
어설픈,O
첫,O
브이로그,O
안녕,O
ㅡㅡㅡ,ㅡㅡㅡ
본식,O
드레스,O
를,O
입어보고,O
있는,O
중이에요,O
ㅡㅡㅡ,ㅡㅡㅡ
벨라인인데,O
이건,O
보자마자,O
아니다,O
ㅡㅡㅡ,ㅡㅡㅡ
치마,O
부분이,O
무거워보이는,O
드레스,O
ㅡㅡㅡ,ㅡㅡㅡ
그나마,O
이게,O
제일,O
괜찮긴,O
한데,O
ㅡㅡㅡ,ㅡㅡㅡ
실제로,O
보면,O
비즈가,O
반짝반짝,O
하답니다,O
ㅡㅡㅡ,ㅡㅡㅡ
저는,O
가슴,O
라인이,O
저렇게,O
된,O
건,O
싫더라고요,O
ㅡㅡㅡ,ㅡㅡㅡ
확실히,O
머메이드가,O
더,O
나았던,O
것,O
같아요,O
ㅡㅡㅡ,ㅡㅡㅡ
저는,O
어떤,O
드레스,O
로,O
셀렉,O
했을게요,O
ㅡㅡㅡ,ㅡㅡㅡ
하동,B_LOC
삼성궁,B_TOR
에,O
왔어요,O
ㅡㅡㅡ,ㅡㅡㅡ
브라이덜,O
샤워,O
대신,O
친구,O
들과,O
함께한,O
여행,O
ㅡㅡㅡ,ㅡㅡㅡ
차,O
가,O
너무,O
밀려,O
겨우,O
도착한,O
삼성궁,B_TOR
근처,O
맛집,O
ㅡㅡㅡ,ㅡㅡㅡ
자리가,O
없어서,O
결국,O
다시,O
나왔어요,O
ㅡㅡㅡ,ㅡㅡㅡ
맞은,O
편에,O
위치한,O
산약초산장,B_RES
이라는,O
곳,O
ㅡㅡㅡ,ㅡㅡㅡ
비빔밥,O
너무,O
맛있었다,O
지,O
ㅡㅡㅡ,ㅡㅡㅡ
너무,O
배,O
가,O
고파서,O
입,O
으로,O
쓸어담았다고,O
한다,O
ㅡㅡㅡ,ㅡㅡㅡ
사랑혀,O
도토리묵,O
ㅡㅡㅡ,ㅡㅡㅡ
가을,O
이에요,O
정말,O
ㅡㅡㅡ,ㅡㅡㅡ
삼성궁,B_TOR
이,O
아니라,O
사람천궁일세,O
ㅡㅡㅡ,ㅡㅡㅡ
가을,O
색으로,O
완벽하게,O
꾸며진,O
하늘,O
ㅡㅡㅡ,ㅡㅡㅡ
감탄할,O
수,O
밖에,O
없었던,O
날씨,O
ㅡㅡㅡ,ㅡㅡㅡ
많이,O
걷고,O
사진도,O
많이,O
찍고,O
갑니다,O
ㅡㅡㅡ,ㅡㅡㅡ
거의,O
뛰다시피,O
오르막길을,O
올라,O
왔더니,O
드네요,O
ㅡㅡㅡ,ㅡㅡㅡ
차,O
키트,O
대여해서,O
여유도,O
부려봅니다,O
ㅡㅡㅡ,ㅡㅡㅡ
고등학생,O
이었던,O
우리가,O
언제,O
이렇게,O
컸냐,O
ㅡㅡㅡ,ㅡㅡㅡ
원래,O
크긴,O
했지만,O
ㅡㅡㅡ,ㅡㅡㅡ
서른,O
금방,O
오네요,O
ㅡㅡㅡ,ㅡㅡㅡ
어둑해진,O
하늘을,O
뒤로,O
하고,O
저녁,O
먹으러,O
ㅡㅡㅡ,ㅡㅡㅡ
스끼야,O
기가,O
아닌,O
곱도리탕,O
먹고,O
케이크,O
수혈하러,O
왔습니다,O
ㅡㅡㅡ,ㅡㅡㅡ
하루,O
를,O
정말,O
알차게,O
돌아다녔어요,O
ㅡㅡㅡ,ㅡㅡㅡ
드디어,O
청첩장이,O
도착을,O
했습니다,O
ㅡㅡㅡ,ㅡㅡㅡ
저는,O
잇츠카드,O
에서,O
주문했어요,O
ㅡㅡㅡ,ㅡㅡㅡ
스티커,O
색상이,O
다양해서,O
좋았어요,O
ㅡㅡㅡ,ㅡㅡㅡ
어제,O
밤,O
에,O
궁금해서,O
뜯어봤어요,O
ㅡㅡㅡ,ㅡㅡㅡ
접으면,O
이렇게,O
되는겁니당,O
ㅡㅡㅡ,ㅡㅡㅡ
아주아주,O
제,O
마음에,O
쏙,O
들어요,O
ㅡㅡㅡ,ㅡㅡㅡ
하나,O
하나,O
정성스럽게,O
접고,O
붙였어요,O
ㅡㅡㅡ,ㅡㅡㅡ
이게,O
뭐냐면요,O
ㅡㅡㅡ,ㅡㅡㅡ
제가,O
직접,O
만든,O
아크릴,O
청첩장이에요,O
ㅡㅡㅡ,ㅡㅡㅡ
가까운,O
지인,O
들에게만,O
주려고,O
제작했어요,O
ㅡㅡㅡ,ㅡㅡㅡ
양쪽,O
의,O
보호필름을,O
벗기면,O
ㅡㅡㅡ,ㅡㅡㅡ
너무,O
예쁘쟈나,O
ㅡㅡㅡ,ㅡㅡㅡ
크기에,O
맞춰,O
자른,O
색지를,O
뒤,O
에,O
포개어줍니다,O
ㅡㅡㅡ,ㅡㅡㅡ
여기에,O
따로,O
준비한,O
청첩장,O
봉투,O
ㅡㅡㅡ,ㅡㅡㅡ
실링,O
스티커도,O
구매를,O
했습니다,O
ㅡㅡㅡ,ㅡㅡㅡ
물방울모양,O
클립도,O
따로,O
구매했습니다,O
ㅡㅡㅡ,ㅡㅡㅡ
개인적으로는,O
실버색이,O
더,O
예뻤어요,O
ㅡㅡㅡ,ㅡㅡㅡ
봉투는,O
검은색,O
상으로,O
준비했어요,O
ㅡㅡㅡ,ㅡㅡㅡ
이,O
봉투에,O
들어갈,O
정도의,O
크기로,O
만들었어요,O
ㅡㅡㅡ,ㅡㅡㅡ
사이즈가,O
딱이라,O
기분,O
너무,O
좋음,O
캬캬,O
ㅡㅡㅡ,ㅡㅡㅡ
준비해둔,O
실링,O
스티커를,O
붙이면,O
끝,O
ㅡㅡㅡ,ㅡㅡㅡ
이제,O
하나,O
하나,O
지인,O
들에게,O
전달할거에요,O
ㅡㅡㅡ,ㅡㅡㅡ
이제,O
저희,O
신혼집,O
리모델링이,O
끝났습니다,O
ㅡㅡㅡ,ㅡㅡㅡ
어제,O
청소를,O
마쳤고,O
오늘,O
은,O
가전이,O
들어올,O
예정이에요,O
ㅡㅡㅡ,ㅡㅡㅡ
비스포크,O
키친핏,O
냉장고,O
로,O
구매했습니다,O
ㅡㅡㅡ,ㅡㅡㅡ
키친핏인데도,O
냉툭튀가,O
되네요,O
ㅡㅡㅡ,ㅡㅡㅡ
냉툭튀,O
싫어서,O
키친핏,O
산건데,O
ㅡㅡㅡ,ㅡㅡㅡ
그래도,O
예쁩니다,O
ㅡㅡㅡ,ㅡㅡㅡ
인덕션,O
은,O
사실,O
별로,O
기대를,O
안했는데,O
ㅡㅡㅡ,ㅡㅡㅡ
너무너무,O
예뻐요,O
ㅡㅡㅡ,ㅡㅡㅡ
세탁기,O
랑,O
건조기,O
는,O
이런,O
식으로,O
했어요,O
ㅡㅡㅡ,ㅡㅡㅡ
상단키트도,O
세트로,O
구매했는데,O
ㅡㅡㅡ,ㅡㅡㅡ
창문이,O
가려지니까,O
어쩔,O
수,O
없었어요,O
ㅡㅡㅡ,ㅡㅡㅡ
마당을,O
나온,O
암탉들과,O
병아리들,O
ㅡㅡㅡ,ㅡㅡㅡ
병아리,O
가,O
쫑쫑쫑,O
다니면,O
진짜,O
귀여워요,O
ㅡㅡㅡ,ㅡㅡㅡ
가족,O
사진,O
찍는,O
날이라,O
머리,O
염색도,O
해주고요,O
ㅡㅡㅡ,ㅡㅡㅡ
친구,O
들과,O
잠깐,O
수다도,O
떨었어요,O
ㅡㅡㅡ,ㅡㅡㅡ
카페,O
와서,O
이런,O
걸,O
시켜먹다,O
니,O
ㅡㅡㅡ,ㅡㅡㅡ
결혼을,O
앞두고,O
가족,O
사진,O
찍으러,O
왔어요,O
ㅡㅡㅡ,ㅡㅡㅡ
저희,O
가족,O
은,O
사실,O
17명,O
이에요,O
ㅡㅡㅡ,ㅡㅡㅡ
남동생,O
들만,O
정말,O
많아요,O
여동생,O
이,O
없어,O
아쉬움,O
ㅡㅡㅡ,ㅡㅡㅡ
남동생,O
이,O
많으니,O
든든하네요,O
ㅡㅡㅡ,ㅡㅡㅡ
전시관과,O
도자기,O
판매공간이,O
있더라고요,O
ㅡㅡㅡ,ㅡㅡㅡ
투박하면서도,O
예쁜,O
도자기,O
그릇,O
ㅡㅡㅡ,ㅡㅡㅡ
예쁜데,O
5만원,O
ㅡㅡㅡ,ㅡㅡㅡ
얼른,O
내려놓자,O
ㅡㅡㅡ,ㅡㅡㅡ
이제서야,O
들어가보는,O
카페,O
ㅡㅡㅡ,ㅡㅡㅡ
나답지,O
않게,O
너무,O
많이,O
시켰어,O
ㅡㅡㅡ,ㅡㅡㅡ
그러면서,O
다,O
먹었다,O
후,O
ㅡㅡㅡ,ㅡㅡㅡ
이건,O
나도,O
만들,O
수,O
있을,O
것,O
같다,O
ㅡㅡㅡ,ㅡㅡㅡ
다음에,O
만들어봐야지,O
ㅡㅡㅡ,ㅡㅡㅡ
넓은,O
마당이,O
너무나도,O
좋은,O
이,O
곳,O
ㅡㅡㅡ,ㅡㅡㅡ
이것이야말로,O
주말,O
힐링,O
타임,O
ㅡㅡㅡ,ㅡㅡㅡ
근데,O
엄마,O
양말,O
왜,O
그래,O
ㅡㅡㅡ,ㅡㅡㅡ
이렇게,O
저의,O
서른살,O
가을,O
은,O
지나가네요,O
ㅡㅡㅡ,ㅡㅡㅡ
모두,O
맛있는,O
거,O
많이,O
드시고,O
건강,O
챙기세요,O
ㅡㅡㅡ,ㅡㅡㅡ
6,O
ㅡㅡㅡ,ㅡㅡㅡ
가장,O
좋아하는,O
계절을,O
ㅡㅡㅡ,ㅡㅡㅡ
유독,O
아쉽게,O
보내는,O
것,O
같아,O
떠난,O
하루,O
ㅡㅡㅡ,ㅡㅡㅡ
온전한,O
가을,O
을,O
만끽하고,O
싶어,O
몸부림치는,O
포토로그,O
ㅡㅡㅡ,ㅡㅡㅡ
거센,O
강물처럼,O
흘러가는,O
시간을,O
ㅡㅡㅡ,ㅡㅡㅡ
후회없이,O
보낼,O
수,O
있는,O
가장,O
쉬운,O
방법,O
ㅡㅡㅡ,ㅡㅡㅡ
모든,O
것들에,O
마지막,O
이라는,O
명사,O
붙이기,O
ㅡㅡㅡ,ㅡㅡㅡ
쉬우면서도,O
어려운,O
방법이지만,O
ㅡㅡㅡ,ㅡㅡㅡ
실행만,O
한다면,O
감사한,O
순간들이,O
될,O
거라,O
믿는다,O
ㅡㅡㅡ,ㅡㅡㅡ
보고만,O
있어도,O
편안해지는,O
강물처럼,O
ㅡㅡㅡ,ㅡㅡㅡ
저희,O
용용,O
부부,O
도,O
시청자,O
분들께,O
그런존재가,O
되길,O
바라며,O
ㅡㅡㅡ,ㅡㅡㅡ
행복한,O
기운,O
가득,O
담은,O
영상,O
보여드릴,O
수,O
있도록,O
노력할게요,O
ㅡㅡㅡ,ㅡㅡㅡ
코로나시대,O
함께,O
잘이겨내요,O
우리,O
ㅡㅡㅡ,ㅡㅡㅡ
목적지를,O
찾아해메는,O
중,O
ㅡㅡㅡ,ㅡㅡㅡ
올해,O
의,O
마지막달,O
도,O
집에서,O
머무르며,O
열심히,O
성장하는,O
시간을,O
가져볼까해요,O
ㅡㅡㅡ,ㅡㅡㅡ
저,O
새들처럼,O
자유롭게,O
다닐,O
수,O
없으니,O
ㅡㅡㅡ,ㅡㅡㅡ
하루,O
의,O
시작과,O
끝을,O
잘,O
마무리할,O
수,O
있는,O
날들로,O
채워나가야죠,O
ㅡㅡㅡ,ㅡㅡㅡ
때론,O
가까이에서,O
때론,O
멀찍이,O
떨어져서,O
ㅡㅡㅡ,ㅡㅡㅡ
소중한,O
모두의,O
삶을,O
보듬으며,O
지켜나가요,O
ㅡㅡㅡ,ㅡㅡㅡ
올가을,O
아름다운,O
횡보,O
마을을,O
다녀올,O
수,O
있었던,O
것은,O
행운이었다,O
ㅡㅡㅡ,ㅡㅡㅡ
목적지로,O
가는,O
동안,O
마음이,O
맑아지고,O
행복,O
지수가,O
올라갔다,O
ㅡㅡㅡ,ㅡㅡㅡ
맑은,O
강물은,O
보기,O
드문,O
데,O
이곳은,O
강변도,O
관리가,O
잘되어,O
쾌적했다,O
ㅡㅡㅡ,ㅡㅡㅡ
지구,B_LOC
가,O
코로나,O
로부터,O
하루,O
빨리,O
벗어날,O
수,O
있다면,O
ㅡㅡㅡ,ㅡㅡㅡ
자유롭게,O
다녀가고,O
싶은,O
손,O
에,O
꼽는,O
장소가,O
되었다,O
ㅡㅡㅡ,ㅡㅡㅡ
드디어,O
우리의,O
최종,O
목적지에,O
도착했다,O
ㅡㅡㅡ,ㅡㅡㅡ
산악자전거,O
를,O
즐겨,O
타시는,O
친정아버지,O
께서,O
알려주신,O
곳,O
ㅡㅡㅡ,ㅡㅡㅡ
코스모스,O
길이,O
자전거,O
도로인,O
듯,O
하다,O
아부지,O
감사해요,O
ㅡㅡㅡ,ㅡㅡㅡ
화려하지,O
않아도,O
정결하게,O
사는,O
삶,O
ㅡㅡㅡ,ㅡㅡㅡ
가진,O
것이,O
적어도,O
감사하며,O
사는,O
삶,O
ㅡㅡㅡ,ㅡㅡㅡ
내게,O
주신,O
작은,O
나눠주며,O
사는,O
삶,O
ㅡㅡㅡ,ㅡㅡㅡ
눈물,O
날,O
일,O
많지만,O
기도할,O
수,O
있는,O
것,O
ㅡㅡㅡ,ㅡㅡㅡ
억울한,O
일,O
많으나,O
주를,O
위해,O
참는,O
것,O
ㅡㅡㅡ,ㅡㅡㅡ
비록,O
짧은,O
작은,O
삶,O
주,O
뜻대로,O
사는,O
것,O
ㅡㅡㅡ,ㅡㅡㅡ
세상은,O
알,O
수,O
없는,O
하나님,O
선물,O
ㅡㅡㅡ,ㅡㅡㅡ
하나님,O
의,O
자녀,O
로,O
살아가는,O
것,O
ㅡㅡㅡ,ㅡㅡㅡ
이것이,O
행복이라오,O
ㅡㅡㅡ,ㅡㅡㅡ
이것이,O
나의,O
삶의,O
행복이라오,O
ㅡㅡㅡ,ㅡㅡㅡ
하니,O
행복,O
중에서,O
ㅡㅡㅡ,ㅡㅡㅡ
아름다운,O
곳에,O
청량한,O
바람이,O
불어주니,O
기분이,O
상쾌했다,O
ㅡㅡㅡ,ㅡㅡㅡ
안그래도,O
얼굴,O
작은데,O
자꾸,O
뒤로가는,O
친절한,O
남자,O
ㅡㅡㅡ,ㅡㅡㅡ
언제,O
또,O
이런,O
날이,O
올까,O
싶어,O
시간,O
가는,O
줄,O
모르고,O
촬영하다,O
끼니도,O
놓치고,O
ㅡㅡㅡ,ㅡㅡㅡ
아름다운,O
가을,O
풍경을,O
마음껏,O
담아온,O
하루,O
아직도,O
배부르다,O
ㅡㅡㅡ,ㅡㅡㅡ
오늘,O
영상은,O
어떠셨나요,O
ㅡㅡㅡ,ㅡㅡㅡ
보여드리고,O
싶은,O
이야기들이,O
정말,O
많은데,O
ㅡㅡㅡ,ㅡㅡㅡ
유튜브,O
에만,O
집중할,O
수,O
없어서,O
조금씩,O
만들다보니,O
ㅡㅡㅡ,ㅡㅡㅡ
많이,O
느리지만,O
이렇게,O
가끔,O
찾아뵐께요,O
ㅡㅡㅡ,ㅡㅡㅡ
끝까지,O
시청해,O
주셔서,O
감사합니다,O
늘,O
건강하세요,O
ㅡㅡㅡ,ㅡㅡㅡ
섬진강,B_TOR
에는,O
많은,O
생물이,O
살고,O
있다,O
ㅡㅡㅡ,ㅡㅡㅡ
참게,O
재첩,O
은어,O
요리,O
ㅡㅡㅡ,ㅡㅡㅡ
엄청,O
배고픈,O
상태로,O
식당에,O
도착,O
ㅡㅡㅡ,ㅡㅡㅡ
소주,O
맥주,O
먼저,O
시작,O
ㅡㅡㅡ,ㅡㅡㅡ
반찬을,O
안주로,O
먹는다,O
ㅡㅡㅡ,ㅡㅡㅡ
너무,O
배고파서,O
사모,O
님이,O
비상,O
견과류,O
를,O
꺼냈다,O
ㅡㅡㅡ,ㅡㅡㅡ
메추리알장조림,O
설명하기,O
ㅡㅡㅡ,ㅡㅡㅡ
작은,O
조류,O
알,O
ㅡㅡㅡ,ㅡㅡㅡ
생존,O
러시아어,O
ㅋㅋ,O
ㅡㅡㅡ,ㅡㅡㅡ
다들,O
어르신이고,O
배고픈데,O
ㅡㅡㅡ,ㅡㅡㅡ
음식이,O
늦게,O
나와서,O
아주,O
긴장됐다,O
ㅡㅡㅡ,ㅡㅡㅡ
섬진강,B_TOR
별미,O
메추리알,O
ㅡㅡㅡ,ㅡㅡㅡ
메추리알,O
을,O
의심하는,O
이고르,O
ㅡㅡㅡ,ㅡㅡㅡ
아직,O
정신이,O
너무,O
또렷하군요,O
소주,O
충전,O
ㅡㅡㅡ,ㅡㅡㅡ
결국,O
메추리알,O
안,O
먹었다ㅋㅋ,O
ㅡㅡㅡ,ㅡㅡㅡ
목이버섯,O
멸치볶음,O
메추리알,O
만,O
있었다,O
ㅡㅡㅡ,ㅡㅡㅡ
버섯,O
을,O
택하는,O
러시아인,O
ㅡㅡㅡ,ㅡㅡㅡ
식당이,O
섬진강,B_TOR
바로,O
앞,O
에,O
있어서,O
ㅡㅡㅡ,ㅡㅡㅡ
경치는,O
좋았다,O
ㅡㅡㅡ,ㅡㅡㅡ
음식이,O
계속,O
안,O
나와서,O
죄,O
지은,O
기분,O
ㅡㅡㅡ,ㅡㅡㅡ
드디어,O
나왔다,O
은어튀김,O
ㅡㅡㅡ,ㅡㅡㅡ
게장,O
재첩부침개,O
도,O
나왔다,O
ㅡㅡㅡ,ㅡㅡㅡ
재첩무침,O
도,O
나왔다,O
ㅡㅡㅡ,ㅡㅡㅡ
물고기튀김,O
에서,O
강물,O
맛이,O
났다,O
ㅡㅡㅡ,ㅡㅡㅡ
게장,O
은,O
아무도,O
안,O
먹는다,O
ㅡㅡㅡ,ㅡㅡㅡ
나도,O
게장,O
별로,O
안,O
좋아한다,O
ㅡㅡㅡ,ㅡㅡㅡ
재첩부침개,O
ㅡㅡㅡ,ㅡㅡㅡ
재첩,O
이,O
많은데,O
맛있는지는,O
잘,O
모르겠다,O
ㅡㅡㅡ,ㅡㅡㅡ
참게가리장,O
ㅡㅡㅡ,ㅡㅡㅡ
섬진강,B_TOR
게,O
와,O
곡물을,O
갈아서,O
만든,O
죽,O
ㅡㅡㅡ,ㅡㅡㅡ
게맛살,O
밥,O
맛이,O
난다,O
ㅡㅡㅡ,ㅡㅡㅡ
저쪽,O
테이블에는,O
참게탕,O
이,O
왔다,O
ㅡㅡㅡ,ㅡㅡㅡ
매운,O
게,O
수프,O
ㅡㅡㅡ,ㅡㅡㅡ
먹기,O
대장,O
세료가,O
의,O
평가는,O
ㅡㅡㅡ,ㅡㅡㅡ
게,O
로,O
만든,O
아기,O
이유식,O
같았다,O
ㅡㅡㅡ,ㅡㅡㅡ
다행인,O
건,O
이제,O
다들,O
취해서,O
잘,O
먹는다,O
ㅡㅡㅡ,ㅡㅡㅡ
섬진강카누체험,B_TOR
ㅡㅡㅡ,ㅡㅡㅡ
화개장터,B_TOR
입구에,O
카누,O
체험하는,O
곳이,O
있다,O
ㅡㅡㅡ,ㅡㅡㅡ
미리,O
인터넷으로,O
예약하면,O
된다,O
ㅡㅡㅡ,ㅡㅡㅡ
1인,O
20000원정도,O
ㅡㅡㅡ,ㅡㅡㅡ
타기,O
전에,O
간단한,O
내용을,O
설명해준다,O
ㅡㅡㅡ,ㅡㅡㅡ
우리,O
저,O
사람,O
따라,O
가는,O
거야,O
ㅡㅡㅡ,ㅡㅡㅡ
그냥,O
자유롭게,O
다니면,O
된다,O
ㅡㅡㅡ,ㅡㅡㅡ
나는,O
물을,O
무서워하는데,O
ㅡㅡㅡ,ㅡㅡㅡ
배,O
가,O
흔들거려서,O
너무,O
무서웠다,O
ㅡㅡㅡ,ㅡㅡㅡ
롤러코스터,O
보다,O
무섭다,O
ㅡㅡㅡ,ㅡㅡㅡ
배,O
가라앉으면,O
어떡하지,O
ㅡㅡㅡ,ㅡㅡㅡ
아버지,O
도,O
무겁고,O
세료가,O
도,O
무겁고,O
이고르,O
도,O
무거워,O
ㅡㅡㅡ,ㅡㅡㅡ
그래,O
저기도,O
안,O
무서운데,O
네가,O
왜,O
무서워,O
해,O
ㅡㅡㅡ,ㅡㅡㅡ
물이,O
반짝이는,O
게,O
아주,O
예뻤다,O
ㅡㅡㅡ,ㅡㅡㅡ
나,O
탸가,O
자기,O
수영,O
챔피언,O
이니까,O
걱정,O
말라고,O
했다,O
ㅡㅡㅡ,ㅡㅡㅡ
물에,O
빠지고,O
목구멍,O
으로,O
물이,O
넘어가는,O
장면이,O
생각났다,O
ㅡㅡㅡ,ㅡㅡㅡ
안,O
흔들리게,O
해줘,O
ㅡㅡㅡ,ㅡㅡㅡ
알겠어,O
안,O
흔들리게,O
하고,O
있어,O
ㅡㅡㅡ,ㅡㅡㅡ
어떻게,O
이게,O
가능하지,O
ㅡㅡㅡ,ㅡㅡㅡ
카메라,O
내리고,O
행복한,O
척,O
해봐,O
ㅡㅡㅡ,ㅡㅡㅡ
저기,O
엄청,O
흔들려,O
ㅡㅡㅡ,ㅡㅡㅡ
일부러,O
재미로,O
하는건가,O
ㅡㅡㅡ,ㅡㅡㅡ
그리샤,O
흔들기,O
장난,O
하지마,O
ㅡㅡㅡ,ㅡㅡㅡ
아,O
그냥,O
앉은거야,O
ㅡㅡㅡ,ㅡㅡㅡ
조금,O
장난했잖아,O
인정,O
ㅡㅡㅡ,ㅡㅡㅡ
진짜,O
하지마,O
ㅡㅡㅡ,ㅡㅡㅡ
저,O
배,O
는,O
육지에,O
도착했다,O
ㅡㅡㅡ,ㅡㅡㅡ
날씨,O
진짜,O
좋다,O
ㅡㅡㅡ,ㅡㅡㅡ
우리말고,O
다른,O
커플,O
들도,O
4명정도,O
있었다,O
ㅡㅡㅡ,ㅡㅡㅡ
흔들흔들,O
무거운,O
배,O
ㅡㅡㅡ,ㅡㅡㅡ
앞으로,O
더,O
가보자는데,O
ㅡㅡㅡ,ㅡㅡㅡ
다들,O
어디간거야,O
ㅡㅡㅡ,ㅡㅡㅡ
신발과,O
핸드폰,O
먼저,O
구조,O
ㅡㅡㅡ,ㅡㅡㅡ
탈출,O
성공,O
ㅡㅡㅡ,ㅡㅡㅡ
모두의,O
재미를,O
위해,O
희생했다,O
ㅡㅡㅡ,ㅡㅡㅡ
이제,O
안정적인,O
것,O
같다,O
ㅡㅡㅡ,ㅡㅡㅡ
그리샤,O
파워,O
노젓기,O
ㅡㅡㅡ,ㅡㅡㅡ
오히려,O
빨리,O
가면,O
배,O
가,O
덜,O
흔들린다,O
ㅡㅡㅡ,ㅡㅡㅡ
이,O
쯤에는,O
적응돼서,O
안,O
무섭고,O
재밌었다,O
ㅡㅡㅡ,ㅡㅡㅡ
예전에,O
한강,B_LOC
에서,O
같이,O
오리배,O
타다가,O
ㅡㅡㅡ,ㅡㅡㅡ
오리배,O
가,O
부서진,O
적이,O
있다,O
ㅡㅡㅡ,ㅡㅡㅡ
그때,O
좀,O
무서웠다,O
ㅡㅡㅡ,ㅡㅡㅡ
그리샤,O
어땠어,O
ㅡㅡㅡ,ㅡㅡㅡ
멋져,O
ㅡㅡㅡ,ㅡㅡㅡ
너는,O
어땠어,O
ㅡㅡㅡ,ㅡㅡㅡ
아버지,O
이고르,O
세르게이,O
ㅡㅡㅡ,ㅡㅡㅡ
재밌었어,O
ㅡㅡㅡ,ㅡㅡㅡ
좋아,O
ㅡㅡㅡ,ㅡㅡㅡ
재밌는,O
섬진강,B_TOR
카누,I_TOR
체험,I_TOR
ㅡㅡㅡ,ㅡㅡㅡ
얼마줬어요,O
얼마,O
ㅡㅡㅡ,ㅡㅡㅡ
만원,O
ㅡㅡㅡ,ㅡㅡㅡ
10000,O
8,O
ㅡㅡㅡ,ㅡㅡㅡ
만원,O
싸다,O
싸다,O
싸,O
ㅡㅡㅡ,ㅡㅡㅡ
10000,O
ㅡㅡㅡ,ㅡㅡㅡ
여,O
가서,O
사셨다고,O
ㅡㅡㅡ,ㅡㅡㅡ
ㅡㅡㅡ,ㅡㅡㅡ
진교시장,B_LOC
ㅡㅡㅡ,ㅡㅡㅡ
어서,O
드세요,O
어서,O
ㅡㅡㅡ,ㅡㅡㅡ
ㅡㅡㅡ,ㅡㅡㅡ
비,O
오는,O
하동,B_LOC
에,O
지금,O
있습니다,O
한국,O
의,O
장마철인데요,O
비가,O
정말,O
많이,O
와요,O
ㅡㅡㅡ,ㅡㅡㅡ
와이프,O
는,O
잔다고,O
해서,O
아침,O
에,O
혼자,O
시장,O
구경하러,O
나왔어요,O
ㅡㅡㅡ,ㅡㅡㅡ
있다가,O
산에서,O
바베큐,O
할,O
신선한,O
재료도,O
좀,O
구입하구요,O
ㅡㅡㅡ,ㅡㅡㅡ
원래,O
계획은,O
시장에서,O
반찬을,O
좀,O
사서,O
ㅡㅡㅡ,ㅡㅡㅡ
전어수산시장,B_TOR
에,O
가서,O
점심,O
을,O
먹으려고,O
했는데요,O
ㅡㅡㅡ,ㅡㅡㅡ
너무,O
일찍,O
도착하기도,O
하고,O
여름,O
더위가,O
기승이라,O
간단한,O
아침,O
으로,O
ㅡㅡㅡ,ㅡㅡㅡ
콩국수,O
를,O
먹기로,O
했어요,O
ㅡㅡㅡ,ㅡㅡㅡ
자,O
시장에,O
왔습니다,O
ㅡㅡㅡ,ㅡㅡㅡ
조피가루,O
제피가루,O
를,O
좀,O
구입할,O
목적으로,O
왔는데요,O
ㅡㅡㅡ,ㅡㅡㅡ
조피가루,O
제피가루,O
를,O
좀,O
구입할,O
목적으로,O
왔는데요,O
ㅡㅡㅡ,ㅡㅡㅡ
쨔잔,O
여기,O
있습니다,O
ㅡㅡㅡ,ㅡㅡㅡ
쨔잔,O
여기,O
있습니다,O
ㅡㅡㅡ,ㅡㅡㅡ
제,O
채널을,O
전부터,O
구독하신,O
분들은,O
제가,O
제피,O
를,O
정말,O
좋아하는,O
걸,O
아실,O
거에요,O
ㅡㅡㅡ,ㅡㅡㅡ
요리할,O
때,O
써보기도,O
하고,O
이런,O
저런,O
모험을,O
해보려구요,O
ㅡㅡㅡ,ㅡㅡㅡ
이,O
가게,O
말고도,O
제피가루,O
를,O
파시네요,O
ㅡㅡㅡ,ㅡㅡㅡ
열어보면,O
그,O
향이,O
정말,O
좋아요,O
와우,O
향이,O
정말,O
어마어마해요,O
ㅡㅡㅡ,ㅡㅡㅡ
여기,O
오는,O
길에,O
콩나물국,O
콩나물칼국수,O
간판도,O
봤는데,O
ㅡㅡㅡ,ㅡㅡㅡ
너무,O
더워서,O
콩국수,O
를,O
먹어,O
볼까해요,O
ㅡㅡㅡ,ㅡㅡㅡ
사실,O
처음,O
먹어보는,O
건데요,O
ㅡㅡㅡ,ㅡㅡㅡ
정말,O
맛있어,O
보여요,O
ㅡㅡㅡ,ㅡㅡㅡ
정말,O
맛있어,O
보여요,O
ㅡㅡㅡ,ㅡㅡㅡ
국물을,O
먼저,O
먹어보겠습니다,O
ㅡㅡㅡ,ㅡㅡㅡ
국물을,O
먼저,O
먹어보겠습니다,O
ㅡㅡㅡ,ㅡㅡㅡ
오,O
좋은데요,O
완전,O
고소해요,O
ㅡㅡㅡ,ㅡㅡㅡ
고소하다라는,O
말이,O
무슨,O
뜻인지,O
알,O
것,O
같아요,O
ㅡㅡㅡ,ㅡㅡㅡ
짭조름하면서,O
시원하고,O
맛있어요,O
ㅡㅡㅡ,ㅡㅡㅡ
이제,O
국수,O
를,O
먹어볼게요,O
ㅡㅡㅡ,ㅡㅡㅡ
음,O
우와,O
ㅡㅡㅡ,ㅡㅡㅡ
국수,O
를,O
완전,O
알단테,O
꼬들꼬들한,O
식감의,O
면,O
로,O
끓이셨어요,O
ㅡㅡㅡ,ㅡㅡㅡ
완전,O
제,O
스타일,O
ㅡㅡㅡ,ㅡㅡㅡ
오,O
이렇게,O
면,O
이,O
꼬들꼬들한,O
칼국수,O
는,O
처음,O
먹어봐요,O
ㅡㅡㅡ,ㅡㅡㅡ
테이블마다,O
소금,O
이,O
있어요,O
설탕,O
도,O
있구요,O
ㅡㅡㅡ,ㅡㅡㅡ
제가,O
들어보니,O
콩국수,O
를,O
먹는,O
스타일이,O
크게,O
두가지,O
가,O
있다,O
더라구요,O
ㅡㅡㅡ,ㅡㅡㅡ
소금,O
을,O
넣거나,O
설탕,O
을,O
넣거나,O
ㅡㅡㅡ,ㅡㅡㅡ
하지만,O
제,O
처음이기,O
때문에,O
뭘,O
먹어,O
봐야할,O
지,O
모르겠,O
어요,O
ㅡㅡㅡ,ㅡㅡㅡ
평소엔,O
단,O
걸,O
별로,O
안,O
좋아하긴,O
하지만,O
ㅡㅡㅡ,ㅡㅡㅡ
왠지,O
이,O
단,O
맛이,O
굉장히,O
좋을,O
거,O
같은데요,O
ㅡㅡㅡ,ㅡㅡㅡ
오,O
이,O
김치,O
도,O
정말,O
맛있어요,O
ㅡㅡㅡ,ㅡㅡㅡ
처음,O
먹어,O
보는거라,O
ㅡㅡㅡ,ㅡㅡㅡ
처음,O
먹어,O
보는거라,O
ㅡㅡㅡ,ㅡㅡㅡ
먹는,O
방법을,O
가르쳐줄,O
수,O
있는,O
다른,O
한국,O
분이,O
계셨으면,O
좋았을,O
걸,O
싶네요ㅠ,O
ㅡㅡㅡ,ㅡㅡㅡ
먹는,O
방법을,O
가르쳐줄,O
수,O
있는,O
다른,O
한국,O
분이,O
계셨으면,O
좋았을,O
걸,O
싶네요ㅠ,O
ㅡㅡㅡ,ㅡㅡㅡ
맛있게,O
먹는,O
기술이,O
필요할,O
것,O
같아요,O
ㅡㅡㅡ,ㅡㅡㅡ
그러니까,O
여러분이,O
댓글에,O
어떻게,O
먹을,O
수,O
있을,O
지,O
남겨주세요,O
ㅡㅡㅡ,ㅡㅡㅡ
그냥,O
먹어도,O
맛있긴,O
해요,O
식감이,O
진짜,O
짱,O
너무,O
좋아요,O
ㅡㅡㅡ,ㅡㅡㅡ
설탕,O
을,O
더하면,O
다시,O
되돌릴,O
수가,O
없을,O
텐데,O
ㅡㅡㅡ,ㅡㅡㅡ
그래도,O
한번,O
설탕,O
을,O
넣어볼게요,O
ㅡㅡㅡ,ㅡㅡㅡ
먹어볼까요,O
ㅡㅡㅡ,ㅡㅡㅡ
음,O
설탕,O
넣은,O
거,O
괜찮은데요,O
ㅡㅡㅡ,ㅡㅡㅡ
저,O
원래,O
단,O
거,O
별로,O
안,O
좋아하는데,O
왜,O
이렇게,O
드시는,O
지,O
알,O
것,O
같아요,O
ㅡㅡㅡ,ㅡㅡㅡ
너무,O
많이,O
넣진,O
않았고,O
약간,O
달달하게,O
넣었어요,O
ㅡㅡㅡ,ㅡㅡㅡ
면이,O
정말,O
맛있어요,O
ㅡㅡㅡ,ㅡㅡㅡ
맛이,O
좋구나,O
ㅡㅡㅡ,ㅡㅡㅡ
저,O
스스로도,O
설탕,O
넣은,O
걸,O
좋아한다는,O
게,O
놀라워요,O
원래,O
정말,O
단,O
맛,O
안,O
좋아하는데,O
ㅡㅡㅡ,ㅡㅡㅡ
아마,O
아침,O
이어서,O
그런가,O
봅니다,O
ㅡㅡㅡ,ㅡㅡㅡ
지금,O
이른,O
아침,O
인데요,O
이렇게,O
단,O
걸,O
아침,O
으로,O
먹는,O
아메리칸브렉퍼스,O
트가,O
생각나네요,O
ㅡㅡㅡ,ㅡㅡㅡ
미국,O
에선,O
아침,O
에,O
단,O
걸,O
먹거든요,O
ㅡㅡㅡ,ㅡㅡㅡ
그리고,O
대두가,O
뭐랄까,O
어떻게,O
말하지,O
ㅡㅡㅡ,ㅡㅡㅡ
고소하다는,O
걸,O
느낄,O
수,O
있어요,O
밀,O
의,O
고소함이랄까,O
아니면,O
콩,O
의,O
고소함이랄까,O
ㅡㅡㅡ,ㅡㅡㅡ
왜,O
콩국수,O
들을,O
먹는,O
지,O
알겠어요,O
짱이네요,O
ㅡㅡㅡ,ㅡㅡㅡ
자,O
여러분,O
국수,O
를,O
다,O
먹었구요,O
오늘,O
하루,O
먹을,O
음식들이,O
아주,O
많습니다,O
ㅡㅡㅡ,ㅡㅡㅡ
이,O
시장을,O
계속,O
돌아보려고,O
하는데요,O
여기,O
정말,O
멋진,O
곳이에요,O
ㅡㅡㅡ,ㅡㅡㅡ
근처에,O
오시면,O
이,O
시장에도,O
꼭,O
들러보시고,O
제피가루,O
도,O
사세요,O
ㅡㅡㅡ,ㅡㅡㅡ
술상전어마을,B_TOR
시장에서,O
몇,O
키로,O
떨어지지,O
않은,O
곳에,O
술상전어마을,B_TOR
이,O
있습니다,O
ㅡㅡㅡ,ㅡㅡㅡ
전어,O
를,O
전문으로,O
하는,O
작은,O
어촌,O
마을인데요,O
ㅡㅡㅡ,ㅡㅡㅡ
10000,O
1,O
만원짜리,O
한장,O
이면,O
전어,O
1키로,O
를,O
사실,O
수,O
있어요,O
ㅡㅡㅡ,ㅡㅡㅡ
어떻게,O
드실,O
지,O
말씀드리면,O
생선,O
을,O
다듬어,O
주십니다,O
ㅡㅡㅡ,ㅡㅡㅡ
파시는,O
곳,O
옆,O
에,O
테이블들이,O
깔려있구요,O
ㅡㅡㅡ,ㅡㅡㅡ
추가로,O
돈을,O
내지,O
않고,O
앉아서,O
신선하게,O
손질된,O
전어,O
를,O
맛볼,O
수,O
있어요,O
ㅡㅡㅡ,ㅡㅡㅡ
500,O
500그램만,O
먹고,O
가겠다고,O
부탁드렸어요,O
ㅡㅡㅡ,ㅡㅡㅡ
나머지는,O
집에,O
가져가서,O
저녁,O
에,O
구워,O
먹을,O
거예요,O
ㅡㅡㅡ,ㅡㅡㅡ
전어회,O
초장,O
제피가루,O
ㅡㅡㅡ,ㅡㅡㅡ
그리고,O
꺳잎,O
을,O
좀,O
주셨는데요,O
ㅡㅡㅡ,ㅡㅡㅡ
이것,O
좀,O
보세요,O
엄청납니다,O
ㅡㅡㅡ,ㅡㅡㅡ
보시면,O
제,O
뒤가,O
다,O
바다지요,O
항구에요,O
ㅡㅡㅡ,ㅡㅡㅡ
그리고,O
여기는,O
전어,O
로,O
굉장히,O
유명해요,O
ㅡㅡㅡ,ㅡㅡㅡ
굉장히,O
심플한,O
완전,O
단백질,O
식단이네요,O
ㅡㅡㅡ,ㅡㅡㅡ
이,O
깻잎,O
이,O
진짜,O
엄청나요,O
붉은빛,O
을,O
띄고,O
있어요,O
그리고,O
향이,O
더,O
강하네요,O
ㅡㅡㅡ,ㅡㅡㅡ
일단,O
전어,O
만,O
한번,O
먹어볼게요,O
ㅡㅡㅡ,ㅡㅡㅡ
오,O
ㅡㅡㅡ,ㅡㅡㅡ
좋은데요,O
고기,O
가,O
기름져요,O
ㅡㅡㅡ,ㅡㅡㅡ
신선하고,O
맛있어요,O
딱,O
먹으면,O
신선한,O
기름진,O
생선회,O
맛이에요,O
ㅡㅡㅡ,ㅡㅡㅡ
이렇게,O
싼,O
회,O
는,O
처음,O
먹어보는,O
것,O
같아요,O
ㅡㅡㅡ,ㅡㅡㅡ
1,O
10000,O
1키로,O
에,O
만,O
원이라니,O
ㅡㅡㅡ,ㅡㅡㅡ
500,O
500,O
그,O
중,O
반,O
은,O
여기에서,O
먹고,O
반,O
은,O
가져가려고요,O
ㅡㅡㅡ,ㅡㅡㅡ
이제,O
초장,O
에,O
찍어서,O
깻잎,O
에,O
싸,O
먹어,O
볼게요,O
ㅡㅡㅡ,ㅡㅡㅡ
자,O
먹어보겠습니다,O
ㅡㅡㅡ,ㅡㅡㅡ
대박,O
이거지,O
너무,O
맛있어,O
ㅡㅡㅡ,ㅡㅡㅡ
와,O
진짜,O
짱이다,O
정말,O
심플하고,O
ㅡㅡㅡ,ㅡㅡㅡ
초장,O
이랑,O
찰떡궁합이에요,O
ㅡㅡㅡ,ㅡㅡㅡ
이제,O
제피가루,O
를,O
좀,O
찍어서,O
먹어볼거에요,O
ㅡㅡㅡ,ㅡㅡㅡ
약간만,O
찍어볼게요,O
제피가루,O
가,O
향이,O
강하니까,O
ㅡㅡㅡ,ㅡㅡㅡ
오우,O
예,O
ㅡㅡㅡ,ㅡㅡㅡ
제피하고,O
날,O
생선,O
이,O
정말,O
잘,O
어울려요,O
이렇게,O
맛있다,O
니,O
ㅡㅡㅡ,ㅡㅡㅡ
밝은,O
감귤,O
계열향이,O
나면서,O
레몬,O
향이,O
ㅡㅡㅡ,ㅡㅡㅡ
기름진,O
전어,O
랑,O
정말,O
잘,O
어울려요,O
ㅡㅡㅡ,ㅡㅡㅡ
여기,O
계신,O
이모,O
님이랑,O
사장님,O
도,O
정말,O
친절하세요,O
ㅡㅡㅡ,ㅡㅡㅡ
제,O
제피가루,O
가,O
신기하셨나봐요,O
ㅡㅡㅡ,ㅡㅡㅡ
와서,O
같이,O
드셔보시더니,O
맛있다고,O
해주셨어요,O
기분,O
좋은데요,O
흐흐,O
ㅡㅡㅡ,ㅡㅡㅡ
반찬을,O
하나,O
주셨는데요,O
ㅡㅡㅡ,ㅡㅡㅡ
이게,O
원래,O
주시는,O
건지,O
저랑,O
얘기하시다가,O
서비스로,O
주신,O
건지,O
모르겠네요,O
ㅡㅡㅡ,ㅡㅡㅡ
깻잎,O
쌈장,O
초장,O
이,O
일단,O
있고,O
ㅡㅡㅡ,ㅡㅡㅡ
엄청난,O
양의,O
전어,O
가,O
있습니다,O
ㅡㅡㅡ,ㅡㅡㅡ
그리고,O
다른,O
블로그에서,O
보니까,O
다른,O
분들은,O
김치,O
랑,O
밥,O
도,O
가져오시던데,O
ㅡㅡㅡ,ㅡㅡㅡ
10000,O
원하시면,O
만원,O
에,O
전어,O
를,O
주문하시고,O
ㅡㅡㅡ,ㅡㅡㅡ
나만의,O
밥상을,O
만들,O
수,O
있을,O
것,O
같아요,O
ㅡㅡㅡ,ㅡㅡㅡ
우와,O
여기,O
정말,O
좋아요,O
ㅡㅡㅡ,ㅡㅡㅡ
이깻잎,O
도,O
정말,O
너무,O
좋구요,O
ㅡㅡㅡ,ㅡㅡㅡ
쌈장,O
에서,O
볶은,O
깨,O
가,O
씹히는,O
데,O
그것도,O
정말,O
좋아요,O
ㅡㅡㅡ,ㅡㅡㅡ
초장,O
이랑,O
먹어도,O
합이,O
좋구요,O
ㅡㅡㅡ,ㅡㅡㅡ
이걸,O
물회,O
로,O
먹어도,O
맛있을,O
것,O
같은데요,O
ㅡㅡㅡ,ㅡㅡㅡ
이제,O
여기,O
그냥,O
앉아서,O
ㅡㅡㅡ,ㅡㅡㅡ
가까운,O
남해,B_LOC
의,O
섬들을,O
바라보면서,O
ㅡㅡㅡ,ㅡㅡㅡ
비도,O
오고,O
평화롭고,O
ㅡㅡㅡ,ㅡㅡㅡ
고깃배,O
도,O
왔다,O
갔다,O
하고,O
ㅡㅡㅡ,ㅡㅡㅡ
갈매기,O
가,O
날아다니고,O
ㅡㅡㅡ,ㅡㅡㅡ
제,O
바로,O
앞,O
에는,O
이렇게,O
생선회,O
에,O
ㅡㅡㅡ,ㅡㅡㅡ
야채들,O
양념,O
들이,O
있어요,O
ㅡㅡㅡ,ㅡㅡㅡ
정말,O
심플한,O
한끼,O
에요,O
불필요한,O
장식도,O
없구요,O
ㅡㅡㅡ,ㅡㅡㅡ
정말,O
좋네요,O
ㅡㅡㅡ,ㅡㅡㅡ
사장,O
님도,O
너무,O
좋으시구요,O
ㅡㅡㅡ,ㅡㅡㅡ
외국인,O
이,O
여기,O
온,O
것,O
만으로도,O
좀,O
놀라신,O
것,O
같은데,O
ㅡㅡㅡ,ㅡㅡㅡ
제피가루,O
꺼내서,O
먹어도,O
되냐고,O
해서,O
ㅡㅡㅡ,ㅡㅡㅡ
정말,O
놀라신,O
것,O
같았어요,O
ㅡㅡㅡ,ㅡㅡㅡ
절,O
수줍게,O
만드시네요ㅋㅋ,O
ㅡㅡㅡ,ㅡㅡㅡ
제피가루,O
를,O
약간,O
찍어,O
먹으니까,O
정말,O
좋아요,O
ㅡㅡㅡ,ㅡㅡㅡ
전어,O
도,O
굉장히,O
신선하구요,O
불쾌한,O
생선,O
냄새도,O
하나도,O
안,O
나구요,O
ㅡㅡㅡ,ㅡㅡㅡ
제,O
옆,O
테이블은,O
반찬을,O
엄청,O
여러가지,O
가져오셨어요,O
ㅡㅡㅡ,ㅡㅡㅡ
그분들,O
만의,O
모듬회,O
한상,O
을,O
까셨네요,O
ㅡㅡㅡ,ㅡㅡㅡ
정말,O
엄청나요,O
ㅡㅡㅡ,ㅡㅡㅡ
한가지,O
알아야,O
할,O
것은,O
ㅡㅡㅡ,ㅡㅡㅡ
여기,O
오시면,O
테이블,O
바로,O
옆에,O
수산시장이에요,O
ㅡㅡㅡ,ㅡㅡㅡ
옆,O
테이블같이,O
여러,O
반찬을,O
가지고,O
와서,O
한상,O
차릴,O
수도,O
있어요,O
ㅡㅡㅡ,ㅡㅡㅡ
도시락을,O
싸오신,O
분들도,O
계시구요,O
ㅡㅡㅡ,ㅡㅡㅡ
10000,O
생선회,O
는,O
만원,O
에,O
사지만,O
ㅡㅡㅡ,ㅡㅡㅡ
10000,O
생선회,O
는,O
만원,O
에,O
사지만,O
ㅡㅡㅡ,ㅡㅡㅡ
집밥,O
을,O
맛볼,O
수,O
있습니다,O
ㅡㅡㅡ,ㅡㅡㅡ
집밥,O
을,O
맛볼,O
수,O
있습니다,O
ㅡㅡㅡ,ㅡㅡㅡ
차,O
에,O
김치,O
가,O
있긴,O
하지만,O
이것,O
만으로도,O
충분해요,O
ㅡㅡㅡ,ㅡㅡㅡ
정말,O
엄청나요,O
너무,O
좋아요,O
ㅡㅡㅡ,ㅡㅡㅡ
이걸,O
어떻게,O
설명해야,O
할,O
지,O
모르겠는데,O
ㅡㅡㅡ,ㅡㅡㅡ
감정적이,O
되네요,O
ㅡㅡㅡ,ㅡㅡㅡ
아마,O
여기,O
아무것도,O
없어서,O
제가,O
더,O
감정적이,O
되나,O
봐요,O
ㅡㅡㅡ,ㅡㅡㅡ
아마,O
여기,O
아무것도,O
없어서,O
제가,O
더,O
감정적이,O
되나,O
봐요,O
ㅡㅡㅡ,ㅡㅡㅡ
딱,O
고기,O
만,O
전어,O
만,O
ㅡㅡㅡ,ㅡㅡㅡ
딱,O
고기,O
만,O
전어,O
만,O
ㅡㅡㅡ,ㅡㅡㅡ
사장,O
님의,O
친절함,O
ㅡㅡㅡ,ㅡㅡㅡ
뭔가,O
그,O
유연함이,O
ㅡㅡㅡ,ㅡㅡㅡ
이번,O
음식,O
체험도,O
특별하게,O
만들어,O
줬습니다,O
ㅡㅡㅡ,ㅡㅡㅡ
안녕하세요,O
메론소주,O
입니다,O
ㅡㅡㅡ,ㅡㅡㅡ
오늘,O
은,O
경남,O
하동군,B_LOC
에,O
여행을,O
왔습니다,O
ㅡㅡㅡ,ㅡㅡㅡ
지금,O
제가,O
있는,O
곳은,O
ㅡㅡㅡ,ㅡㅡㅡ
하동군,B_LOC
북천면,B_LOC
에,O
있는,O
ㅡㅡㅡ,ㅡㅡㅡ
북천역,B_LOC
근처,O
코스모스,B_TOR
축제,I_TOR
행사장,O
입니다,O
ㅡㅡㅡ,ㅡㅡㅡ
여기는,O
이름은,O
코스모스,B_TOR
축제장,I_TOR
이지만,O
ㅡㅡㅡ,ㅡㅡㅡ
계절별로,O
다양한,O
꽃들을,O
재배,O
해놓은,O
ㅡㅡㅡ,ㅡㅡㅡ
와서,O
구경을,O
할,O
수,O
있는,O
곳이구요,O
ㅡㅡㅡ,ㅡㅡㅡ
현재는,O
길가에,O
있는,O
꽃들이,O
전부,O
인,O
것,O
같습니다,O
ㅡㅡㅡ,ㅡㅡㅡ
여기는,O
보통,O
가을,O
에,O
많이,O
찾아오시는,O
곳,O
입니다,O
ㅡㅡㅡ,ㅡㅡㅡ
제가,O
지금,O
나와,O
있는,O
곳은,O
칠불사,B_TOR
라는,O
절,O
입니다,O
ㅡㅡㅡ,ㅡㅡㅡ
여기는,O
쌍계사,B_TOR
에,O
비해서는,O
유명하지는,O
않은데요,O
ㅡㅡㅡ,ㅡㅡㅡ
대신에,O
산,O
중턱에,O
위치하고,O
있어서,O
ㅡㅡㅡ,ㅡㅡㅡ
조용하고,O
아늑한,O
절,O
입니다,O
ㅡㅡㅡ,ㅡㅡㅡ
혼자,O
생각할게,O
많거나,O
머릿속이,O
복잡할때,O
ㅡㅡㅡ,ㅡㅡㅡ
정리하러,O
저도,O
한번씩,O
찾아오는,O
곳이구요,O
ㅡㅡㅡ,ㅡㅡㅡ
여기는,O
대중교통은,O
들수가,O
있어서,O
ㅡㅡㅡ,ㅡㅡㅡ
자차로,O
오시는것을,O
추천,O
드립니다,O
ㅡㅡㅡ,ㅡㅡㅡ
저는,O
지금,O
화개장터,B_TOR
에,O
나와,O
있습니다,O
ㅡㅡㅡ,ㅡㅡㅡ
하동군,B_LOC
화개면,B_LOC
에,O
있는,O
장터,O
였는데,O
ㅡㅡㅡ,ㅡㅡㅡ
조영남,O
선생님,O
께서,O
화개장터,B_TOR
라는,O
노래를,O
발표,O
하시고,O
ㅡㅡㅡ,ㅡㅡㅡ
그,O
이후로,O
유명해진,O
곳,O
이구요,O
ㅡㅡㅡ,ㅡㅡㅡ
이곳에,O
오시면,O
하동군,B_LOC
의,O
특산물,O
중,O
하나,O
인,O
ㅡㅡㅡ,ㅡㅡㅡ
재첩국,O
을,O
여기서,O
맛,O
볼,O
수,O
있습니다,O
ㅡㅡㅡ,ㅡㅡㅡ
장터에,O
오시면,O
다양한,O
하동군,B_LOC
의,O
특산물,O
ㅡㅡㅡ,ㅡㅡㅡ
등을,O
판매,O
하고,O
있는,O
장터,O
입니다,O
ㅡㅡㅡ,ㅡㅡㅡ
제가,O
온,O
곳은,O
하동군,B_LOC
악양면,B_LOC
에,O
있는,O
ㅡㅡㅡ,ㅡㅡㅡ
동정호수,B_TOR
라는,O
곳을,O
왔습니다,O
ㅡㅡㅡ,ㅡㅡㅡ
여기는,O
드라마,O
미스터선샤인,O
의,O
촬영지가,O
근처에,O
있기도,O
하구요,O
ㅡㅡㅡ,ㅡㅡㅡ
최참판댁,B_TOR
들어가는,O
길목에,O
있는,O
호수,O
입니다,O
ㅡㅡㅡ,ㅡㅡㅡ
그래서,O
여기,O
한번,O
둘러보려고,O
왔습니다,O
ㅡㅡㅡ,ㅡㅡㅡ
저는,O
지금,O
최참판댁,B_TOR
에,O
와,O
있습니다,O
ㅡㅡㅡ,ㅡㅡㅡ
이,O
곳은,O
소설,O
토지,O
에,O
나왔던,O
최참판,O
이라는,O
ㅡㅡㅡ,ㅡㅡㅡ
분의,O
거주지,O
였던,O
최참판댁,B_TOR
을,O
ㅡㅡㅡ,ㅡㅡㅡ
재현해,O
놓은,O
곳,O
으로서,O
ㅡㅡㅡ,ㅡㅡㅡ
박경리,O
선생님,O
의,O
문학,O
작품을,O
좋아하시는,O
분들이,O
ㅡㅡㅡ,ㅡㅡㅡ
많이,O
찾아,O
주시는,O
곳,O
입니다,O
ㅡㅡㅡ,ㅡㅡㅡ
또,O
이곳,O
평사리,B_LOC
가,O
굉장히,O
경치가,O
좋아요,O
ㅡㅡㅡ,ㅡㅡㅡ
넓은,O
평야,O
지대가,O
있는데,O
ㅡㅡㅡ,ㅡㅡㅡ
이곳,O
최참판댁,B_TOR
에서,O
내려다,O
보는,O
풍경이,O
아주,O
좋습니다,O
ㅡㅡㅡ,ㅡㅡㅡ
애기가,O
서럽게,O
우는,O
중,O
ㅡㅡㅡ,ㅡㅡㅡ
주차장이,O
좀,O
멀리,O
있어서,O
ㅡㅡㅡ,ㅡㅡㅡ
좀,O
걸어서,O
올라,O
와야,O
된다는,O
단점이,O
있긴,O
하지만,O
ㅡㅡㅡ,ㅡㅡㅡ
산행같은,O
수준은,O
아닙니다,O
ㅡㅡㅡ,ㅡㅡㅡ
가족,O
분들도,O
많이,O
찾아주시고,O
연인,O
분들도,O
많이,O
찾아주시는,O
ㅡㅡㅡ,ㅡㅡㅡ
사진,O
명소,O
입니다,O
ㅡㅡㅡ,ㅡㅡㅡ
하동,B_LOC
에,O
오신다면,O
최참판댁,B_TOR
은,O
ㅡㅡㅡ,ㅡㅡㅡ
반드시,O
들러야,O
될,O
그런,O
장소,O
인,O
것,O
같습니다,O
ㅡㅡㅡ,ㅡㅡㅡ
여기는,O
한밭제다다소시관,B_TOR
이라는,O
곳,O
입니다,O
ㅡㅡㅡ,ㅡㅡㅡ
여기,O
한밭제다,B_TOR
에,O
오시면,O
ㅡㅡㅡ,ㅡㅡㅡ
데크길로,O
산책로,O
도,O
만들어,O
놨구요,O
ㅡㅡㅡ,ㅡㅡㅡ
하동,B_LOC
에,O
오신다면,O
한밭제다,B_TOR
에,O
오셔서,O
차밭도,O
구경,O
하시고,O
ㅡㅡㅡ,ㅡㅡㅡ
하동,B_LOC
녹차,O
도,O
구매해,O
보시길,O
권장,O
드립니다,O
ㅡㅡㅡ,ㅡㅡㅡ
참고로,O
하동,B_LOC
녹차,O
같은,O
경우는,O
ㅡㅡㅡ,ㅡㅡㅡ
미국,O
스타벅스,O
에,O
가루녹차,O
로,O
납품이,O
되는,O
제품,O
입니다,O
ㅡㅡㅡ,ㅡㅡㅡ
그러면,O
저는,O
여기,O
구경도,O
하고,O
ㅡㅡㅡ,ㅡㅡㅡ
녹차,O
도,O
시음,O
해,O
보도록,O
하겠습니다,O
ㅡㅡㅡ,ㅡㅡㅡ
이번,O
영상에서,O
하동,B_LOC
의,O
매력을,O
모두,O
다,O
담을,O
수는,O
없었습니다,O
ㅡㅡㅡ,ㅡㅡㅡ
하지만,O
지리산,O
과,O
섬진강,B_TOR
이,O
보여주는,O
놀라운,O
자연,O
경관은,O
ㅡㅡㅡ,ㅡㅡㅡ
영상에서는,O
보여,O
드릴,O
수,O
없는,O
큰,O
감동이,O
있었습니다,O
ㅡㅡㅡ,ㅡㅡㅡ
지친,O
일상,O
속에서,O
휴식과,O
힐링이,O
필요,O
하다면,O
ㅡㅡㅡ,ㅡㅡㅡ
하동,B_LOC
으로,O
여행을,O
떠나,O
보는,O
것이,O
어떨까요,O
ㅡㅡㅡ,ㅡㅡㅡ
진짜,O
여기,O
드라이브만,O
해도,O
ㅡㅡㅡ,ㅡㅡㅡ
기분,O
낼,O
수,O
있겠다,O
ㅡㅡㅡ,ㅡㅡㅡ
거기가,O
여기보다,O
좋아야,O
될텐데,O
ㅡㅡㅡ,ㅡㅡㅡ
하동,B_LOC
이라는,O
지역은,O
너무,O
아름답네요,O
ㅡㅡㅡ,ㅡㅡㅡ
봄마다,O
이런,O
풍경을,O
볼,O
수,O
있다니,O
ㅡㅡㅡ,ㅡㅡㅡ
화개장터,B_TOR
제2공영,O
주차장,O
화개면,B_LOC
탑리,B_LOC
725,O
화개장터,B_TOR
에,O
도착했습니다,O
ㅡㅡㅡ,ㅡㅡㅡ
와,O
엄청,O
빨개,O
ㅡㅡㅡ,ㅡㅡㅡ
어디로,O
가야되지,O
ㅡㅡㅡ,ㅡㅡㅡ
화개장터,B_TOR
에는,O
공영주차장과,O
무료주차장이,O
몇군데,O
있어요,O
저희는,O
제2,O
공영주차장에,O
주차했습니다,O
ㅡㅡㅡ,ㅡㅡㅡ
처음,O
1시간,O
무료에,O
이후,O
1030분마다,O
추가,O
100500원,O
으로,O
큰,O
부담,O
없어요,O
ㅡㅡㅡ,ㅡㅡㅡ
아,O
저쪽으로,O
가야되나,O
보네,O
ㅡㅡㅡ,ㅡㅡㅡ
이렇게,O
가자,O
ㅡㅡㅡ,ㅡㅡㅡ
안녕하세요,O
웅아,O
부부,O
입니다,O
ㅡㅡㅡ,ㅡㅡㅡ
오랜만,O
ㅡㅡㅡ,ㅡㅡㅡ
저희,O
오늘,O
은,O
경남,B_LOC
하동,B_LOC
에,O
왔어요,O
ㅡㅡㅡ,ㅡㅡㅡ
원래는,O
34월,O
에,O
벚굴,O
이라는,O
걸,O
먹을,O
수,O
있다고,O
해가지고,O
ㅡㅡㅡ,ㅡㅡㅡ
꼭,O
가보자,O
해서,O
이번에,O
오게,O
됐는데,O
ㅡㅡㅡ,ㅡㅡㅡ
주변에,O
또,O
벚꽃,O
명소가,O
있다고,O
해서,O
ㅡㅡㅡ,ㅡㅡㅡ
아침,O
일찍,O
한번,O
가봤습니다,O
ㅡㅡㅡ,ㅡㅡㅡ
벚꽃십리길,B_TOR
이라는데,O
ㅡㅡㅡ,ㅡㅡㅡ
주차장에서,O
화개장터,B_TOR
좀,O
걸어가야,O
되나봐요,O
ㅡㅡㅡ,ㅡㅡㅡ
어,O
여기,O
버스터미널이,O
있네,O
ㅡㅡㅡ,ㅡㅡㅡ
특이하다,O
되게,O
조그맣다,O
ㅡㅡㅡ,ㅡㅡㅡ
여기는,O
벚꽃십리길,B_TOR
이라는,O
대로,O
가는,O
길인데,O
화개장터,B_TOR
에서,O
부터,O
쌍계사,B_TOR
까지,O
ㅡㅡㅡ,ㅡㅡㅡ
가는,O
길에,O
벚꽃,O
이,O
엄청,O
예쁘다고,O
하네요,O
ㅡㅡㅡ,ㅡㅡㅡ
저희,O
일부러,O
아침,O
일찍,O
왔는데,O
사람,O
많을까봐,O
ㅡㅡㅡ,ㅡㅡㅡ
이미,O
ㅡㅡㅡ,ㅡㅡㅡ
이미,O
벌써,O
많아,O
ㅡㅡㅡ,ㅡㅡㅡ
저희가,O
벚꽃,O
구경하고,O
점심,O
때,O
벚굴,O
먹으러,O
갈거예요,O
ㅡㅡㅡ,ㅡㅡㅡ
헤,O
뭐야,O
여기는,O
ㅡㅡㅡ,ㅡㅡㅡ
카펜가,O
ㅡㅡㅡ,ㅡㅡㅡ
오,O
좀,O
느낌,O
있는데,O
ㅡㅡㅡ,ㅡㅡㅡ
좀,O
멋있다,O
여기,O
미술관,O
같다,O
ㅡㅡㅡ,ㅡㅡㅡ
하지만,O
카페면,O
커피,O
가,O
맛있어야지,O
ㅡㅡㅡ,ㅡㅡㅡ
커피,O
보다는,O
약간,O
쌍화차,O
팔것같아,O
ㅡㅡㅡ,ㅡㅡㅡ
쌍자,O
들어가서,O
그런거,O
아니야,O
ㅡㅡㅡ,ㅡㅡㅡ
근데,O
또,O
차,O
파니까,O
녹차,O
나,O
뭐,O
그런거,O
ㅡㅡㅡ,ㅡㅡㅡ
버스,O
까지,O
다녀,O
ㅡㅡㅡ,ㅡㅡㅡ
오,O
정동원,O
ㅡㅡㅡ,ㅡㅡㅡ
정동원,O
생일축하해,O
ㅋㅋ,O
ㅡㅡㅡ,ㅡㅡㅡ
하동,B_LOC
이,O
정동원,O
군,O
의,O
고향이라고하네요,O
ㅡㅡㅡ,ㅡㅡㅡ
지역으로,O
들어올,O
때,O
정동원,O
이라는,O
글자가,O
엄청,O
많아요,O
ㅡㅡㅡ,ㅡㅡㅡ
아주,O
지역의,O
자랑인가봐요,O
ㅡㅡㅡ,ㅡㅡㅡ
아까,O
오다가,O
본,O
길이,O
더,O
예쁜,O
것,O
같아요,O
ㅡㅡㅡ,ㅡㅡㅡ
거기는,O
차,O
가,O
안다니니까그,O
아까,O
치,O
아,O
포기는,O
차안,O
만,O
ㅡㅡㅡ,ㅡㅡㅡ
약간,O
아쉬우려해,O
ㅡㅡㅡ,ㅡㅡㅡ
아직,O
초반이라서,O
그런거겠지,O
ㅡㅡㅡ,ㅡㅡㅡ
기대해,O
보자,O
사람,O
별로,O
없는건,O
좋긴하다,O
ㅡㅡㅡ,ㅡㅡㅡ
와,O
이거,O
귀엽다,O
겨드랑이,O
에,O
있는거,O
ㅡㅡㅡ,ㅡㅡㅡ
아,O
근데,O
벚꽃나무,O
진짜,O
많긴,O
하다,O
ㅡㅡㅡ,ㅡㅡㅡ
근데,O
이거,O
벚꽃터널,O
진짜,O
예쁘다,O
ㅡㅡㅡ,ㅡㅡㅡ
이걸,O
벚꽃,O
터널이라고,O
해,O
ㅡㅡㅡ,ㅡㅡㅡ
아니,O
그냥,O
터널처럼,O
하늘이,O
가려져서,O
ㅡㅡㅡ,ㅡㅡㅡ
아,O
그렇네,O
ㅡㅡㅡ,ㅡㅡㅡ
차,O
가지고,O
오지,O
마세요,O
이런,O
광경을,O
보게,O
될,O
겁니다,O
ㅡㅡㅡ,ㅡㅡㅡ
그냥,O
아래,O
에,O
대고,O
여유롭게,O
걸어가는,O
걸,O
추천드립니다,O
ㅡㅡㅡ,ㅡㅡㅡ
화개중학교,O
라는,O
학교가,O
있어서,O
그런지,O
ㅡㅡㅡ,ㅡㅡㅡ
주변이,O
알록달록,O
예쁘네요,O
ㅡㅡㅡ,ㅡㅡㅡ
학교건물에,O
벚꽃,O
이,O
흐드러져있네요,O
ㅡㅡㅡ,ㅡㅡㅡ
아이들이,O
너무,O
예쁜,O
자연을,O
보면서,O
클,O
수,O
있어서,O
좋겠네요,O
ㅡㅡㅡ,ㅡㅡㅡ
아까,O
걔는,O
155번,O
이었는데,O
156번,O
ㅡㅡㅡ,ㅡㅡㅡ
몇,O
번까지,O
있을라나,O
ㅡㅡㅡ,ㅡㅡㅡ
끝까지,O
가서,O
한번,O
보자,O
몇,O
번까지,O
있는지,O
ㅡㅡㅡ,ㅡㅡㅡ
와,O
저기,O
이렇게,O
나무다리에서,O
저렇게,O
사진,O
찍어도,O
예쁘겠다,O
ㅡㅡㅡ,ㅡㅡㅡ
와,O
이렇게,O
이게,O
무슨,O
ㅡㅡㅡ,ㅡㅡㅡ
하천인가,O
강인가,O
화개계곡,B_TOR
이라고하네요,O
ㅡㅡㅡ,ㅡㅡㅡ
와,O
되게,O
멋있다,O
ㅡㅡㅡ,ㅡㅡㅡ
와,O
여기,O
뭐,O
그림같아,O
그림,O
ㅡㅡㅡ,ㅡㅡㅡ
우와,O
진짜,O
ㅡㅡㅡ,ㅡㅡㅡ
이건,O
찍어야돼,O
ㅡㅡㅡ,ㅡㅡㅡ
오우,O
진짜,O
그림인데ㅋㅋ,O
ㅡㅡㅡ,ㅡㅡㅡ
하나,O
둘,O
ㅡㅡㅡ,ㅡㅡㅡ
22번,O
까지,O
갔다가,O
돌아갈거,O
생각하니까,O
엄두가,O
안나서,O
돌아가고있어요,O
ㅡㅡㅡ,ㅡㅡㅡ
돌아갈때는,O
위쪽,O
나무계단으로,O
가보려구요,O
ㅡㅡㅡ,ㅡㅡㅡ
자기야,O
여기,O
어때,O
ㅡㅡㅡ,ㅡㅡㅡ
여기,O
너무,O
좋아,O
ㅡㅡㅡ,ㅡㅡㅡ
나,O
오랜만에,O
프사도,O
건졌어,O
ㅡㅡㅡ,ㅡㅡㅡ
마스크,O
쓰고,O
있어서,O
조금,O
아쉽긴하지만,O
ㅡㅡㅡ,ㅡㅡㅡ
뒷모습,O
찍으면,O
마스크,O
쓴,O
지,O
모르잖아,O
ㅡㅡㅡ,ㅡㅡㅡ
맞아,O
ㅡㅡㅡ,ㅡㅡㅡ
와,O
위에도,O
나무가,O
많네,O
ㅡㅡㅡ,ㅡㅡㅡ
벚꽃나무,O
가,O
키가,O
크니까,O
ㅡㅡㅡ,ㅡㅡㅡ
위에,O
있으니까,O
더,O
잘,O
보인다,O
ㅡㅡㅡ,ㅡㅡㅡ
맞아,O
바로,O
옆에,O
벚꽃,O
들이,O
있어,O
ㅡㅡㅡ,ㅡㅡㅡ
어,O
뭐야ㅋㅋ,O
ㅡㅡㅡ,ㅡㅡㅡ
하,O
나도,O
안,O
숙여도되네,O
ㅋㅋ,O
ㅡㅡㅡ,ㅡㅡㅡ
나도,O
사실,O
닿을까봐,O
이러고,O
살짝,O
했는데,O
전혀,O
안닿았어,O
ㅡㅡㅡ,ㅡㅡㅡ
헤,O
와,O
ㅡㅡㅡ,ㅡㅡㅡ
이거,O
사진,O
찍어야,O
될,O
것,O
같은데,O
ㅡㅡㅡ,ㅡㅡㅡ
이렇게,O
길고,O
많은,O
벚꽃,O
처음봐,O
ㅡㅡㅡ,ㅡㅡㅡ
여긴,O
와볼만,O
하다,O
ㅡㅡㅡ,ㅡㅡㅡ
아래,O
예쁘긴,O
한데,O
ㅡㅡㅡ,ㅡㅡㅡ
인도가,O
너무,O
좁아서,O
불편하고,O
ㅡㅡㅡ,ㅡㅡㅡ
사람들도,O
너무,O
많고,O
ㅡㅡㅡ,ㅡㅡㅡ
지금,O
저기하고,O
여기,O
하고,O
온도,O
차이,O
여기,O
너무,O
ㅡㅡㅡ,ㅡㅡㅡ
뭐랄까,O
쾌적하다고,O
해야되나,O
ㅡㅡㅡ,ㅡㅡㅡ
딱,O
이정도가,O
좋은것같아,O
ㅡㅡㅡ,ㅡㅡㅡ
번호를,O
정확히,O
확인,O
못했는데,O
화개장터,B_TOR
에서,O
쌍계사,B_TOR
까지,O
왕복으로,O
1200번정도,O
까지,O
있는것,O
같더라구요,O
ㅡㅡㅡ,ㅡㅡㅡ
아래,O
로,O
가면,O
한,O
600번,O
벚꽃나무,O
까지는,O
봐야,O
도착할,O
듯,O
하네요,O
ㅡㅡㅡ,ㅡㅡㅡ
저희는,O
내려와서,O
벚굴식당,B_RES
으로,O
이동합니다,O
ㅡㅡㅡ,ㅡㅡㅡ
벚굴식당,B_RES
하동군,B_LOC
고전면,B_LOC
재첩길,O
215,O
점심,O
먹으러,O
왔습니다,O
저희,O
목표였던,O
벚굴,O
ㅡㅡㅡ,ㅡㅡㅡ
많은,O
벚굴,O
껍데기들,O
ㅡㅡㅡ,ㅡㅡㅡ
그리고,O
벚,O
굴들,O
ㅡㅡㅡ,ㅡㅡㅡ
정말,O
크죠,O
ㅡㅡㅡ,ㅡㅡㅡ
벚굴구이,O
를,O
먹을까,O
했는데,O
찜,O
을,O
추천해주셔서,O
ㅡㅡㅡ,ㅡㅡㅡ
찜으로,O
주문해봅니다,O
ㅡㅡㅡ,ㅡㅡㅡ
사람이,O
적을때는,O
다른,O
테이블에서,O
구이를,O
해서,O
주시는데,O
ㅡㅡㅡ,ㅡㅡㅡ
많을때는,O
각,O
테이블에,O
셋팅해주세요,O
껍데기들이,O
딱,O
하면서,O
튀어서,O
그런것같아요,O
ㅡㅡㅡ,ㅡㅡㅡ
찜은,O
뒤에서,O
열심히,O
끓여서,O
주세요,O
ㅡㅡㅡ,ㅡㅡㅡ
오랜,O
기다림끝에,O
ㅡㅡㅡ,ㅡㅡㅡ
찐,O
벚굴,O
과,O
김치,O
매실장아찌,O
ㅡㅡㅡ,ㅡㅡㅡ
벚굴,O
크기,O
인증샷중,O
ㅡㅡㅡ,ㅡㅡㅡ
안돼,O
내,O
국물,O
ㅡㅡㅡ,ㅡㅡㅡ
어떻게,O
하려고,O
ㅡㅡㅡ,ㅡㅡㅡ
한쟁반,O
더,O
주심,O
ㅡㅡㅡ,ㅡㅡㅡ
아,O
나,O
이거만한쟁반,O
인줄,O
알았어,O
ㅋㅋ,O
ㅡㅡㅡ,ㅡㅡㅡ
진짜,O
많이,O
서운할뻔했네,O
ㅡㅡㅡ,ㅡㅡㅡ
먹자,O
ㅡㅡㅡ,ㅡㅡㅡ
먹으라고,O
한,O
방법으로,O
한버,O
먹어볼게요,O
ㅡㅡㅡ,ㅡㅡㅡ
굴,O
김치,O
매실장아찌,O
삼합,O
ㅡㅡㅡ,ㅡㅡㅡ
뜨겁네요,O
ㅡㅡㅡ,ㅡㅡㅡ
완전,O
커,O
ㅡㅡㅡ,ㅡㅡㅡ
이거,O
한입,O
에,O
안들어가겠는데,O
ㅡㅡㅡ,ㅡㅡㅡ
ㅡㅡㅡ,ㅡㅡㅡ
궁금,O
ㅡㅡㅡ,ㅡㅡㅡ
맛있어,O
ㅡㅡㅡ,ㅡㅡㅡ
뭐야,O
그,O
반응,O
ㅋㅋ,O
ㅡㅡㅡ,ㅡㅡㅡ
음,O
맛있어,O
ㅡㅡㅡ,ㅡㅡㅡ
처음에,O
너무,O
뜨거워가지고,O
ㅡㅡㅡ,ㅡㅡㅡ
김치,O
랑,O
매실장아찌,O
맛이,O
처음에는,O
많이,O
나서,O
ㅡㅡㅡ,ㅡㅡㅡ
무슨,O
맛이지,O
했는데으,O
으,O
으,O
으,O
ㅡㅡㅡ,ㅡㅡㅡ
고소해,O
ㅡㅡㅡ,ㅡㅡㅡ
하나,O
도,O
안비려,O
ㅡㅡㅡ,ㅡㅡㅡ
본격적으로,O
먹는중,O
ㅡㅡㅡ,ㅡㅡㅡ
국이,O
필요없네,O
ㅡㅡㅡ,ㅡㅡㅡ
자기,O
초장,O
이정도,O
뿌렸어,O
ㅡㅡㅡ,ㅡㅡㅡ
솔직히,O
5,O
에,O
6만원,O
이라는,O
가격이,O
저렴하지는,O
않는데요,O
ㅡㅡㅡ,ㅡㅡㅡ
특별한,O
달에만,O
먹을,O
수,O
있는,O
지역,O
음식이다보니,O
ㅡㅡㅡ,ㅡㅡㅡ
한번쯤,O
먹어볼만해요,O
ㅡㅡㅡ,ㅡㅡㅡ
배,O
가,O
부르긴,O
하지만,O
뭔가,O
아쉬워서,O
벚굴죽,O
을,O
시켰습니다,O
ㅡㅡㅡ,ㅡㅡㅡ
음,O
간이짭짤해가지고,O
ㅡㅡㅡ,ㅡㅡㅡ
배부르긴,O
했지만,O
둘,O
이서,O
한그릇,O
싹,O
비웠네요,O
ㅡㅡㅡ,ㅡㅡㅡ
잘,O
먹었어,O
ㅡㅡㅡ,ㅡㅡㅡ
기회되면,O
다음에,O
벚굴구이,O
도,O
한번,O
먹어보고,O
싶네요,O
ㅡㅡㅡ,ㅡㅡㅡ
저희는,O
매실막걸리,O
한병,O
사서,O
집으로,O
갑니다,O
ㅡㅡㅡ,ㅡㅡㅡ
시청해주셔서,O
감사합니다,O
ㅡㅡㅡ,ㅡㅡㅡ
그럼,O
막걸리,O
사서,O
집에가자,O
ㅡㅡㅡ,ㅡㅡㅡ
