﻿word,ner
마이리틀포레스트,O
하동,B_LOC
여행,O
브이로그,O
ㅡㅡㅡ,ㅡㅡㅡ
벚꽃,O
만개한,O
하동,B_LOC
여행,O
브이로그,O
정보,O
십리벚꽃길,B_TOR
벚굴식당,B_RES
ㅡㅡㅡ,ㅡㅡㅡ
사천,O
하동,B_LOC
여행,O
브이로그,O
사천,B_LOC
맛집과,O
카페,O
하동,B_LOC
카페,O
그리고,O
스타웨이,B_TOR
하동,B_LOC
을,O
다녀왔어요,O
ㅡㅡㅡ,ㅡㅡㅡ
브이로그,O
하동,B_LOC
당일,O
여행맛집과,O
카페,O
친구,O
들과,O
브런치,O
빵,O
순이,O
먹방,O
ㅡㅡㅡ,ㅡㅡㅡ
벚꽃,O
데이트,O
감성,O
브이로그,O
하동,B_LOC
구례,B_LOC
전주,B_LOC
여행,O
국내여행,O
하동,B_LOC
십리벚꽃길,B_TOR
재첩정식,O
윤스테이,O
촬영지,O
쌍산재,B_TOR
전주,B_LOC
벚꽃,O
전주,B_LOC
한옥마을,B_LOC
전망카페,O
화산물갈비,O
ㅡㅡㅡ,ㅡㅡㅡ
하동,B_LOC
의,O
아름다운,O
여름,O
한국,O
의,O
알프스,B_LOC
여행,O
브이로그,O
삼성궁,B_TOR
최참판댁,B_TOR
한옥게하,O
ㅡㅡㅡ,ㅡㅡㅡ
하동,B_LOC
여행,O
벚꽃,O
대리만족,O
랜선,O
벚꽃놀이,O
국내여행,O
ㅡㅡㅡ,ㅡㅡㅡ
아직도,O
안가봤니,O
여름,O
휴가,O
브이로그,O
하동,B_LOC
1박2일,O
2주년,O
파티쿠키영상,O
ㅡㅡㅡ,ㅡㅡㅡ
하동,B_LOC
여행,O
섬진강,B_TOR
요리,O
재첩,O
참게,O
은어,O
ㅡㅡㅡ,ㅡㅡㅡ
하동십리벚꽃길,B_TOR
桜道,O
樱花路,O
ㅡㅡㅡ,ㅡㅡㅡ
2박3일,O
하동,B_LOC
여행,O
화개장터,B_TOR
차꽃오미,B_TOR
매암제다원,B_CAF
더로드101,B_CAF
악양가든,B_TOR
쌍계사,B_TOR
아원산방,B_TOR
홍쌍리,B_TOR
매화마을,I_TOR
ㅡㅡㅡ,ㅡㅡㅡ
경상도,B_LOC
여행,O
하동,B_LOC
술상전어마을,B_TOR
전어회,O
먹방,O
진교시장,B_TOR
상쾌,O
콩국수,O
외국인,O
반응,O
ㅡㅡㅡ,ㅡㅡㅡ
브이로그,O
웨딩드레스,O
피팅하기,O
청첩장,O
준비,O
아크릴,O
청첩장,O
제작,O
하동,B_LOC
여행,O
삼성궁,B_TOR
도심다원,B_CAF
신혼가전은,O
삼성,O
ㅡㅡㅡ,ㅡㅡㅡ
하동,B_LOC
여행,O
섬진강,B_TOR
카누,O
체험,O
ㅡㅡㅡ,ㅡㅡㅡ
힐링이,O
필요하신가요,O
그럼,O
지금,O
떠나세요,O
대한민국,O
알프스,B_LOC
하동,B_LOC
나홀로,O
여행기,O
국내여행,O
ㅡㅡㅡ,ㅡㅡㅡ
하동,B_LOC
여행,O
레일바이크,O
코스모스,O
ㅡㅡㅡ,ㅡㅡㅡ
벚꽃,O
구경,O
하동,B_LOC
십리벚꽃길,B_TOR
부산,O
마리나아파트,O
센텀시티,B_LOC
수영강,B_LOC
해운대,B_LOC
달맞이길,O
ㅡㅡㅡ,ㅡㅡㅡ
프리랜서,O
강사,O
의,O
첫,O
브이로그,O
하동,B_LOC
재첩국수,O
벚꽃,O
구경,O
주말,O
브런치,O
ㅡㅡㅡ,ㅡㅡㅡ
하동,B_LOC
화개장터,B_TOR
4,O
드론,O
영상,O
경상도,B_LOC
여행,O
한국여행,O
대한민국,O
여행,O
우리나라,B_LOC
여행,O
ㅡㅡㅡ,ㅡㅡㅡ
핑크빛,O
하동,B_LOC
횡보마을,B_TOR
횡천강,B_TOR
핑크뮬리,O
가을,O
포토로그,O
2,O
ㅡㅡㅡ,ㅡㅡㅡ
