﻿word,ner
벚꽃,O
피는,O
따뜻한,O
계절,O
봄,O
에,O
다녀온,O
하동,B_LOC
여행기입니다,O
ㅡㅡㅡ,ㅡㅡㅡ
소정의,O
원고료를,O
지원받아,O
제작한,O
영상입니다,O
ㅡㅡㅡ,ㅡㅡㅡ
하동야시장,B_TOR
하동,B_LOC
섬진강두꺼비야시장,B_TOR
하동,B_LOC
여행,O
ㅡㅡㅡ,ㅡㅡㅡ
하동,B_LOC
야시장에,O
다녀왔어요,O
ㅡㅡㅡ,ㅡㅡㅡ
굉장히,O
하다,O
못해,O
핫했던,O
야시장,O
ㅡㅡㅡ,ㅡㅡㅡ
생각,O
이상으로,O
시트콤,O
같은,O
이벤트가,O
많아서,O
즐거웠어요,O
ㅡㅡㅡ,ㅡㅡㅡ
귀여웠던,O
합창단,O
부터,O
관객,O
들을,O
대상으로,O
노래,O
대회까지,O
ㅡㅡㅡ,ㅡㅡㅡ
2019년03월23일10월26일까지,O
ㅡㅡㅡ,ㅡㅡㅡ
매주,O
토요일,O
18002200,O
진행된다고,O
하니,O
ㅡㅡㅡ,ㅡㅡㅡ
하동,B_LOC
에,O
놀러가시면,O
한번,O
들려보시는,O
걸,O
추천드립니다,O
ㅡㅡㅡ,ㅡㅡㅡ
쌍계명차,O
우전,O
녹차,O
ㅡㅡㅡ,ㅡㅡㅡ
하동,B_LOC
의,O
녹차,O
는,O
부드럽고,O
진해서,O
맛있어요,O
ㅡㅡㅡ,ㅡㅡㅡ
전,O
작년,O
에,O
하동,B_LOC
에서,O
우전,O
이라는,O
녹차,O
를,O
접하고,O
ㅡㅡㅡ,ㅡㅡㅡ
차,O
의,O
세계에,O
입문했답니다,O
ㅡㅡㅡ,ㅡㅡㅡ
정말,O
녹차,O
맛집,O
ㅡㅡㅡ,ㅡㅡㅡ
브릿지130,B_CAF
벚꽃,O
길,O
십리벚꽃길,B_TOR
ㅡㅡㅡ,ㅡㅡㅡ
하동,B_LOC
에는,O
십리벚꽃길,B_TOR
이라는,O
길이,O
있어요,O
ㅡㅡㅡ,ㅡㅡㅡ
벚꽃나무,O
가,O
10리,O
넘게,O
길게,O
줄지어,O
있어서,O
ㅡㅡㅡ,ㅡㅡㅡ
드라이브를,O
해도,O
좋고,O
천천히,O
산책해도,O
좋죠,O
ㅡㅡㅡ,ㅡㅡㅡ
그,O
길,O
중간,O
중간에,O
예쁜,O
카페들이,O
꽤,O
많은데,O
ㅡㅡㅡ,ㅡㅡㅡ
작년,O
에,O
갔던,O
브릿지130,B_CAF
를,O
또,O
들렸어요,O
ㅡㅡㅡ,ㅡㅡㅡ
여전히,O
여유로운,O
분위기여서,O
편히,O
쉬었습니다,O
ㅡㅡㅡ,ㅡㅡㅡ
업로드,O
ㅡㅡㅡ,ㅡㅡㅡ
이번주,O
업로드,O
일정이,O
뒤죽박죽이죠,O
ㅠㅠ,O
ㅡㅡㅡ,ㅡㅡㅡ
다음주부터,O
는,O
원래대로,O
수요일,O
과,O
주말,O
업로드,O
됩니다,O
ㅡㅡㅡ,ㅡㅡㅡ
늘,O
제,O
영상이,O
여러분들에게,O
쉬는시간이기,O
바라면서,O
ㅡㅡㅡ,ㅡㅡㅡ
즐겁게,O
봐주셔서,O
감사합니다,O
ㅡㅡㅡ,ㅡㅡㅡ
썬메일,O
ㅡㅡㅡ,ㅡㅡㅡ
썬스타그램,O
ㅡㅡㅡ,ㅡㅡㅡ
하동,B_LOC
여행,O
브이로그,O
데려왔어요,O
ㅡㅡㅡ,ㅡㅡㅡ
하동,O
찐,O
맛집,O
먹방,O
방출과,O
솔직,O
후기,O
ㅡㅡㅡ,ㅡㅡㅡ
코보네,B_RES
맛집,O
경상남도,O
하동군,O
화개면,O
석문길,O
7,O
ㅡㅡㅡ,ㅡㅡㅡ
더덕정식,O
15000원,O
2인이상,O
주문,O
가능,O
ㅡㅡㅡ,ㅡㅡㅡ
쌍계사,B_TOR
경상남도,O
하동군,O
화개면,O
쌍계사길,O
59,O
ㅡㅡㅡ,ㅡㅡㅡ
입장료,O
2500원,O
인,O
ㅡㅡㅡ,ㅡㅡㅡ
브릿지130,B_CAF
경상남도,B_LOC
하동군,B_LOC
화개면,B_LOC
화개로,B_LOC
334,O
ㅡㅡㅡ,ㅡㅡㅡ
녹차,O
5000원,O
아이스아메리카노,O
4000원,O
ㅡㅡㅡ,ㅡㅡㅡ
혜성식당,B_RES
경상남도,B_LOC
하동군,B_LOC
화개면,B_LOC
화개로,B_LOC
48,O
ㅡㅡㅡ,ㅡㅡㅡ
은어돌솥밥,O
재첩국,O
20000원,O
2인이상,O
주문,O
가능,O
ㅡㅡㅡ,ㅡㅡㅡ
은어회,O
소,O
30000원,O
ㅡㅡㅡ,ㅡㅡㅡ
팔도펜션,O
경상남도,B_LOC
하동군,B_LOC
화개면,B_LOC
섬진강대로,B_LOC
4004,O
ㅡㅡㅡ,ㅡㅡㅡ
친구,O
들과,O
다녀온,O
구례,O
하동,O
여행,O
영상이예요,O
ㅡㅡㅡ,ㅡㅡㅡ
1박2일,O
로,O
짧지만,O
알차게,O
다녀왔답니다,O
ㅡㅡㅡ,ㅡㅡㅡ
구례,O
에서부터,O
하동,O
까지,O
이동,O
순서대로,O
영상에,O
담아보았으니,O
ㅡㅡㅡ,ㅡㅡㅡ
구례,B_LOC
하동,B_LOC
여행,O
가실,O
분들에게,O
도움이,O
되었으면해요,O
ㅡㅡㅡ,ㅡㅡㅡ
편한,O
신발,O
필수,O
힐,O
신으면,O
고생각,O
ㅡㅡㅡ,ㅡㅡㅡ
저희는,O
사진만,O
찍고와서,O
잘,O
모르지만,O
ㅡㅡㅡ,ㅡㅡㅡ
산책하기에,O
좋아보였어요,O
ㅡㅡㅡ,ㅡㅡㅡ
6,O
브릿지130,B_CAF
ㅡㅡㅡ,ㅡㅡㅡ
꼭,O
가세요,O
이,O
카페에,O
대한,O
영상은,O
따로,O
올려두었습니다,O
ㅡㅡㅡ,ㅡㅡㅡ
ㅡㅡㅡ,ㅡㅡㅡ
빈티지,O
소품들,O
인테리어,O
소품들이,O
굉장히,O
다양하게,O
있었어요,O
ㅡㅡㅡ,ㅡㅡㅡ
가볍게,O
들려볼만,O
합니다,O
ㅡㅡㅡ,ㅡㅡㅡ
ㅡㅡㅡ,ㅡㅡㅡ
ㅡㅡㅡ,ㅡㅡㅡ
ㅡㅡㅡ,ㅡㅡㅡ
ㅡㅡㅡ,ㅡㅡㅡ
2,O
ㅡㅡㅡ,ㅡㅡㅡ
안녕하세요,O
오또행,O
입니다,O
ㅡㅡㅡ,ㅡㅡㅡ
오늘,O
은,O
하동,B_LOC
으로,O
등산,O
데이트,O
다녀왔어요,O
처음으로,O
구름,O
안에,O
들어가보고,O
양,O
볼,O
가득,O
먹이를,O
머금은,O
다람쥐,O
도,O
다섯마리,O
나,O
보고,O
세상세상,O
큰,O
밤나무,O
숲도,O
보고,O
하동,B_LOC
가는,O
길에,O
구례,B_LOC
에서,O
깜짝,O
선물로,O
대규모,O
코스모스,O
밭도,O
만났어요,O
2시간반정도,O
잡고,O
간,O
등산,O
일정이,O
이것저것,O
관찰하며,O
걷다보니,O
5시간,O
걸려,O
의도치,O
않게,O
점심,O
을,O
건너뛰게,O
되었지만,O
그래도,O
정말정말,O
행복했습니다,O
그래서인지,O
내려와서,O
먹은,O
산채더덕구이정식,O
은,O
더,O
꿀맛이었구요,O
세상엔,O
참,O
재미있는,O
게,O
많고,O
신기한,O
게,O
많아서,O
방구석에만,O
있기,O
참,O
드네요,O
코로나,O
가,O
얼른,O
물러나고,O
마스크,O
없이,O
온전히,O
나무,O
냄새,O
풀,O
냄새,O
바람,O
내음을,O
편히,O
맡는,O
그,O
날이,O
오길,O
바라며,O
모두,O
몸,O
건강,O
마음,O
건강,O
내세요,O
ㅡㅡㅡ,ㅡㅡㅡ
하동,O
형제봉활공장,B_TOR
형제봉,B_TOR
성제봉,B_TOR
신선대,B_TOR
출렁다리,O
ㅡㅡㅡ,ㅡㅡㅡ
하동,B_LOC
청운식당,B_RES
ㅡㅡㅡ,ㅡㅡㅡ
좋아요,O
구독,O
부탁드려요,O
ㅡㅡㅡ,ㅡㅡㅡ
ㅡㅡㅡ,ㅡㅡㅡ
하동,B_LOC
여행,O
형제봉출렁다리,B_TOR
등산데이트,O
ㅡㅡㅡ,ㅡㅡㅡ
밤톨,O
ㅡㅡㅡ,ㅡㅡㅡ
청운식당,B_RES
ㅡㅡㅡ,ㅡㅡㅡ
모암휴게소,B_RES
ㅡㅡㅡ,ㅡㅡㅡ
안녕하세요,O
여러분들,O
쩐유입니다,O
ㅡㅡㅡ,ㅡㅡㅡ
꽤,O
오래전부터,O
계획했던,O
구례,B_LOC
여행,O
을,O
갔다왔어요,O
ㅡㅡㅡ,ㅡㅡㅡ
다행히,O
사회적거리두기,O
25단계,O
에서,O
완화가,O
된,O
이후라,O
ㅡㅡㅡ,ㅡㅡㅡ
취소하지,O
않고,O
조심해서,O
다녀왔답니다,O
ㅡㅡㅡ,ㅡㅡㅡ
지난,O
장마와,O
태풍으로,O
섬진강,O
쪽,O
지역에,O
큰,O
피해가,O
있었기에,O
ㅡㅡㅡ,ㅡㅡㅡ
곳곳에서,O
복구작업이,O
이루어지는,O
모습을,O
보고,O
ㅡㅡㅡ,ㅡㅡㅡ
마음이,O
좋지,O
않더라구요ㅠㅠ,O
ㅡㅡㅡ,ㅡㅡㅡ
그래도,O
하루,O
빨리,O
이전처럼,O
생활하실,O
수,O
있길,O
바랍니다,O
ㅡㅡㅡ,ㅡㅡㅡ
여러가지로,O
든,O
2020년,O
인데,O
ㅡㅡㅡ,ㅡㅡㅡ
13년,O
지기,O
친구,O
들과,O
즐겁고,O
행복하게,O
힐링하고,O
왔어요,O
ㅡㅡㅡ,ㅡㅡㅡ
우리,O
모두,O
건강하게,O
행복해요,O
ㅡㅡㅡ,ㅡㅡㅡ
구례,B_LOC
하동,B_LOC
국내여행우정여행여행여행브이로그,O
ㅡㅡㅡ,ㅡㅡㅡ
116,O
월화,O
휴무,O
ㅡㅡㅡ,ㅡㅡㅡ
ㅡㅡㅡ,ㅡㅡㅡ
청운식당,B_RES
ㅡㅡㅡ,ㅡㅡㅡ
경남,B_LOC
하동군,B_LOC
화개면,B_LOC
쌍계사길,B_LOC
6,O
ㅡㅡㅡ,ㅡㅡㅡ
88,O
ㅡㅡㅡ,ㅡㅡㅡ
플래닛,B_TOR
1020,I_TOR
ㅡㅡㅡ,ㅡㅡㅡ
경남,B_LOC
하동군,B_LOC
화개면,B_LOC
쌍계로,B_LOC
318,O
ㅡㅡㅡ,ㅡㅡㅡ
129,O
월,O
휴무,O
ㅡㅡㅡ,ㅡㅡㅡ
ㅡㅡㅡ,ㅡㅡㅡ
ㅡㅡㅡ,ㅡㅡㅡ
